[2025-09-08T01:05:32.420+0000] {processor.py:161} INFO - Started process (PID=164) to work on /opt/airflow/dags/stock_pipeline_dag.py
[2025-09-08T01:05:32.423+0000] {processor.py:830} INFO - Processing file /opt/airflow/dags/stock_pipeline_dag.py for tasks to queue
[2025-09-08T01:05:32.428+0000] {logging_mixin.py:188} INFO - [2025-09-08T01:05:32.427+0000] {dagbag.py:545} INFO - Filling up the DagBag from /opt/airflow/dags/stock_pipeline_dag.py
[2025-09-08T01:05:37.828+0000] {processor.py:840} INFO - DAG(s) 'print_sample_dataset' retrieved from /opt/airflow/dags/stock_pipeline_dag.py
[2025-09-08T01:05:38.295+0000] {logging_mixin.py:188} INFO - [2025-09-08T01:05:38.293+0000] {override.py:1829} INFO - Created Permission View: can delete on DAG:print_sample_dataset
[2025-09-08T01:05:38.323+0000] {logging_mixin.py:188} INFO - [2025-09-08T01:05:38.323+0000] {override.py:1829} INFO - Created Permission View: can read on DAG:print_sample_dataset
[2025-09-08T01:05:38.343+0000] {logging_mixin.py:188} INFO - [2025-09-08T01:05:38.342+0000] {override.py:1829} INFO - Created Permission View: can edit on DAG:print_sample_dataset
[2025-09-08T01:05:38.345+0000] {logging_mixin.py:188} INFO - [2025-09-08T01:05:38.344+0000] {dag.py:3096} INFO - Sync 1 DAGs
[2025-09-08T01:05:38.371+0000] {logging_mixin.py:188} INFO - [2025-09-08T01:05:38.367+0000] {dag.py:3118} INFO - Creating ORM DAG for print_sample_dataset
[2025-09-08T01:05:38.404+0000] {logging_mixin.py:188} INFO - [2025-09-08T01:05:38.404+0000] {dag.py:3954} INFO - Setting next_dagrun for print_sample_dataset to 2025-09-07 00:00:00+00:00, run_after=2025-09-08 00:00:00+00:00
[2025-09-08T01:05:38.453+0000] {processor.py:183} INFO - Processing /opt/airflow/dags/stock_pipeline_dag.py took 6.049 seconds
[2025-09-08T01:06:08.863+0000] {processor.py:161} INFO - Started process (PID=170) to work on /opt/airflow/dags/stock_pipeline_dag.py
[2025-09-08T01:06:08.866+0000] {processor.py:830} INFO - Processing file /opt/airflow/dags/stock_pipeline_dag.py for tasks to queue
[2025-09-08T01:06:08.871+0000] {logging_mixin.py:188} INFO - [2025-09-08T01:06:08.870+0000] {dagbag.py:545} INFO - Filling up the DagBag from /opt/airflow/dags/stock_pipeline_dag.py
[2025-09-08T01:06:09.784+0000] {processor.py:840} INFO - DAG(s) 'print_sample_dataset' retrieved from /opt/airflow/dags/stock_pipeline_dag.py
[2025-09-08T01:06:09.838+0000] {logging_mixin.py:188} INFO - [2025-09-08T01:06:09.838+0000] {dag.py:3096} INFO - Sync 1 DAGs
[2025-09-08T01:06:09.888+0000] {logging_mixin.py:188} INFO - [2025-09-08T01:06:09.887+0000] {dag.py:3954} INFO - Setting next_dagrun for print_sample_dataset to 2025-09-07 00:00:00+00:00, run_after=2025-09-08 00:00:00+00:00
[2025-09-08T01:06:09.934+0000] {processor.py:183} INFO - Processing /opt/airflow/dags/stock_pipeline_dag.py took 1.088 seconds
[2025-09-08T01:06:40.311+0000] {processor.py:161} INFO - Started process (PID=176) to work on /opt/airflow/dags/stock_pipeline_dag.py
[2025-09-08T01:06:40.313+0000] {processor.py:830} INFO - Processing file /opt/airflow/dags/stock_pipeline_dag.py for tasks to queue
[2025-09-08T01:06:40.318+0000] {logging_mixin.py:188} INFO - [2025-09-08T01:06:40.317+0000] {dagbag.py:545} INFO - Filling up the DagBag from /opt/airflow/dags/stock_pipeline_dag.py
[2025-09-08T01:06:41.368+0000] {processor.py:840} INFO - DAG(s) 'print_sample_dataset' retrieved from /opt/airflow/dags/stock_pipeline_dag.py
[2025-09-08T01:06:41.427+0000] {logging_mixin.py:188} INFO - [2025-09-08T01:06:41.427+0000] {dag.py:3096} INFO - Sync 1 DAGs
[2025-09-08T01:06:41.478+0000] {logging_mixin.py:188} INFO - [2025-09-08T01:06:41.478+0000] {dag.py:3954} INFO - Setting next_dagrun for print_sample_dataset to 2025-09-07 00:00:00+00:00, run_after=2025-09-08 00:00:00+00:00
[2025-09-08T01:06:41.527+0000] {processor.py:183} INFO - Processing /opt/airflow/dags/stock_pipeline_dag.py took 1.234 seconds
[2025-09-08T01:07:11.809+0000] {processor.py:161} INFO - Started process (PID=182) to work on /opt/airflow/dags/stock_pipeline_dag.py
[2025-09-08T01:07:11.814+0000] {processor.py:830} INFO - Processing file /opt/airflow/dags/stock_pipeline_dag.py for tasks to queue
[2025-09-08T01:07:11.823+0000] {logging_mixin.py:188} INFO - [2025-09-08T01:07:11.821+0000] {dagbag.py:545} INFO - Filling up the DagBag from /opt/airflow/dags/stock_pipeline_dag.py
[2025-09-08T01:07:13.200+0000] {processor.py:840} INFO - DAG(s) 'print_sample_dataset' retrieved from /opt/airflow/dags/stock_pipeline_dag.py
[2025-09-08T01:07:13.260+0000] {logging_mixin.py:188} INFO - [2025-09-08T01:07:13.259+0000] {dag.py:3096} INFO - Sync 1 DAGs
[2025-09-08T01:07:13.315+0000] {logging_mixin.py:188} INFO - [2025-09-08T01:07:13.315+0000] {dag.py:3954} INFO - Setting next_dagrun for print_sample_dataset to 2025-09-07 00:00:00+00:00, run_after=2025-09-08 00:00:00+00:00
[2025-09-08T01:07:13.367+0000] {processor.py:183} INFO - Processing /opt/airflow/dags/stock_pipeline_dag.py took 1.593 seconds
[2025-09-08T01:07:43.884+0000] {processor.py:161} INFO - Started process (PID=188) to work on /opt/airflow/dags/stock_pipeline_dag.py
[2025-09-08T01:07:43.891+0000] {processor.py:830} INFO - Processing file /opt/airflow/dags/stock_pipeline_dag.py for tasks to queue
[2025-09-08T01:07:43.900+0000] {logging_mixin.py:188} INFO - [2025-09-08T01:07:43.899+0000] {dagbag.py:545} INFO - Filling up the DagBag from /opt/airflow/dags/stock_pipeline_dag.py
[2025-09-08T01:07:45.466+0000] {processor.py:840} INFO - DAG(s) 'print_sample_dataset' retrieved from /opt/airflow/dags/stock_pipeline_dag.py
[2025-09-08T01:07:45.520+0000] {logging_mixin.py:188} INFO - [2025-09-08T01:07:45.519+0000] {dag.py:3096} INFO - Sync 1 DAGs
[2025-09-08T01:07:45.570+0000] {logging_mixin.py:188} INFO - [2025-09-08T01:07:45.570+0000] {dag.py:3954} INFO - Setting next_dagrun for print_sample_dataset to 2025-09-07 00:00:00+00:00, run_after=2025-09-08 00:00:00+00:00
[2025-09-08T01:07:45.618+0000] {processor.py:183} INFO - Processing /opt/airflow/dags/stock_pipeline_dag.py took 1.759 seconds
[2025-09-08T01:08:15.899+0000] {processor.py:161} INFO - Started process (PID=194) to work on /opt/airflow/dags/stock_pipeline_dag.py
[2025-09-08T01:08:15.904+0000] {processor.py:830} INFO - Processing file /opt/airflow/dags/stock_pipeline_dag.py for tasks to queue
[2025-09-08T01:08:15.916+0000] {logging_mixin.py:188} INFO - [2025-09-08T01:08:15.913+0000] {dagbag.py:545} INFO - Filling up the DagBag from /opt/airflow/dags/stock_pipeline_dag.py
[2025-09-08T01:08:17.688+0000] {processor.py:840} INFO - DAG(s) 'print_sample_dataset' retrieved from /opt/airflow/dags/stock_pipeline_dag.py
[2025-09-08T01:08:17.742+0000] {logging_mixin.py:188} INFO - [2025-09-08T01:08:17.741+0000] {dag.py:3096} INFO - Sync 1 DAGs
[2025-09-08T01:08:17.792+0000] {logging_mixin.py:188} INFO - [2025-09-08T01:08:17.791+0000] {dag.py:3954} INFO - Setting next_dagrun for print_sample_dataset to 2025-09-07 00:00:00+00:00, run_after=2025-09-08 00:00:00+00:00
[2025-09-08T01:08:17.840+0000] {processor.py:183} INFO - Processing /opt/airflow/dags/stock_pipeline_dag.py took 1.975 seconds
[2025-09-08T01:08:48.444+0000] {processor.py:161} INFO - Started process (PID=200) to work on /opt/airflow/dags/stock_pipeline_dag.py
[2025-09-08T01:08:48.448+0000] {processor.py:830} INFO - Processing file /opt/airflow/dags/stock_pipeline_dag.py for tasks to queue
[2025-09-08T01:08:48.459+0000] {logging_mixin.py:188} INFO - [2025-09-08T01:08:48.457+0000] {dagbag.py:545} INFO - Filling up the DagBag from /opt/airflow/dags/stock_pipeline_dag.py
[2025-09-08T01:08:49.569+0000] {processor.py:840} INFO - DAG(s) 'print_sample_dataset' retrieved from /opt/airflow/dags/stock_pipeline_dag.py
[2025-09-08T01:08:49.628+0000] {logging_mixin.py:188} INFO - [2025-09-08T01:08:49.627+0000] {dag.py:3096} INFO - Sync 1 DAGs
[2025-09-08T01:08:49.678+0000] {logging_mixin.py:188} INFO - [2025-09-08T01:08:49.677+0000] {dag.py:3954} INFO - Setting next_dagrun for print_sample_dataset to 2025-09-07 00:00:00+00:00, run_after=2025-09-08 00:00:00+00:00
[2025-09-08T01:08:49.728+0000] {processor.py:183} INFO - Processing /opt/airflow/dags/stock_pipeline_dag.py took 1.312 seconds
[2025-09-08T01:09:20.022+0000] {processor.py:161} INFO - Started process (PID=206) to work on /opt/airflow/dags/stock_pipeline_dag.py
[2025-09-08T01:09:20.027+0000] {processor.py:830} INFO - Processing file /opt/airflow/dags/stock_pipeline_dag.py for tasks to queue
[2025-09-08T01:09:20.037+0000] {logging_mixin.py:188} INFO - [2025-09-08T01:09:20.034+0000] {dagbag.py:545} INFO - Filling up the DagBag from /opt/airflow/dags/stock_pipeline_dag.py
[2025-09-08T01:09:21.936+0000] {processor.py:840} INFO - DAG(s) 'print_sample_dataset' retrieved from /opt/airflow/dags/stock_pipeline_dag.py
[2025-09-08T01:09:21.998+0000] {logging_mixin.py:188} INFO - [2025-09-08T01:09:21.997+0000] {dag.py:3096} INFO - Sync 1 DAGs
[2025-09-08T01:09:22.047+0000] {logging_mixin.py:188} INFO - [2025-09-08T01:09:22.046+0000] {dag.py:3954} INFO - Setting next_dagrun for print_sample_dataset to 2025-09-07 00:00:00+00:00, run_after=2025-09-08 00:00:00+00:00
[2025-09-08T01:09:22.097+0000] {processor.py:183} INFO - Processing /opt/airflow/dags/stock_pipeline_dag.py took 2.104 seconds
[2025-09-08T01:09:52.529+0000] {processor.py:161} INFO - Started process (PID=212) to work on /opt/airflow/dags/stock_pipeline_dag.py
[2025-09-08T01:09:52.534+0000] {processor.py:830} INFO - Processing file /opt/airflow/dags/stock_pipeline_dag.py for tasks to queue
[2025-09-08T01:09:52.546+0000] {logging_mixin.py:188} INFO - [2025-09-08T01:09:52.543+0000] {dagbag.py:545} INFO - Filling up the DagBag from /opt/airflow/dags/stock_pipeline_dag.py
[2025-09-08T01:09:53.588+0000] {processor.py:840} INFO - DAG(s) 'print_sample_dataset' retrieved from /opt/airflow/dags/stock_pipeline_dag.py
[2025-09-08T01:09:53.648+0000] {logging_mixin.py:188} INFO - [2025-09-08T01:09:53.647+0000] {dag.py:3096} INFO - Sync 1 DAGs
[2025-09-08T01:09:53.701+0000] {logging_mixin.py:188} INFO - [2025-09-08T01:09:53.700+0000] {dag.py:3954} INFO - Setting next_dagrun for print_sample_dataset to 2025-09-07 00:00:00+00:00, run_after=2025-09-08 00:00:00+00:00
[2025-09-08T01:09:53.750+0000] {processor.py:183} INFO - Processing /opt/airflow/dags/stock_pipeline_dag.py took 1.252 seconds
[2025-09-08T01:10:24.409+0000] {processor.py:161} INFO - Started process (PID=218) to work on /opt/airflow/dags/stock_pipeline_dag.py
[2025-09-08T01:10:24.417+0000] {processor.py:830} INFO - Processing file /opt/airflow/dags/stock_pipeline_dag.py for tasks to queue
[2025-09-08T01:10:24.430+0000] {logging_mixin.py:188} INFO - [2025-09-08T01:10:24.428+0000] {dagbag.py:545} INFO - Filling up the DagBag from /opt/airflow/dags/stock_pipeline_dag.py
[2025-09-08T01:10:25.960+0000] {processor.py:840} INFO - DAG(s) 'print_sample_dataset' retrieved from /opt/airflow/dags/stock_pipeline_dag.py
[2025-09-08T01:10:26.020+0000] {logging_mixin.py:188} INFO - [2025-09-08T01:10:26.019+0000] {dag.py:3096} INFO - Sync 1 DAGs
[2025-09-08T01:10:26.080+0000] {logging_mixin.py:188} INFO - [2025-09-08T01:10:26.080+0000] {dag.py:3954} INFO - Setting next_dagrun for print_sample_dataset to 2025-09-07 00:00:00+00:00, run_after=2025-09-08 00:00:00+00:00
[2025-09-08T01:10:26.135+0000] {processor.py:183} INFO - Processing /opt/airflow/dags/stock_pipeline_dag.py took 1.768 seconds
[2025-09-08T01:10:56.929+0000] {processor.py:161} INFO - Started process (PID=224) to work on /opt/airflow/dags/stock_pipeline_dag.py
[2025-09-08T01:10:56.934+0000] {processor.py:830} INFO - Processing file /opt/airflow/dags/stock_pipeline_dag.py for tasks to queue
[2025-09-08T01:10:56.943+0000] {logging_mixin.py:188} INFO - [2025-09-08T01:10:56.942+0000] {dagbag.py:545} INFO - Filling up the DagBag from /opt/airflow/dags/stock_pipeline_dag.py
[2025-09-08T01:10:57.893+0000] {processor.py:840} INFO - DAG(s) 'print_sample_dataset' retrieved from /opt/airflow/dags/stock_pipeline_dag.py
[2025-09-08T01:10:57.958+0000] {logging_mixin.py:188} INFO - [2025-09-08T01:10:57.957+0000] {dag.py:3096} INFO - Sync 1 DAGs
[2025-09-08T01:10:58.011+0000] {logging_mixin.py:188} INFO - [2025-09-08T01:10:58.011+0000] {dag.py:3954} INFO - Setting next_dagrun for print_sample_dataset to 2025-09-07 00:00:00+00:00, run_after=2025-09-08 00:00:00+00:00
[2025-09-08T01:10:58.081+0000] {processor.py:183} INFO - Processing /opt/airflow/dags/stock_pipeline_dag.py took 1.179 seconds
[2025-09-08T01:11:28.437+0000] {processor.py:161} INFO - Started process (PID=230) to work on /opt/airflow/dags/stock_pipeline_dag.py
[2025-09-08T01:11:28.440+0000] {processor.py:830} INFO - Processing file /opt/airflow/dags/stock_pipeline_dag.py for tasks to queue
[2025-09-08T01:11:28.446+0000] {logging_mixin.py:188} INFO - [2025-09-08T01:11:28.445+0000] {dagbag.py:545} INFO - Filling up the DagBag from /opt/airflow/dags/stock_pipeline_dag.py
[2025-09-08T01:11:29.479+0000] {processor.py:840} INFO - DAG(s) 'print_sample_dataset' retrieved from /opt/airflow/dags/stock_pipeline_dag.py
[2025-09-08T01:11:29.534+0000] {logging_mixin.py:188} INFO - [2025-09-08T01:11:29.534+0000] {dag.py:3096} INFO - Sync 1 DAGs
[2025-09-08T01:11:29.582+0000] {logging_mixin.py:188} INFO - [2025-09-08T01:11:29.582+0000] {dag.py:3954} INFO - Setting next_dagrun for print_sample_dataset to 2025-09-07 00:00:00+00:00, run_after=2025-09-08 00:00:00+00:00
[2025-09-08T01:11:29.637+0000] {processor.py:183} INFO - Processing /opt/airflow/dags/stock_pipeline_dag.py took 1.220 seconds
[2025-09-08T01:12:00.077+0000] {processor.py:161} INFO - Started process (PID=236) to work on /opt/airflow/dags/stock_pipeline_dag.py
[2025-09-08T01:12:00.079+0000] {processor.py:830} INFO - Processing file /opt/airflow/dags/stock_pipeline_dag.py for tasks to queue
[2025-09-08T01:12:00.084+0000] {logging_mixin.py:188} INFO - [2025-09-08T01:12:00.083+0000] {dagbag.py:545} INFO - Filling up the DagBag from /opt/airflow/dags/stock_pipeline_dag.py
[2025-09-08T01:12:00.877+0000] {processor.py:840} INFO - DAG(s) 'print_sample_dataset' retrieved from /opt/airflow/dags/stock_pipeline_dag.py
[2025-09-08T01:12:00.946+0000] {logging_mixin.py:188} INFO - [2025-09-08T01:12:00.945+0000] {dag.py:3096} INFO - Sync 1 DAGs
[2025-09-08T01:12:01.007+0000] {logging_mixin.py:188} INFO - [2025-09-08T01:12:01.007+0000] {dag.py:3954} INFO - Setting next_dagrun for print_sample_dataset to 2025-09-07 00:00:00+00:00, run_after=2025-09-08 00:00:00+00:00
[2025-09-08T01:12:01.060+0000] {processor.py:183} INFO - Processing /opt/airflow/dags/stock_pipeline_dag.py took 0.996 seconds
[2025-09-08T01:12:31.570+0000] {processor.py:161} INFO - Started process (PID=242) to work on /opt/airflow/dags/stock_pipeline_dag.py
[2025-09-08T01:12:31.572+0000] {processor.py:830} INFO - Processing file /opt/airflow/dags/stock_pipeline_dag.py for tasks to queue
[2025-09-08T01:12:31.577+0000] {logging_mixin.py:188} INFO - [2025-09-08T01:12:31.576+0000] {dagbag.py:545} INFO - Filling up the DagBag from /opt/airflow/dags/stock_pipeline_dag.py
[2025-09-08T01:12:32.307+0000] {processor.py:840} INFO - DAG(s) 'print_sample_dataset' retrieved from /opt/airflow/dags/stock_pipeline_dag.py
[2025-09-08T01:12:32.350+0000] {logging_mixin.py:188} INFO - [2025-09-08T01:12:32.349+0000] {dag.py:3096} INFO - Sync 1 DAGs
[2025-09-08T01:12:32.435+0000] {logging_mixin.py:188} INFO - [2025-09-08T01:12:32.434+0000] {dag.py:3954} INFO - Setting next_dagrun for print_sample_dataset to 2025-09-07 00:00:00+00:00, run_after=2025-09-08 00:00:00+00:00
[2025-09-08T01:12:32.496+0000] {processor.py:183} INFO - Processing /opt/airflow/dags/stock_pipeline_dag.py took 0.941 seconds
[2025-09-08T01:13:03.096+0000] {processor.py:161} INFO - Started process (PID=248) to work on /opt/airflow/dags/stock_pipeline_dag.py
[2025-09-08T01:13:03.101+0000] {processor.py:830} INFO - Processing file /opt/airflow/dags/stock_pipeline_dag.py for tasks to queue
[2025-09-08T01:13:03.109+0000] {logging_mixin.py:188} INFO - [2025-09-08T01:13:03.107+0000] {dagbag.py:545} INFO - Filling up the DagBag from /opt/airflow/dags/stock_pipeline_dag.py
[2025-09-08T01:13:03.889+0000] {processor.py:840} INFO - DAG(s) 'print_sample_dataset' retrieved from /opt/airflow/dags/stock_pipeline_dag.py
[2025-09-08T01:13:03.953+0000] {logging_mixin.py:188} INFO - [2025-09-08T01:13:03.952+0000] {dag.py:3096} INFO - Sync 1 DAGs
[2025-09-08T01:13:04.012+0000] {logging_mixin.py:188} INFO - [2025-09-08T01:13:04.012+0000] {dag.py:3954} INFO - Setting next_dagrun for print_sample_dataset to 2025-09-07 00:00:00+00:00, run_after=2025-09-08 00:00:00+00:00
[2025-09-08T01:13:04.063+0000] {processor.py:183} INFO - Processing /opt/airflow/dags/stock_pipeline_dag.py took 0.991 seconds
[2025-09-08T01:13:34.565+0000] {processor.py:161} INFO - Started process (PID=254) to work on /opt/airflow/dags/stock_pipeline_dag.py
[2025-09-08T01:13:34.569+0000] {processor.py:830} INFO - Processing file /opt/airflow/dags/stock_pipeline_dag.py for tasks to queue
[2025-09-08T01:13:34.578+0000] {logging_mixin.py:188} INFO - [2025-09-08T01:13:34.576+0000] {dagbag.py:545} INFO - Filling up the DagBag from /opt/airflow/dags/stock_pipeline_dag.py
[2025-09-08T01:13:35.351+0000] {processor.py:840} INFO - DAG(s) 'print_sample_dataset' retrieved from /opt/airflow/dags/stock_pipeline_dag.py
[2025-09-08T01:13:35.412+0000] {logging_mixin.py:188} INFO - [2025-09-08T01:13:35.411+0000] {dag.py:3096} INFO - Sync 1 DAGs
[2025-09-08T01:13:35.471+0000] {logging_mixin.py:188} INFO - [2025-09-08T01:13:35.471+0000] {dag.py:3954} INFO - Setting next_dagrun for print_sample_dataset to 2025-09-07 00:00:00+00:00, run_after=2025-09-08 00:00:00+00:00
[2025-09-08T01:13:35.520+0000] {processor.py:183} INFO - Processing /opt/airflow/dags/stock_pipeline_dag.py took 0.981 seconds
[2025-09-08T01:14:06.056+0000] {processor.py:161} INFO - Started process (PID=260) to work on /opt/airflow/dags/stock_pipeline_dag.py
[2025-09-08T01:14:06.060+0000] {processor.py:830} INFO - Processing file /opt/airflow/dags/stock_pipeline_dag.py for tasks to queue
[2025-09-08T01:14:06.068+0000] {logging_mixin.py:188} INFO - [2025-09-08T01:14:06.066+0000] {dagbag.py:545} INFO - Filling up the DagBag from /opt/airflow/dags/stock_pipeline_dag.py
[2025-09-08T01:14:06.813+0000] {processor.py:840} INFO - DAG(s) 'print_sample_dataset' retrieved from /opt/airflow/dags/stock_pipeline_dag.py
[2025-09-08T01:14:06.870+0000] {logging_mixin.py:188} INFO - [2025-09-08T01:14:06.869+0000] {dag.py:3096} INFO - Sync 1 DAGs
[2025-09-08T01:14:06.925+0000] {logging_mixin.py:188} INFO - [2025-09-08T01:14:06.925+0000] {dag.py:3954} INFO - Setting next_dagrun for print_sample_dataset to 2025-09-07 00:00:00+00:00, run_after=2025-09-08 00:00:00+00:00
[2025-09-08T01:14:06.977+0000] {processor.py:183} INFO - Processing /opt/airflow/dags/stock_pipeline_dag.py took 0.945 seconds
[2025-09-08T01:14:37.556+0000] {processor.py:161} INFO - Started process (PID=266) to work on /opt/airflow/dags/stock_pipeline_dag.py
[2025-09-08T01:14:37.560+0000] {processor.py:830} INFO - Processing file /opt/airflow/dags/stock_pipeline_dag.py for tasks to queue
[2025-09-08T01:14:37.568+0000] {logging_mixin.py:188} INFO - [2025-09-08T01:14:37.566+0000] {dagbag.py:545} INFO - Filling up the DagBag from /opt/airflow/dags/stock_pipeline_dag.py
[2025-09-08T01:14:38.318+0000] {processor.py:840} INFO - DAG(s) 'print_sample_dataset' retrieved from /opt/airflow/dags/stock_pipeline_dag.py
[2025-09-08T01:14:38.378+0000] {logging_mixin.py:188} INFO - [2025-09-08T01:14:38.377+0000] {dag.py:3096} INFO - Sync 1 DAGs
[2025-09-08T01:14:38.435+0000] {logging_mixin.py:188} INFO - [2025-09-08T01:14:38.434+0000] {dag.py:3954} INFO - Setting next_dagrun for print_sample_dataset to 2025-09-07 00:00:00+00:00, run_after=2025-09-08 00:00:00+00:00
[2025-09-08T01:14:38.513+0000] {processor.py:183} INFO - Processing /opt/airflow/dags/stock_pipeline_dag.py took 0.981 seconds
[2025-09-08T01:15:09.039+0000] {processor.py:161} INFO - Started process (PID=272) to work on /opt/airflow/dags/stock_pipeline_dag.py
[2025-09-08T01:15:09.043+0000] {processor.py:830} INFO - Processing file /opt/airflow/dags/stock_pipeline_dag.py for tasks to queue
[2025-09-08T01:15:09.051+0000] {logging_mixin.py:188} INFO - [2025-09-08T01:15:09.050+0000] {dagbag.py:545} INFO - Filling up the DagBag from /opt/airflow/dags/stock_pipeline_dag.py
[2025-09-08T01:15:09.878+0000] {processor.py:840} INFO - DAG(s) 'print_sample_dataset' retrieved from /opt/airflow/dags/stock_pipeline_dag.py
[2025-09-08T01:15:09.937+0000] {logging_mixin.py:188} INFO - [2025-09-08T01:15:09.936+0000] {dag.py:3096} INFO - Sync 1 DAGs
[2025-09-08T01:15:09.994+0000] {logging_mixin.py:188} INFO - [2025-09-08T01:15:09.994+0000] {dag.py:3954} INFO - Setting next_dagrun for print_sample_dataset to 2025-09-07 00:00:00+00:00, run_after=2025-09-08 00:00:00+00:00
[2025-09-08T01:15:10.044+0000] {processor.py:183} INFO - Processing /opt/airflow/dags/stock_pipeline_dag.py took 1.029 seconds
[2025-09-08T01:15:40.801+0000] {processor.py:161} INFO - Started process (PID=278) to work on /opt/airflow/dags/stock_pipeline_dag.py
[2025-09-08T01:15:40.806+0000] {processor.py:830} INFO - Processing file /opt/airflow/dags/stock_pipeline_dag.py for tasks to queue
[2025-09-08T01:15:40.814+0000] {logging_mixin.py:188} INFO - [2025-09-08T01:15:40.813+0000] {dagbag.py:545} INFO - Filling up the DagBag from /opt/airflow/dags/stock_pipeline_dag.py
[2025-09-08T01:15:41.653+0000] {processor.py:840} INFO - DAG(s) 'print_sample_dataset' retrieved from /opt/airflow/dags/stock_pipeline_dag.py
[2025-09-08T01:15:41.717+0000] {logging_mixin.py:188} INFO - [2025-09-08T01:15:41.716+0000] {dag.py:3096} INFO - Sync 1 DAGs
[2025-09-08T01:15:41.775+0000] {logging_mixin.py:188} INFO - [2025-09-08T01:15:41.774+0000] {dag.py:3954} INFO - Setting next_dagrun for print_sample_dataset to 2025-09-07 00:00:00+00:00, run_after=2025-09-08 00:00:00+00:00
[2025-09-08T01:15:41.832+0000] {processor.py:183} INFO - Processing /opt/airflow/dags/stock_pipeline_dag.py took 1.070 seconds
[2025-09-08T01:16:12.298+0000] {processor.py:161} INFO - Started process (PID=284) to work on /opt/airflow/dags/stock_pipeline_dag.py
[2025-09-08T01:16:12.302+0000] {processor.py:830} INFO - Processing file /opt/airflow/dags/stock_pipeline_dag.py for tasks to queue
[2025-09-08T01:16:12.312+0000] {logging_mixin.py:188} INFO - [2025-09-08T01:16:12.310+0000] {dagbag.py:545} INFO - Filling up the DagBag from /opt/airflow/dags/stock_pipeline_dag.py
[2025-09-08T01:16:13.070+0000] {processor.py:840} INFO - DAG(s) 'print_sample_dataset' retrieved from /opt/airflow/dags/stock_pipeline_dag.py
[2025-09-08T01:16:13.128+0000] {logging_mixin.py:188} INFO - [2025-09-08T01:16:13.127+0000] {dag.py:3096} INFO - Sync 1 DAGs
[2025-09-08T01:16:13.188+0000] {logging_mixin.py:188} INFO - [2025-09-08T01:16:13.187+0000] {dag.py:3954} INFO - Setting next_dagrun for print_sample_dataset to 2025-09-07 00:00:00+00:00, run_after=2025-09-08 00:00:00+00:00
[2025-09-08T01:16:13.243+0000] {processor.py:183} INFO - Processing /opt/airflow/dags/stock_pipeline_dag.py took 0.972 seconds
[2025-09-08T01:16:43.817+0000] {processor.py:161} INFO - Started process (PID=290) to work on /opt/airflow/dags/stock_pipeline_dag.py
[2025-09-08T01:16:43.821+0000] {processor.py:830} INFO - Processing file /opt/airflow/dags/stock_pipeline_dag.py for tasks to queue
[2025-09-08T01:16:43.829+0000] {logging_mixin.py:188} INFO - [2025-09-08T01:16:43.827+0000] {dagbag.py:545} INFO - Filling up the DagBag from /opt/airflow/dags/stock_pipeline_dag.py
[2025-09-08T01:16:44.529+0000] {processor.py:840} INFO - DAG(s) 'print_sample_dataset' retrieved from /opt/airflow/dags/stock_pipeline_dag.py
[2025-09-08T01:16:44.586+0000] {logging_mixin.py:188} INFO - [2025-09-08T01:16:44.585+0000] {dag.py:3096} INFO - Sync 1 DAGs
[2025-09-08T01:16:44.645+0000] {logging_mixin.py:188} INFO - [2025-09-08T01:16:44.645+0000] {dag.py:3954} INFO - Setting next_dagrun for print_sample_dataset to 2025-09-07 00:00:00+00:00, run_after=2025-09-08 00:00:00+00:00
[2025-09-08T01:16:44.701+0000] {processor.py:183} INFO - Processing /opt/airflow/dags/stock_pipeline_dag.py took 0.910 seconds
[2025-09-08T01:17:15.358+0000] {processor.py:161} INFO - Started process (PID=296) to work on /opt/airflow/dags/stock_pipeline_dag.py
[2025-09-08T01:17:15.363+0000] {processor.py:830} INFO - Processing file /opt/airflow/dags/stock_pipeline_dag.py for tasks to queue
[2025-09-08T01:17:15.370+0000] {logging_mixin.py:188} INFO - [2025-09-08T01:17:15.369+0000] {dagbag.py:545} INFO - Filling up the DagBag from /opt/airflow/dags/stock_pipeline_dag.py
[2025-09-08T01:17:16.086+0000] {processor.py:840} INFO - DAG(s) 'print_sample_dataset' retrieved from /opt/airflow/dags/stock_pipeline_dag.py
[2025-09-08T01:17:16.147+0000] {logging_mixin.py:188} INFO - [2025-09-08T01:17:16.146+0000] {dag.py:3096} INFO - Sync 1 DAGs
[2025-09-08T01:17:16.197+0000] {logging_mixin.py:188} INFO - [2025-09-08T01:17:16.197+0000] {dag.py:3954} INFO - Setting next_dagrun for print_sample_dataset to 2025-09-07 00:00:00+00:00, run_after=2025-09-08 00:00:00+00:00
[2025-09-08T01:17:16.258+0000] {processor.py:183} INFO - Processing /opt/airflow/dags/stock_pipeline_dag.py took 0.926 seconds
[2025-09-08T01:17:46.784+0000] {processor.py:161} INFO - Started process (PID=302) to work on /opt/airflow/dags/stock_pipeline_dag.py
[2025-09-08T01:17:46.788+0000] {processor.py:830} INFO - Processing file /opt/airflow/dags/stock_pipeline_dag.py for tasks to queue
[2025-09-08T01:17:46.796+0000] {logging_mixin.py:188} INFO - [2025-09-08T01:17:46.794+0000] {dagbag.py:545} INFO - Filling up the DagBag from /opt/airflow/dags/stock_pipeline_dag.py
[2025-09-08T01:17:47.431+0000] {processor.py:840} INFO - DAG(s) 'print_sample_dataset' retrieved from /opt/airflow/dags/stock_pipeline_dag.py
[2025-09-08T01:17:47.476+0000] {logging_mixin.py:188} INFO - [2025-09-08T01:17:47.475+0000] {dag.py:3096} INFO - Sync 1 DAGs
[2025-09-08T01:17:47.530+0000] {logging_mixin.py:188} INFO - [2025-09-08T01:17:47.530+0000] {dag.py:3954} INFO - Setting next_dagrun for print_sample_dataset to 2025-09-07 00:00:00+00:00, run_after=2025-09-08 00:00:00+00:00
[2025-09-08T01:17:47.579+0000] {processor.py:183} INFO - Processing /opt/airflow/dags/stock_pipeline_dag.py took 0.820 seconds
[2025-09-08T01:18:18.157+0000] {processor.py:161} INFO - Started process (PID=308) to work on /opt/airflow/dags/stock_pipeline_dag.py
[2025-09-08T01:18:18.161+0000] {processor.py:830} INFO - Processing file /opt/airflow/dags/stock_pipeline_dag.py for tasks to queue
[2025-09-08T01:18:18.168+0000] {logging_mixin.py:188} INFO - [2025-09-08T01:18:18.167+0000] {dagbag.py:545} INFO - Filling up the DagBag from /opt/airflow/dags/stock_pipeline_dag.py
[2025-09-08T01:18:18.880+0000] {processor.py:840} INFO - DAG(s) 'print_sample_dataset' retrieved from /opt/airflow/dags/stock_pipeline_dag.py
[2025-09-08T01:18:18.936+0000] {logging_mixin.py:188} INFO - [2025-09-08T01:18:18.935+0000] {dag.py:3096} INFO - Sync 1 DAGs
[2025-09-08T01:18:19.022+0000] {logging_mixin.py:188} INFO - [2025-09-08T01:18:19.021+0000] {dag.py:3954} INFO - Setting next_dagrun for print_sample_dataset to 2025-09-07 00:00:00+00:00, run_after=2025-09-08 00:00:00+00:00
[2025-09-08T01:18:19.111+0000] {processor.py:183} INFO - Processing /opt/airflow/dags/stock_pipeline_dag.py took 0.976 seconds
[2025-09-08T01:18:49.688+0000] {processor.py:161} INFO - Started process (PID=314) to work on /opt/airflow/dags/stock_pipeline_dag.py
[2025-09-08T01:18:49.691+0000] {processor.py:830} INFO - Processing file /opt/airflow/dags/stock_pipeline_dag.py for tasks to queue
[2025-09-08T01:18:49.697+0000] {logging_mixin.py:188} INFO - [2025-09-08T01:18:49.696+0000] {dagbag.py:545} INFO - Filling up the DagBag from /opt/airflow/dags/stock_pipeline_dag.py
[2025-09-08T01:18:50.469+0000] {processor.py:840} INFO - DAG(s) 'print_sample_dataset' retrieved from /opt/airflow/dags/stock_pipeline_dag.py
[2025-09-08T01:18:50.511+0000] {logging_mixin.py:188} INFO - [2025-09-08T01:18:50.510+0000] {dag.py:3096} INFO - Sync 1 DAGs
[2025-09-08T01:18:50.551+0000] {logging_mixin.py:188} INFO - [2025-09-08T01:18:50.550+0000] {dag.py:3954} INFO - Setting next_dagrun for print_sample_dataset to 2025-09-07 00:00:00+00:00, run_after=2025-09-08 00:00:00+00:00
[2025-09-08T01:18:50.600+0000] {processor.py:183} INFO - Processing /opt/airflow/dags/stock_pipeline_dag.py took 0.931 seconds
[2025-09-08T01:19:21.133+0000] {processor.py:161} INFO - Started process (PID=320) to work on /opt/airflow/dags/stock_pipeline_dag.py
[2025-09-08T01:19:21.136+0000] {processor.py:830} INFO - Processing file /opt/airflow/dags/stock_pipeline_dag.py for tasks to queue
[2025-09-08T01:19:21.143+0000] {logging_mixin.py:188} INFO - [2025-09-08T01:19:21.141+0000] {dagbag.py:545} INFO - Filling up the DagBag from /opt/airflow/dags/stock_pipeline_dag.py
[2025-09-08T01:19:21.958+0000] {processor.py:840} INFO - DAG(s) 'print_sample_dataset' retrieved from /opt/airflow/dags/stock_pipeline_dag.py
[2025-09-08T01:19:22.020+0000] {logging_mixin.py:188} INFO - [2025-09-08T01:19:22.019+0000] {dag.py:3096} INFO - Sync 1 DAGs
[2025-09-08T01:19:22.084+0000] {logging_mixin.py:188} INFO - [2025-09-08T01:19:22.083+0000] {dag.py:3954} INFO - Setting next_dagrun for print_sample_dataset to 2025-09-07 00:00:00+00:00, run_after=2025-09-08 00:00:00+00:00
[2025-09-08T01:19:22.134+0000] {processor.py:183} INFO - Processing /opt/airflow/dags/stock_pipeline_dag.py took 1.021 seconds
[2025-09-08T01:19:52.621+0000] {processor.py:161} INFO - Started process (PID=326) to work on /opt/airflow/dags/stock_pipeline_dag.py
[2025-09-08T01:19:52.625+0000] {processor.py:830} INFO - Processing file /opt/airflow/dags/stock_pipeline_dag.py for tasks to queue
[2025-09-08T01:19:52.634+0000] {logging_mixin.py:188} INFO - [2025-09-08T01:19:52.633+0000] {dagbag.py:545} INFO - Filling up the DagBag from /opt/airflow/dags/stock_pipeline_dag.py
[2025-09-08T01:19:53.246+0000] {processor.py:840} INFO - DAG(s) 'print_sample_dataset' retrieved from /opt/airflow/dags/stock_pipeline_dag.py
[2025-09-08T01:19:53.288+0000] {logging_mixin.py:188} INFO - [2025-09-08T01:19:53.288+0000] {dag.py:3096} INFO - Sync 1 DAGs
[2025-09-08T01:19:53.322+0000] {logging_mixin.py:188} INFO - [2025-09-08T01:19:53.322+0000] {dag.py:3954} INFO - Setting next_dagrun for print_sample_dataset to 2025-09-07 00:00:00+00:00, run_after=2025-09-08 00:00:00+00:00
[2025-09-08T01:19:53.372+0000] {processor.py:183} INFO - Processing /opt/airflow/dags/stock_pipeline_dag.py took 0.778 seconds
[2025-09-08T01:20:23.930+0000] {processor.py:161} INFO - Started process (PID=332) to work on /opt/airflow/dags/stock_pipeline_dag.py
[2025-09-08T01:20:23.934+0000] {processor.py:830} INFO - Processing file /opt/airflow/dags/stock_pipeline_dag.py for tasks to queue
[2025-09-08T01:20:23.941+0000] {logging_mixin.py:188} INFO - [2025-09-08T01:20:23.940+0000] {dagbag.py:545} INFO - Filling up the DagBag from /opt/airflow/dags/stock_pipeline_dag.py
[2025-09-08T01:20:24.433+0000] {processor.py:840} INFO - DAG(s) 'print_sample_dataset' retrieved from /opt/airflow/dags/stock_pipeline_dag.py
[2025-09-08T01:20:24.469+0000] {logging_mixin.py:188} INFO - [2025-09-08T01:20:24.468+0000] {dag.py:3096} INFO - Sync 1 DAGs
[2025-09-08T01:20:24.502+0000] {logging_mixin.py:188} INFO - [2025-09-08T01:20:24.501+0000] {dag.py:3954} INFO - Setting next_dagrun for print_sample_dataset to 2025-09-07 00:00:00+00:00, run_after=2025-09-08 00:00:00+00:00
[2025-09-08T01:20:24.564+0000] {processor.py:183} INFO - Processing /opt/airflow/dags/stock_pipeline_dag.py took 0.656 seconds
[2025-09-08T01:20:55.336+0000] {processor.py:161} INFO - Started process (PID=338) to work on /opt/airflow/dags/stock_pipeline_dag.py
[2025-09-08T01:20:55.341+0000] {processor.py:830} INFO - Processing file /opt/airflow/dags/stock_pipeline_dag.py for tasks to queue
[2025-09-08T01:20:55.348+0000] {logging_mixin.py:188} INFO - [2025-09-08T01:20:55.347+0000] {dagbag.py:545} INFO - Filling up the DagBag from /opt/airflow/dags/stock_pipeline_dag.py
[2025-09-08T01:20:56.030+0000] {processor.py:840} INFO - DAG(s) 'print_sample_dataset' retrieved from /opt/airflow/dags/stock_pipeline_dag.py
[2025-09-08T01:20:56.087+0000] {logging_mixin.py:188} INFO - [2025-09-08T01:20:56.086+0000] {dag.py:3096} INFO - Sync 1 DAGs
[2025-09-08T01:20:56.139+0000] {logging_mixin.py:188} INFO - [2025-09-08T01:20:56.138+0000] {dag.py:3954} INFO - Setting next_dagrun for print_sample_dataset to 2025-09-07 00:00:00+00:00, run_after=2025-09-08 00:00:00+00:00
[2025-09-08T01:20:56.186+0000] {processor.py:183} INFO - Processing /opt/airflow/dags/stock_pipeline_dag.py took 0.875 seconds
[2025-09-08T01:21:26.748+0000] {processor.py:161} INFO - Started process (PID=344) to work on /opt/airflow/dags/stock_pipeline_dag.py
[2025-09-08T01:21:26.751+0000] {processor.py:830} INFO - Processing file /opt/airflow/dags/stock_pipeline_dag.py for tasks to queue
[2025-09-08T01:21:26.761+0000] {logging_mixin.py:188} INFO - [2025-09-08T01:21:26.760+0000] {dagbag.py:545} INFO - Filling up the DagBag from /opt/airflow/dags/stock_pipeline_dag.py
[2025-09-08T01:21:27.349+0000] {processor.py:840} INFO - DAG(s) 'print_sample_dataset' retrieved from /opt/airflow/dags/stock_pipeline_dag.py
[2025-09-08T01:21:27.381+0000] {logging_mixin.py:188} INFO - [2025-09-08T01:21:27.380+0000] {dag.py:3096} INFO - Sync 1 DAGs
[2025-09-08T01:21:27.406+0000] {logging_mixin.py:188} INFO - [2025-09-08T01:21:27.406+0000] {dag.py:3954} INFO - Setting next_dagrun for print_sample_dataset to 2025-09-07 00:00:00+00:00, run_after=2025-09-08 00:00:00+00:00
[2025-09-08T01:21:27.446+0000] {processor.py:183} INFO - Processing /opt/airflow/dags/stock_pipeline_dag.py took 0.725 seconds
[2025-09-08T01:21:58.038+0000] {processor.py:161} INFO - Started process (PID=353) to work on /opt/airflow/dags/stock_pipeline_dag.py
[2025-09-08T01:21:58.042+0000] {processor.py:830} INFO - Processing file /opt/airflow/dags/stock_pipeline_dag.py for tasks to queue
[2025-09-08T01:21:58.052+0000] {logging_mixin.py:188} INFO - [2025-09-08T01:21:58.051+0000] {dagbag.py:545} INFO - Filling up the DagBag from /opt/airflow/dags/stock_pipeline_dag.py
[2025-09-08T01:21:58.789+0000] {processor.py:840} INFO - DAG(s) 'print_sample_dataset' retrieved from /opt/airflow/dags/stock_pipeline_dag.py
[2025-09-08T01:21:58.858+0000] {logging_mixin.py:188} INFO - [2025-09-08T01:21:58.857+0000] {dag.py:3096} INFO - Sync 1 DAGs
[2025-09-08T01:21:58.924+0000] {logging_mixin.py:188} INFO - [2025-09-08T01:21:58.923+0000] {dag.py:3954} INFO - Setting next_dagrun for print_sample_dataset to 2025-09-08 00:00:00+00:00, run_after=2025-09-09 00:00:00+00:00
[2025-09-08T01:21:58.983+0000] {processor.py:183} INFO - Processing /opt/airflow/dags/stock_pipeline_dag.py took 0.970 seconds
[2025-09-08T01:22:29.499+0000] {processor.py:161} INFO - Started process (PID=359) to work on /opt/airflow/dags/stock_pipeline_dag.py
[2025-09-08T01:22:29.503+0000] {processor.py:830} INFO - Processing file /opt/airflow/dags/stock_pipeline_dag.py for tasks to queue
[2025-09-08T01:22:29.512+0000] {logging_mixin.py:188} INFO - [2025-09-08T01:22:29.511+0000] {dagbag.py:545} INFO - Filling up the DagBag from /opt/airflow/dags/stock_pipeline_dag.py
[2025-09-08T01:22:30.282+0000] {processor.py:840} INFO - DAG(s) 'print_sample_dataset' retrieved from /opt/airflow/dags/stock_pipeline_dag.py
[2025-09-08T01:22:30.352+0000] {logging_mixin.py:188} INFO - [2025-09-08T01:22:30.350+0000] {dag.py:3096} INFO - Sync 1 DAGs
[2025-09-08T01:22:30.418+0000] {logging_mixin.py:188} INFO - [2025-09-08T01:22:30.417+0000] {dag.py:3954} INFO - Setting next_dagrun for print_sample_dataset to 2025-09-08 00:00:00+00:00, run_after=2025-09-09 00:00:00+00:00
[2025-09-08T01:22:30.474+0000] {processor.py:183} INFO - Processing /opt/airflow/dags/stock_pipeline_dag.py took 0.999 seconds
[2025-09-08T01:23:01.025+0000] {processor.py:161} INFO - Started process (PID=365) to work on /opt/airflow/dags/stock_pipeline_dag.py
[2025-09-08T01:23:01.031+0000] {processor.py:830} INFO - Processing file /opt/airflow/dags/stock_pipeline_dag.py for tasks to queue
[2025-09-08T01:23:01.043+0000] {logging_mixin.py:188} INFO - [2025-09-08T01:23:01.041+0000] {dagbag.py:545} INFO - Filling up the DagBag from /opt/airflow/dags/stock_pipeline_dag.py
[2025-09-08T01:23:01.842+0000] {processor.py:840} INFO - DAG(s) 'print_sample_dataset' retrieved from /opt/airflow/dags/stock_pipeline_dag.py
[2025-09-08T01:23:01.901+0000] {logging_mixin.py:188} INFO - [2025-09-08T01:23:01.901+0000] {dag.py:3096} INFO - Sync 1 DAGs
[2025-09-08T01:23:01.958+0000] {logging_mixin.py:188} INFO - [2025-09-08T01:23:01.958+0000] {dag.py:3954} INFO - Setting next_dagrun for print_sample_dataset to 2025-09-08 00:00:00+00:00, run_after=2025-09-09 00:00:00+00:00
[2025-09-08T01:23:02.005+0000] {processor.py:183} INFO - Processing /opt/airflow/dags/stock_pipeline_dag.py took 1.008 seconds
[2025-09-08T01:23:32.585+0000] {processor.py:161} INFO - Started process (PID=371) to work on /opt/airflow/dags/stock_pipeline_dag.py
[2025-09-08T01:23:32.593+0000] {processor.py:830} INFO - Processing file /opt/airflow/dags/stock_pipeline_dag.py for tasks to queue
[2025-09-08T01:23:32.602+0000] {logging_mixin.py:188} INFO - [2025-09-08T01:23:32.600+0000] {dagbag.py:545} INFO - Filling up the DagBag from /opt/airflow/dags/stock_pipeline_dag.py
[2025-09-08T01:23:33.413+0000] {processor.py:840} INFO - DAG(s) 'print_sample_dataset' retrieved from /opt/airflow/dags/stock_pipeline_dag.py
[2025-09-08T01:23:33.473+0000] {logging_mixin.py:188} INFO - [2025-09-08T01:23:33.472+0000] {dag.py:3096} INFO - Sync 1 DAGs
[2025-09-08T01:23:33.526+0000] {logging_mixin.py:188} INFO - [2025-09-08T01:23:33.526+0000] {dag.py:3954} INFO - Setting next_dagrun for print_sample_dataset to 2025-09-08 00:00:00+00:00, run_after=2025-09-09 00:00:00+00:00
[2025-09-08T01:23:33.575+0000] {processor.py:183} INFO - Processing /opt/airflow/dags/stock_pipeline_dag.py took 1.024 seconds
[2025-09-08T01:24:04.068+0000] {processor.py:161} INFO - Started process (PID=377) to work on /opt/airflow/dags/stock_pipeline_dag.py
[2025-09-08T01:24:04.072+0000] {processor.py:830} INFO - Processing file /opt/airflow/dags/stock_pipeline_dag.py for tasks to queue
[2025-09-08T01:24:04.079+0000] {logging_mixin.py:188} INFO - [2025-09-08T01:24:04.078+0000] {dagbag.py:545} INFO - Filling up the DagBag from /opt/airflow/dags/stock_pipeline_dag.py
[2025-09-08T01:24:04.760+0000] {processor.py:840} INFO - DAG(s) 'print_sample_dataset' retrieved from /opt/airflow/dags/stock_pipeline_dag.py
[2025-09-08T01:24:04.812+0000] {logging_mixin.py:188} INFO - [2025-09-08T01:24:04.811+0000] {dag.py:3096} INFO - Sync 1 DAGs
[2025-09-08T01:24:04.864+0000] {logging_mixin.py:188} INFO - [2025-09-08T01:24:04.863+0000] {dag.py:3954} INFO - Setting next_dagrun for print_sample_dataset to 2025-09-08 00:00:00+00:00, run_after=2025-09-09 00:00:00+00:00
[2025-09-08T01:24:04.918+0000] {processor.py:183} INFO - Processing /opt/airflow/dags/stock_pipeline_dag.py took 0.874 seconds
[2025-09-08T01:24:35.443+0000] {processor.py:161} INFO - Started process (PID=383) to work on /opt/airflow/dags/stock_pipeline_dag.py
[2025-09-08T01:24:35.445+0000] {processor.py:830} INFO - Processing file /opt/airflow/dags/stock_pipeline_dag.py for tasks to queue
[2025-09-08T01:24:35.449+0000] {logging_mixin.py:188} INFO - [2025-09-08T01:24:35.448+0000] {dagbag.py:545} INFO - Filling up the DagBag from /opt/airflow/dags/stock_pipeline_dag.py
[2025-09-08T01:24:36.263+0000] {processor.py:840} INFO - DAG(s) 'print_sample_dataset' retrieved from /opt/airflow/dags/stock_pipeline_dag.py
[2025-09-08T01:24:36.341+0000] {logging_mixin.py:188} INFO - [2025-09-08T01:24:36.340+0000] {dag.py:3096} INFO - Sync 1 DAGs
[2025-09-08T01:24:36.426+0000] {logging_mixin.py:188} INFO - [2025-09-08T01:24:36.426+0000] {dag.py:3954} INFO - Setting next_dagrun for print_sample_dataset to 2025-09-08 00:00:00+00:00, run_after=2025-09-09 00:00:00+00:00
[2025-09-08T01:24:36.496+0000] {processor.py:183} INFO - Processing /opt/airflow/dags/stock_pipeline_dag.py took 1.068 seconds
[2025-09-08T01:25:07.028+0000] {processor.py:161} INFO - Started process (PID=389) to work on /opt/airflow/dags/stock_pipeline_dag.py
[2025-09-08T01:25:07.033+0000] {processor.py:830} INFO - Processing file /opt/airflow/dags/stock_pipeline_dag.py for tasks to queue
[2025-09-08T01:25:07.044+0000] {logging_mixin.py:188} INFO - [2025-09-08T01:25:07.042+0000] {dagbag.py:545} INFO - Filling up the DagBag from /opt/airflow/dags/stock_pipeline_dag.py
[2025-09-08T01:25:08.306+0000] {processor.py:840} INFO - DAG(s) 'print_sample_dataset' retrieved from /opt/airflow/dags/stock_pipeline_dag.py
[2025-09-08T01:25:08.433+0000] {logging_mixin.py:188} INFO - [2025-09-08T01:25:08.431+0000] {dag.py:3096} INFO - Sync 1 DAGs
[2025-09-08T01:25:08.542+0000] {logging_mixin.py:188} INFO - [2025-09-08T01:25:08.540+0000] {dag.py:3954} INFO - Setting next_dagrun for print_sample_dataset to 2025-09-08 00:00:00+00:00, run_after=2025-09-09 00:00:00+00:00
[2025-09-08T01:25:08.645+0000] {processor.py:183} INFO - Processing /opt/airflow/dags/stock_pipeline_dag.py took 1.651 seconds
[2025-09-08T01:25:39.419+0000] {processor.py:161} INFO - Started process (PID=395) to work on /opt/airflow/dags/stock_pipeline_dag.py
[2025-09-08T01:25:39.422+0000] {processor.py:830} INFO - Processing file /opt/airflow/dags/stock_pipeline_dag.py for tasks to queue
[2025-09-08T01:25:39.430+0000] {logging_mixin.py:188} INFO - [2025-09-08T01:25:39.428+0000] {dagbag.py:545} INFO - Filling up the DagBag from /opt/airflow/dags/stock_pipeline_dag.py
[2025-09-08T01:25:40.285+0000] {processor.py:840} INFO - DAG(s) 'print_sample_dataset' retrieved from /opt/airflow/dags/stock_pipeline_dag.py
[2025-09-08T01:25:40.320+0000] {logging_mixin.py:188} INFO - [2025-09-08T01:25:40.319+0000] {dag.py:3096} INFO - Sync 1 DAGs
[2025-09-08T01:25:40.352+0000] {logging_mixin.py:188} INFO - [2025-09-08T01:25:40.352+0000] {dag.py:3954} INFO - Setting next_dagrun for print_sample_dataset to 2025-09-08 00:00:00+00:00, run_after=2025-09-09 00:00:00+00:00
[2025-09-08T01:25:40.395+0000] {processor.py:183} INFO - Processing /opt/airflow/dags/stock_pipeline_dag.py took 1.006 seconds
[2025-09-08T01:26:10.958+0000] {processor.py:161} INFO - Started process (PID=401) to work on /opt/airflow/dags/stock_pipeline_dag.py
[2025-09-08T01:26:10.962+0000] {processor.py:830} INFO - Processing file /opt/airflow/dags/stock_pipeline_dag.py for tasks to queue
[2025-09-08T01:26:10.970+0000] {logging_mixin.py:188} INFO - [2025-09-08T01:26:10.969+0000] {dagbag.py:545} INFO - Filling up the DagBag from /opt/airflow/dags/stock_pipeline_dag.py
[2025-09-08T01:26:11.692+0000] {processor.py:840} INFO - DAG(s) 'print_sample_dataset' retrieved from /opt/airflow/dags/stock_pipeline_dag.py
[2025-09-08T01:26:11.752+0000] {logging_mixin.py:188} INFO - [2025-09-08T01:26:11.751+0000] {dag.py:3096} INFO - Sync 1 DAGs
[2025-09-08T01:26:11.812+0000] {logging_mixin.py:188} INFO - [2025-09-08T01:26:11.812+0000] {dag.py:3954} INFO - Setting next_dagrun for print_sample_dataset to 2025-09-08 00:00:00+00:00, run_after=2025-09-09 00:00:00+00:00
[2025-09-08T01:26:11.872+0000] {processor.py:183} INFO - Processing /opt/airflow/dags/stock_pipeline_dag.py took 0.943 seconds
[2025-09-08T01:26:42.414+0000] {processor.py:161} INFO - Started process (PID=407) to work on /opt/airflow/dags/stock_pipeline_dag.py
[2025-09-08T01:26:42.418+0000] {processor.py:830} INFO - Processing file /opt/airflow/dags/stock_pipeline_dag.py for tasks to queue
[2025-09-08T01:26:42.429+0000] {logging_mixin.py:188} INFO - [2025-09-08T01:26:42.428+0000] {dagbag.py:545} INFO - Filling up the DagBag from /opt/airflow/dags/stock_pipeline_dag.py
[2025-09-08T01:26:43.156+0000] {processor.py:840} INFO - DAG(s) 'print_sample_dataset' retrieved from /opt/airflow/dags/stock_pipeline_dag.py
[2025-09-08T01:26:43.204+0000] {logging_mixin.py:188} INFO - [2025-09-08T01:26:43.203+0000] {dag.py:3096} INFO - Sync 1 DAGs
[2025-09-08T01:26:43.244+0000] {logging_mixin.py:188} INFO - [2025-09-08T01:26:43.244+0000] {dag.py:3954} INFO - Setting next_dagrun for print_sample_dataset to 2025-09-08 00:00:00+00:00, run_after=2025-09-09 00:00:00+00:00
[2025-09-08T01:26:43.291+0000] {processor.py:183} INFO - Processing /opt/airflow/dags/stock_pipeline_dag.py took 0.899 seconds
[2025-09-08T01:27:13.875+0000] {processor.py:161} INFO - Started process (PID=413) to work on /opt/airflow/dags/stock_pipeline_dag.py
[2025-09-08T01:27:13.879+0000] {processor.py:830} INFO - Processing file /opt/airflow/dags/stock_pipeline_dag.py for tasks to queue
[2025-09-08T01:27:13.889+0000] {logging_mixin.py:188} INFO - [2025-09-08T01:27:13.887+0000] {dagbag.py:545} INFO - Filling up the DagBag from /opt/airflow/dags/stock_pipeline_dag.py
[2025-09-08T01:27:14.591+0000] {processor.py:840} INFO - DAG(s) 'print_sample_dataset' retrieved from /opt/airflow/dags/stock_pipeline_dag.py
[2025-09-08T01:27:14.663+0000] {logging_mixin.py:188} INFO - [2025-09-08T01:27:14.662+0000] {dag.py:3096} INFO - Sync 1 DAGs
[2025-09-08T01:27:14.713+0000] {logging_mixin.py:188} INFO - [2025-09-08T01:27:14.712+0000] {dag.py:3954} INFO - Setting next_dagrun for print_sample_dataset to 2025-09-08 00:00:00+00:00, run_after=2025-09-09 00:00:00+00:00
[2025-09-08T01:27:14.763+0000] {processor.py:183} INFO - Processing /opt/airflow/dags/stock_pipeline_dag.py took 0.911 seconds
[2025-09-08T01:27:45.328+0000] {processor.py:161} INFO - Started process (PID=419) to work on /opt/airflow/dags/stock_pipeline_dag.py
[2025-09-08T01:27:45.332+0000] {processor.py:830} INFO - Processing file /opt/airflow/dags/stock_pipeline_dag.py for tasks to queue
[2025-09-08T01:27:45.339+0000] {logging_mixin.py:188} INFO - [2025-09-08T01:27:45.338+0000] {dagbag.py:545} INFO - Filling up the DagBag from /opt/airflow/dags/stock_pipeline_dag.py
[2025-09-08T01:27:46.075+0000] {processor.py:840} INFO - DAG(s) 'print_sample_dataset' retrieved from /opt/airflow/dags/stock_pipeline_dag.py
[2025-09-08T01:27:46.166+0000] {logging_mixin.py:188} INFO - [2025-09-08T01:27:46.165+0000] {dag.py:3096} INFO - Sync 1 DAGs
[2025-09-08T01:27:46.245+0000] {logging_mixin.py:188} INFO - [2025-09-08T01:27:46.245+0000] {dag.py:3954} INFO - Setting next_dagrun for print_sample_dataset to 2025-09-08 00:00:00+00:00, run_after=2025-09-09 00:00:00+00:00
[2025-09-08T01:27:46.317+0000] {processor.py:183} INFO - Processing /opt/airflow/dags/stock_pipeline_dag.py took 1.015 seconds
[2025-09-08T01:28:16.758+0000] {processor.py:161} INFO - Started process (PID=425) to work on /opt/airflow/dags/stock_pipeline_dag.py
[2025-09-08T01:28:16.760+0000] {processor.py:830} INFO - Processing file /opt/airflow/dags/stock_pipeline_dag.py for tasks to queue
[2025-09-08T01:28:16.764+0000] {logging_mixin.py:188} INFO - [2025-09-08T01:28:16.763+0000] {dagbag.py:545} INFO - Filling up the DagBag from /opt/airflow/dags/stock_pipeline_dag.py
[2025-09-08T01:28:17.484+0000] {processor.py:840} INFO - DAG(s) 'print_sample_dataset' retrieved from /opt/airflow/dags/stock_pipeline_dag.py
[2025-09-08T01:28:17.537+0000] {logging_mixin.py:188} INFO - [2025-09-08T01:28:17.537+0000] {dag.py:3096} INFO - Sync 1 DAGs
[2025-09-08T01:28:17.583+0000] {logging_mixin.py:188} INFO - [2025-09-08T01:28:17.582+0000] {dag.py:3954} INFO - Setting next_dagrun for print_sample_dataset to 2025-09-08 00:00:00+00:00, run_after=2025-09-09 00:00:00+00:00
[2025-09-08T01:28:17.629+0000] {processor.py:183} INFO - Processing /opt/airflow/dags/stock_pipeline_dag.py took 0.885 seconds
[2025-09-08T01:28:48.346+0000] {processor.py:161} INFO - Started process (PID=431) to work on /opt/airflow/dags/stock_pipeline_dag.py
[2025-09-08T01:28:48.351+0000] {processor.py:830} INFO - Processing file /opt/airflow/dags/stock_pipeline_dag.py for tasks to queue
[2025-09-08T01:28:48.364+0000] {logging_mixin.py:188} INFO - [2025-09-08T01:28:48.362+0000] {dagbag.py:545} INFO - Filling up the DagBag from /opt/airflow/dags/stock_pipeline_dag.py
[2025-09-08T01:28:49.365+0000] {processor.py:840} INFO - DAG(s) 'print_sample_dataset' retrieved from /opt/airflow/dags/stock_pipeline_dag.py
[2025-09-08T01:28:49.403+0000] {logging_mixin.py:188} INFO - [2025-09-08T01:28:49.402+0000] {dag.py:3096} INFO - Sync 1 DAGs
[2025-09-08T01:28:49.434+0000] {logging_mixin.py:188} INFO - [2025-09-08T01:28:49.434+0000] {dag.py:3954} INFO - Setting next_dagrun for print_sample_dataset to 2025-09-08 00:00:00+00:00, run_after=2025-09-09 00:00:00+00:00
[2025-09-08T01:28:49.476+0000] {processor.py:183} INFO - Processing /opt/airflow/dags/stock_pipeline_dag.py took 1.178 seconds
[2025-09-08T01:29:19.835+0000] {processor.py:161} INFO - Started process (PID=437) to work on /opt/airflow/dags/stock_pipeline_dag.py
[2025-09-08T01:29:19.841+0000] {processor.py:830} INFO - Processing file /opt/airflow/dags/stock_pipeline_dag.py for tasks to queue
[2025-09-08T01:29:19.851+0000] {logging_mixin.py:188} INFO - [2025-09-08T01:29:19.850+0000] {dagbag.py:545} INFO - Filling up the DagBag from /opt/airflow/dags/stock_pipeline_dag.py
[2025-09-08T01:29:21.122+0000] {processor.py:840} INFO - DAG(s) 'print_sample_dataset' retrieved from /opt/airflow/dags/stock_pipeline_dag.py
[2025-09-08T01:29:21.177+0000] {logging_mixin.py:188} INFO - [2025-09-08T01:29:21.176+0000] {dag.py:3096} INFO - Sync 1 DAGs
[2025-09-08T01:29:21.226+0000] {logging_mixin.py:188} INFO - [2025-09-08T01:29:21.225+0000] {dag.py:3954} INFO - Setting next_dagrun for print_sample_dataset to 2025-09-08 00:00:00+00:00, run_after=2025-09-09 00:00:00+00:00
[2025-09-08T01:29:21.273+0000] {processor.py:183} INFO - Processing /opt/airflow/dags/stock_pipeline_dag.py took 1.476 seconds
[2025-09-08T01:29:51.820+0000] {processor.py:161} INFO - Started process (PID=443) to work on /opt/airflow/dags/stock_pipeline_dag.py
[2025-09-08T01:29:51.824+0000] {processor.py:830} INFO - Processing file /opt/airflow/dags/stock_pipeline_dag.py for tasks to queue
[2025-09-08T01:29:51.832+0000] {logging_mixin.py:188} INFO - [2025-09-08T01:29:51.831+0000] {dagbag.py:545} INFO - Filling up the DagBag from /opt/airflow/dags/stock_pipeline_dag.py
[2025-09-08T01:29:52.781+0000] {processor.py:840} INFO - DAG(s) 'print_sample_dataset' retrieved from /opt/airflow/dags/stock_pipeline_dag.py
[2025-09-08T01:29:52.845+0000] {logging_mixin.py:188} INFO - [2025-09-08T01:29:52.844+0000] {dag.py:3096} INFO - Sync 1 DAGs
[2025-09-08T01:29:52.894+0000] {logging_mixin.py:188} INFO - [2025-09-08T01:29:52.894+0000] {dag.py:3954} INFO - Setting next_dagrun for print_sample_dataset to 2025-09-08 00:00:00+00:00, run_after=2025-09-09 00:00:00+00:00
[2025-09-08T01:29:52.954+0000] {processor.py:183} INFO - Processing /opt/airflow/dags/stock_pipeline_dag.py took 1.162 seconds
[2025-09-08T01:30:23.301+0000] {processor.py:161} INFO - Started process (PID=449) to work on /opt/airflow/dags/stock_pipeline_dag.py
[2025-09-08T01:30:23.306+0000] {processor.py:830} INFO - Processing file /opt/airflow/dags/stock_pipeline_dag.py for tasks to queue
[2025-09-08T01:30:23.314+0000] {logging_mixin.py:188} INFO - [2025-09-08T01:30:23.312+0000] {dagbag.py:545} INFO - Filling up the DagBag from /opt/airflow/dags/stock_pipeline_dag.py
[2025-09-08T01:30:24.113+0000] {processor.py:840} INFO - DAG(s) 'print_sample_dataset' retrieved from /opt/airflow/dags/stock_pipeline_dag.py
[2025-09-08T01:30:24.179+0000] {logging_mixin.py:188} INFO - [2025-09-08T01:30:24.178+0000] {dag.py:3096} INFO - Sync 1 DAGs
[2025-09-08T01:30:24.265+0000] {logging_mixin.py:188} INFO - [2025-09-08T01:30:24.264+0000] {dag.py:3954} INFO - Setting next_dagrun for print_sample_dataset to 2025-09-08 00:00:00+00:00, run_after=2025-09-09 00:00:00+00:00
[2025-09-08T01:30:24.361+0000] {processor.py:183} INFO - Processing /opt/airflow/dags/stock_pipeline_dag.py took 1.086 seconds
[2025-09-08T01:30:54.996+0000] {processor.py:161} INFO - Started process (PID=455) to work on /opt/airflow/dags/stock_pipeline_dag.py
[2025-09-08T01:30:55.000+0000] {processor.py:830} INFO - Processing file /opt/airflow/dags/stock_pipeline_dag.py for tasks to queue
[2025-09-08T01:30:55.007+0000] {logging_mixin.py:188} INFO - [2025-09-08T01:30:55.006+0000] {dagbag.py:545} INFO - Filling up the DagBag from /opt/airflow/dags/stock_pipeline_dag.py
[2025-09-08T01:30:55.762+0000] {processor.py:840} INFO - DAG(s) 'print_sample_dataset' retrieved from /opt/airflow/dags/stock_pipeline_dag.py
[2025-09-08T01:30:55.818+0000] {logging_mixin.py:188} INFO - [2025-09-08T01:30:55.817+0000] {dag.py:3096} INFO - Sync 1 DAGs
[2025-09-08T01:30:55.876+0000] {logging_mixin.py:188} INFO - [2025-09-08T01:30:55.875+0000] {dag.py:3954} INFO - Setting next_dagrun for print_sample_dataset to 2025-09-08 00:00:00+00:00, run_after=2025-09-09 00:00:00+00:00
[2025-09-08T01:30:55.927+0000] {processor.py:183} INFO - Processing /opt/airflow/dags/stock_pipeline_dag.py took 1.003 seconds
[2025-09-08T01:31:26.427+0000] {processor.py:161} INFO - Started process (PID=461) to work on /opt/airflow/dags/stock_pipeline_dag.py
[2025-09-08T01:31:26.432+0000] {processor.py:830} INFO - Processing file /opt/airflow/dags/stock_pipeline_dag.py for tasks to queue
[2025-09-08T01:31:26.441+0000] {logging_mixin.py:188} INFO - [2025-09-08T01:31:26.439+0000] {dagbag.py:545} INFO - Filling up the DagBag from /opt/airflow/dags/stock_pipeline_dag.py
[2025-09-08T01:31:27.308+0000] {processor.py:840} INFO - DAG(s) 'print_sample_dataset' retrieved from /opt/airflow/dags/stock_pipeline_dag.py
[2025-09-08T01:31:27.382+0000] {logging_mixin.py:188} INFO - [2025-09-08T01:31:27.381+0000] {dag.py:3096} INFO - Sync 1 DAGs
[2025-09-08T01:31:27.464+0000] {logging_mixin.py:188} INFO - [2025-09-08T01:31:27.463+0000] {dag.py:3954} INFO - Setting next_dagrun for print_sample_dataset to 2025-09-08 00:00:00+00:00, run_after=2025-09-09 00:00:00+00:00
[2025-09-08T01:31:27.535+0000] {processor.py:183} INFO - Processing /opt/airflow/dags/stock_pipeline_dag.py took 1.131 seconds
[2025-09-08T01:31:57.943+0000] {processor.py:161} INFO - Started process (PID=467) to work on /opt/airflow/dags/stock_pipeline_dag.py
[2025-09-08T01:31:57.948+0000] {processor.py:830} INFO - Processing file /opt/airflow/dags/stock_pipeline_dag.py for tasks to queue
[2025-09-08T01:31:57.963+0000] {logging_mixin.py:188} INFO - [2025-09-08T01:31:57.961+0000] {dagbag.py:545} INFO - Filling up the DagBag from /opt/airflow/dags/stock_pipeline_dag.py
[2025-09-08T01:31:59.074+0000] {processor.py:840} INFO - DAG(s) 'print_sample_dataset' retrieved from /opt/airflow/dags/stock_pipeline_dag.py
[2025-09-08T01:31:59.140+0000] {logging_mixin.py:188} INFO - [2025-09-08T01:31:59.139+0000] {dag.py:3096} INFO - Sync 1 DAGs
[2025-09-08T01:31:59.203+0000] {logging_mixin.py:188} INFO - [2025-09-08T01:31:59.202+0000] {dag.py:3954} INFO - Setting next_dagrun for print_sample_dataset to 2025-09-08 00:00:00+00:00, run_after=2025-09-09 00:00:00+00:00
[2025-09-08T01:31:59.270+0000] {processor.py:183} INFO - Processing /opt/airflow/dags/stock_pipeline_dag.py took 1.366 seconds
[2025-09-08T01:32:29.604+0000] {processor.py:161} INFO - Started process (PID=473) to work on /opt/airflow/dags/stock_pipeline_dag.py
[2025-09-08T01:32:29.607+0000] {processor.py:830} INFO - Processing file /opt/airflow/dags/stock_pipeline_dag.py for tasks to queue
[2025-09-08T01:32:29.613+0000] {logging_mixin.py:188} INFO - [2025-09-08T01:32:29.613+0000] {dagbag.py:545} INFO - Filling up the DagBag from /opt/airflow/dags/stock_pipeline_dag.py
[2025-09-08T01:32:30.348+0000] {processor.py:840} INFO - DAG(s) 'print_sample_dataset' retrieved from /opt/airflow/dags/stock_pipeline_dag.py
[2025-09-08T01:32:30.424+0000] {logging_mixin.py:188} INFO - [2025-09-08T01:32:30.423+0000] {dag.py:3096} INFO - Sync 1 DAGs
[2025-09-08T01:32:30.480+0000] {logging_mixin.py:188} INFO - [2025-09-08T01:32:30.480+0000] {dag.py:3954} INFO - Setting next_dagrun for print_sample_dataset to 2025-09-08 00:00:00+00:00, run_after=2025-09-09 00:00:00+00:00
[2025-09-08T01:32:30.528+0000] {processor.py:183} INFO - Processing /opt/airflow/dags/stock_pipeline_dag.py took 0.974 seconds
[2025-09-08T01:33:01.075+0000] {processor.py:161} INFO - Started process (PID=479) to work on /opt/airflow/dags/stock_pipeline_dag.py
[2025-09-08T01:33:01.086+0000] {processor.py:830} INFO - Processing file /opt/airflow/dags/stock_pipeline_dag.py for tasks to queue
[2025-09-08T01:33:01.096+0000] {logging_mixin.py:188} INFO - [2025-09-08T01:33:01.094+0000] {dagbag.py:545} INFO - Filling up the DagBag from /opt/airflow/dags/stock_pipeline_dag.py
[2025-09-08T01:33:01.695+0000] {processor.py:840} INFO - DAG(s) 'print_sample_dataset' retrieved from /opt/airflow/dags/stock_pipeline_dag.py
[2025-09-08T01:33:01.733+0000] {logging_mixin.py:188} INFO - [2025-09-08T01:33:01.733+0000] {dag.py:3096} INFO - Sync 1 DAGs
[2025-09-08T01:33:01.762+0000] {logging_mixin.py:188} INFO - [2025-09-08T01:33:01.761+0000] {dag.py:3954} INFO - Setting next_dagrun for print_sample_dataset to 2025-09-08 00:00:00+00:00, run_after=2025-09-09 00:00:00+00:00
[2025-09-08T01:33:01.812+0000] {processor.py:183} INFO - Processing /opt/airflow/dags/stock_pipeline_dag.py took 0.809 seconds
[2025-09-08T01:33:32.394+0000] {processor.py:161} INFO - Started process (PID=485) to work on /opt/airflow/dags/stock_pipeline_dag.py
[2025-09-08T01:33:32.398+0000] {processor.py:830} INFO - Processing file /opt/airflow/dags/stock_pipeline_dag.py for tasks to queue
[2025-09-08T01:33:32.405+0000] {logging_mixin.py:188} INFO - [2025-09-08T01:33:32.404+0000] {dagbag.py:545} INFO - Filling up the DagBag from /opt/airflow/dags/stock_pipeline_dag.py
[2025-09-08T01:33:33.130+0000] {processor.py:840} INFO - DAG(s) 'print_sample_dataset' retrieved from /opt/airflow/dags/stock_pipeline_dag.py
[2025-09-08T01:33:33.178+0000] {logging_mixin.py:188} INFO - [2025-09-08T01:33:33.177+0000] {dag.py:3096} INFO - Sync 1 DAGs
[2025-09-08T01:33:33.232+0000] {logging_mixin.py:188} INFO - [2025-09-08T01:33:33.232+0000] {dag.py:3954} INFO - Setting next_dagrun for print_sample_dataset to 2025-09-08 00:00:00+00:00, run_after=2025-09-09 00:00:00+00:00
[2025-09-08T01:33:33.296+0000] {processor.py:183} INFO - Processing /opt/airflow/dags/stock_pipeline_dag.py took 0.927 seconds
[2025-09-08T01:34:03.863+0000] {processor.py:161} INFO - Started process (PID=491) to work on /opt/airflow/dags/stock_pipeline_dag.py
[2025-09-08T01:34:03.867+0000] {processor.py:830} INFO - Processing file /opt/airflow/dags/stock_pipeline_dag.py for tasks to queue
[2025-09-08T01:34:03.874+0000] {logging_mixin.py:188} INFO - [2025-09-08T01:34:03.873+0000] {dagbag.py:545} INFO - Filling up the DagBag from /opt/airflow/dags/stock_pipeline_dag.py
[2025-09-08T01:34:04.586+0000] {processor.py:840} INFO - DAG(s) 'print_sample_dataset' retrieved from /opt/airflow/dags/stock_pipeline_dag.py
[2025-09-08T01:34:04.641+0000] {logging_mixin.py:188} INFO - [2025-09-08T01:34:04.640+0000] {dag.py:3096} INFO - Sync 1 DAGs
[2025-09-08T01:34:04.696+0000] {logging_mixin.py:188} INFO - [2025-09-08T01:34:04.696+0000] {dag.py:3954} INFO - Setting next_dagrun for print_sample_dataset to 2025-09-08 00:00:00+00:00, run_after=2025-09-09 00:00:00+00:00
[2025-09-08T01:34:04.748+0000] {processor.py:183} INFO - Processing /opt/airflow/dags/stock_pipeline_dag.py took 0.910 seconds
[2025-09-08T01:34:35.325+0000] {processor.py:161} INFO - Started process (PID=497) to work on /opt/airflow/dags/stock_pipeline_dag.py
[2025-09-08T01:34:35.330+0000] {processor.py:830} INFO - Processing file /opt/airflow/dags/stock_pipeline_dag.py for tasks to queue
[2025-09-08T01:34:35.338+0000] {logging_mixin.py:188} INFO - [2025-09-08T01:34:35.336+0000] {dagbag.py:545} INFO - Filling up the DagBag from /opt/airflow/dags/stock_pipeline_dag.py
[2025-09-08T01:34:36.068+0000] {processor.py:840} INFO - DAG(s) 'print_sample_dataset' retrieved from /opt/airflow/dags/stock_pipeline_dag.py
[2025-09-08T01:34:36.125+0000] {logging_mixin.py:188} INFO - [2025-09-08T01:34:36.124+0000] {dag.py:3096} INFO - Sync 1 DAGs
[2025-09-08T01:34:36.191+0000] {logging_mixin.py:188} INFO - [2025-09-08T01:34:36.191+0000] {dag.py:3954} INFO - Setting next_dagrun for print_sample_dataset to 2025-09-08 00:00:00+00:00, run_after=2025-09-09 00:00:00+00:00
[2025-09-08T01:34:36.270+0000] {processor.py:183} INFO - Processing /opt/airflow/dags/stock_pipeline_dag.py took 0.972 seconds
[2025-09-08T01:35:06.823+0000] {processor.py:161} INFO - Started process (PID=503) to work on /opt/airflow/dags/stock_pipeline_dag.py
[2025-09-08T01:35:06.826+0000] {processor.py:830} INFO - Processing file /opt/airflow/dags/stock_pipeline_dag.py for tasks to queue
[2025-09-08T01:35:06.834+0000] {logging_mixin.py:188} INFO - [2025-09-08T01:35:06.832+0000] {dagbag.py:545} INFO - Filling up the DagBag from /opt/airflow/dags/stock_pipeline_dag.py
[2025-09-08T01:35:07.833+0000] {processor.py:840} INFO - DAG(s) 'print_sample_dataset' retrieved from /opt/airflow/dags/stock_pipeline_dag.py
[2025-09-08T01:35:07.895+0000] {logging_mixin.py:188} INFO - [2025-09-08T01:35:07.894+0000] {dag.py:3096} INFO - Sync 1 DAGs
[2025-09-08T01:35:07.956+0000] {logging_mixin.py:188} INFO - [2025-09-08T01:35:07.955+0000] {dag.py:3954} INFO - Setting next_dagrun for print_sample_dataset to 2025-09-08 00:00:00+00:00, run_after=2025-09-09 00:00:00+00:00
[2025-09-08T01:35:08.011+0000] {processor.py:183} INFO - Processing /opt/airflow/dags/stock_pipeline_dag.py took 1.220 seconds
[2025-09-08T01:35:38.325+0000] {processor.py:161} INFO - Started process (PID=509) to work on /opt/airflow/dags/stock_pipeline_dag.py
[2025-09-08T01:35:38.329+0000] {processor.py:830} INFO - Processing file /opt/airflow/dags/stock_pipeline_dag.py for tasks to queue
[2025-09-08T01:35:38.338+0000] {logging_mixin.py:188} INFO - [2025-09-08T01:35:38.336+0000] {dagbag.py:545} INFO - Filling up the DagBag from /opt/airflow/dags/stock_pipeline_dag.py
[2025-09-08T01:35:39.255+0000] {processor.py:840} INFO - DAG(s) 'print_sample_dataset' retrieved from /opt/airflow/dags/stock_pipeline_dag.py
[2025-09-08T01:35:39.330+0000] {logging_mixin.py:188} INFO - [2025-09-08T01:35:39.330+0000] {dag.py:3096} INFO - Sync 1 DAGs
[2025-09-08T01:35:39.389+0000] {logging_mixin.py:188} INFO - [2025-09-08T01:35:39.388+0000] {dag.py:3954} INFO - Setting next_dagrun for print_sample_dataset to 2025-09-08 00:00:00+00:00, run_after=2025-09-09 00:00:00+00:00
[2025-09-08T01:35:39.441+0000] {processor.py:183} INFO - Processing /opt/airflow/dags/stock_pipeline_dag.py took 1.144 seconds
[2025-09-08T01:36:09.822+0000] {processor.py:161} INFO - Started process (PID=515) to work on /opt/airflow/dags/stock_pipeline_dag.py
[2025-09-08T01:36:09.825+0000] {processor.py:830} INFO - Processing file /opt/airflow/dags/stock_pipeline_dag.py for tasks to queue
[2025-09-08T01:36:09.829+0000] {logging_mixin.py:188} INFO - [2025-09-08T01:36:09.829+0000] {dagbag.py:545} INFO - Filling up the DagBag from /opt/airflow/dags/stock_pipeline_dag.py
[2025-09-08T01:36:10.562+0000] {processor.py:840} INFO - DAG(s) 'print_sample_dataset' retrieved from /opt/airflow/dags/stock_pipeline_dag.py
[2025-09-08T01:36:10.619+0000] {logging_mixin.py:188} INFO - [2025-09-08T01:36:10.618+0000] {dag.py:3096} INFO - Sync 1 DAGs
[2025-09-08T01:36:10.670+0000] {logging_mixin.py:188} INFO - [2025-09-08T01:36:10.670+0000] {dag.py:3954} INFO - Setting next_dagrun for print_sample_dataset to 2025-09-08 00:00:00+00:00, run_after=2025-09-09 00:00:00+00:00
[2025-09-08T01:36:10.716+0000] {processor.py:183} INFO - Processing /opt/airflow/dags/stock_pipeline_dag.py took 0.953 seconds
[2025-09-08T01:36:41.228+0000] {processor.py:161} INFO - Started process (PID=521) to work on /opt/airflow/dags/stock_pipeline_dag.py
[2025-09-08T01:36:41.231+0000] {processor.py:830} INFO - Processing file /opt/airflow/dags/stock_pipeline_dag.py for tasks to queue
[2025-09-08T01:36:41.239+0000] {logging_mixin.py:188} INFO - [2025-09-08T01:36:41.237+0000] {dagbag.py:545} INFO - Filling up the DagBag from /opt/airflow/dags/stock_pipeline_dag.py
[2025-09-08T01:36:41.836+0000] {processor.py:840} INFO - DAG(s) 'print_sample_dataset' retrieved from /opt/airflow/dags/stock_pipeline_dag.py
[2025-09-08T01:36:41.890+0000] {logging_mixin.py:188} INFO - [2025-09-08T01:36:41.889+0000] {dag.py:3096} INFO - Sync 1 DAGs
[2025-09-08T01:36:41.946+0000] {logging_mixin.py:188} INFO - [2025-09-08T01:36:41.946+0000] {dag.py:3954} INFO - Setting next_dagrun for print_sample_dataset to 2025-09-08 00:00:00+00:00, run_after=2025-09-09 00:00:00+00:00
[2025-09-08T01:36:42.000+0000] {processor.py:183} INFO - Processing /opt/airflow/dags/stock_pipeline_dag.py took 0.800 seconds
[2025-09-08T01:37:12.577+0000] {processor.py:161} INFO - Started process (PID=527) to work on /opt/airflow/dags/stock_pipeline_dag.py
[2025-09-08T01:37:12.581+0000] {processor.py:830} INFO - Processing file /opt/airflow/dags/stock_pipeline_dag.py for tasks to queue
[2025-09-08T01:37:12.588+0000] {logging_mixin.py:188} INFO - [2025-09-08T01:37:12.586+0000] {dagbag.py:545} INFO - Filling up the DagBag from /opt/airflow/dags/stock_pipeline_dag.py
[2025-09-08T01:37:13.395+0000] {processor.py:840} INFO - DAG(s) 'print_sample_dataset' retrieved from /opt/airflow/dags/stock_pipeline_dag.py
[2025-09-08T01:37:13.493+0000] {logging_mixin.py:188} INFO - [2025-09-08T01:37:13.491+0000] {dag.py:3096} INFO - Sync 1 DAGs
[2025-09-08T01:37:13.584+0000] {logging_mixin.py:188} INFO - [2025-09-08T01:37:13.584+0000] {dag.py:3954} INFO - Setting next_dagrun for print_sample_dataset to 2025-09-08 00:00:00+00:00, run_after=2025-09-09 00:00:00+00:00
[2025-09-08T01:37:13.659+0000] {processor.py:183} INFO - Processing /opt/airflow/dags/stock_pipeline_dag.py took 1.106 seconds
[2025-09-08T01:37:44.112+0000] {processor.py:161} INFO - Started process (PID=533) to work on /opt/airflow/dags/stock_pipeline_dag.py
[2025-09-08T01:37:44.116+0000] {processor.py:830} INFO - Processing file /opt/airflow/dags/stock_pipeline_dag.py for tasks to queue
[2025-09-08T01:37:44.126+0000] {logging_mixin.py:188} INFO - [2025-09-08T01:37:44.124+0000] {dagbag.py:545} INFO - Filling up the DagBag from /opt/airflow/dags/stock_pipeline_dag.py
[2025-09-08T01:37:44.816+0000] {processor.py:840} INFO - DAG(s) 'print_sample_dataset' retrieved from /opt/airflow/dags/stock_pipeline_dag.py
[2025-09-08T01:37:44.880+0000] {logging_mixin.py:188} INFO - [2025-09-08T01:37:44.879+0000] {dag.py:3096} INFO - Sync 1 DAGs
[2025-09-08T01:37:44.927+0000] {logging_mixin.py:188} INFO - [2025-09-08T01:37:44.927+0000] {dag.py:3954} INFO - Setting next_dagrun for print_sample_dataset to 2025-09-08 00:00:00+00:00, run_after=2025-09-09 00:00:00+00:00
[2025-09-08T01:37:44.986+0000] {processor.py:183} INFO - Processing /opt/airflow/dags/stock_pipeline_dag.py took 0.897 seconds
[2025-09-08T01:38:15.636+0000] {processor.py:161} INFO - Started process (PID=539) to work on /opt/airflow/dags/stock_pipeline_dag.py
[2025-09-08T01:38:15.638+0000] {processor.py:830} INFO - Processing file /opt/airflow/dags/stock_pipeline_dag.py for tasks to queue
[2025-09-08T01:38:15.646+0000] {logging_mixin.py:188} INFO - [2025-09-08T01:38:15.644+0000] {dagbag.py:545} INFO - Filling up the DagBag from /opt/airflow/dags/stock_pipeline_dag.py
[2025-09-08T01:38:16.453+0000] {processor.py:840} INFO - DAG(s) 'print_sample_dataset' retrieved from /opt/airflow/dags/stock_pipeline_dag.py
[2025-09-08T01:38:16.519+0000] {logging_mixin.py:188} INFO - [2025-09-08T01:38:16.518+0000] {dag.py:3096} INFO - Sync 1 DAGs
[2025-09-08T01:38:16.583+0000] {logging_mixin.py:188} INFO - [2025-09-08T01:38:16.583+0000] {dag.py:3954} INFO - Setting next_dagrun for print_sample_dataset to 2025-09-08 00:00:00+00:00, run_after=2025-09-09 00:00:00+00:00
[2025-09-08T01:38:16.640+0000] {processor.py:183} INFO - Processing /opt/airflow/dags/stock_pipeline_dag.py took 1.019 seconds
[2025-09-08T01:38:45.075+0000] {processor.py:161} INFO - Started process (PID=545) to work on /opt/airflow/dags/stock_pipeline_dag.py
[2025-09-08T01:38:45.077+0000] {processor.py:830} INFO - Processing file /opt/airflow/dags/stock_pipeline_dag.py for tasks to queue
[2025-09-08T01:38:45.082+0000] {logging_mixin.py:188} INFO - [2025-09-08T01:38:45.081+0000] {dagbag.py:545} INFO - Filling up the DagBag from /opt/airflow/dags/stock_pipeline_dag.py
[2025-09-08T01:38:45.949+0000] {processor.py:840} INFO - DAG(s) 'print_sample_dataset' retrieved from /opt/airflow/dags/stock_pipeline_dag.py
[2025-09-08T01:38:46.052+0000] {logging_mixin.py:188} INFO - [2025-09-08T01:38:46.051+0000] {dag.py:3096} INFO - Sync 1 DAGs
[2025-09-08T01:38:46.141+0000] {logging_mixin.py:188} INFO - [2025-09-08T01:38:46.141+0000] {dag.py:3954} INFO - Setting next_dagrun for print_sample_dataset to 2025-09-08 00:00:00+00:00, run_after=2025-09-09 00:00:00+00:00
[2025-09-08T01:38:46.225+0000] {processor.py:183} INFO - Processing /opt/airflow/dags/stock_pipeline_dag.py took 1.174 seconds
[2025-09-08T01:39:47.036+0000] {processor.py:161} INFO - Started process (PID=165) to work on /opt/airflow/dags/stock_pipeline_dag.py
[2025-09-08T01:39:47.039+0000] {processor.py:830} INFO - Processing file /opt/airflow/dags/stock_pipeline_dag.py for tasks to queue
[2025-09-08T01:39:47.044+0000] {logging_mixin.py:188} INFO - [2025-09-08T01:39:47.043+0000] {dagbag.py:545} INFO - Filling up the DagBag from /opt/airflow/dags/stock_pipeline_dag.py
[2025-09-08T01:39:50.218+0000] {processor.py:840} INFO - DAG(s) 'print_sample_dataset' retrieved from /opt/airflow/dags/stock_pipeline_dag.py
[2025-09-08T01:39:50.639+0000] {logging_mixin.py:188} INFO - [2025-09-08T01:39:50.638+0000] {override.py:1829} INFO - Created Permission View: can delete on DAG:print_sample_dataset
[2025-09-08T01:39:50.664+0000] {logging_mixin.py:188} INFO - [2025-09-08T01:39:50.663+0000] {override.py:1829} INFO - Created Permission View: can edit on DAG:print_sample_dataset
[2025-09-08T01:39:50.689+0000] {logging_mixin.py:188} INFO - [2025-09-08T01:39:50.688+0000] {override.py:1829} INFO - Created Permission View: can read on DAG:print_sample_dataset
[2025-09-08T01:39:50.691+0000] {logging_mixin.py:188} INFO - [2025-09-08T01:39:50.690+0000] {dag.py:3096} INFO - Sync 1 DAGs
[2025-09-08T01:39:50.739+0000] {logging_mixin.py:188} INFO - [2025-09-08T01:39:50.738+0000] {dag.py:3118} INFO - Creating ORM DAG for print_sample_dataset
[2025-09-08T01:39:50.794+0000] {logging_mixin.py:188} INFO - [2025-09-08T01:39:50.794+0000] {dag.py:3954} INFO - Setting next_dagrun for print_sample_dataset to 2025-09-07 00:00:00+00:00, run_after=2025-09-08 00:00:00+00:00
[2025-09-08T01:39:50.848+0000] {processor.py:183} INFO - Processing /opt/airflow/dags/stock_pipeline_dag.py took 3.833 seconds
[2025-09-08T01:40:21.215+0000] {processor.py:161} INFO - Started process (PID=171) to work on /opt/airflow/dags/stock_pipeline_dag.py
[2025-09-08T01:40:21.217+0000] {processor.py:830} INFO - Processing file /opt/airflow/dags/stock_pipeline_dag.py for tasks to queue
[2025-09-08T01:40:21.221+0000] {logging_mixin.py:188} INFO - [2025-09-08T01:40:21.221+0000] {dagbag.py:545} INFO - Filling up the DagBag from /opt/airflow/dags/stock_pipeline_dag.py
[2025-09-08T01:40:22.129+0000] {processor.py:840} INFO - DAG(s) 'print_sample_dataset' retrieved from /opt/airflow/dags/stock_pipeline_dag.py
[2025-09-08T01:40:22.148+0000] {logging_mixin.py:188} INFO - [2025-09-08T01:40:22.148+0000] {dag.py:3096} INFO - Sync 1 DAGs
[2025-09-08T01:40:22.181+0000] {logging_mixin.py:188} INFO - [2025-09-08T01:40:22.181+0000] {dag.py:3954} INFO - Setting next_dagrun for print_sample_dataset to 2025-09-07 00:00:00+00:00, run_after=2025-09-08 00:00:00+00:00
[2025-09-08T01:40:22.221+0000] {processor.py:183} INFO - Processing /opt/airflow/dags/stock_pipeline_dag.py took 1.019 seconds
[2025-09-08T01:40:52.647+0000] {processor.py:161} INFO - Started process (PID=177) to work on /opt/airflow/dags/stock_pipeline_dag.py
[2025-09-08T01:40:52.649+0000] {processor.py:830} INFO - Processing file /opt/airflow/dags/stock_pipeline_dag.py for tasks to queue
[2025-09-08T01:40:52.653+0000] {logging_mixin.py:188} INFO - [2025-09-08T01:40:52.652+0000] {dagbag.py:545} INFO - Filling up the DagBag from /opt/airflow/dags/stock_pipeline_dag.py
[2025-09-08T01:40:54.110+0000] {processor.py:840} INFO - DAG(s) 'print_sample_dataset' retrieved from /opt/airflow/dags/stock_pipeline_dag.py
[2025-09-08T01:40:54.342+0000] {logging_mixin.py:188} INFO - [2025-09-08T01:40:54.341+0000] {dag.py:3096} INFO - Sync 1 DAGs
[2025-09-08T01:40:54.388+0000] {logging_mixin.py:188} INFO - [2025-09-08T01:40:54.387+0000] {dag.py:3954} INFO - Setting next_dagrun for print_sample_dataset to 2025-09-07 00:00:00+00:00, run_after=2025-09-08 00:00:00+00:00
[2025-09-08T01:40:54.452+0000] {processor.py:183} INFO - Processing /opt/airflow/dags/stock_pipeline_dag.py took 1.820 seconds
[2025-09-08T01:41:25.044+0000] {processor.py:161} INFO - Started process (PID=183) to work on /opt/airflow/dags/stock_pipeline_dag.py
[2025-09-08T01:41:25.048+0000] {processor.py:830} INFO - Processing file /opt/airflow/dags/stock_pipeline_dag.py for tasks to queue
[2025-09-08T01:41:25.056+0000] {logging_mixin.py:188} INFO - [2025-09-08T01:41:25.054+0000] {dagbag.py:545} INFO - Filling up the DagBag from /opt/airflow/dags/stock_pipeline_dag.py
[2025-09-08T01:41:26.050+0000] {processor.py:840} INFO - DAG(s) 'print_sample_dataset' retrieved from /opt/airflow/dags/stock_pipeline_dag.py
[2025-09-08T01:41:26.101+0000] {logging_mixin.py:188} INFO - [2025-09-08T01:41:26.100+0000] {dag.py:3096} INFO - Sync 1 DAGs
[2025-09-08T01:41:26.147+0000] {logging_mixin.py:188} INFO - [2025-09-08T01:41:26.147+0000] {dag.py:3954} INFO - Setting next_dagrun for print_sample_dataset to 2025-09-07 00:00:00+00:00, run_after=2025-09-08 00:00:00+00:00
[2025-09-08T01:41:26.198+0000] {processor.py:183} INFO - Processing /opt/airflow/dags/stock_pipeline_dag.py took 1.177 seconds
[2025-09-08T01:41:56.575+0000] {processor.py:161} INFO - Started process (PID=189) to work on /opt/airflow/dags/stock_pipeline_dag.py
[2025-09-08T01:41:56.579+0000] {processor.py:830} INFO - Processing file /opt/airflow/dags/stock_pipeline_dag.py for tasks to queue
[2025-09-08T01:41:56.587+0000] {logging_mixin.py:188} INFO - [2025-09-08T01:41:56.585+0000] {dagbag.py:545} INFO - Filling up the DagBag from /opt/airflow/dags/stock_pipeline_dag.py
[2025-09-08T01:41:57.702+0000] {processor.py:840} INFO - DAG(s) 'print_sample_dataset' retrieved from /opt/airflow/dags/stock_pipeline_dag.py
[2025-09-08T01:41:57.747+0000] {logging_mixin.py:188} INFO - [2025-09-08T01:41:57.746+0000] {dag.py:3096} INFO - Sync 1 DAGs
[2025-09-08T01:41:57.785+0000] {logging_mixin.py:188} INFO - [2025-09-08T01:41:57.785+0000] {dag.py:3954} INFO - Setting next_dagrun for print_sample_dataset to 2025-09-07 00:00:00+00:00, run_after=2025-09-08 00:00:00+00:00
[2025-09-08T01:41:57.825+0000] {processor.py:183} INFO - Processing /opt/airflow/dags/stock_pipeline_dag.py took 1.275 seconds
[2025-09-08T01:42:28.191+0000] {processor.py:161} INFO - Started process (PID=195) to work on /opt/airflow/dags/stock_pipeline_dag.py
[2025-09-08T01:42:28.194+0000] {processor.py:830} INFO - Processing file /opt/airflow/dags/stock_pipeline_dag.py for tasks to queue
[2025-09-08T01:42:28.202+0000] {logging_mixin.py:188} INFO - [2025-09-08T01:42:28.201+0000] {dagbag.py:545} INFO - Filling up the DagBag from /opt/airflow/dags/stock_pipeline_dag.py
[2025-09-08T01:42:28.987+0000] {processor.py:840} INFO - DAG(s) 'print_sample_dataset' retrieved from /opt/airflow/dags/stock_pipeline_dag.py
[2025-09-08T01:42:29.027+0000] {logging_mixin.py:188} INFO - [2025-09-08T01:42:29.026+0000] {dag.py:3096} INFO - Sync 1 DAGs
[2025-09-08T01:42:29.080+0000] {logging_mixin.py:188} INFO - [2025-09-08T01:42:29.079+0000] {dag.py:3954} INFO - Setting next_dagrun for print_sample_dataset to 2025-09-07 00:00:00+00:00, run_after=2025-09-08 00:00:00+00:00
[2025-09-08T01:42:29.146+0000] {processor.py:183} INFO - Processing /opt/airflow/dags/stock_pipeline_dag.py took 0.977 seconds
[2025-09-08T01:42:59.659+0000] {processor.py:161} INFO - Started process (PID=201) to work on /opt/airflow/dags/stock_pipeline_dag.py
[2025-09-08T01:42:59.663+0000] {processor.py:830} INFO - Processing file /opt/airflow/dags/stock_pipeline_dag.py for tasks to queue
[2025-09-08T01:42:59.672+0000] {logging_mixin.py:188} INFO - [2025-09-08T01:42:59.671+0000] {dagbag.py:545} INFO - Filling up the DagBag from /opt/airflow/dags/stock_pipeline_dag.py
[2025-09-08T01:43:00.512+0000] {processor.py:840} INFO - DAG(s) 'print_sample_dataset' retrieved from /opt/airflow/dags/stock_pipeline_dag.py
[2025-09-08T01:43:00.565+0000] {logging_mixin.py:188} INFO - [2025-09-08T01:43:00.564+0000] {dag.py:3096} INFO - Sync 1 DAGs
[2025-09-08T01:43:00.640+0000] {logging_mixin.py:188} INFO - [2025-09-08T01:43:00.638+0000] {dag.py:3954} INFO - Setting next_dagrun for print_sample_dataset to 2025-09-07 00:00:00+00:00, run_after=2025-09-08 00:00:00+00:00
[2025-09-08T01:43:28.915+0000] {processor.py:161} INFO - Started process (PID=164) to work on /opt/airflow/dags/stock_pipeline_dag.py
[2025-09-08T01:43:28.918+0000] {processor.py:830} INFO - Processing file /opt/airflow/dags/stock_pipeline_dag.py for tasks to queue
[2025-09-08T01:43:28.923+0000] {logging_mixin.py:188} INFO - [2025-09-08T01:43:28.922+0000] {dagbag.py:545} INFO - Filling up the DagBag from /opt/airflow/dags/stock_pipeline_dag.py
[2025-09-08T01:43:29.819+0000] {processor.py:840} INFO - DAG(s) 'print_sample_dataset' retrieved from /opt/airflow/dags/stock_pipeline_dag.py
[2025-09-08T01:43:29.873+0000] {logging_mixin.py:188} INFO - [2025-09-08T01:43:29.872+0000] {dag.py:3096} INFO - Sync 1 DAGs
[2025-09-08T01:43:29.921+0000] {logging_mixin.py:188} INFO - [2025-09-08T01:43:29.920+0000] {dag.py:3954} INFO - Setting next_dagrun for print_sample_dataset to 2025-09-07 00:00:00+00:00, run_after=2025-09-08 00:00:00+00:00
[2025-09-08T01:43:29.970+0000] {processor.py:183} INFO - Processing /opt/airflow/dags/stock_pipeline_dag.py took 1.069 seconds
[2025-09-08T01:44:00.460+0000] {processor.py:161} INFO - Started process (PID=170) to work on /opt/airflow/dags/stock_pipeline_dag.py
[2025-09-08T01:44:00.464+0000] {processor.py:830} INFO - Processing file /opt/airflow/dags/stock_pipeline_dag.py for tasks to queue
[2025-09-08T01:44:00.473+0000] {logging_mixin.py:188} INFO - [2025-09-08T01:44:00.472+0000] {dagbag.py:545} INFO - Filling up the DagBag from /opt/airflow/dags/stock_pipeline_dag.py
[2025-09-08T01:44:01.482+0000] {processor.py:840} INFO - DAG(s) 'print_sample_dataset' retrieved from /opt/airflow/dags/stock_pipeline_dag.py
[2025-09-08T01:44:01.673+0000] {logging_mixin.py:188} INFO - [2025-09-08T01:44:01.672+0000] {dag.py:3096} INFO - Sync 1 DAGs
[2025-09-08T01:44:01.699+0000] {logging_mixin.py:188} INFO - [2025-09-08T01:44:01.698+0000] {dag.py:3954} INFO - Setting next_dagrun for print_sample_dataset to 2025-09-07 00:00:00+00:00, run_after=2025-09-08 00:00:00+00:00
[2025-09-08T01:44:01.743+0000] {processor.py:183} INFO - Processing /opt/airflow/dags/stock_pipeline_dag.py took 1.308 seconds
[2025-09-08T01:44:31.956+0000] {processor.py:161} INFO - Started process (PID=176) to work on /opt/airflow/dags/stock_pipeline_dag.py
[2025-09-08T01:44:31.961+0000] {processor.py:830} INFO - Processing file /opt/airflow/dags/stock_pipeline_dag.py for tasks to queue
[2025-09-08T01:44:31.973+0000] {logging_mixin.py:188} INFO - [2025-09-08T01:44:31.971+0000] {dagbag.py:545} INFO - Filling up the DagBag from /opt/airflow/dags/stock_pipeline_dag.py
[2025-09-08T01:44:32.890+0000] {processor.py:840} INFO - DAG(s) 'print_sample_dataset' retrieved from /opt/airflow/dags/stock_pipeline_dag.py
[2025-09-08T01:44:32.933+0000] {logging_mixin.py:188} INFO - [2025-09-08T01:44:32.933+0000] {dag.py:3096} INFO - Sync 1 DAGs
[2025-09-08T01:44:32.972+0000] {logging_mixin.py:188} INFO - [2025-09-08T01:44:32.972+0000] {dag.py:3954} INFO - Setting next_dagrun for print_sample_dataset to 2025-09-07 00:00:00+00:00, run_after=2025-09-08 00:00:00+00:00
[2025-09-08T01:44:33.021+0000] {processor.py:183} INFO - Processing /opt/airflow/dags/stock_pipeline_dag.py took 1.097 seconds
[2025-09-08T01:45:03.444+0000] {processor.py:161} INFO - Started process (PID=182) to work on /opt/airflow/dags/stock_pipeline_dag.py
[2025-09-08T01:45:03.448+0000] {processor.py:830} INFO - Processing file /opt/airflow/dags/stock_pipeline_dag.py for tasks to queue
[2025-09-08T01:45:03.455+0000] {logging_mixin.py:188} INFO - [2025-09-08T01:45:03.454+0000] {dagbag.py:545} INFO - Filling up the DagBag from /opt/airflow/dags/stock_pipeline_dag.py
[2025-09-08T01:45:04.445+0000] {processor.py:840} INFO - DAG(s) 'print_sample_dataset' retrieved from /opt/airflow/dags/stock_pipeline_dag.py
[2025-09-08T01:45:04.503+0000] {logging_mixin.py:188} INFO - [2025-09-08T01:45:04.502+0000] {dag.py:3096} INFO - Sync 1 DAGs
[2025-09-08T01:45:04.552+0000] {logging_mixin.py:188} INFO - [2025-09-08T01:45:04.552+0000] {dag.py:3954} INFO - Setting next_dagrun for print_sample_dataset to 2025-09-07 00:00:00+00:00, run_after=2025-09-08 00:00:00+00:00
[2025-09-08T01:45:04.607+0000] {processor.py:183} INFO - Processing /opt/airflow/dags/stock_pipeline_dag.py took 1.186 seconds
[2025-09-08T01:45:35.099+0000] {processor.py:161} INFO - Started process (PID=188) to work on /opt/airflow/dags/stock_pipeline_dag.py
[2025-09-08T01:45:35.104+0000] {processor.py:830} INFO - Processing file /opt/airflow/dags/stock_pipeline_dag.py for tasks to queue
[2025-09-08T01:45:35.114+0000] {logging_mixin.py:188} INFO - [2025-09-08T01:45:35.112+0000] {dagbag.py:545} INFO - Filling up the DagBag from /opt/airflow/dags/stock_pipeline_dag.py
[2025-09-08T01:45:36.672+0000] {processor.py:840} INFO - DAG(s) 'print_sample_dataset' retrieved from /opt/airflow/dags/stock_pipeline_dag.py
[2025-09-08T01:45:36.747+0000] {logging_mixin.py:188} INFO - [2025-09-08T01:45:36.745+0000] {dag.py:3096} INFO - Sync 1 DAGs
[2025-09-08T01:45:36.830+0000] {logging_mixin.py:188} INFO - [2025-09-08T01:45:36.829+0000] {dag.py:3954} INFO - Setting next_dagrun for print_sample_dataset to 2025-09-07 00:00:00+00:00, run_after=2025-09-08 00:00:00+00:00
[2025-09-08T01:45:36.913+0000] {processor.py:183} INFO - Processing /opt/airflow/dags/stock_pipeline_dag.py took 1.842 seconds
[2025-09-08T01:46:07.566+0000] {processor.py:161} INFO - Started process (PID=194) to work on /opt/airflow/dags/stock_pipeline_dag.py
[2025-09-08T01:46:07.570+0000] {processor.py:830} INFO - Processing file /opt/airflow/dags/stock_pipeline_dag.py for tasks to queue
[2025-09-08T01:46:07.580+0000] {logging_mixin.py:188} INFO - [2025-09-08T01:46:07.578+0000] {dagbag.py:545} INFO - Filling up the DagBag from /opt/airflow/dags/stock_pipeline_dag.py
[2025-09-08T01:46:08.731+0000] {processor.py:840} INFO - DAG(s) 'print_sample_dataset' retrieved from /opt/airflow/dags/stock_pipeline_dag.py
[2025-09-08T01:46:08.782+0000] {logging_mixin.py:188} INFO - [2025-09-08T01:46:08.781+0000] {dag.py:3096} INFO - Sync 1 DAGs
[2025-09-08T01:46:08.829+0000] {logging_mixin.py:188} INFO - [2025-09-08T01:46:08.828+0000] {dag.py:3954} INFO - Setting next_dagrun for print_sample_dataset to 2025-09-07 00:00:00+00:00, run_after=2025-09-08 00:00:00+00:00
[2025-09-08T01:46:08.877+0000] {processor.py:183} INFO - Processing /opt/airflow/dags/stock_pipeline_dag.py took 1.333 seconds
[2025-09-08T01:46:39.088+0000] {processor.py:161} INFO - Started process (PID=200) to work on /opt/airflow/dags/stock_pipeline_dag.py
[2025-09-08T01:46:39.093+0000] {processor.py:830} INFO - Processing file /opt/airflow/dags/stock_pipeline_dag.py for tasks to queue
[2025-09-08T01:46:39.105+0000] {logging_mixin.py:188} INFO - [2025-09-08T01:46:39.104+0000] {dagbag.py:545} INFO - Filling up the DagBag from /opt/airflow/dags/stock_pipeline_dag.py
[2025-09-08T01:46:40.128+0000] {processor.py:840} INFO - DAG(s) 'print_sample_dataset' retrieved from /opt/airflow/dags/stock_pipeline_dag.py
[2025-09-08T01:46:40.179+0000] {logging_mixin.py:188} INFO - [2025-09-08T01:46:40.178+0000] {dag.py:3096} INFO - Sync 1 DAGs
[2025-09-08T01:46:40.226+0000] {logging_mixin.py:188} INFO - [2025-09-08T01:46:40.225+0000] {dag.py:3954} INFO - Setting next_dagrun for print_sample_dataset to 2025-09-07 00:00:00+00:00, run_after=2025-09-08 00:00:00+00:00
[2025-09-08T01:46:40.275+0000] {processor.py:183} INFO - Processing /opt/airflow/dags/stock_pipeline_dag.py took 1.218 seconds
[2025-09-08T01:52:37.992+0000] {processor.py:161} INFO - Started process (PID=165) to work on /opt/airflow/dags/stock_pipeline_dag.py
[2025-09-08T01:52:37.995+0000] {processor.py:830} INFO - Processing file /opt/airflow/dags/stock_pipeline_dag.py for tasks to queue
[2025-09-08T01:52:38.001+0000] {logging_mixin.py:188} INFO - [2025-09-08T01:52:38.000+0000] {dagbag.py:545} INFO - Filling up the DagBag from /opt/airflow/dags/stock_pipeline_dag.py
[2025-09-08T01:52:41.417+0000] {processor.py:840} INFO - DAG(s) 'print_sample_dataset' retrieved from /opt/airflow/dags/stock_pipeline_dag.py
[2025-09-08T01:52:41.914+0000] {logging_mixin.py:188} INFO - [2025-09-08T01:52:41.914+0000] {override.py:1829} INFO - Created Permission View: can edit on DAG:print_sample_dataset
[2025-09-08T01:52:41.936+0000] {logging_mixin.py:188} INFO - [2025-09-08T01:52:41.935+0000] {override.py:1829} INFO - Created Permission View: can delete on DAG:print_sample_dataset
[2025-09-08T01:52:41.954+0000] {logging_mixin.py:188} INFO - [2025-09-08T01:52:41.953+0000] {override.py:1829} INFO - Created Permission View: can read on DAG:print_sample_dataset
[2025-09-08T01:52:41.955+0000] {logging_mixin.py:188} INFO - [2025-09-08T01:52:41.955+0000] {dag.py:3096} INFO - Sync 1 DAGs
[2025-09-08T01:52:41.975+0000] {logging_mixin.py:188} INFO - [2025-09-08T01:52:41.974+0000] {dag.py:3118} INFO - Creating ORM DAG for print_sample_dataset
[2025-09-08T01:52:41.995+0000] {logging_mixin.py:188} INFO - [2025-09-08T01:52:41.995+0000] {dag.py:3954} INFO - Setting next_dagrun for print_sample_dataset to 2025-09-07 00:00:00+00:00, run_after=2025-09-08 00:00:00+00:00
[2025-09-08T01:52:42.037+0000] {processor.py:183} INFO - Processing /opt/airflow/dags/stock_pipeline_dag.py took 4.065 seconds
[2025-09-08T01:53:12.468+0000] {processor.py:161} INFO - Started process (PID=171) to work on /opt/airflow/dags/stock_pipeline_dag.py
[2025-09-08T01:53:12.472+0000] {processor.py:830} INFO - Processing file /opt/airflow/dags/stock_pipeline_dag.py for tasks to queue
[2025-09-08T01:53:12.479+0000] {logging_mixin.py:188} INFO - [2025-09-08T01:53:12.478+0000] {dagbag.py:545} INFO - Filling up the DagBag from /opt/airflow/dags/stock_pipeline_dag.py
[2025-09-08T01:53:13.724+0000] {processor.py:840} INFO - DAG(s) 'print_sample_dataset' retrieved from /opt/airflow/dags/stock_pipeline_dag.py
[2025-09-08T01:53:13.822+0000] {logging_mixin.py:188} INFO - [2025-09-08T01:53:13.821+0000] {dag.py:3096} INFO - Sync 1 DAGs
[2025-09-08T01:53:13.881+0000] {logging_mixin.py:188} INFO - [2025-09-08T01:53:13.880+0000] {dag.py:3954} INFO - Setting next_dagrun for print_sample_dataset to 2025-09-07 00:00:00+00:00, run_after=2025-09-08 00:00:00+00:00
[2025-09-08T01:53:13.921+0000] {processor.py:183} INFO - Processing /opt/airflow/dags/stock_pipeline_dag.py took 1.475 seconds
[2025-09-08T01:53:44.528+0000] {processor.py:161} INFO - Started process (PID=177) to work on /opt/airflow/dags/stock_pipeline_dag.py
[2025-09-08T01:53:44.532+0000] {processor.py:830} INFO - Processing file /opt/airflow/dags/stock_pipeline_dag.py for tasks to queue
[2025-09-08T01:53:44.540+0000] {logging_mixin.py:188} INFO - [2025-09-08T01:53:44.538+0000] {dagbag.py:545} INFO - Filling up the DagBag from /opt/airflow/dags/stock_pipeline_dag.py
[2025-09-08T01:53:45.504+0000] {processor.py:840} INFO - DAG(s) 'print_sample_dataset' retrieved from /opt/airflow/dags/stock_pipeline_dag.py
[2025-09-08T01:53:45.571+0000] {logging_mixin.py:188} INFO - [2025-09-08T01:53:45.569+0000] {dag.py:3096} INFO - Sync 1 DAGs
[2025-09-08T01:53:45.658+0000] {logging_mixin.py:188} INFO - [2025-09-08T01:53:45.657+0000] {dag.py:3954} INFO - Setting next_dagrun for print_sample_dataset to 2025-09-07 00:00:00+00:00, run_after=2025-09-08 00:00:00+00:00
[2025-09-08T01:53:45.737+0000] {processor.py:183} INFO - Processing /opt/airflow/dags/stock_pipeline_dag.py took 1.232 seconds
[2025-09-08T01:54:15.987+0000] {processor.py:161} INFO - Started process (PID=183) to work on /opt/airflow/dags/stock_pipeline_dag.py
[2025-09-08T01:54:15.991+0000] {processor.py:830} INFO - Processing file /opt/airflow/dags/stock_pipeline_dag.py for tasks to queue
[2025-09-08T01:54:15.997+0000] {logging_mixin.py:188} INFO - [2025-09-08T01:54:15.996+0000] {dagbag.py:545} INFO - Filling up the DagBag from /opt/airflow/dags/stock_pipeline_dag.py
[2025-09-08T01:54:16.938+0000] {processor.py:840} INFO - DAG(s) 'print_sample_dataset' retrieved from /opt/airflow/dags/stock_pipeline_dag.py
[2025-09-08T01:54:16.981+0000] {logging_mixin.py:188} INFO - [2025-09-08T01:54:16.980+0000] {dag.py:3096} INFO - Sync 1 DAGs
[2025-09-08T01:54:17.028+0000] {logging_mixin.py:188} INFO - [2025-09-08T01:54:17.027+0000] {dag.py:3954} INFO - Setting next_dagrun for print_sample_dataset to 2025-09-07 00:00:00+00:00, run_after=2025-09-08 00:00:00+00:00
[2025-09-08T01:54:17.078+0000] {processor.py:183} INFO - Processing /opt/airflow/dags/stock_pipeline_dag.py took 1.112 seconds
[2025-09-08T01:54:47.452+0000] {processor.py:161} INFO - Started process (PID=189) to work on /opt/airflow/dags/stock_pipeline_dag.py
[2025-09-08T01:54:47.456+0000] {processor.py:830} INFO - Processing file /opt/airflow/dags/stock_pipeline_dag.py for tasks to queue
[2025-09-08T01:54:47.465+0000] {logging_mixin.py:188} INFO - [2025-09-08T01:54:47.464+0000] {dagbag.py:545} INFO - Filling up the DagBag from /opt/airflow/dags/stock_pipeline_dag.py
[2025-09-08T01:54:48.669+0000] {processor.py:840} INFO - DAG(s) 'print_sample_dataset' retrieved from /opt/airflow/dags/stock_pipeline_dag.py
[2025-09-08T01:54:48.719+0000] {logging_mixin.py:188} INFO - [2025-09-08T01:54:48.718+0000] {dag.py:3096} INFO - Sync 1 DAGs
[2025-09-08T01:54:48.769+0000] {logging_mixin.py:188} INFO - [2025-09-08T01:54:48.768+0000] {dag.py:3954} INFO - Setting next_dagrun for print_sample_dataset to 2025-09-07 00:00:00+00:00, run_after=2025-09-08 00:00:00+00:00
[2025-09-08T01:54:48.814+0000] {processor.py:183} INFO - Processing /opt/airflow/dags/stock_pipeline_dag.py took 1.387 seconds
[2025-09-08T01:55:19.133+0000] {processor.py:161} INFO - Started process (PID=195) to work on /opt/airflow/dags/stock_pipeline_dag.py
[2025-09-08T01:55:19.137+0000] {processor.py:830} INFO - Processing file /opt/airflow/dags/stock_pipeline_dag.py for tasks to queue
[2025-09-08T01:55:19.148+0000] {logging_mixin.py:188} INFO - [2025-09-08T01:55:19.146+0000] {dagbag.py:545} INFO - Filling up the DagBag from /opt/airflow/dags/stock_pipeline_dag.py
[2025-09-08T01:55:20.405+0000] {processor.py:840} INFO - DAG(s) 'print_sample_dataset' retrieved from /opt/airflow/dags/stock_pipeline_dag.py
[2025-09-08T01:55:20.454+0000] {logging_mixin.py:188} INFO - [2025-09-08T01:55:20.453+0000] {dag.py:3096} INFO - Sync 1 DAGs
[2025-09-08T01:55:20.508+0000] {logging_mixin.py:188} INFO - [2025-09-08T01:55:20.508+0000] {dag.py:3954} INFO - Setting next_dagrun for print_sample_dataset to 2025-09-07 00:00:00+00:00, run_after=2025-09-08 00:00:00+00:00
[2025-09-08T01:55:20.560+0000] {processor.py:183} INFO - Processing /opt/airflow/dags/stock_pipeline_dag.py took 1.456 seconds
[2025-09-08T01:55:50.841+0000] {processor.py:161} INFO - Started process (PID=201) to work on /opt/airflow/dags/stock_pipeline_dag.py
[2025-09-08T01:55:50.845+0000] {processor.py:830} INFO - Processing file /opt/airflow/dags/stock_pipeline_dag.py for tasks to queue
[2025-09-08T01:55:50.852+0000] {logging_mixin.py:188} INFO - [2025-09-08T01:55:50.851+0000] {dagbag.py:545} INFO - Filling up the DagBag from /opt/airflow/dags/stock_pipeline_dag.py
[2025-09-08T01:55:51.850+0000] {processor.py:840} INFO - DAG(s) 'print_sample_dataset' retrieved from /opt/airflow/dags/stock_pipeline_dag.py
[2025-09-08T01:55:51.902+0000] {logging_mixin.py:188} INFO - [2025-09-08T01:55:51.901+0000] {dag.py:3096} INFO - Sync 1 DAGs
[2025-09-08T01:55:51.948+0000] {logging_mixin.py:188} INFO - [2025-09-08T01:55:51.947+0000] {dag.py:3954} INFO - Setting next_dagrun for print_sample_dataset to 2025-09-07 00:00:00+00:00, run_after=2025-09-08 00:00:00+00:00
[2025-09-08T01:55:51.996+0000] {processor.py:183} INFO - Processing /opt/airflow/dags/stock_pipeline_dag.py took 1.182 seconds
[2025-09-08T01:57:03.785+0000] {processor.py:161} INFO - Started process (PID=164) to work on /opt/airflow/dags/stock_pipeline_dag.py
[2025-09-08T01:57:03.787+0000] {processor.py:830} INFO - Processing file /opt/airflow/dags/stock_pipeline_dag.py for tasks to queue
[2025-09-08T01:57:03.791+0000] {logging_mixin.py:188} INFO - [2025-09-08T01:57:03.791+0000] {dagbag.py:545} INFO - Filling up the DagBag from /opt/airflow/dags/stock_pipeline_dag.py
[2025-09-08T01:57:07.136+0000] {processor.py:840} INFO - DAG(s) 'print_sample_dataset' retrieved from /opt/airflow/dags/stock_pipeline_dag.py
[2025-09-08T01:57:07.627+0000] {logging_mixin.py:188} INFO - [2025-09-08T01:57:07.626+0000] {override.py:1829} INFO - Created Permission View: can edit on DAG:print_sample_dataset
[2025-09-08T01:57:07.653+0000] {logging_mixin.py:188} INFO - [2025-09-08T01:57:07.652+0000] {override.py:1829} INFO - Created Permission View: can read on DAG:print_sample_dataset
[2025-09-08T01:57:07.673+0000] {logging_mixin.py:188} INFO - [2025-09-08T01:57:07.673+0000] {override.py:1829} INFO - Created Permission View: can delete on DAG:print_sample_dataset
[2025-09-08T01:57:07.675+0000] {logging_mixin.py:188} INFO - [2025-09-08T01:57:07.674+0000] {dag.py:3096} INFO - Sync 1 DAGs
[2025-09-08T01:57:07.699+0000] {logging_mixin.py:188} INFO - [2025-09-08T01:57:07.698+0000] {dag.py:3118} INFO - Creating ORM DAG for print_sample_dataset
[2025-09-08T01:57:07.726+0000] {logging_mixin.py:188} INFO - [2025-09-08T01:57:07.725+0000] {dag.py:3954} INFO - Setting next_dagrun for print_sample_dataset to 2025-09-07 00:00:00+00:00, run_after=2025-09-08 00:00:00+00:00
[2025-09-08T01:57:07.774+0000] {processor.py:183} INFO - Processing /opt/airflow/dags/stock_pipeline_dag.py took 4.003 seconds
[2025-09-08T01:57:38.241+0000] {processor.py:161} INFO - Started process (PID=170) to work on /opt/airflow/dags/stock_pipeline_dag.py
[2025-09-08T01:57:38.246+0000] {processor.py:830} INFO - Processing file /opt/airflow/dags/stock_pipeline_dag.py for tasks to queue
[2025-09-08T01:57:38.256+0000] {logging_mixin.py:188} INFO - [2025-09-08T01:57:38.255+0000] {dagbag.py:545} INFO - Filling up the DagBag from /opt/airflow/dags/stock_pipeline_dag.py
[2025-09-08T01:57:39.275+0000] {processor.py:840} INFO - DAG(s) 'print_sample_dataset' retrieved from /opt/airflow/dags/stock_pipeline_dag.py
[2025-09-08T01:57:39.328+0000] {logging_mixin.py:188} INFO - [2025-09-08T01:57:39.327+0000] {dag.py:3096} INFO - Sync 1 DAGs
[2025-09-08T01:57:39.377+0000] {logging_mixin.py:188} INFO - [2025-09-08T01:57:39.376+0000] {dag.py:3954} INFO - Setting next_dagrun for print_sample_dataset to 2025-09-07 00:00:00+00:00, run_after=2025-09-08 00:00:00+00:00
[2025-09-08T01:57:39.429+0000] {processor.py:183} INFO - Processing /opt/airflow/dags/stock_pipeline_dag.py took 1.218 seconds
[2025-09-08T01:58:09.763+0000] {processor.py:161} INFO - Started process (PID=176) to work on /opt/airflow/dags/stock_pipeline_dag.py
[2025-09-08T01:58:09.769+0000] {processor.py:830} INFO - Processing file /opt/airflow/dags/stock_pipeline_dag.py for tasks to queue
[2025-09-08T01:58:09.783+0000] {logging_mixin.py:188} INFO - [2025-09-08T01:58:09.781+0000] {dagbag.py:545} INFO - Filling up the DagBag from /opt/airflow/dags/stock_pipeline_dag.py
[2025-09-08T01:58:11.049+0000] {processor.py:840} INFO - DAG(s) 'print_sample_dataset' retrieved from /opt/airflow/dags/stock_pipeline_dag.py
[2025-09-08T01:58:11.143+0000] {logging_mixin.py:188} INFO - [2025-09-08T01:58:11.142+0000] {dag.py:3096} INFO - Sync 1 DAGs
[2025-09-08T01:58:11.227+0000] {logging_mixin.py:188} INFO - [2025-09-08T01:58:11.226+0000] {dag.py:3954} INFO - Setting next_dagrun for print_sample_dataset to 2025-09-07 00:00:00+00:00, run_after=2025-09-08 00:00:00+00:00
[2025-09-08T01:58:11.304+0000] {processor.py:183} INFO - Processing /opt/airflow/dags/stock_pipeline_dag.py took 1.587 seconds
[2025-09-08T01:58:41.913+0000] {processor.py:161} INFO - Started process (PID=182) to work on /opt/airflow/dags/stock_pipeline_dag.py
[2025-09-08T01:58:41.917+0000] {processor.py:830} INFO - Processing file /opt/airflow/dags/stock_pipeline_dag.py for tasks to queue
[2025-09-08T01:58:41.925+0000] {logging_mixin.py:188} INFO - [2025-09-08T01:58:41.924+0000] {dagbag.py:545} INFO - Filling up the DagBag from /opt/airflow/dags/stock_pipeline_dag.py
[2025-09-08T01:58:42.950+0000] {processor.py:840} INFO - DAG(s) 'print_sample_dataset' retrieved from /opt/airflow/dags/stock_pipeline_dag.py
[2025-09-08T01:58:42.995+0000] {logging_mixin.py:188} INFO - [2025-09-08T01:58:42.994+0000] {dag.py:3096} INFO - Sync 1 DAGs
[2025-09-08T01:58:43.041+0000] {logging_mixin.py:188} INFO - [2025-09-08T01:58:43.040+0000] {dag.py:3954} INFO - Setting next_dagrun for print_sample_dataset to 2025-09-07 00:00:00+00:00, run_after=2025-09-08 00:00:00+00:00
[2025-09-08T01:58:43.092+0000] {processor.py:183} INFO - Processing /opt/airflow/dags/stock_pipeline_dag.py took 1.202 seconds
[2025-09-08T01:59:13.289+0000] {processor.py:161} INFO - Started process (PID=188) to work on /opt/airflow/dags/stock_pipeline_dag.py
[2025-09-08T01:59:13.291+0000] {processor.py:830} INFO - Processing file /opt/airflow/dags/stock_pipeline_dag.py for tasks to queue
[2025-09-08T01:59:13.296+0000] {logging_mixin.py:188} INFO - [2025-09-08T01:59:13.296+0000] {dagbag.py:545} INFO - Filling up the DagBag from /opt/airflow/dags/stock_pipeline_dag.py
[2025-09-08T01:59:14.309+0000] {processor.py:840} INFO - DAG(s) 'print_sample_dataset' retrieved from /opt/airflow/dags/stock_pipeline_dag.py
[2025-09-08T01:59:14.354+0000] {logging_mixin.py:188} INFO - [2025-09-08T01:59:14.353+0000] {dag.py:3096} INFO - Sync 1 DAGs
[2025-09-08T01:59:14.396+0000] {logging_mixin.py:188} INFO - [2025-09-08T01:59:14.395+0000] {dag.py:3954} INFO - Setting next_dagrun for print_sample_dataset to 2025-09-07 00:00:00+00:00, run_after=2025-09-08 00:00:00+00:00
[2025-09-08T01:59:14.440+0000] {processor.py:183} INFO - Processing /opt/airflow/dags/stock_pipeline_dag.py took 1.161 seconds
[2025-09-08T01:59:44.806+0000] {processor.py:161} INFO - Started process (PID=194) to work on /opt/airflow/dags/stock_pipeline_dag.py
[2025-09-08T01:59:44.811+0000] {processor.py:830} INFO - Processing file /opt/airflow/dags/stock_pipeline_dag.py for tasks to queue
[2025-09-08T01:59:44.822+0000] {logging_mixin.py:188} INFO - [2025-09-08T01:59:44.820+0000] {dagbag.py:545} INFO - Filling up the DagBag from /opt/airflow/dags/stock_pipeline_dag.py
[2025-09-08T01:59:45.922+0000] {processor.py:840} INFO - DAG(s) 'print_sample_dataset' retrieved from /opt/airflow/dags/stock_pipeline_dag.py
[2025-09-08T01:59:45.992+0000] {logging_mixin.py:188} INFO - [2025-09-08T01:59:45.990+0000] {dag.py:3096} INFO - Sync 1 DAGs
[2025-09-08T01:59:46.056+0000] {logging_mixin.py:188} INFO - [2025-09-08T01:59:46.055+0000] {dag.py:3954} INFO - Setting next_dagrun for print_sample_dataset to 2025-09-07 00:00:00+00:00, run_after=2025-09-08 00:00:00+00:00
[2025-09-08T01:59:46.124+0000] {processor.py:183} INFO - Processing /opt/airflow/dags/stock_pipeline_dag.py took 1.353 seconds
[2025-09-08T01:59:47.999+0000] {processor.py:161} INFO - Started process (PID=200) to work on /opt/airflow/dags/stock_pipeline_dag.py
[2025-09-08T01:59:48.001+0000] {processor.py:830} INFO - Processing file /opt/airflow/dags/stock_pipeline_dag.py for tasks to queue
[2025-09-08T01:59:48.006+0000] {logging_mixin.py:188} INFO - [2025-09-08T01:59:48.005+0000] {dagbag.py:545} INFO - Filling up the DagBag from /opt/airflow/dags/stock_pipeline_dag.py
[2025-09-08T01:59:48.034+0000] {logging_mixin.py:188} INFO - [2025-09-08T01:59:48.034+0000] {dagbag.py:334} INFO - File /opt/airflow/dags/stock_pipeline_dag.py assumed to contain no DAGs. Skipping.
[2025-09-08T01:59:48.036+0000] {processor.py:842} WARNING - No viable dags retrieved from /opt/airflow/dags/stock_pipeline_dag.py
[2025-09-08T01:59:48.068+0000] {processor.py:183} INFO - Processing /opt/airflow/dags/stock_pipeline_dag.py took 0.083 seconds
[2025-09-08T02:00:18.500+0000] {processor.py:161} INFO - Started process (PID=205) to work on /opt/airflow/dags/stock_pipeline_dag.py
[2025-09-08T02:00:18.504+0000] {processor.py:830} INFO - Processing file /opt/airflow/dags/stock_pipeline_dag.py for tasks to queue
[2025-09-08T02:00:18.512+0000] {logging_mixin.py:188} INFO - [2025-09-08T02:00:18.511+0000] {dagbag.py:545} INFO - Filling up the DagBag from /opt/airflow/dags/stock_pipeline_dag.py
[2025-09-08T02:00:18.558+0000] {logging_mixin.py:188} INFO - [2025-09-08T02:00:18.557+0000] {dagbag.py:334} INFO - File /opt/airflow/dags/stock_pipeline_dag.py assumed to contain no DAGs. Skipping.
[2025-09-08T02:00:18.560+0000] {processor.py:842} WARNING - No viable dags retrieved from /opt/airflow/dags/stock_pipeline_dag.py
[2025-09-08T02:00:18.612+0000] {processor.py:183} INFO - Processing /opt/airflow/dags/stock_pipeline_dag.py took 0.137 seconds
[2025-09-08T02:00:48.990+0000] {processor.py:161} INFO - Started process (PID=210) to work on /opt/airflow/dags/stock_pipeline_dag.py
[2025-09-08T02:00:48.993+0000] {processor.py:830} INFO - Processing file /opt/airflow/dags/stock_pipeline_dag.py for tasks to queue
[2025-09-08T02:00:48.999+0000] {logging_mixin.py:188} INFO - [2025-09-08T02:00:48.997+0000] {dagbag.py:545} INFO - Filling up the DagBag from /opt/airflow/dags/stock_pipeline_dag.py
[2025-09-08T02:00:49.028+0000] {logging_mixin.py:188} INFO - [2025-09-08T02:00:49.027+0000] {dagbag.py:334} INFO - File /opt/airflow/dags/stock_pipeline_dag.py assumed to contain no DAGs. Skipping.
[2025-09-08T02:00:49.029+0000] {processor.py:842} WARNING - No viable dags retrieved from /opt/airflow/dags/stock_pipeline_dag.py
[2025-09-08T02:00:49.067+0000] {processor.py:183} INFO - Processing /opt/airflow/dags/stock_pipeline_dag.py took 0.095 seconds
[2025-09-08T02:01:06.474+0000] {processor.py:161} INFO - Started process (PID=215) to work on /opt/airflow/dags/stock_pipeline_dag.py
[2025-09-08T02:01:06.479+0000] {processor.py:830} INFO - Processing file /opt/airflow/dags/stock_pipeline_dag.py for tasks to queue
[2025-09-08T02:01:06.483+0000] {logging_mixin.py:188} INFO - [2025-09-08T02:01:06.482+0000] {dagbag.py:545} INFO - Filling up the DagBag from /opt/airflow/dags/stock_pipeline_dag.py
[2025-09-08T02:01:06.938+0000] {processor.py:840} INFO - DAG(s) 'stock_data_pipeline' retrieved from /opt/airflow/dags/stock_pipeline_dag.py
[2025-09-08T02:01:07.161+0000] {logging_mixin.py:188} INFO - [2025-09-08T02:01:07.160+0000] {override.py:1829} INFO - Created Permission View: can edit on DAG:stock_data_pipeline
[2025-09-08T02:01:07.190+0000] {logging_mixin.py:188} INFO - [2025-09-08T02:01:07.189+0000] {override.py:1829} INFO - Created Permission View: can read on DAG:stock_data_pipeline
[2025-09-08T02:01:07.209+0000] {logging_mixin.py:188} INFO - [2025-09-08T02:01:07.208+0000] {override.py:1829} INFO - Created Permission View: can delete on DAG:stock_data_pipeline
[2025-09-08T02:01:07.210+0000] {logging_mixin.py:188} INFO - [2025-09-08T02:01:07.210+0000] {dag.py:3096} INFO - Sync 1 DAGs
[2025-09-08T02:01:07.233+0000] {logging_mixin.py:188} INFO - [2025-09-08T02:01:07.233+0000] {dag.py:3118} INFO - Creating ORM DAG for stock_data_pipeline
[2025-09-08T02:01:07.258+0000] {logging_mixin.py:188} INFO - [2025-09-08T02:01:07.258+0000] {dag.py:3954} INFO - Setting next_dagrun for stock_data_pipeline to 2025-09-08 01:00:00+00:00, run_after=2025-09-08 02:00:00+00:00
[2025-09-08T02:01:07.317+0000] {processor.py:183} INFO - Processing /opt/airflow/dags/stock_pipeline_dag.py took 0.867 seconds
[2025-09-08T02:01:38.216+0000] {processor.py:161} INFO - Started process (PID=220) to work on /opt/airflow/dags/stock_pipeline_dag.py
[2025-09-08T02:01:38.220+0000] {processor.py:830} INFO - Processing file /opt/airflow/dags/stock_pipeline_dag.py for tasks to queue
[2025-09-08T02:01:38.227+0000] {logging_mixin.py:188} INFO - [2025-09-08T02:01:38.224+0000] {dagbag.py:545} INFO - Filling up the DagBag from /opt/airflow/dags/stock_pipeline_dag.py
[2025-09-08T02:01:38.360+0000] {processor.py:840} INFO - DAG(s) 'stock_data_pipeline' retrieved from /opt/airflow/dags/stock_pipeline_dag.py
[2025-09-08T02:01:38.432+0000] {logging_mixin.py:188} INFO - [2025-09-08T02:01:38.431+0000] {dag.py:3096} INFO - Sync 1 DAGs
[2025-09-08T02:01:38.493+0000] {logging_mixin.py:188} INFO - [2025-09-08T02:01:38.493+0000] {dag.py:3954} INFO - Setting next_dagrun for stock_data_pipeline to 2025-09-08 01:00:00+00:00, run_after=2025-09-08 02:00:00+00:00
[2025-09-08T02:01:38.550+0000] {processor.py:183} INFO - Processing /opt/airflow/dags/stock_pipeline_dag.py took 0.370 seconds
[2025-09-08T02:02:34.620+0000] {processor.py:161} INFO - Started process (PID=164) to work on /opt/airflow/dags/stock_pipeline_dag.py
[2025-09-08T02:02:34.623+0000] {processor.py:830} INFO - Processing file /opt/airflow/dags/stock_pipeline_dag.py for tasks to queue
[2025-09-08T02:02:34.628+0000] {logging_mixin.py:188} INFO - [2025-09-08T02:02:34.627+0000] {dagbag.py:545} INFO - Filling up the DagBag from /opt/airflow/dags/stock_pipeline_dag.py
[2025-09-08T02:02:34.708+0000] {processor.py:840} INFO - DAG(s) 'stock_data_pipeline' retrieved from /opt/airflow/dags/stock_pipeline_dag.py
[2025-09-08T02:02:34.774+0000] {logging_mixin.py:188} INFO - [2025-09-08T02:02:34.773+0000] {dag.py:3096} INFO - Sync 1 DAGs
[2025-09-08T02:02:34.835+0000] {logging_mixin.py:188} INFO - [2025-09-08T02:02:34.834+0000] {dag.py:3954} INFO - Setting next_dagrun for stock_data_pipeline to 2025-09-08 01:00:00+00:00, run_after=2025-09-08 02:00:00+00:00
[2025-09-08T02:02:34.891+0000] {processor.py:183} INFO - Processing /opt/airflow/dags/stock_pipeline_dag.py took 0.288 seconds
[2025-09-08T02:03:05.225+0000] {processor.py:161} INFO - Started process (PID=169) to work on /opt/airflow/dags/stock_pipeline_dag.py
[2025-09-08T02:03:05.229+0000] {processor.py:830} INFO - Processing file /opt/airflow/dags/stock_pipeline_dag.py for tasks to queue
[2025-09-08T02:03:05.236+0000] {logging_mixin.py:188} INFO - [2025-09-08T02:03:05.235+0000] {dagbag.py:545} INFO - Filling up the DagBag from /opt/airflow/dags/stock_pipeline_dag.py
[2025-09-08T02:03:05.299+0000] {processor.py:840} INFO - DAG(s) 'stock_data_pipeline' retrieved from /opt/airflow/dags/stock_pipeline_dag.py
[2025-09-08T02:03:06.052+0000] {logging_mixin.py:188} INFO - [2025-09-08T02:03:06.052+0000] {dag.py:3096} INFO - Sync 1 DAGs
[2025-09-08T02:03:06.086+0000] {logging_mixin.py:188} INFO - [2025-09-08T02:03:06.086+0000] {dag.py:3954} INFO - Setting next_dagrun for stock_data_pipeline to 2025-09-08 01:00:00+00:00, run_after=2025-09-08 02:00:00+00:00
[2025-09-08T02:03:06.132+0000] {processor.py:183} INFO - Processing /opt/airflow/dags/stock_pipeline_dag.py took 0.925 seconds
[2025-09-08T02:03:36.419+0000] {processor.py:161} INFO - Started process (PID=174) to work on /opt/airflow/dags/stock_pipeline_dag.py
[2025-09-08T02:03:36.422+0000] {processor.py:830} INFO - Processing file /opt/airflow/dags/stock_pipeline_dag.py for tasks to queue
[2025-09-08T02:03:36.430+0000] {logging_mixin.py:188} INFO - [2025-09-08T02:03:36.428+0000] {dagbag.py:545} INFO - Filling up the DagBag from /opt/airflow/dags/stock_pipeline_dag.py
[2025-09-08T02:03:36.526+0000] {processor.py:840} INFO - DAG(s) 'stock_data_pipeline' retrieved from /opt/airflow/dags/stock_pipeline_dag.py
[2025-09-08T02:03:36.667+0000] {logging_mixin.py:188} INFO - [2025-09-08T02:03:36.666+0000] {dag.py:3096} INFO - Sync 1 DAGs
[2025-09-08T02:03:36.764+0000] {logging_mixin.py:188} INFO - [2025-09-08T02:03:36.764+0000] {dag.py:3954} INFO - Setting next_dagrun for stock_data_pipeline to 2025-09-08 01:00:00+00:00, run_after=2025-09-08 02:00:00+00:00
[2025-09-08T02:03:36.819+0000] {processor.py:183} INFO - Processing /opt/airflow/dags/stock_pipeline_dag.py took 0.427 seconds
[2025-09-08T02:04:07.006+0000] {processor.py:161} INFO - Started process (PID=179) to work on /opt/airflow/dags/stock_pipeline_dag.py
[2025-09-08T02:04:07.011+0000] {processor.py:830} INFO - Processing file /opt/airflow/dags/stock_pipeline_dag.py for tasks to queue
[2025-09-08T02:04:07.018+0000] {logging_mixin.py:188} INFO - [2025-09-08T02:04:07.017+0000] {dagbag.py:545} INFO - Filling up the DagBag from /opt/airflow/dags/stock_pipeline_dag.py
[2025-09-08T02:04:07.117+0000] {processor.py:840} INFO - DAG(s) 'stock_data_pipeline' retrieved from /opt/airflow/dags/stock_pipeline_dag.py
[2025-09-08T02:04:07.216+0000] {logging_mixin.py:188} INFO - [2025-09-08T02:04:07.215+0000] {dag.py:3096} INFO - Sync 1 DAGs
[2025-09-08T02:04:07.307+0000] {logging_mixin.py:188} INFO - [2025-09-08T02:04:07.306+0000] {dag.py:3954} INFO - Setting next_dagrun for stock_data_pipeline to 2025-09-08 01:00:00+00:00, run_after=2025-09-08 02:00:00+00:00
[2025-09-08T02:04:07.391+0000] {processor.py:183} INFO - Processing /opt/airflow/dags/stock_pipeline_dag.py took 0.409 seconds
[2025-09-08T02:04:37.941+0000] {processor.py:161} INFO - Started process (PID=184) to work on /opt/airflow/dags/stock_pipeline_dag.py
[2025-09-08T02:04:37.946+0000] {processor.py:830} INFO - Processing file /opt/airflow/dags/stock_pipeline_dag.py for tasks to queue
[2025-09-08T02:04:37.956+0000] {logging_mixin.py:188} INFO - [2025-09-08T02:04:37.955+0000] {dagbag.py:545} INFO - Filling up the DagBag from /opt/airflow/dags/stock_pipeline_dag.py
[2025-09-08T02:04:38.087+0000] {processor.py:840} INFO - DAG(s) 'stock_data_pipeline' retrieved from /opt/airflow/dags/stock_pipeline_dag.py
[2025-09-08T02:04:38.245+0000] {logging_mixin.py:188} INFO - [2025-09-08T02:04:38.243+0000] {dag.py:3096} INFO - Sync 1 DAGs
[2025-09-08T02:04:38.378+0000] {logging_mixin.py:188} INFO - [2025-09-08T02:04:38.377+0000] {dag.py:3954} INFO - Setting next_dagrun for stock_data_pipeline to 2025-09-08 01:00:00+00:00, run_after=2025-09-08 02:00:00+00:00
[2025-09-08T02:04:38.492+0000] {processor.py:183} INFO - Processing /opt/airflow/dags/stock_pipeline_dag.py took 0.582 seconds
[2025-09-08T02:05:09.111+0000] {processor.py:161} INFO - Started process (PID=189) to work on /opt/airflow/dags/stock_pipeline_dag.py
[2025-09-08T02:05:09.115+0000] {processor.py:830} INFO - Processing file /opt/airflow/dags/stock_pipeline_dag.py for tasks to queue
[2025-09-08T02:05:09.124+0000] {logging_mixin.py:188} INFO - [2025-09-08T02:05:09.122+0000] {dagbag.py:545} INFO - Filling up the DagBag from /opt/airflow/dags/stock_pipeline_dag.py
[2025-09-08T02:05:09.226+0000] {processor.py:840} INFO - DAG(s) 'stock_data_pipeline' retrieved from /opt/airflow/dags/stock_pipeline_dag.py
[2025-09-08T02:05:09.340+0000] {logging_mixin.py:188} INFO - [2025-09-08T02:05:09.339+0000] {dag.py:3096} INFO - Sync 1 DAGs
[2025-09-08T02:05:09.691+0000] {logging_mixin.py:188} INFO - [2025-09-08T02:05:09.690+0000] {dag.py:3954} INFO - Setting next_dagrun for stock_data_pipeline to 2025-09-08 01:00:00+00:00, run_after=2025-09-08 02:00:00+00:00
[2025-09-08T02:05:09.741+0000] {processor.py:183} INFO - Processing /opt/airflow/dags/stock_pipeline_dag.py took 0.655 seconds
[2025-09-08T02:06:17.731+0000] {processor.py:161} INFO - Started process (PID=164) to work on /opt/airflow/dags/stock_pipeline_dag.py
[2025-09-08T02:06:17.733+0000] {processor.py:830} INFO - Processing file /opt/airflow/dags/stock_pipeline_dag.py for tasks to queue
[2025-09-08T02:06:17.738+0000] {logging_mixin.py:188} INFO - [2025-09-08T02:06:17.737+0000] {dagbag.py:545} INFO - Filling up the DagBag from /opt/airflow/dags/stock_pipeline_dag.py
[2025-09-08T02:06:17.803+0000] {processor.py:840} INFO - DAG(s) 'stock_data_pipeline' retrieved from /opt/airflow/dags/stock_pipeline_dag.py
[2025-09-08T02:06:18.792+0000] {logging_mixin.py:188} INFO - [2025-09-08T02:06:18.787+0000] {override.py:1829} INFO - Created Permission View: can edit on DAG:stock_data_pipeline
[2025-09-08T02:06:18.877+0000] {logging_mixin.py:188} INFO - [2025-09-08T02:06:18.876+0000] {override.py:1829} INFO - Created Permission View: can read on DAG:stock_data_pipeline
[2025-09-08T02:06:19.363+0000] {logging_mixin.py:188} INFO - [2025-09-08T02:06:19.362+0000] {override.py:1829} INFO - Created Permission View: can delete on DAG:stock_data_pipeline
[2025-09-08T02:06:19.365+0000] {logging_mixin.py:188} INFO - [2025-09-08T02:06:19.364+0000] {dag.py:3096} INFO - Sync 1 DAGs
[2025-09-08T02:06:19.391+0000] {logging_mixin.py:188} INFO - [2025-09-08T02:06:19.391+0000] {dag.py:3118} INFO - Creating ORM DAG for stock_data_pipeline
[2025-09-08T02:06:19.420+0000] {logging_mixin.py:188} INFO - [2025-09-08T02:06:19.419+0000] {dag.py:3954} INFO - Setting next_dagrun for stock_data_pipeline to 2025-09-08 01:00:00+00:00, run_after=2025-09-08 02:00:00+00:00
[2025-09-08T02:06:19.475+0000] {processor.py:183} INFO - Processing /opt/airflow/dags/stock_pipeline_dag.py took 1.758 seconds
[2025-09-08T02:06:49.928+0000] {processor.py:161} INFO - Started process (PID=169) to work on /opt/airflow/dags/stock_pipeline_dag.py
[2025-09-08T02:06:49.931+0000] {processor.py:830} INFO - Processing file /opt/airflow/dags/stock_pipeline_dag.py for tasks to queue
[2025-09-08T02:06:49.936+0000] {logging_mixin.py:188} INFO - [2025-09-08T02:06:49.935+0000] {dagbag.py:545} INFO - Filling up the DagBag from /opt/airflow/dags/stock_pipeline_dag.py
[2025-09-08T02:06:50.068+0000] {processor.py:840} INFO - DAG(s) 'stock_data_pipeline' retrieved from /opt/airflow/dags/stock_pipeline_dag.py
[2025-09-08T02:06:50.189+0000] {logging_mixin.py:188} INFO - [2025-09-08T02:06:50.189+0000] {dag.py:3096} INFO - Sync 1 DAGs
[2025-09-08T02:06:50.247+0000] {logging_mixin.py:188} INFO - [2025-09-08T02:06:50.247+0000] {dag.py:3954} INFO - Setting next_dagrun for stock_data_pipeline to 2025-09-08 01:00:00+00:00, run_after=2025-09-08 02:00:00+00:00
[2025-09-08T02:06:50.324+0000] {processor.py:183} INFO - Processing /opt/airflow/dags/stock_pipeline_dag.py took 0.414 seconds
[2025-09-08T02:07:20.656+0000] {processor.py:161} INFO - Started process (PID=174) to work on /opt/airflow/dags/stock_pipeline_dag.py
[2025-09-08T02:07:20.662+0000] {processor.py:830} INFO - Processing file /opt/airflow/dags/stock_pipeline_dag.py for tasks to queue
[2025-09-08T02:07:20.673+0000] {logging_mixin.py:188} INFO - [2025-09-08T02:07:20.671+0000] {dagbag.py:545} INFO - Filling up the DagBag from /opt/airflow/dags/stock_pipeline_dag.py
[2025-09-08T02:07:20.805+0000] {processor.py:840} INFO - DAG(s) 'stock_data_pipeline' retrieved from /opt/airflow/dags/stock_pipeline_dag.py
[2025-09-08T02:07:20.934+0000] {logging_mixin.py:188} INFO - [2025-09-08T02:07:20.934+0000] {dag.py:3096} INFO - Sync 1 DAGs
[2025-09-08T02:07:20.987+0000] {logging_mixin.py:188} INFO - [2025-09-08T02:07:20.986+0000] {dag.py:3954} INFO - Setting next_dagrun for stock_data_pipeline to 2025-09-08 01:00:00+00:00, run_after=2025-09-08 02:00:00+00:00
[2025-09-08T02:07:21.043+0000] {processor.py:183} INFO - Processing /opt/airflow/dags/stock_pipeline_dag.py took 0.424 seconds
[2025-09-08T02:07:51.301+0000] {processor.py:161} INFO - Started process (PID=181) to work on /opt/airflow/dags/stock_pipeline_dag.py
[2025-09-08T02:07:51.305+0000] {processor.py:830} INFO - Processing file /opt/airflow/dags/stock_pipeline_dag.py for tasks to queue
[2025-09-08T02:07:51.313+0000] {logging_mixin.py:188} INFO - [2025-09-08T02:07:51.311+0000] {dagbag.py:545} INFO - Filling up the DagBag from /opt/airflow/dags/stock_pipeline_dag.py
[2025-09-08T02:07:51.419+0000] {processor.py:840} INFO - DAG(s) 'stock_data_pipeline' retrieved from /opt/airflow/dags/stock_pipeline_dag.py
[2025-09-08T02:07:51.545+0000] {logging_mixin.py:188} INFO - [2025-09-08T02:07:51.544+0000] {dag.py:3096} INFO - Sync 1 DAGs
[2025-09-08T02:07:51.602+0000] {logging_mixin.py:188} INFO - [2025-09-08T02:07:51.602+0000] {dag.py:3954} INFO - Setting next_dagrun for stock_data_pipeline to 2025-09-08 02:00:00+00:00, run_after=2025-09-08 03:00:00+00:00
[2025-09-08T02:07:51.655+0000] {processor.py:183} INFO - Processing /opt/airflow/dags/stock_pipeline_dag.py took 0.378 seconds
[2025-09-08T02:08:21.971+0000] {processor.py:161} INFO - Started process (PID=186) to work on /opt/airflow/dags/stock_pipeline_dag.py
[2025-09-08T02:08:21.973+0000] {processor.py:830} INFO - Processing file /opt/airflow/dags/stock_pipeline_dag.py for tasks to queue
[2025-09-08T02:08:21.976+0000] {logging_mixin.py:188} INFO - [2025-09-08T02:08:21.976+0000] {dagbag.py:545} INFO - Filling up the DagBag from /opt/airflow/dags/stock_pipeline_dag.py
[2025-09-08T02:08:22.018+0000] {processor.py:840} INFO - DAG(s) 'stock_data_pipeline' retrieved from /opt/airflow/dags/stock_pipeline_dag.py
[2025-09-08T02:08:22.061+0000] {logging_mixin.py:188} INFO - [2025-09-08T02:08:22.060+0000] {dag.py:3096} INFO - Sync 1 DAGs
[2025-09-08T02:08:22.104+0000] {logging_mixin.py:188} INFO - [2025-09-08T02:08:22.104+0000] {dag.py:3954} INFO - Setting next_dagrun for stock_data_pipeline to 2025-09-08 02:00:00+00:00, run_after=2025-09-08 03:00:00+00:00
[2025-09-08T02:08:22.146+0000] {processor.py:183} INFO - Processing /opt/airflow/dags/stock_pipeline_dag.py took 0.183 seconds
[2025-09-08T02:08:52.642+0000] {processor.py:161} INFO - Started process (PID=191) to work on /opt/airflow/dags/stock_pipeline_dag.py
[2025-09-08T02:08:52.647+0000] {processor.py:830} INFO - Processing file /opt/airflow/dags/stock_pipeline_dag.py for tasks to queue
[2025-09-08T02:08:52.656+0000] {logging_mixin.py:188} INFO - [2025-09-08T02:08:52.655+0000] {dagbag.py:545} INFO - Filling up the DagBag from /opt/airflow/dags/stock_pipeline_dag.py
[2025-09-08T02:08:52.766+0000] {processor.py:840} INFO - DAG(s) 'stock_data_pipeline' retrieved from /opt/airflow/dags/stock_pipeline_dag.py
[2025-09-08T02:08:52.885+0000] {logging_mixin.py:188} INFO - [2025-09-08T02:08:52.884+0000] {dag.py:3096} INFO - Sync 1 DAGs
[2025-09-08T02:08:53.205+0000] {logging_mixin.py:188} INFO - [2025-09-08T02:08:53.205+0000] {dag.py:3954} INFO - Setting next_dagrun for stock_data_pipeline to 2025-09-08 02:00:00+00:00, run_after=2025-09-08 03:00:00+00:00
[2025-09-08T02:08:53.251+0000] {processor.py:183} INFO - Processing /opt/airflow/dags/stock_pipeline_dag.py took 0.637 seconds
[2025-09-08T02:09:23.856+0000] {processor.py:161} INFO - Started process (PID=196) to work on /opt/airflow/dags/stock_pipeline_dag.py
[2025-09-08T02:09:23.861+0000] {processor.py:830} INFO - Processing file /opt/airflow/dags/stock_pipeline_dag.py for tasks to queue
[2025-09-08T02:09:23.869+0000] {logging_mixin.py:188} INFO - [2025-09-08T02:09:23.867+0000] {dagbag.py:545} INFO - Filling up the DagBag from /opt/airflow/dags/stock_pipeline_dag.py
[2025-09-08T02:09:23.976+0000] {processor.py:840} INFO - DAG(s) 'stock_data_pipeline' retrieved from /opt/airflow/dags/stock_pipeline_dag.py
[2025-09-08T02:09:24.083+0000] {logging_mixin.py:188} INFO - [2025-09-08T02:09:24.083+0000] {dag.py:3096} INFO - Sync 1 DAGs
[2025-09-08T02:09:24.420+0000] {logging_mixin.py:188} INFO - [2025-09-08T02:09:24.419+0000] {dag.py:3954} INFO - Setting next_dagrun for stock_data_pipeline to 2025-09-08 02:00:00+00:00, run_after=2025-09-08 03:00:00+00:00
[2025-09-08T02:09:24.475+0000] {processor.py:183} INFO - Processing /opt/airflow/dags/stock_pipeline_dag.py took 0.646 seconds
[2025-09-08T02:09:55.047+0000] {processor.py:161} INFO - Started process (PID=201) to work on /opt/airflow/dags/stock_pipeline_dag.py
[2025-09-08T02:09:55.051+0000] {processor.py:830} INFO - Processing file /opt/airflow/dags/stock_pipeline_dag.py for tasks to queue
[2025-09-08T02:09:55.059+0000] {logging_mixin.py:188} INFO - [2025-09-08T02:09:55.057+0000] {dagbag.py:545} INFO - Filling up the DagBag from /opt/airflow/dags/stock_pipeline_dag.py
[2025-09-08T02:09:55.153+0000] {processor.py:840} INFO - DAG(s) 'stock_data_pipeline' retrieved from /opt/airflow/dags/stock_pipeline_dag.py
[2025-09-08T02:09:55.495+0000] {logging_mixin.py:188} INFO - [2025-09-08T02:09:55.494+0000] {dag.py:3096} INFO - Sync 1 DAGs
[2025-09-08T02:09:55.537+0000] {logging_mixin.py:188} INFO - [2025-09-08T02:09:55.536+0000] {dag.py:3954} INFO - Setting next_dagrun for stock_data_pipeline to 2025-09-08 02:00:00+00:00, run_after=2025-09-08 03:00:00+00:00
[2025-09-08T02:09:55.580+0000] {processor.py:183} INFO - Processing /opt/airflow/dags/stock_pipeline_dag.py took 0.557 seconds
[2025-09-08T02:10:26.035+0000] {processor.py:161} INFO - Started process (PID=206) to work on /opt/airflow/dags/stock_pipeline_dag.py
[2025-09-08T02:10:26.040+0000] {processor.py:830} INFO - Processing file /opt/airflow/dags/stock_pipeline_dag.py for tasks to queue
[2025-09-08T02:10:26.048+0000] {logging_mixin.py:188} INFO - [2025-09-08T02:10:26.046+0000] {dagbag.py:545} INFO - Filling up the DagBag from /opt/airflow/dags/stock_pipeline_dag.py
[2025-09-08T02:10:26.664+0000] {processor.py:840} INFO - DAG(s) 'stock_data_pipeline' retrieved from /opt/airflow/dags/stock_pipeline_dag.py
[2025-09-08T02:10:26.845+0000] {logging_mixin.py:188} INFO - [2025-09-08T02:10:26.844+0000] {dag.py:3096} INFO - Sync 1 DAGs
[2025-09-08T02:10:26.923+0000] {logging_mixin.py:188} INFO - [2025-09-08T02:10:26.923+0000] {dag.py:3954} INFO - Setting next_dagrun for stock_data_pipeline to 2025-09-08 02:00:00+00:00, run_after=2025-09-08 03:00:00+00:00
[2025-09-08T02:10:26.971+0000] {processor.py:183} INFO - Processing /opt/airflow/dags/stock_pipeline_dag.py took 0.959 seconds
[2025-09-08T02:10:57.909+0000] {processor.py:161} INFO - Started process (PID=211) to work on /opt/airflow/dags/stock_pipeline_dag.py
[2025-09-08T02:10:57.913+0000] {processor.py:830} INFO - Processing file /opt/airflow/dags/stock_pipeline_dag.py for tasks to queue
[2025-09-08T02:10:57.923+0000] {logging_mixin.py:188} INFO - [2025-09-08T02:10:57.921+0000] {dagbag.py:545} INFO - Filling up the DagBag from /opt/airflow/dags/stock_pipeline_dag.py
[2025-09-08T02:10:58.043+0000] {processor.py:840} INFO - DAG(s) 'stock_data_pipeline' retrieved from /opt/airflow/dags/stock_pipeline_dag.py
[2025-09-08T02:10:58.168+0000] {logging_mixin.py:188} INFO - [2025-09-08T02:10:58.167+0000] {dag.py:3096} INFO - Sync 1 DAGs
[2025-09-08T02:10:58.209+0000] {logging_mixin.py:188} INFO - [2025-09-08T02:10:58.208+0000] {dag.py:3954} INFO - Setting next_dagrun for stock_data_pipeline to 2025-09-08 02:00:00+00:00, run_after=2025-09-08 03:00:00+00:00
[2025-09-08T02:10:58.250+0000] {processor.py:183} INFO - Processing /opt/airflow/dags/stock_pipeline_dag.py took 0.369 seconds
[2025-09-08T02:11:28.444+0000] {processor.py:161} INFO - Started process (PID=216) to work on /opt/airflow/dags/stock_pipeline_dag.py
[2025-09-08T02:11:28.448+0000] {processor.py:830} INFO - Processing file /opt/airflow/dags/stock_pipeline_dag.py for tasks to queue
[2025-09-08T02:11:28.458+0000] {logging_mixin.py:188} INFO - [2025-09-08T02:11:28.456+0000] {dagbag.py:545} INFO - Filling up the DagBag from /opt/airflow/dags/stock_pipeline_dag.py
[2025-09-08T02:11:28.571+0000] {processor.py:840} INFO - DAG(s) 'stock_data_pipeline' retrieved from /opt/airflow/dags/stock_pipeline_dag.py
[2025-09-08T02:11:28.739+0000] {logging_mixin.py:188} INFO - [2025-09-08T02:11:28.738+0000] {dag.py:3096} INFO - Sync 1 DAGs
[2025-09-08T02:11:28.845+0000] {logging_mixin.py:188} INFO - [2025-09-08T02:11:28.845+0000] {dag.py:3954} INFO - Setting next_dagrun for stock_data_pipeline to 2025-09-08 02:00:00+00:00, run_after=2025-09-08 03:00:00+00:00
[2025-09-08T02:11:28.898+0000] {processor.py:183} INFO - Processing /opt/airflow/dags/stock_pipeline_dag.py took 0.483 seconds
[2025-09-08T02:11:59.363+0000] {processor.py:161} INFO - Started process (PID=221) to work on /opt/airflow/dags/stock_pipeline_dag.py
[2025-09-08T02:11:59.367+0000] {processor.py:830} INFO - Processing file /opt/airflow/dags/stock_pipeline_dag.py for tasks to queue
[2025-09-08T02:11:59.377+0000] {logging_mixin.py:188} INFO - [2025-09-08T02:11:59.375+0000] {dagbag.py:545} INFO - Filling up the DagBag from /opt/airflow/dags/stock_pipeline_dag.py
[2025-09-08T02:11:59.498+0000] {processor.py:840} INFO - DAG(s) 'stock_data_pipeline' retrieved from /opt/airflow/dags/stock_pipeline_dag.py
[2025-09-08T02:11:59.637+0000] {logging_mixin.py:188} INFO - [2025-09-08T02:11:59.636+0000] {dag.py:3096} INFO - Sync 1 DAGs
[2025-09-08T02:11:59.788+0000] {logging_mixin.py:188} INFO - [2025-09-08T02:11:59.787+0000] {dag.py:3954} INFO - Setting next_dagrun for stock_data_pipeline to 2025-09-08 02:00:00+00:00, run_after=2025-09-08 03:00:00+00:00
[2025-09-08T02:11:59.872+0000] {processor.py:183} INFO - Processing /opt/airflow/dags/stock_pipeline_dag.py took 0.535 seconds
[2025-09-08T02:12:30.472+0000] {processor.py:161} INFO - Started process (PID=226) to work on /opt/airflow/dags/stock_pipeline_dag.py
[2025-09-08T02:12:30.476+0000] {processor.py:830} INFO - Processing file /opt/airflow/dags/stock_pipeline_dag.py for tasks to queue
[2025-09-08T02:12:30.484+0000] {logging_mixin.py:188} INFO - [2025-09-08T02:12:30.482+0000] {dagbag.py:545} INFO - Filling up the DagBag from /opt/airflow/dags/stock_pipeline_dag.py
[2025-09-08T02:12:30.566+0000] {processor.py:840} INFO - DAG(s) 'stock_data_pipeline' retrieved from /opt/airflow/dags/stock_pipeline_dag.py
[2025-09-08T02:12:30.661+0000] {logging_mixin.py:188} INFO - [2025-09-08T02:12:30.660+0000] {dag.py:3096} INFO - Sync 1 DAGs
[2025-09-08T02:12:30.724+0000] {logging_mixin.py:188} INFO - [2025-09-08T02:12:30.723+0000] {dag.py:3954} INFO - Setting next_dagrun for stock_data_pipeline to 2025-09-08 02:00:00+00:00, run_after=2025-09-08 03:00:00+00:00
[2025-09-08T02:12:30.783+0000] {processor.py:183} INFO - Processing /opt/airflow/dags/stock_pipeline_dag.py took 0.338 seconds
[2025-09-08T02:13:01.373+0000] {processor.py:161} INFO - Started process (PID=231) to work on /opt/airflow/dags/stock_pipeline_dag.py
[2025-09-08T02:13:01.377+0000] {processor.py:830} INFO - Processing file /opt/airflow/dags/stock_pipeline_dag.py for tasks to queue
[2025-09-08T02:13:01.386+0000] {logging_mixin.py:188} INFO - [2025-09-08T02:13:01.384+0000] {dagbag.py:545} INFO - Filling up the DagBag from /opt/airflow/dags/stock_pipeline_dag.py
[2025-09-08T02:13:01.489+0000] {processor.py:840} INFO - DAG(s) 'stock_data_pipeline' retrieved from /opt/airflow/dags/stock_pipeline_dag.py
[2025-09-08T02:13:01.613+0000] {logging_mixin.py:188} INFO - [2025-09-08T02:13:01.613+0000] {dag.py:3096} INFO - Sync 1 DAGs
[2025-09-08T02:13:01.729+0000] {logging_mixin.py:188} INFO - [2025-09-08T02:13:01.728+0000] {dag.py:3954} INFO - Setting next_dagrun for stock_data_pipeline to 2025-09-08 02:00:00+00:00, run_after=2025-09-08 03:00:00+00:00
[2025-09-08T02:13:01.820+0000] {processor.py:183} INFO - Processing /opt/airflow/dags/stock_pipeline_dag.py took 0.476 seconds
[2025-09-08T02:13:32.461+0000] {processor.py:161} INFO - Started process (PID=236) to work on /opt/airflow/dags/stock_pipeline_dag.py
[2025-09-08T02:13:32.465+0000] {processor.py:830} INFO - Processing file /opt/airflow/dags/stock_pipeline_dag.py for tasks to queue
[2025-09-08T02:13:32.476+0000] {logging_mixin.py:188} INFO - [2025-09-08T02:13:32.474+0000] {dagbag.py:545} INFO - Filling up the DagBag from /opt/airflow/dags/stock_pipeline_dag.py
[2025-09-08T02:13:32.605+0000] {processor.py:840} INFO - DAG(s) 'stock_data_pipeline' retrieved from /opt/airflow/dags/stock_pipeline_dag.py
[2025-09-08T02:13:32.684+0000] {logging_mixin.py:188} INFO - [2025-09-08T02:13:32.684+0000] {dag.py:3096} INFO - Sync 1 DAGs
[2025-09-08T02:13:32.743+0000] {logging_mixin.py:188} INFO - [2025-09-08T02:13:32.742+0000] {dag.py:3954} INFO - Setting next_dagrun for stock_data_pipeline to 2025-09-08 02:00:00+00:00, run_after=2025-09-08 03:00:00+00:00
[2025-09-08T02:13:32.823+0000] {processor.py:183} INFO - Processing /opt/airflow/dags/stock_pipeline_dag.py took 0.397 seconds
[2025-09-08T02:14:03.332+0000] {processor.py:161} INFO - Started process (PID=241) to work on /opt/airflow/dags/stock_pipeline_dag.py
[2025-09-08T02:14:03.336+0000] {processor.py:830} INFO - Processing file /opt/airflow/dags/stock_pipeline_dag.py for tasks to queue
[2025-09-08T02:14:03.344+0000] {logging_mixin.py:188} INFO - [2025-09-08T02:14:03.342+0000] {dagbag.py:545} INFO - Filling up the DagBag from /opt/airflow/dags/stock_pipeline_dag.py
[2025-09-08T02:14:03.451+0000] {processor.py:840} INFO - DAG(s) 'stock_data_pipeline' retrieved from /opt/airflow/dags/stock_pipeline_dag.py
[2025-09-08T02:14:03.571+0000] {logging_mixin.py:188} INFO - [2025-09-08T02:14:03.570+0000] {dag.py:3096} INFO - Sync 1 DAGs
[2025-09-08T02:14:03.646+0000] {logging_mixin.py:188} INFO - [2025-09-08T02:14:03.645+0000] {dag.py:3954} INFO - Setting next_dagrun for stock_data_pipeline to 2025-09-08 02:00:00+00:00, run_after=2025-09-08 03:00:00+00:00
[2025-09-08T02:14:03.711+0000] {processor.py:183} INFO - Processing /opt/airflow/dags/stock_pipeline_dag.py took 0.398 seconds
[2025-09-08T02:14:13.581+0000] {processor.py:161} INFO - Started process (PID=246) to work on /opt/airflow/dags/stock_pipeline_dag.py
[2025-09-08T02:14:13.585+0000] {processor.py:830} INFO - Processing file /opt/airflow/dags/stock_pipeline_dag.py for tasks to queue
[2025-09-08T02:14:13.594+0000] {logging_mixin.py:188} INFO - [2025-09-08T02:14:13.592+0000] {dagbag.py:545} INFO - Filling up the DagBag from /opt/airflow/dags/stock_pipeline_dag.py
[2025-09-08T02:14:13.783+0000] {processor.py:840} INFO - DAG(s) 'stock_data_pipeline' retrieved from /opt/airflow/dags/stock_pipeline_dag.py
[2025-09-08T02:14:14.197+0000] {logging_mixin.py:188} INFO - [2025-09-08T02:14:14.196+0000] {dag.py:3096} INFO - Sync 1 DAGs
[2025-09-08T02:14:14.231+0000] {logging_mixin.py:188} INFO - [2025-09-08T02:14:14.231+0000] {dag.py:3954} INFO - Setting next_dagrun for stock_data_pipeline to 2025-09-08 02:05:00+00:00, run_after=2025-09-08 02:10:00+00:00
[2025-09-08T02:14:14.285+0000] {processor.py:183} INFO - Processing /opt/airflow/dags/stock_pipeline_dag.py took 0.731 seconds
[2025-09-08T02:14:44.464+0000] {processor.py:161} INFO - Started process (PID=253) to work on /opt/airflow/dags/stock_pipeline_dag.py
[2025-09-08T02:14:44.469+0000] {processor.py:830} INFO - Processing file /opt/airflow/dags/stock_pipeline_dag.py for tasks to queue
[2025-09-08T02:14:44.478+0000] {logging_mixin.py:188} INFO - [2025-09-08T02:14:44.476+0000] {dagbag.py:545} INFO - Filling up the DagBag from /opt/airflow/dags/stock_pipeline_dag.py
[2025-09-08T02:14:44.591+0000] {processor.py:840} INFO - DAG(s) 'stock_data_pipeline' retrieved from /opt/airflow/dags/stock_pipeline_dag.py
[2025-09-08T02:14:44.748+0000] {logging_mixin.py:188} INFO - [2025-09-08T02:14:44.747+0000] {dag.py:3096} INFO - Sync 1 DAGs
[2025-09-08T02:14:44.889+0000] {logging_mixin.py:188} INFO - [2025-09-08T02:14:44.888+0000] {dag.py:3954} INFO - Setting next_dagrun for stock_data_pipeline to 2025-09-08 02:10:00+00:00, run_after=2025-09-08 02:15:00+00:00
[2025-09-08T02:14:44.995+0000] {processor.py:183} INFO - Processing /opt/airflow/dags/stock_pipeline_dag.py took 0.561 seconds
[2025-09-08T02:15:15.338+0000] {processor.py:161} INFO - Started process (PID=260) to work on /opt/airflow/dags/stock_pipeline_dag.py
[2025-09-08T02:15:15.342+0000] {processor.py:830} INFO - Processing file /opt/airflow/dags/stock_pipeline_dag.py for tasks to queue
[2025-09-08T02:15:15.351+0000] {logging_mixin.py:188} INFO - [2025-09-08T02:15:15.350+0000] {dagbag.py:545} INFO - Filling up the DagBag from /opt/airflow/dags/stock_pipeline_dag.py
[2025-09-08T02:15:15.452+0000] {processor.py:840} INFO - DAG(s) 'stock_data_pipeline' retrieved from /opt/airflow/dags/stock_pipeline_dag.py
[2025-09-08T02:15:15.574+0000] {logging_mixin.py:188} INFO - [2025-09-08T02:15:15.573+0000] {dag.py:3096} INFO - Sync 1 DAGs
[2025-09-08T02:15:15.653+0000] {logging_mixin.py:188} INFO - [2025-09-08T02:15:15.652+0000] {dag.py:3954} INFO - Setting next_dagrun for stock_data_pipeline to 2025-09-08 02:15:00+00:00, run_after=2025-09-08 02:20:00+00:00
[2025-09-08T02:15:15.711+0000] {processor.py:183} INFO - Processing /opt/airflow/dags/stock_pipeline_dag.py took 0.402 seconds
[2025-09-08T02:15:46.014+0000] {processor.py:161} INFO - Started process (PID=265) to work on /opt/airflow/dags/stock_pipeline_dag.py
[2025-09-08T02:15:46.019+0000] {processor.py:830} INFO - Processing file /opt/airflow/dags/stock_pipeline_dag.py for tasks to queue
[2025-09-08T02:15:46.028+0000] {logging_mixin.py:188} INFO - [2025-09-08T02:15:46.026+0000] {dagbag.py:545} INFO - Filling up the DagBag from /opt/airflow/dags/stock_pipeline_dag.py
[2025-09-08T02:15:46.142+0000] {processor.py:840} INFO - DAG(s) 'stock_data_pipeline' retrieved from /opt/airflow/dags/stock_pipeline_dag.py
[2025-09-08T02:15:46.267+0000] {logging_mixin.py:188} INFO - [2025-09-08T02:15:46.266+0000] {dag.py:3096} INFO - Sync 1 DAGs
[2025-09-08T02:15:46.345+0000] {logging_mixin.py:188} INFO - [2025-09-08T02:15:46.344+0000] {dag.py:3954} INFO - Setting next_dagrun for stock_data_pipeline to 2025-09-08 02:15:00+00:00, run_after=2025-09-08 02:20:00+00:00
[2025-09-08T02:15:46.415+0000] {processor.py:183} INFO - Processing /opt/airflow/dags/stock_pipeline_dag.py took 0.430 seconds
[2025-09-08T02:16:16.752+0000] {processor.py:161} INFO - Started process (PID=270) to work on /opt/airflow/dags/stock_pipeline_dag.py
[2025-09-08T02:16:16.756+0000] {processor.py:830} INFO - Processing file /opt/airflow/dags/stock_pipeline_dag.py for tasks to queue
[2025-09-08T02:16:16.764+0000] {logging_mixin.py:188} INFO - [2025-09-08T02:16:16.763+0000] {dagbag.py:545} INFO - Filling up the DagBag from /opt/airflow/dags/stock_pipeline_dag.py
[2025-09-08T02:16:16.883+0000] {processor.py:840} INFO - DAG(s) 'stock_data_pipeline' retrieved from /opt/airflow/dags/stock_pipeline_dag.py
[2025-09-08T02:16:17.012+0000] {logging_mixin.py:188} INFO - [2025-09-08T02:16:17.011+0000] {dag.py:3096} INFO - Sync 1 DAGs
[2025-09-08T02:16:17.120+0000] {logging_mixin.py:188} INFO - [2025-09-08T02:16:17.119+0000] {dag.py:3954} INFO - Setting next_dagrun for stock_data_pipeline to 2025-09-08 02:15:00+00:00, run_after=2025-09-08 02:20:00+00:00
[2025-09-08T02:16:17.223+0000] {processor.py:183} INFO - Processing /opt/airflow/dags/stock_pipeline_dag.py took 0.500 seconds
[2025-09-08T02:16:47.708+0000] {processor.py:161} INFO - Started process (PID=275) to work on /opt/airflow/dags/stock_pipeline_dag.py
[2025-09-08T02:16:47.715+0000] {processor.py:830} INFO - Processing file /opt/airflow/dags/stock_pipeline_dag.py for tasks to queue
[2025-09-08T02:16:47.728+0000] {logging_mixin.py:188} INFO - [2025-09-08T02:16:47.726+0000] {dagbag.py:545} INFO - Filling up the DagBag from /opt/airflow/dags/stock_pipeline_dag.py
[2025-09-08T02:16:47.853+0000] {processor.py:840} INFO - DAG(s) 'stock_data_pipeline' retrieved from /opt/airflow/dags/stock_pipeline_dag.py
[2025-09-08T02:16:47.957+0000] {logging_mixin.py:188} INFO - [2025-09-08T02:16:47.956+0000] {dag.py:3096} INFO - Sync 1 DAGs
[2025-09-08T02:16:48.090+0000] {logging_mixin.py:188} INFO - [2025-09-08T02:16:48.089+0000] {dag.py:3954} INFO - Setting next_dagrun for stock_data_pipeline to 2025-09-08 02:15:00+00:00, run_after=2025-09-08 02:20:00+00:00
[2025-09-08T02:16:48.171+0000] {processor.py:183} INFO - Processing /opt/airflow/dags/stock_pipeline_dag.py took 0.502 seconds
[2025-09-08T02:17:18.652+0000] {processor.py:161} INFO - Started process (PID=280) to work on /opt/airflow/dags/stock_pipeline_dag.py
[2025-09-08T02:17:18.654+0000] {processor.py:830} INFO - Processing file /opt/airflow/dags/stock_pipeline_dag.py for tasks to queue
[2025-09-08T02:17:18.658+0000] {logging_mixin.py:188} INFO - [2025-09-08T02:17:18.657+0000] {dagbag.py:545} INFO - Filling up the DagBag from /opt/airflow/dags/stock_pipeline_dag.py
[2025-09-08T02:17:18.715+0000] {processor.py:840} INFO - DAG(s) 'stock_data_pipeline' retrieved from /opt/airflow/dags/stock_pipeline_dag.py
[2025-09-08T02:17:18.780+0000] {logging_mixin.py:188} INFO - [2025-09-08T02:17:18.779+0000] {dag.py:3096} INFO - Sync 1 DAGs
[2025-09-08T02:17:18.854+0000] {logging_mixin.py:188} INFO - [2025-09-08T02:17:18.854+0000] {dag.py:3954} INFO - Setting next_dagrun for stock_data_pipeline to 2025-09-08 02:15:00+00:00, run_after=2025-09-08 02:20:00+00:00
[2025-09-08T02:17:18.916+0000] {processor.py:183} INFO - Processing /opt/airflow/dags/stock_pipeline_dag.py took 0.275 seconds
[2025-09-08T02:17:49.117+0000] {processor.py:161} INFO - Started process (PID=285) to work on /opt/airflow/dags/stock_pipeline_dag.py
[2025-09-08T02:17:49.119+0000] {processor.py:830} INFO - Processing file /opt/airflow/dags/stock_pipeline_dag.py for tasks to queue
[2025-09-08T02:17:49.124+0000] {logging_mixin.py:188} INFO - [2025-09-08T02:17:49.123+0000] {dagbag.py:545} INFO - Filling up the DagBag from /opt/airflow/dags/stock_pipeline_dag.py
[2025-09-08T02:17:49.196+0000] {processor.py:840} INFO - DAG(s) 'stock_data_pipeline' retrieved from /opt/airflow/dags/stock_pipeline_dag.py
[2025-09-08T02:17:49.270+0000] {logging_mixin.py:188} INFO - [2025-09-08T02:17:49.270+0000] {dag.py:3096} INFO - Sync 1 DAGs
[2025-09-08T02:17:49.349+0000] {logging_mixin.py:188} INFO - [2025-09-08T02:17:49.348+0000] {dag.py:3954} INFO - Setting next_dagrun for stock_data_pipeline to 2025-09-08 02:15:00+00:00, run_after=2025-09-08 02:20:00+00:00
[2025-09-08T02:17:49.432+0000] {processor.py:183} INFO - Processing /opt/airflow/dags/stock_pipeline_dag.py took 0.331 seconds
[2025-09-08T02:18:20.019+0000] {processor.py:161} INFO - Started process (PID=290) to work on /opt/airflow/dags/stock_pipeline_dag.py
[2025-09-08T02:18:20.026+0000] {processor.py:830} INFO - Processing file /opt/airflow/dags/stock_pipeline_dag.py for tasks to queue
[2025-09-08T02:18:20.038+0000] {logging_mixin.py:188} INFO - [2025-09-08T02:18:20.036+0000] {dagbag.py:545} INFO - Filling up the DagBag from /opt/airflow/dags/stock_pipeline_dag.py
[2025-09-08T02:18:20.176+0000] {processor.py:840} INFO - DAG(s) 'stock_data_pipeline' retrieved from /opt/airflow/dags/stock_pipeline_dag.py
[2025-09-08T02:18:20.342+0000] {logging_mixin.py:188} INFO - [2025-09-08T02:18:20.340+0000] {dag.py:3096} INFO - Sync 1 DAGs
[2025-09-08T02:18:20.471+0000] {logging_mixin.py:188} INFO - [2025-09-08T02:18:20.469+0000] {dag.py:3954} INFO - Setting next_dagrun for stock_data_pipeline to 2025-09-08 02:15:00+00:00, run_after=2025-09-08 02:20:00+00:00
[2025-09-08T02:18:20.587+0000] {processor.py:183} INFO - Processing /opt/airflow/dags/stock_pipeline_dag.py took 0.631 seconds
[2025-09-08T02:18:51.243+0000] {processor.py:161} INFO - Started process (PID=295) to work on /opt/airflow/dags/stock_pipeline_dag.py
[2025-09-08T02:18:51.248+0000] {processor.py:830} INFO - Processing file /opt/airflow/dags/stock_pipeline_dag.py for tasks to queue
[2025-09-08T02:18:51.258+0000] {logging_mixin.py:188} INFO - [2025-09-08T02:18:51.256+0000] {dagbag.py:545} INFO - Filling up the DagBag from /opt/airflow/dags/stock_pipeline_dag.py
[2025-09-08T02:18:51.369+0000] {processor.py:840} INFO - DAG(s) 'stock_data_pipeline' retrieved from /opt/airflow/dags/stock_pipeline_dag.py
[2025-09-08T02:18:51.465+0000] {logging_mixin.py:188} INFO - [2025-09-08T02:18:51.464+0000] {dag.py:3096} INFO - Sync 1 DAGs
[2025-09-08T02:18:51.506+0000] {logging_mixin.py:188} INFO - [2025-09-08T02:18:51.505+0000] {dag.py:3954} INFO - Setting next_dagrun for stock_data_pipeline to 2025-09-08 02:15:00+00:00, run_after=2025-09-08 02:20:00+00:00
[2025-09-08T02:18:51.556+0000] {processor.py:183} INFO - Processing /opt/airflow/dags/stock_pipeline_dag.py took 0.355 seconds
[2025-09-08T02:19:21.860+0000] {processor.py:161} INFO - Started process (PID=300) to work on /opt/airflow/dags/stock_pipeline_dag.py
[2025-09-08T02:19:21.865+0000] {processor.py:830} INFO - Processing file /opt/airflow/dags/stock_pipeline_dag.py for tasks to queue
[2025-09-08T02:19:21.874+0000] {logging_mixin.py:188} INFO - [2025-09-08T02:19:21.872+0000] {dagbag.py:545} INFO - Filling up the DagBag from /opt/airflow/dags/stock_pipeline_dag.py
[2025-09-08T02:19:21.990+0000] {processor.py:840} INFO - DAG(s) 'stock_data_pipeline' retrieved from /opt/airflow/dags/stock_pipeline_dag.py
[2025-09-08T02:19:22.110+0000] {logging_mixin.py:188} INFO - [2025-09-08T02:19:22.109+0000] {dag.py:3096} INFO - Sync 1 DAGs
[2025-09-08T02:19:22.233+0000] {logging_mixin.py:188} INFO - [2025-09-08T02:19:22.231+0000] {dag.py:3954} INFO - Setting next_dagrun for stock_data_pipeline to 2025-09-08 02:15:00+00:00, run_after=2025-09-08 02:20:00+00:00
[2025-09-08T02:19:22.332+0000] {processor.py:183} INFO - Processing /opt/airflow/dags/stock_pipeline_dag.py took 0.506 seconds
[2025-09-08T02:19:52.546+0000] {processor.py:161} INFO - Started process (PID=305) to work on /opt/airflow/dags/stock_pipeline_dag.py
[2025-09-08T02:19:52.550+0000] {processor.py:830} INFO - Processing file /opt/airflow/dags/stock_pipeline_dag.py for tasks to queue
[2025-09-08T02:19:52.560+0000] {logging_mixin.py:188} INFO - [2025-09-08T02:19:52.558+0000] {dagbag.py:545} INFO - Filling up the DagBag from /opt/airflow/dags/stock_pipeline_dag.py
[2025-09-08T02:19:52.685+0000] {processor.py:840} INFO - DAG(s) 'stock_data_pipeline' retrieved from /opt/airflow/dags/stock_pipeline_dag.py
[2025-09-08T02:19:52.812+0000] {logging_mixin.py:188} INFO - [2025-09-08T02:19:52.811+0000] {dag.py:3096} INFO - Sync 1 DAGs
[2025-09-08T02:19:52.870+0000] {logging_mixin.py:188} INFO - [2025-09-08T02:19:52.870+0000] {dag.py:3954} INFO - Setting next_dagrun for stock_data_pipeline to 2025-09-08 02:15:00+00:00, run_after=2025-09-08 02:20:00+00:00
[2025-09-08T02:19:52.925+0000] {processor.py:183} INFO - Processing /opt/airflow/dags/stock_pipeline_dag.py took 0.409 seconds
[2025-09-08T02:20:23.443+0000] {processor.py:161} INFO - Started process (PID=312) to work on /opt/airflow/dags/stock_pipeline_dag.py
[2025-09-08T02:20:23.447+0000] {processor.py:830} INFO - Processing file /opt/airflow/dags/stock_pipeline_dag.py for tasks to queue
[2025-09-08T02:20:23.456+0000] {logging_mixin.py:188} INFO - [2025-09-08T02:20:23.454+0000] {dagbag.py:545} INFO - Filling up the DagBag from /opt/airflow/dags/stock_pipeline_dag.py
[2025-09-08T02:20:23.568+0000] {processor.py:840} INFO - DAG(s) 'stock_data_pipeline' retrieved from /opt/airflow/dags/stock_pipeline_dag.py
[2025-09-08T02:20:23.640+0000] {logging_mixin.py:188} INFO - [2025-09-08T02:20:23.639+0000] {dag.py:3096} INFO - Sync 1 DAGs
[2025-09-08T02:20:23.695+0000] {logging_mixin.py:188} INFO - [2025-09-08T02:20:23.694+0000] {dag.py:3954} INFO - Setting next_dagrun for stock_data_pipeline to 2025-09-08 02:20:00+00:00, run_after=2025-09-08 02:25:00+00:00
[2025-09-08T02:20:23.739+0000] {processor.py:183} INFO - Processing /opt/airflow/dags/stock_pipeline_dag.py took 0.327 seconds
[2025-09-08T02:21:35.830+0000] {processor.py:161} INFO - Started process (PID=164) to work on /opt/airflow/dags/stock_pipeline_dag.py
[2025-09-08T02:21:35.832+0000] {processor.py:830} INFO - Processing file /opt/airflow/dags/stock_pipeline_dag.py for tasks to queue
[2025-09-08T02:21:35.835+0000] {logging_mixin.py:188} INFO - [2025-09-08T02:21:35.835+0000] {dagbag.py:545} INFO - Filling up the DagBag from /opt/airflow/dags/stock_pipeline_dag.py
[2025-09-08T02:21:35.895+0000] {processor.py:840} INFO - DAG(s) 'stock_data_pipeline' retrieved from /opt/airflow/dags/stock_pipeline_dag.py
[2025-09-08T02:21:36.789+0000] {logging_mixin.py:188} INFO - [2025-09-08T02:21:36.786+0000] {override.py:1829} INFO - Created Permission View: can read on DAG:stock_data_pipeline
[2025-09-08T02:21:36.845+0000] {logging_mixin.py:188} INFO - [2025-09-08T02:21:36.845+0000] {override.py:1829} INFO - Created Permission View: can edit on DAG:stock_data_pipeline
[2025-09-08T02:21:37.118+0000] {logging_mixin.py:188} INFO - [2025-09-08T02:21:37.117+0000] {override.py:1829} INFO - Created Permission View: can delete on DAG:stock_data_pipeline
[2025-09-08T02:21:37.120+0000] {logging_mixin.py:188} INFO - [2025-09-08T02:21:37.120+0000] {dag.py:3096} INFO - Sync 1 DAGs
[2025-09-08T02:21:37.147+0000] {logging_mixin.py:188} INFO - [2025-09-08T02:21:37.147+0000] {dag.py:3118} INFO - Creating ORM DAG for stock_data_pipeline
[2025-09-08T02:21:37.171+0000] {logging_mixin.py:188} INFO - [2025-09-08T02:21:37.171+0000] {dag.py:3954} INFO - Setting next_dagrun for stock_data_pipeline to 2025-09-08 02:15:00+00:00, run_after=2025-09-08 02:20:00+00:00
[2025-09-08T02:21:37.224+0000] {processor.py:183} INFO - Processing /opt/airflow/dags/stock_pipeline_dag.py took 1.404 seconds
[2025-09-08T02:22:07.669+0000] {processor.py:161} INFO - Started process (PID=169) to work on /opt/airflow/dags/stock_pipeline_dag.py
[2025-09-08T02:22:07.674+0000] {processor.py:830} INFO - Processing file /opt/airflow/dags/stock_pipeline_dag.py for tasks to queue
[2025-09-08T02:22:07.685+0000] {logging_mixin.py:188} INFO - [2025-09-08T02:22:07.682+0000] {dagbag.py:545} INFO - Filling up the DagBag from /opt/airflow/dags/stock_pipeline_dag.py
[2025-09-08T02:22:07.801+0000] {processor.py:840} INFO - DAG(s) 'stock_data_pipeline' retrieved from /opt/airflow/dags/stock_pipeline_dag.py
[2025-09-08T02:22:07.936+0000] {logging_mixin.py:188} INFO - [2025-09-08T02:22:07.935+0000] {dag.py:3096} INFO - Sync 1 DAGs
[2025-09-08T02:22:08.044+0000] {logging_mixin.py:188} INFO - [2025-09-08T02:22:08.043+0000] {dag.py:3954} INFO - Setting next_dagrun for stock_data_pipeline to 2025-09-08 02:15:00+00:00, run_after=2025-09-08 02:20:00+00:00
[2025-09-08T02:22:08.138+0000] {processor.py:183} INFO - Processing /opt/airflow/dags/stock_pipeline_dag.py took 0.508 seconds
[2025-09-08T02:22:38.778+0000] {processor.py:161} INFO - Started process (PID=174) to work on /opt/airflow/dags/stock_pipeline_dag.py
[2025-09-08T02:22:38.783+0000] {processor.py:830} INFO - Processing file /opt/airflow/dags/stock_pipeline_dag.py for tasks to queue
[2025-09-08T02:22:38.793+0000] {logging_mixin.py:188} INFO - [2025-09-08T02:22:38.790+0000] {dagbag.py:545} INFO - Filling up the DagBag from /opt/airflow/dags/stock_pipeline_dag.py
[2025-09-08T02:22:38.916+0000] {processor.py:840} INFO - DAG(s) 'stock_data_pipeline' retrieved from /opt/airflow/dags/stock_pipeline_dag.py
[2025-09-08T02:22:39.067+0000] {logging_mixin.py:188} INFO - [2025-09-08T02:22:39.066+0000] {dag.py:3096} INFO - Sync 1 DAGs
[2025-09-08T02:22:39.176+0000] {logging_mixin.py:188} INFO - [2025-09-08T02:22:39.175+0000] {dag.py:3954} INFO - Setting next_dagrun for stock_data_pipeline to 2025-09-08 02:15:00+00:00, run_after=2025-09-08 02:20:00+00:00
[2025-09-08T02:22:39.285+0000] {processor.py:183} INFO - Processing /opt/airflow/dags/stock_pipeline_dag.py took 0.535 seconds
[2025-09-08T02:23:09.945+0000] {processor.py:161} INFO - Started process (PID=179) to work on /opt/airflow/dags/stock_pipeline_dag.py
[2025-09-08T02:23:09.949+0000] {processor.py:830} INFO - Processing file /opt/airflow/dags/stock_pipeline_dag.py for tasks to queue
[2025-09-08T02:23:09.957+0000] {logging_mixin.py:188} INFO - [2025-09-08T02:23:09.956+0000] {dagbag.py:545} INFO - Filling up the DagBag from /opt/airflow/dags/stock_pipeline_dag.py
[2025-09-08T02:23:10.074+0000] {processor.py:840} INFO - DAG(s) 'stock_data_pipeline' retrieved from /opt/airflow/dags/stock_pipeline_dag.py
[2025-09-08T02:23:10.217+0000] {logging_mixin.py:188} INFO - [2025-09-08T02:23:10.216+0000] {dag.py:3096} INFO - Sync 1 DAGs
[2025-09-08T02:23:10.348+0000] {logging_mixin.py:188} INFO - [2025-09-08T02:23:10.347+0000] {dag.py:3954} INFO - Setting next_dagrun for stock_data_pipeline to 2025-09-08 02:15:00+00:00, run_after=2025-09-08 02:20:00+00:00
[2025-09-08T02:23:10.443+0000] {processor.py:183} INFO - Processing /opt/airflow/dags/stock_pipeline_dag.py took 0.524 seconds
[2025-09-08T02:23:40.649+0000] {processor.py:161} INFO - Started process (PID=186) to work on /opt/airflow/dags/stock_pipeline_dag.py
[2025-09-08T02:23:40.654+0000] {processor.py:830} INFO - Processing file /opt/airflow/dags/stock_pipeline_dag.py for tasks to queue
[2025-09-08T02:23:40.667+0000] {logging_mixin.py:188} INFO - [2025-09-08T02:23:40.665+0000] {dagbag.py:545} INFO - Filling up the DagBag from /opt/airflow/dags/stock_pipeline_dag.py
[2025-09-08T02:23:40.786+0000] {processor.py:840} INFO - DAG(s) 'stock_data_pipeline' retrieved from /opt/airflow/dags/stock_pipeline_dag.py
[2025-09-08T02:23:40.923+0000] {logging_mixin.py:188} INFO - [2025-09-08T02:23:40.922+0000] {dag.py:3096} INFO - Sync 1 DAGs
[2025-09-08T02:23:41.054+0000] {logging_mixin.py:188} INFO - [2025-09-08T02:23:41.053+0000] {dag.py:3954} INFO - Setting next_dagrun for stock_data_pipeline to 2025-09-08 02:20:00+00:00, run_after=2025-09-08 02:25:00+00:00
[2025-09-08T02:23:41.162+0000] {processor.py:183} INFO - Processing /opt/airflow/dags/stock_pipeline_dag.py took 0.543 seconds
[2025-09-08T02:24:11.454+0000] {processor.py:161} INFO - Started process (PID=191) to work on /opt/airflow/dags/stock_pipeline_dag.py
[2025-09-08T02:24:11.459+0000] {processor.py:830} INFO - Processing file /opt/airflow/dags/stock_pipeline_dag.py for tasks to queue
[2025-09-08T02:24:11.467+0000] {logging_mixin.py:188} INFO - [2025-09-08T02:24:11.465+0000] {dagbag.py:545} INFO - Filling up the DagBag from /opt/airflow/dags/stock_pipeline_dag.py
[2025-09-08T02:24:11.571+0000] {processor.py:840} INFO - DAG(s) 'stock_data_pipeline' retrieved from /opt/airflow/dags/stock_pipeline_dag.py
[2025-09-08T02:24:11.701+0000] {logging_mixin.py:188} INFO - [2025-09-08T02:24:11.700+0000] {dag.py:3096} INFO - Sync 1 DAGs
[2025-09-08T02:24:12.076+0000] {logging_mixin.py:188} INFO - [2025-09-08T02:24:12.075+0000] {dag.py:3954} INFO - Setting next_dagrun for stock_data_pipeline to 2025-09-08 02:20:00+00:00, run_after=2025-09-08 02:25:00+00:00
[2025-09-08T02:24:12.127+0000] {processor.py:183} INFO - Processing /opt/airflow/dags/stock_pipeline_dag.py took 0.703 seconds
[2025-09-08T02:24:42.780+0000] {processor.py:161} INFO - Started process (PID=196) to work on /opt/airflow/dags/stock_pipeline_dag.py
[2025-09-08T02:24:42.785+0000] {processor.py:830} INFO - Processing file /opt/airflow/dags/stock_pipeline_dag.py for tasks to queue
[2025-09-08T02:24:42.802+0000] {logging_mixin.py:188} INFO - [2025-09-08T02:24:42.796+0000] {dagbag.py:545} INFO - Filling up the DagBag from /opt/airflow/dags/stock_pipeline_dag.py
[2025-09-08T02:24:42.882+0000] {processor.py:840} INFO - DAG(s) 'stock_data_pipeline' retrieved from /opt/airflow/dags/stock_pipeline_dag.py
[2025-09-08T02:24:42.951+0000] {logging_mixin.py:188} INFO - [2025-09-08T02:24:42.951+0000] {dag.py:3096} INFO - Sync 1 DAGs
[2025-09-08T02:24:43.276+0000] {logging_mixin.py:188} INFO - [2025-09-08T02:24:43.275+0000] {dag.py:3954} INFO - Setting next_dagrun for stock_data_pipeline to 2025-09-08 02:20:00+00:00, run_after=2025-09-08 02:25:00+00:00
[2025-09-08T02:24:43.328+0000] {processor.py:183} INFO - Processing /opt/airflow/dags/stock_pipeline_dag.py took 0.580 seconds
[2025-09-08T02:25:13.626+0000] {processor.py:161} INFO - Started process (PID=203) to work on /opt/airflow/dags/stock_pipeline_dag.py
[2025-09-08T02:25:13.630+0000] {processor.py:830} INFO - Processing file /opt/airflow/dags/stock_pipeline_dag.py for tasks to queue
[2025-09-08T02:25:13.640+0000] {logging_mixin.py:188} INFO - [2025-09-08T02:25:13.638+0000] {dagbag.py:545} INFO - Filling up the DagBag from /opt/airflow/dags/stock_pipeline_dag.py
[2025-09-08T02:25:13.758+0000] {processor.py:840} INFO - DAG(s) 'stock_data_pipeline' retrieved from /opt/airflow/dags/stock_pipeline_dag.py
[2025-09-08T02:25:14.114+0000] {logging_mixin.py:188} INFO - [2025-09-08T02:25:14.114+0000] {dag.py:3096} INFO - Sync 1 DAGs
[2025-09-08T02:25:14.215+0000] {logging_mixin.py:188} INFO - [2025-09-08T02:25:14.213+0000] {dag.py:3954} INFO - Setting next_dagrun for stock_data_pipeline to 2025-09-08 02:25:00+00:00, run_after=2025-09-08 02:30:00+00:00
[2025-09-08T02:25:14.308+0000] {processor.py:183} INFO - Processing /opt/airflow/dags/stock_pipeline_dag.py took 0.711 seconds
[2025-09-08T04:27:07.325+0000] {processor.py:161} INFO - Started process (PID=163) to work on /opt/airflow/dags/stock_pipeline_dag.py
[2025-09-08T04:27:07.329+0000] {processor.py:830} INFO - Processing file /opt/airflow/dags/stock_pipeline_dag.py for tasks to queue
[2025-09-08T04:27:07.334+0000] {logging_mixin.py:188} INFO - [2025-09-08T04:27:07.333+0000] {dagbag.py:545} INFO - Filling up the DagBag from /opt/airflow/dags/stock_pipeline_dag.py
[2025-09-08T04:27:07.385+0000] {processor.py:840} INFO - DAG(s) 'stock_data_pipeline' retrieved from /opt/airflow/dags/stock_pipeline_dag.py
[2025-09-08T04:27:07.445+0000] {logging_mixin.py:188} INFO - [2025-09-08T04:27:07.445+0000] {dag.py:3096} INFO - Sync 1 DAGs
[2025-09-08T04:27:07.502+0000] {logging_mixin.py:188} INFO - [2025-09-08T04:27:07.501+0000] {dag.py:3954} INFO - Setting next_dagrun for stock_data_pipeline to 2025-09-08 04:25:00+00:00, run_after=2025-09-08 04:30:00+00:00
[2025-09-08T04:27:07.615+0000] {processor.py:183} INFO - Processing /opt/airflow/dags/stock_pipeline_dag.py took 0.305 seconds
[2025-09-08T04:27:37.855+0000] {processor.py:161} INFO - Started process (PID=171) to work on /opt/airflow/dags/stock_pipeline_dag.py
[2025-09-08T04:27:37.859+0000] {processor.py:830} INFO - Processing file /opt/airflow/dags/stock_pipeline_dag.py for tasks to queue
[2025-09-08T04:27:37.870+0000] {logging_mixin.py:188} INFO - [2025-09-08T04:27:37.868+0000] {dagbag.py:545} INFO - Filling up the DagBag from /opt/airflow/dags/stock_pipeline_dag.py
[2025-09-08T04:27:37.983+0000] {processor.py:840} INFO - DAG(s) 'stock_data_pipeline' retrieved from /opt/airflow/dags/stock_pipeline_dag.py
[2025-09-08T04:27:38.558+0000] {logging_mixin.py:188} INFO - [2025-09-08T04:27:38.558+0000] {dag.py:3096} INFO - Sync 1 DAGs
[2025-09-08T04:27:38.925+0000] {logging_mixin.py:188} INFO - [2025-09-08T04:27:38.925+0000] {dag.py:3954} INFO - Setting next_dagrun for stock_data_pipeline to 2025-09-08 04:25:00+00:00, run_after=2025-09-08 04:30:00+00:00
[2025-09-08T04:27:38.970+0000] {processor.py:183} INFO - Processing /opt/airflow/dags/stock_pipeline_dag.py took 1.147 seconds
[2025-09-08T04:28:09.278+0000] {processor.py:161} INFO - Started process (PID=176) to work on /opt/airflow/dags/stock_pipeline_dag.py
[2025-09-08T04:28:09.282+0000] {processor.py:830} INFO - Processing file /opt/airflow/dags/stock_pipeline_dag.py for tasks to queue
[2025-09-08T04:28:09.288+0000] {logging_mixin.py:188} INFO - [2025-09-08T04:28:09.287+0000] {dagbag.py:545} INFO - Filling up the DagBag from /opt/airflow/dags/stock_pipeline_dag.py
[2025-09-08T04:28:09.345+0000] {processor.py:840} INFO - DAG(s) 'stock_data_pipeline' retrieved from /opt/airflow/dags/stock_pipeline_dag.py
[2025-09-08T04:28:09.412+0000] {logging_mixin.py:188} INFO - [2025-09-08T04:28:09.410+0000] {dag.py:3096} INFO - Sync 1 DAGs
[2025-09-08T04:28:09.482+0000] {logging_mixin.py:188} INFO - [2025-09-08T04:28:09.481+0000] {dag.py:3954} INFO - Setting next_dagrun for stock_data_pipeline to 2025-09-08 04:25:00+00:00, run_after=2025-09-08 04:30:00+00:00
[2025-09-08T04:28:09.530+0000] {processor.py:183} INFO - Processing /opt/airflow/dags/stock_pipeline_dag.py took 0.278 seconds
[2025-09-08T04:28:39.779+0000] {processor.py:161} INFO - Started process (PID=181) to work on /opt/airflow/dags/stock_pipeline_dag.py
[2025-09-08T04:28:39.781+0000] {processor.py:830} INFO - Processing file /opt/airflow/dags/stock_pipeline_dag.py for tasks to queue
[2025-09-08T04:28:39.786+0000] {logging_mixin.py:188} INFO - [2025-09-08T04:28:39.785+0000] {dagbag.py:545} INFO - Filling up the DagBag from /opt/airflow/dags/stock_pipeline_dag.py
[2025-09-08T04:28:39.876+0000] {processor.py:840} INFO - DAG(s) 'stock_data_pipeline' retrieved from /opt/airflow/dags/stock_pipeline_dag.py
[2025-09-08T04:28:39.988+0000] {logging_mixin.py:188} INFO - [2025-09-08T04:28:39.987+0000] {dag.py:3096} INFO - Sync 1 DAGs
[2025-09-08T04:28:40.055+0000] {logging_mixin.py:188} INFO - [2025-09-08T04:28:40.055+0000] {dag.py:3954} INFO - Setting next_dagrun for stock_data_pipeline to 2025-09-08 04:25:00+00:00, run_after=2025-09-08 04:30:00+00:00
[2025-09-08T04:28:40.120+0000] {processor.py:183} INFO - Processing /opt/airflow/dags/stock_pipeline_dag.py took 0.358 seconds
[2025-09-08T04:29:10.438+0000] {processor.py:161} INFO - Started process (PID=186) to work on /opt/airflow/dags/stock_pipeline_dag.py
[2025-09-08T04:29:10.443+0000] {processor.py:830} INFO - Processing file /opt/airflow/dags/stock_pipeline_dag.py for tasks to queue
[2025-09-08T04:29:10.451+0000] {logging_mixin.py:188} INFO - [2025-09-08T04:29:10.449+0000] {dagbag.py:545} INFO - Filling up the DagBag from /opt/airflow/dags/stock_pipeline_dag.py
[2025-09-08T04:29:10.562+0000] {processor.py:840} INFO - DAG(s) 'stock_data_pipeline' retrieved from /opt/airflow/dags/stock_pipeline_dag.py
[2025-09-08T04:29:10.687+0000] {logging_mixin.py:188} INFO - [2025-09-08T04:29:10.686+0000] {dag.py:3096} INFO - Sync 1 DAGs
[2025-09-08T04:29:10.793+0000] {logging_mixin.py:188} INFO - [2025-09-08T04:29:10.792+0000] {dag.py:3954} INFO - Setting next_dagrun for stock_data_pipeline to 2025-09-08 04:25:00+00:00, run_after=2025-09-08 04:30:00+00:00
[2025-09-08T04:29:10.876+0000] {processor.py:183} INFO - Processing /opt/airflow/dags/stock_pipeline_dag.py took 0.463 seconds
[2025-09-08T04:29:41.156+0000] {processor.py:161} INFO - Started process (PID=191) to work on /opt/airflow/dags/stock_pipeline_dag.py
[2025-09-08T04:29:41.161+0000] {processor.py:830} INFO - Processing file /opt/airflow/dags/stock_pipeline_dag.py for tasks to queue
[2025-09-08T04:29:41.170+0000] {logging_mixin.py:188} INFO - [2025-09-08T04:29:41.168+0000] {dagbag.py:545} INFO - Filling up the DagBag from /opt/airflow/dags/stock_pipeline_dag.py
[2025-09-08T04:29:41.290+0000] {processor.py:840} INFO - DAG(s) 'stock_data_pipeline' retrieved from /opt/airflow/dags/stock_pipeline_dag.py
[2025-09-08T04:29:41.429+0000] {logging_mixin.py:188} INFO - [2025-09-08T04:29:41.428+0000] {dag.py:3096} INFO - Sync 1 DAGs
[2025-09-08T04:29:41.556+0000] {logging_mixin.py:188} INFO - [2025-09-08T04:29:41.555+0000] {dag.py:3954} INFO - Setting next_dagrun for stock_data_pipeline to 2025-09-08 04:25:00+00:00, run_after=2025-09-08 04:30:00+00:00
[2025-09-08T04:29:41.659+0000] {processor.py:183} INFO - Processing /opt/airflow/dags/stock_pipeline_dag.py took 0.532 seconds
[2025-09-08T04:30:11.906+0000] {processor.py:161} INFO - Started process (PID=198) to work on /opt/airflow/dags/stock_pipeline_dag.py
[2025-09-08T04:30:11.910+0000] {processor.py:830} INFO - Processing file /opt/airflow/dags/stock_pipeline_dag.py for tasks to queue
[2025-09-08T04:30:11.918+0000] {logging_mixin.py:188} INFO - [2025-09-08T04:30:11.917+0000] {dagbag.py:545} INFO - Filling up the DagBag from /opt/airflow/dags/stock_pipeline_dag.py
[2025-09-08T04:30:12.024+0000] {processor.py:840} INFO - DAG(s) 'stock_data_pipeline' retrieved from /opt/airflow/dags/stock_pipeline_dag.py
[2025-09-08T04:30:12.145+0000] {logging_mixin.py:188} INFO - [2025-09-08T04:30:12.144+0000] {dag.py:3096} INFO - Sync 1 DAGs
[2025-09-08T04:30:12.248+0000] {logging_mixin.py:188} INFO - [2025-09-08T04:30:12.247+0000] {dag.py:3954} INFO - Setting next_dagrun for stock_data_pipeline to 2025-09-08 04:30:00+00:00, run_after=2025-09-08 04:35:00+00:00
[2025-09-08T04:30:12.336+0000] {processor.py:183} INFO - Processing /opt/airflow/dags/stock_pipeline_dag.py took 0.454 seconds
[2025-09-08T04:30:42.655+0000] {processor.py:161} INFO - Started process (PID=203) to work on /opt/airflow/dags/stock_pipeline_dag.py
[2025-09-08T04:30:42.660+0000] {processor.py:830} INFO - Processing file /opt/airflow/dags/stock_pipeline_dag.py for tasks to queue
[2025-09-08T04:30:42.670+0000] {logging_mixin.py:188} INFO - [2025-09-08T04:30:42.669+0000] {dagbag.py:545} INFO - Filling up the DagBag from /opt/airflow/dags/stock_pipeline_dag.py
[2025-09-08T04:30:42.774+0000] {processor.py:840} INFO - DAG(s) 'stock_data_pipeline' retrieved from /opt/airflow/dags/stock_pipeline_dag.py
[2025-09-08T04:30:42.894+0000] {logging_mixin.py:188} INFO - [2025-09-08T04:30:42.893+0000] {dag.py:3096} INFO - Sync 1 DAGs
[2025-09-08T04:30:43.034+0000] {logging_mixin.py:188} INFO - [2025-09-08T04:30:43.033+0000] {dag.py:3954} INFO - Setting next_dagrun for stock_data_pipeline to 2025-09-08 04:30:00+00:00, run_after=2025-09-08 04:35:00+00:00
[2025-09-08T04:30:43.467+0000] {processor.py:183} INFO - Processing /opt/airflow/dags/stock_pipeline_dag.py took 0.842 seconds
[2025-09-08T04:31:14.181+0000] {processor.py:161} INFO - Started process (PID=208) to work on /opt/airflow/dags/stock_pipeline_dag.py
[2025-09-08T04:31:14.186+0000] {processor.py:830} INFO - Processing file /opt/airflow/dags/stock_pipeline_dag.py for tasks to queue
[2025-09-08T04:31:14.194+0000] {logging_mixin.py:188} INFO - [2025-09-08T04:31:14.193+0000] {dagbag.py:545} INFO - Filling up the DagBag from /opt/airflow/dags/stock_pipeline_dag.py
[2025-09-08T04:31:14.303+0000] {processor.py:840} INFO - DAG(s) 'stock_data_pipeline' retrieved from /opt/airflow/dags/stock_pipeline_dag.py
[2025-09-08T04:31:14.419+0000] {logging_mixin.py:188} INFO - [2025-09-08T04:31:14.418+0000] {dag.py:3096} INFO - Sync 1 DAGs
[2025-09-08T04:31:15.096+0000] {logging_mixin.py:188} INFO - [2025-09-08T04:31:15.095+0000] {dag.py:3954} INFO - Setting next_dagrun for stock_data_pipeline to 2025-09-08 04:30:00+00:00, run_after=2025-09-08 04:35:00+00:00
[2025-09-08T04:31:15.183+0000] {processor.py:183} INFO - Processing /opt/airflow/dags/stock_pipeline_dag.py took 1.035 seconds
[2025-09-08T04:31:45.629+0000] {processor.py:161} INFO - Started process (PID=213) to work on /opt/airflow/dags/stock_pipeline_dag.py
[2025-09-08T04:31:45.633+0000] {processor.py:830} INFO - Processing file /opt/airflow/dags/stock_pipeline_dag.py for tasks to queue
[2025-09-08T04:31:45.641+0000] {logging_mixin.py:188} INFO - [2025-09-08T04:31:45.640+0000] {dagbag.py:545} INFO - Filling up the DagBag from /opt/airflow/dags/stock_pipeline_dag.py
[2025-09-08T04:31:45.742+0000] {processor.py:840} INFO - DAG(s) 'stock_data_pipeline' retrieved from /opt/airflow/dags/stock_pipeline_dag.py
[2025-09-08T04:31:45.858+0000] {logging_mixin.py:188} INFO - [2025-09-08T04:31:45.856+0000] {dag.py:3096} INFO - Sync 1 DAGs
[2025-09-08T04:31:46.126+0000] {logging_mixin.py:188} INFO - [2025-09-08T04:31:46.125+0000] {dag.py:3954} INFO - Setting next_dagrun for stock_data_pipeline to 2025-09-08 04:30:00+00:00, run_after=2025-09-08 04:35:00+00:00
[2025-09-08T04:31:46.174+0000] {processor.py:183} INFO - Processing /opt/airflow/dags/stock_pipeline_dag.py took 0.568 seconds
[2025-09-08T04:32:16.895+0000] {processor.py:161} INFO - Started process (PID=218) to work on /opt/airflow/dags/stock_pipeline_dag.py
[2025-09-08T04:32:16.897+0000] {processor.py:830} INFO - Processing file /opt/airflow/dags/stock_pipeline_dag.py for tasks to queue
[2025-09-08T04:32:16.901+0000] {logging_mixin.py:188} INFO - [2025-09-08T04:32:16.900+0000] {dagbag.py:545} INFO - Filling up the DagBag from /opt/airflow/dags/stock_pipeline_dag.py
[2025-09-08T04:32:16.949+0000] {processor.py:840} INFO - DAG(s) 'stock_data_pipeline' retrieved from /opt/airflow/dags/stock_pipeline_dag.py
[2025-09-08T04:32:17.275+0000] {logging_mixin.py:188} INFO - [2025-09-08T04:32:17.275+0000] {dag.py:3096} INFO - Sync 1 DAGs
[2025-09-08T04:32:17.327+0000] {logging_mixin.py:188} INFO - [2025-09-08T04:32:17.327+0000] {dag.py:3954} INFO - Setting next_dagrun for stock_data_pipeline to 2025-09-08 04:30:00+00:00, run_after=2025-09-08 04:35:00+00:00
[2025-09-08T04:32:17.378+0000] {processor.py:183} INFO - Processing /opt/airflow/dags/stock_pipeline_dag.py took 0.494 seconds
[2025-09-08T04:32:47.884+0000] {processor.py:161} INFO - Started process (PID=223) to work on /opt/airflow/dags/stock_pipeline_dag.py
[2025-09-08T04:32:47.889+0000] {processor.py:830} INFO - Processing file /opt/airflow/dags/stock_pipeline_dag.py for tasks to queue
[2025-09-08T04:32:47.901+0000] {logging_mixin.py:188} INFO - [2025-09-08T04:32:47.899+0000] {dagbag.py:545} INFO - Filling up the DagBag from /opt/airflow/dags/stock_pipeline_dag.py
[2025-09-08T04:32:48.015+0000] {processor.py:840} INFO - DAG(s) 'stock_data_pipeline' retrieved from /opt/airflow/dags/stock_pipeline_dag.py
[2025-09-08T04:32:48.145+0000] {logging_mixin.py:188} INFO - [2025-09-08T04:32:48.144+0000] {dag.py:3096} INFO - Sync 1 DAGs
[2025-09-08T04:32:48.260+0000] {logging_mixin.py:188} INFO - [2025-09-08T04:32:48.259+0000] {dag.py:3954} INFO - Setting next_dagrun for stock_data_pipeline to 2025-09-08 04:30:00+00:00, run_after=2025-09-08 04:35:00+00:00
[2025-09-08T04:32:48.354+0000] {processor.py:183} INFO - Processing /opt/airflow/dags/stock_pipeline_dag.py took 0.500 seconds
[2025-09-08T04:33:18.981+0000] {processor.py:161} INFO - Started process (PID=228) to work on /opt/airflow/dags/stock_pipeline_dag.py
[2025-09-08T04:33:18.986+0000] {processor.py:830} INFO - Processing file /opt/airflow/dags/stock_pipeline_dag.py for tasks to queue
[2025-09-08T04:33:18.994+0000] {logging_mixin.py:188} INFO - [2025-09-08T04:33:18.992+0000] {dagbag.py:545} INFO - Filling up the DagBag from /opt/airflow/dags/stock_pipeline_dag.py
[2025-09-08T04:33:19.108+0000] {processor.py:840} INFO - DAG(s) 'stock_data_pipeline' retrieved from /opt/airflow/dags/stock_pipeline_dag.py
[2025-09-08T04:33:19.245+0000] {logging_mixin.py:188} INFO - [2025-09-08T04:33:19.244+0000] {dag.py:3096} INFO - Sync 1 DAGs
[2025-09-08T04:33:19.415+0000] {logging_mixin.py:188} INFO - [2025-09-08T04:33:19.414+0000] {dag.py:3954} INFO - Setting next_dagrun for stock_data_pipeline to 2025-09-08 04:30:00+00:00, run_after=2025-09-08 04:35:00+00:00
[2025-09-08T04:33:19.508+0000] {processor.py:183} INFO - Processing /opt/airflow/dags/stock_pipeline_dag.py took 0.553 seconds
[2025-09-08T04:33:49.968+0000] {processor.py:161} INFO - Started process (PID=233) to work on /opt/airflow/dags/stock_pipeline_dag.py
[2025-09-08T04:33:49.972+0000] {processor.py:830} INFO - Processing file /opt/airflow/dags/stock_pipeline_dag.py for tasks to queue
[2025-09-08T04:33:49.980+0000] {logging_mixin.py:188} INFO - [2025-09-08T04:33:49.978+0000] {dagbag.py:545} INFO - Filling up the DagBag from /opt/airflow/dags/stock_pipeline_dag.py
[2025-09-08T04:33:50.090+0000] {processor.py:840} INFO - DAG(s) 'stock_data_pipeline' retrieved from /opt/airflow/dags/stock_pipeline_dag.py
[2025-09-08T04:33:50.221+0000] {logging_mixin.py:188} INFO - [2025-09-08T04:33:50.220+0000] {dag.py:3096} INFO - Sync 1 DAGs
[2025-09-08T04:33:50.341+0000] {logging_mixin.py:188} INFO - [2025-09-08T04:33:50.340+0000] {dag.py:3954} INFO - Setting next_dagrun for stock_data_pipeline to 2025-09-08 04:30:00+00:00, run_after=2025-09-08 04:35:00+00:00
[2025-09-08T04:33:50.428+0000] {processor.py:183} INFO - Processing /opt/airflow/dags/stock_pipeline_dag.py took 0.484 seconds
[2025-09-08T04:34:21.055+0000] {processor.py:161} INFO - Started process (PID=238) to work on /opt/airflow/dags/stock_pipeline_dag.py
[2025-09-08T04:34:21.060+0000] {processor.py:830} INFO - Processing file /opt/airflow/dags/stock_pipeline_dag.py for tasks to queue
[2025-09-08T04:34:21.069+0000] {logging_mixin.py:188} INFO - [2025-09-08T04:34:21.067+0000] {dagbag.py:545} INFO - Filling up the DagBag from /opt/airflow/dags/stock_pipeline_dag.py
[2025-09-08T04:34:21.168+0000] {processor.py:840} INFO - DAG(s) 'stock_data_pipeline' retrieved from /opt/airflow/dags/stock_pipeline_dag.py
[2025-09-08T04:34:21.310+0000] {logging_mixin.py:188} INFO - [2025-09-08T04:34:21.309+0000] {dag.py:3096} INFO - Sync 1 DAGs
[2025-09-08T04:34:21.432+0000] {logging_mixin.py:188} INFO - [2025-09-08T04:34:21.431+0000] {dag.py:3954} INFO - Setting next_dagrun for stock_data_pipeline to 2025-09-08 04:30:00+00:00, run_after=2025-09-08 04:35:00+00:00
[2025-09-08T04:34:21.525+0000] {processor.py:183} INFO - Processing /opt/airflow/dags/stock_pipeline_dag.py took 0.502 seconds
[2025-09-08T04:34:51.884+0000] {processor.py:161} INFO - Started process (PID=243) to work on /opt/airflow/dags/stock_pipeline_dag.py
[2025-09-08T04:34:51.887+0000] {processor.py:830} INFO - Processing file /opt/airflow/dags/stock_pipeline_dag.py for tasks to queue
[2025-09-08T04:34:51.892+0000] {logging_mixin.py:188} INFO - [2025-09-08T04:34:51.891+0000] {dagbag.py:545} INFO - Filling up the DagBag from /opt/airflow/dags/stock_pipeline_dag.py
[2025-09-08T04:34:51.952+0000] {processor.py:840} INFO - DAG(s) 'stock_data_pipeline' retrieved from /opt/airflow/dags/stock_pipeline_dag.py
[2025-09-08T04:34:52.043+0000] {logging_mixin.py:188} INFO - [2025-09-08T04:34:52.043+0000] {dag.py:3096} INFO - Sync 1 DAGs
[2025-09-08T04:34:52.125+0000] {logging_mixin.py:188} INFO - [2025-09-08T04:34:52.125+0000] {dag.py:3954} INFO - Setting next_dagrun for stock_data_pipeline to 2025-09-08 04:30:00+00:00, run_after=2025-09-08 04:35:00+00:00
[2025-09-08T04:34:52.184+0000] {processor.py:183} INFO - Processing /opt/airflow/dags/stock_pipeline_dag.py took 0.314 seconds
[2025-09-08T04:35:22.319+0000] {processor.py:161} INFO - Started process (PID=250) to work on /opt/airflow/dags/stock_pipeline_dag.py
[2025-09-08T04:35:22.321+0000] {processor.py:830} INFO - Processing file /opt/airflow/dags/stock_pipeline_dag.py for tasks to queue
[2025-09-08T04:35:22.326+0000] {logging_mixin.py:188} INFO - [2025-09-08T04:35:22.325+0000] {dagbag.py:545} INFO - Filling up the DagBag from /opt/airflow/dags/stock_pipeline_dag.py
[2025-09-08T04:35:22.393+0000] {processor.py:840} INFO - DAG(s) 'stock_data_pipeline' retrieved from /opt/airflow/dags/stock_pipeline_dag.py
[2025-09-08T04:35:22.468+0000] {logging_mixin.py:188} INFO - [2025-09-08T04:35:22.467+0000] {dag.py:3096} INFO - Sync 1 DAGs
[2025-09-08T04:35:22.539+0000] {logging_mixin.py:188} INFO - [2025-09-08T04:35:22.538+0000] {dag.py:3954} INFO - Setting next_dagrun for stock_data_pipeline to 2025-09-08 04:35:00+00:00, run_after=2025-09-08 04:40:00+00:00
[2025-09-08T04:35:22.598+0000] {processor.py:183} INFO - Processing /opt/airflow/dags/stock_pipeline_dag.py took 0.294 seconds
[2025-09-08T04:35:52.992+0000] {processor.py:161} INFO - Started process (PID=255) to work on /opt/airflow/dags/stock_pipeline_dag.py
[2025-09-08T04:35:52.996+0000] {processor.py:830} INFO - Processing file /opt/airflow/dags/stock_pipeline_dag.py for tasks to queue
[2025-09-08T04:35:53.004+0000] {logging_mixin.py:188} INFO - [2025-09-08T04:35:53.003+0000] {dagbag.py:545} INFO - Filling up the DagBag from /opt/airflow/dags/stock_pipeline_dag.py
[2025-09-08T04:35:53.109+0000] {processor.py:840} INFO - DAG(s) 'stock_data_pipeline' retrieved from /opt/airflow/dags/stock_pipeline_dag.py
[2025-09-08T04:35:53.237+0000] {logging_mixin.py:188} INFO - [2025-09-08T04:35:53.237+0000] {dag.py:3096} INFO - Sync 1 DAGs
[2025-09-08T04:35:53.355+0000] {logging_mixin.py:188} INFO - [2025-09-08T04:35:53.355+0000] {dag.py:3954} INFO - Setting next_dagrun for stock_data_pipeline to 2025-09-08 04:35:00+00:00, run_after=2025-09-08 04:40:00+00:00
[2025-09-08T04:35:53.449+0000] {processor.py:183} INFO - Processing /opt/airflow/dags/stock_pipeline_dag.py took 0.481 seconds
[2025-09-08T04:36:24.042+0000] {processor.py:161} INFO - Started process (PID=260) to work on /opt/airflow/dags/stock_pipeline_dag.py
[2025-09-08T04:36:24.046+0000] {processor.py:830} INFO - Processing file /opt/airflow/dags/stock_pipeline_dag.py for tasks to queue
[2025-09-08T04:36:24.054+0000] {logging_mixin.py:188} INFO - [2025-09-08T04:36:24.053+0000] {dagbag.py:545} INFO - Filling up the DagBag from /opt/airflow/dags/stock_pipeline_dag.py
[2025-09-08T04:36:24.169+0000] {processor.py:840} INFO - DAG(s) 'stock_data_pipeline' retrieved from /opt/airflow/dags/stock_pipeline_dag.py
[2025-09-08T04:36:24.285+0000] {logging_mixin.py:188} INFO - [2025-09-08T04:36:24.284+0000] {dag.py:3096} INFO - Sync 1 DAGs
[2025-09-08T04:36:24.345+0000] {logging_mixin.py:188} INFO - [2025-09-08T04:36:24.344+0000] {dag.py:3954} INFO - Setting next_dagrun for stock_data_pipeline to 2025-09-08 04:35:00+00:00, run_after=2025-09-08 04:40:00+00:00
[2025-09-08T04:36:24.386+0000] {processor.py:183} INFO - Processing /opt/airflow/dags/stock_pipeline_dag.py took 0.369 seconds
[2025-09-08T04:36:54.885+0000] {processor.py:161} INFO - Started process (PID=265) to work on /opt/airflow/dags/stock_pipeline_dag.py
[2025-09-08T04:36:54.890+0000] {processor.py:830} INFO - Processing file /opt/airflow/dags/stock_pipeline_dag.py for tasks to queue
[2025-09-08T04:36:54.899+0000] {logging_mixin.py:188} INFO - [2025-09-08T04:36:54.897+0000] {dagbag.py:545} INFO - Filling up the DagBag from /opt/airflow/dags/stock_pipeline_dag.py
[2025-09-08T04:36:55.019+0000] {processor.py:840} INFO - DAG(s) 'stock_data_pipeline' retrieved from /opt/airflow/dags/stock_pipeline_dag.py
[2025-09-08T04:36:55.148+0000] {logging_mixin.py:188} INFO - [2025-09-08T04:36:55.147+0000] {dag.py:3096} INFO - Sync 1 DAGs
[2025-09-08T04:36:55.283+0000] {logging_mixin.py:188} INFO - [2025-09-08T04:36:55.282+0000] {dag.py:3954} INFO - Setting next_dagrun for stock_data_pipeline to 2025-09-08 04:35:00+00:00, run_after=2025-09-08 04:40:00+00:00
[2025-09-08T04:36:55.334+0000] {processor.py:183} INFO - Processing /opt/airflow/dags/stock_pipeline_dag.py took 0.474 seconds
[2025-09-08T04:37:25.530+0000] {processor.py:161} INFO - Started process (PID=270) to work on /opt/airflow/dags/stock_pipeline_dag.py
[2025-09-08T04:37:25.537+0000] {processor.py:830} INFO - Processing file /opt/airflow/dags/stock_pipeline_dag.py for tasks to queue
[2025-09-08T04:37:25.549+0000] {logging_mixin.py:188} INFO - [2025-09-08T04:37:25.547+0000] {dagbag.py:545} INFO - Filling up the DagBag from /opt/airflow/dags/stock_pipeline_dag.py
[2025-09-08T04:37:25.655+0000] {processor.py:840} INFO - DAG(s) 'stock_data_pipeline' retrieved from /opt/airflow/dags/stock_pipeline_dag.py
[2025-09-08T04:37:25.777+0000] {logging_mixin.py:188} INFO - [2025-09-08T04:37:25.776+0000] {dag.py:3096} INFO - Sync 1 DAGs
[2025-09-08T04:37:25.902+0000] {logging_mixin.py:188} INFO - [2025-09-08T04:37:25.901+0000] {dag.py:3954} INFO - Setting next_dagrun for stock_data_pipeline to 2025-09-08 04:35:00+00:00, run_after=2025-09-08 04:40:00+00:00
[2025-09-08T04:37:25.988+0000] {processor.py:183} INFO - Processing /opt/airflow/dags/stock_pipeline_dag.py took 0.500 seconds
[2025-09-08T04:37:56.282+0000] {processor.py:161} INFO - Started process (PID=275) to work on /opt/airflow/dags/stock_pipeline_dag.py
[2025-09-08T04:37:56.284+0000] {processor.py:830} INFO - Processing file /opt/airflow/dags/stock_pipeline_dag.py for tasks to queue
[2025-09-08T04:37:56.289+0000] {logging_mixin.py:188} INFO - [2025-09-08T04:37:56.288+0000] {dagbag.py:545} INFO - Filling up the DagBag from /opt/airflow/dags/stock_pipeline_dag.py
[2025-09-08T04:37:56.454+0000] {processor.py:840} INFO - DAG(s) 'stock_data_pipeline' retrieved from /opt/airflow/dags/stock_pipeline_dag.py
[2025-09-08T04:37:56.570+0000] {logging_mixin.py:188} INFO - [2025-09-08T04:37:56.570+0000] {dag.py:3096} INFO - Sync 1 DAGs
[2025-09-08T04:37:56.671+0000] {logging_mixin.py:188} INFO - [2025-09-08T04:37:56.670+0000] {dag.py:3954} INFO - Setting next_dagrun for stock_data_pipeline to 2025-09-08 04:35:00+00:00, run_after=2025-09-08 04:40:00+00:00
[2025-09-08T04:37:56.740+0000] {processor.py:183} INFO - Processing /opt/airflow/dags/stock_pipeline_dag.py took 0.479 seconds
[2025-09-08T04:38:26.979+0000] {processor.py:161} INFO - Started process (PID=280) to work on /opt/airflow/dags/stock_pipeline_dag.py
[2025-09-08T04:38:26.984+0000] {processor.py:830} INFO - Processing file /opt/airflow/dags/stock_pipeline_dag.py for tasks to queue
[2025-09-08T04:38:26.991+0000] {logging_mixin.py:188} INFO - [2025-09-08T04:38:26.990+0000] {dagbag.py:545} INFO - Filling up the DagBag from /opt/airflow/dags/stock_pipeline_dag.py
[2025-09-08T04:38:27.094+0000] {processor.py:840} INFO - DAG(s) 'stock_data_pipeline' retrieved from /opt/airflow/dags/stock_pipeline_dag.py
[2025-09-08T04:38:27.221+0000] {logging_mixin.py:188} INFO - [2025-09-08T04:38:27.219+0000] {dag.py:3096} INFO - Sync 1 DAGs
[2025-09-08T04:38:27.291+0000] {logging_mixin.py:188} INFO - [2025-09-08T04:38:27.290+0000] {dag.py:3954} INFO - Setting next_dagrun for stock_data_pipeline to 2025-09-08 04:35:00+00:00, run_after=2025-09-08 04:40:00+00:00
[2025-09-08T04:38:27.341+0000] {processor.py:183} INFO - Processing /opt/airflow/dags/stock_pipeline_dag.py took 0.387 seconds
[2025-09-08T04:38:57.641+0000] {processor.py:161} INFO - Started process (PID=285) to work on /opt/airflow/dags/stock_pipeline_dag.py
[2025-09-08T04:38:57.643+0000] {processor.py:830} INFO - Processing file /opt/airflow/dags/stock_pipeline_dag.py for tasks to queue
[2025-09-08T04:38:57.647+0000] {logging_mixin.py:188} INFO - [2025-09-08T04:38:57.646+0000] {dagbag.py:545} INFO - Filling up the DagBag from /opt/airflow/dags/stock_pipeline_dag.py
[2025-09-08T04:38:57.702+0000] {processor.py:840} INFO - DAG(s) 'stock_data_pipeline' retrieved from /opt/airflow/dags/stock_pipeline_dag.py
[2025-09-08T04:38:57.771+0000] {logging_mixin.py:188} INFO - [2025-09-08T04:38:57.771+0000] {dag.py:3096} INFO - Sync 1 DAGs
[2025-09-08T04:38:57.834+0000] {logging_mixin.py:188} INFO - [2025-09-08T04:38:57.834+0000] {dag.py:3954} INFO - Setting next_dagrun for stock_data_pipeline to 2025-09-08 04:35:00+00:00, run_after=2025-09-08 04:40:00+00:00
[2025-09-08T04:38:57.890+0000] {processor.py:183} INFO - Processing /opt/airflow/dags/stock_pipeline_dag.py took 0.263 seconds
[2025-09-08T04:39:28.391+0000] {processor.py:161} INFO - Started process (PID=290) to work on /opt/airflow/dags/stock_pipeline_dag.py
[2025-09-08T04:39:28.396+0000] {processor.py:830} INFO - Processing file /opt/airflow/dags/stock_pipeline_dag.py for tasks to queue
[2025-09-08T04:39:28.407+0000] {logging_mixin.py:188} INFO - [2025-09-08T04:39:28.405+0000] {dagbag.py:545} INFO - Filling up the DagBag from /opt/airflow/dags/stock_pipeline_dag.py
[2025-09-08T04:39:28.532+0000] {processor.py:840} INFO - DAG(s) 'stock_data_pipeline' retrieved from /opt/airflow/dags/stock_pipeline_dag.py
[2025-09-08T04:39:28.649+0000] {logging_mixin.py:188} INFO - [2025-09-08T04:39:28.648+0000] {dag.py:3096} INFO - Sync 1 DAGs
[2025-09-08T04:39:28.778+0000] {logging_mixin.py:188} INFO - [2025-09-08T04:39:28.777+0000] {dag.py:3954} INFO - Setting next_dagrun for stock_data_pipeline to 2025-09-08 04:35:00+00:00, run_after=2025-09-08 04:40:00+00:00
[2025-09-08T04:39:28.886+0000] {processor.py:183} INFO - Processing /opt/airflow/dags/stock_pipeline_dag.py took 0.523 seconds
[2025-09-08T04:56:59.994+0000] {processor.py:161} INFO - Started process (PID=164) to work on /opt/airflow/dags/stock_pipeline_dag.py
[2025-09-08T04:56:59.997+0000] {processor.py:830} INFO - Processing file /opt/airflow/dags/stock_pipeline_dag.py for tasks to queue
[2025-09-08T04:57:00.002+0000] {logging_mixin.py:188} INFO - [2025-09-08T04:57:00.001+0000] {dagbag.py:545} INFO - Filling up the DagBag from /opt/airflow/dags/stock_pipeline_dag.py
[2025-09-08T04:57:00.091+0000] {processor.py:840} INFO - DAG(s) 'stock_data_pipeline' retrieved from /opt/airflow/dags/stock_pipeline_dag.py
[2025-09-08T04:57:00.775+0000] {logging_mixin.py:188} INFO - [2025-09-08T04:57:00.771+0000] {override.py:1829} INFO - Created Permission View: can edit on DAG:stock_data_pipeline
[2025-09-08T04:57:00.806+0000] {logging_mixin.py:188} INFO - [2025-09-08T04:57:00.805+0000] {override.py:1829} INFO - Created Permission View: can delete on DAG:stock_data_pipeline
[2025-09-08T04:57:01.126+0000] {logging_mixin.py:188} INFO - [2025-09-08T04:57:01.126+0000] {override.py:1829} INFO - Created Permission View: can read on DAG:stock_data_pipeline
[2025-09-08T04:57:01.128+0000] {logging_mixin.py:188} INFO - [2025-09-08T04:57:01.127+0000] {dag.py:3096} INFO - Sync 1 DAGs
[2025-09-08T04:57:01.155+0000] {logging_mixin.py:188} INFO - [2025-09-08T04:57:01.154+0000] {dag.py:3118} INFO - Creating ORM DAG for stock_data_pipeline
[2025-09-08T04:57:01.179+0000] {logging_mixin.py:188} INFO - [2025-09-08T04:57:01.178+0000] {dag.py:3954} INFO - Setting next_dagrun for stock_data_pipeline to 2025-09-08 04:50:00+00:00, run_after=2025-09-08 04:55:00+00:00
[2025-09-08T04:57:01.233+0000] {processor.py:183} INFO - Processing /opt/airflow/dags/stock_pipeline_dag.py took 1.255 seconds
[2025-09-08T04:57:31.617+0000] {processor.py:161} INFO - Started process (PID=169) to work on /opt/airflow/dags/stock_pipeline_dag.py
[2025-09-08T04:57:31.620+0000] {processor.py:830} INFO - Processing file /opt/airflow/dags/stock_pipeline_dag.py for tasks to queue
[2025-09-08T04:57:31.625+0000] {logging_mixin.py:188} INFO - [2025-09-08T04:57:31.624+0000] {dagbag.py:545} INFO - Filling up the DagBag from /opt/airflow/dags/stock_pipeline_dag.py
[2025-09-08T04:57:31.686+0000] {processor.py:840} INFO - DAG(s) 'stock_data_pipeline' retrieved from /opt/airflow/dags/stock_pipeline_dag.py
[2025-09-08T04:57:31.778+0000] {logging_mixin.py:188} INFO - [2025-09-08T04:57:31.777+0000] {dag.py:3096} INFO - Sync 1 DAGs
[2025-09-08T04:57:31.848+0000] {logging_mixin.py:188} INFO - [2025-09-08T04:57:31.847+0000] {dag.py:3954} INFO - Setting next_dagrun for stock_data_pipeline to 2025-09-08 04:50:00+00:00, run_after=2025-09-08 04:55:00+00:00
[2025-09-08T04:57:31.909+0000] {processor.py:183} INFO - Processing /opt/airflow/dags/stock_pipeline_dag.py took 0.308 seconds
[2025-09-08T04:58:02.478+0000] {processor.py:161} INFO - Started process (PID=174) to work on /opt/airflow/dags/stock_pipeline_dag.py
[2025-09-08T04:58:02.484+0000] {processor.py:830} INFO - Processing file /opt/airflow/dags/stock_pipeline_dag.py for tasks to queue
[2025-09-08T04:58:02.498+0000] {logging_mixin.py:188} INFO - [2025-09-08T04:58:02.496+0000] {dagbag.py:545} INFO - Filling up the DagBag from /opt/airflow/dags/stock_pipeline_dag.py
[2025-09-08T04:58:02.632+0000] {processor.py:840} INFO - DAG(s) 'stock_data_pipeline' retrieved from /opt/airflow/dags/stock_pipeline_dag.py
[2025-09-08T04:58:02.811+0000] {logging_mixin.py:188} INFO - [2025-09-08T04:58:02.811+0000] {dag.py:3096} INFO - Sync 1 DAGs
[2025-09-08T04:58:02.891+0000] {logging_mixin.py:188} INFO - [2025-09-08T04:58:02.890+0000] {dag.py:3954} INFO - Setting next_dagrun for stock_data_pipeline to 2025-09-08 04:50:00+00:00, run_after=2025-09-08 04:55:00+00:00
[2025-09-08T04:58:02.956+0000] {processor.py:183} INFO - Processing /opt/airflow/dags/stock_pipeline_dag.py took 0.518 seconds
[2025-09-08T04:58:33.504+0000] {processor.py:161} INFO - Started process (PID=179) to work on /opt/airflow/dags/stock_pipeline_dag.py
[2025-09-08T04:58:33.510+0000] {processor.py:830} INFO - Processing file /opt/airflow/dags/stock_pipeline_dag.py for tasks to queue
[2025-09-08T04:58:33.528+0000] {logging_mixin.py:188} INFO - [2025-09-08T04:58:33.526+0000] {dagbag.py:545} INFO - Filling up the DagBag from /opt/airflow/dags/stock_pipeline_dag.py
[2025-09-08T04:58:33.654+0000] {processor.py:840} INFO - DAG(s) 'stock_data_pipeline' retrieved from /opt/airflow/dags/stock_pipeline_dag.py
[2025-09-08T04:58:33.801+0000] {logging_mixin.py:188} INFO - [2025-09-08T04:58:33.800+0000] {dag.py:3096} INFO - Sync 1 DAGs
[2025-09-08T04:58:33.920+0000] {logging_mixin.py:188} INFO - [2025-09-08T04:58:33.919+0000] {dag.py:3954} INFO - Setting next_dagrun for stock_data_pipeline to 2025-09-08 04:50:00+00:00, run_after=2025-09-08 04:55:00+00:00
[2025-09-08T04:58:34.014+0000] {processor.py:183} INFO - Processing /opt/airflow/dags/stock_pipeline_dag.py took 0.565 seconds
[2025-09-08T04:59:04.655+0000] {processor.py:161} INFO - Started process (PID=186) to work on /opt/airflow/dags/stock_pipeline_dag.py
[2025-09-08T04:59:04.658+0000] {processor.py:830} INFO - Processing file /opt/airflow/dags/stock_pipeline_dag.py for tasks to queue
[2025-09-08T04:59:04.666+0000] {logging_mixin.py:188} INFO - [2025-09-08T04:59:04.664+0000] {dagbag.py:545} INFO - Filling up the DagBag from /opt/airflow/dags/stock_pipeline_dag.py
[2025-09-08T04:59:04.767+0000] {processor.py:840} INFO - DAG(s) 'stock_data_pipeline' retrieved from /opt/airflow/dags/stock_pipeline_dag.py
[2025-09-08T04:59:04.889+0000] {logging_mixin.py:188} INFO - [2025-09-08T04:59:04.888+0000] {dag.py:3096} INFO - Sync 1 DAGs
[2025-09-08T04:59:04.996+0000] {logging_mixin.py:188} INFO - [2025-09-08T04:59:04.995+0000] {dag.py:3954} INFO - Setting next_dagrun for stock_data_pipeline to 2025-09-08 04:55:00+00:00, run_after=2025-09-08 05:00:00+00:00
[2025-09-08T04:59:05.092+0000] {processor.py:183} INFO - Processing /opt/airflow/dags/stock_pipeline_dag.py took 0.464 seconds
[2025-09-08T04:59:35.422+0000] {processor.py:161} INFO - Started process (PID=191) to work on /opt/airflow/dags/stock_pipeline_dag.py
[2025-09-08T04:59:35.427+0000] {processor.py:830} INFO - Processing file /opt/airflow/dags/stock_pipeline_dag.py for tasks to queue
[2025-09-08T04:59:35.439+0000] {logging_mixin.py:188} INFO - [2025-09-08T04:59:35.437+0000] {dagbag.py:545} INFO - Filling up the DagBag from /opt/airflow/dags/stock_pipeline_dag.py
[2025-09-08T04:59:35.543+0000] {processor.py:840} INFO - DAG(s) 'stock_data_pipeline' retrieved from /opt/airflow/dags/stock_pipeline_dag.py
[2025-09-08T04:59:35.678+0000] {logging_mixin.py:188} INFO - [2025-09-08T04:59:35.677+0000] {dag.py:3096} INFO - Sync 1 DAGs
[2025-09-08T04:59:36.169+0000] {logging_mixin.py:188} INFO - [2025-09-08T04:59:36.168+0000] {dag.py:3954} INFO - Setting next_dagrun for stock_data_pipeline to 2025-09-08 04:55:00+00:00, run_after=2025-09-08 05:00:00+00:00
[2025-09-08T04:59:36.240+0000] {processor.py:183} INFO - Processing /opt/airflow/dags/stock_pipeline_dag.py took 0.852 seconds
[2025-09-08T05:00:06.803+0000] {processor.py:161} INFO - Started process (PID=198) to work on /opt/airflow/dags/stock_pipeline_dag.py
[2025-09-08T05:00:06.807+0000] {processor.py:830} INFO - Processing file /opt/airflow/dags/stock_pipeline_dag.py for tasks to queue
[2025-09-08T05:00:06.813+0000] {logging_mixin.py:188} INFO - [2025-09-08T05:00:06.812+0000] {dagbag.py:545} INFO - Filling up the DagBag from /opt/airflow/dags/stock_pipeline_dag.py
[2025-09-08T05:00:06.864+0000] {processor.py:840} INFO - DAG(s) 'stock_data_pipeline' retrieved from /opt/airflow/dags/stock_pipeline_dag.py
[2025-09-08T05:00:06.917+0000] {logging_mixin.py:188} INFO - [2025-09-08T05:00:06.916+0000] {dag.py:3096} INFO - Sync 1 DAGs
[2025-09-08T05:00:07.217+0000] {logging_mixin.py:188} INFO - [2025-09-08T05:00:07.217+0000] {dag.py:3954} INFO - Setting next_dagrun for stock_data_pipeline to 2025-09-08 05:00:00+00:00, run_after=2025-09-08 05:05:00+00:00
[2025-09-08T05:00:07.270+0000] {processor.py:183} INFO - Processing /opt/airflow/dags/stock_pipeline_dag.py took 0.495 seconds
[2025-09-08T05:00:37.738+0000] {processor.py:161} INFO - Started process (PID=203) to work on /opt/airflow/dags/stock_pipeline_dag.py
[2025-09-08T05:00:37.743+0000] {processor.py:830} INFO - Processing file /opt/airflow/dags/stock_pipeline_dag.py for tasks to queue
[2025-09-08T05:00:37.755+0000] {logging_mixin.py:188} INFO - [2025-09-08T05:00:37.753+0000] {dagbag.py:545} INFO - Filling up the DagBag from /opt/airflow/dags/stock_pipeline_dag.py
[2025-09-08T05:00:37.886+0000] {processor.py:840} INFO - DAG(s) 'stock_data_pipeline' retrieved from /opt/airflow/dags/stock_pipeline_dag.py
[2025-09-08T05:00:38.571+0000] {logging_mixin.py:188} INFO - [2025-09-08T05:00:38.571+0000] {dag.py:3096} INFO - Sync 1 DAGs
[2025-09-08T05:00:38.618+0000] {logging_mixin.py:188} INFO - [2025-09-08T05:00:38.617+0000] {dag.py:3954} INFO - Setting next_dagrun for stock_data_pipeline to 2025-09-08 05:00:00+00:00, run_after=2025-09-08 05:05:00+00:00
[2025-09-08T05:00:38.704+0000] {processor.py:183} INFO - Processing /opt/airflow/dags/stock_pipeline_dag.py took 1.005 seconds
[2025-09-08T05:01:09.804+0000] {processor.py:161} INFO - Started process (PID=208) to work on /opt/airflow/dags/stock_pipeline_dag.py
[2025-09-08T05:01:09.810+0000] {processor.py:830} INFO - Processing file /opt/airflow/dags/stock_pipeline_dag.py for tasks to queue
[2025-09-08T05:01:09.823+0000] {logging_mixin.py:188} INFO - [2025-09-08T05:01:09.821+0000] {dagbag.py:545} INFO - Filling up the DagBag from /opt/airflow/dags/stock_pipeline_dag.py
[2025-09-08T05:01:09.984+0000] {processor.py:840} INFO - DAG(s) 'stock_data_pipeline' retrieved from /opt/airflow/dags/stock_pipeline_dag.py
[2025-09-08T05:01:10.173+0000] {logging_mixin.py:188} INFO - [2025-09-08T05:01:10.171+0000] {dag.py:3096} INFO - Sync 1 DAGs
[2025-09-08T05:01:10.327+0000] {logging_mixin.py:188} INFO - [2025-09-08T05:01:10.326+0000] {dag.py:3954} INFO - Setting next_dagrun for stock_data_pipeline to 2025-09-08 05:00:00+00:00, run_after=2025-09-08 05:05:00+00:00
[2025-09-08T05:01:10.437+0000] {processor.py:183} INFO - Processing /opt/airflow/dags/stock_pipeline_dag.py took 0.676 seconds
[2025-09-08T05:01:41.001+0000] {processor.py:161} INFO - Started process (PID=213) to work on /opt/airflow/dags/stock_pipeline_dag.py
[2025-09-08T05:01:41.004+0000] {processor.py:830} INFO - Processing file /opt/airflow/dags/stock_pipeline_dag.py for tasks to queue
[2025-09-08T05:01:41.009+0000] {logging_mixin.py:188} INFO - [2025-09-08T05:01:41.008+0000] {dagbag.py:545} INFO - Filling up the DagBag from /opt/airflow/dags/stock_pipeline_dag.py
[2025-09-08T05:01:41.074+0000] {processor.py:840} INFO - DAG(s) 'stock_data_pipeline' retrieved from /opt/airflow/dags/stock_pipeline_dag.py
[2025-09-08T05:01:41.151+0000] {logging_mixin.py:188} INFO - [2025-09-08T05:01:41.151+0000] {dag.py:3096} INFO - Sync 1 DAGs
[2025-09-08T05:01:41.213+0000] {logging_mixin.py:188} INFO - [2025-09-08T05:01:41.212+0000] {dag.py:3954} INFO - Setting next_dagrun for stock_data_pipeline to 2025-09-08 05:00:00+00:00, run_after=2025-09-08 05:05:00+00:00
[2025-09-08T05:01:41.267+0000] {processor.py:183} INFO - Processing /opt/airflow/dags/stock_pipeline_dag.py took 0.283 seconds
[2025-09-08T05:02:11.907+0000] {processor.py:161} INFO - Started process (PID=218) to work on /opt/airflow/dags/stock_pipeline_dag.py
[2025-09-08T05:02:11.911+0000] {processor.py:830} INFO - Processing file /opt/airflow/dags/stock_pipeline_dag.py for tasks to queue
[2025-09-08T05:02:11.919+0000] {logging_mixin.py:188} INFO - [2025-09-08T05:02:11.917+0000] {dagbag.py:545} INFO - Filling up the DagBag from /opt/airflow/dags/stock_pipeline_dag.py
[2025-09-08T05:02:12.027+0000] {processor.py:840} INFO - DAG(s) 'stock_data_pipeline' retrieved from /opt/airflow/dags/stock_pipeline_dag.py
[2025-09-08T05:02:12.148+0000] {logging_mixin.py:188} INFO - [2025-09-08T05:02:12.147+0000] {dag.py:3096} INFO - Sync 1 DAGs
[2025-09-08T05:02:12.270+0000] {logging_mixin.py:188} INFO - [2025-09-08T05:02:12.269+0000] {dag.py:3954} INFO - Setting next_dagrun for stock_data_pipeline to 2025-09-08 05:00:00+00:00, run_after=2025-09-08 05:05:00+00:00
[2025-09-08T05:02:12.358+0000] {processor.py:183} INFO - Processing /opt/airflow/dags/stock_pipeline_dag.py took 0.475 seconds
[2025-09-08T05:02:42.292+0000] {processor.py:161} INFO - Started process (PID=223) to work on /opt/airflow/dags/stock_pipeline_dag.py
[2025-09-08T05:02:42.294+0000] {processor.py:830} INFO - Processing file /opt/airflow/dags/stock_pipeline_dag.py for tasks to queue
[2025-09-08T05:02:42.300+0000] {logging_mixin.py:188} INFO - [2025-09-08T05:02:42.299+0000] {dagbag.py:545} INFO - Filling up the DagBag from /opt/airflow/dags/stock_pipeline_dag.py
[2025-09-08T05:02:42.371+0000] {processor.py:840} INFO - DAG(s) 'stock_data_pipeline' retrieved from /opt/airflow/dags/stock_pipeline_dag.py
[2025-09-08T05:02:42.621+0000] {logging_mixin.py:188} INFO - [2025-09-08T05:02:42.620+0000] {dag.py:3096} INFO - Sync 1 DAGs
[2025-09-08T05:02:42.681+0000] {logging_mixin.py:188} INFO - [2025-09-08T05:02:42.680+0000] {dag.py:3954} INFO - Setting next_dagrun for stock_data_pipeline to 2025-09-08 05:00:00+00:00, run_after=2025-09-08 06:00:00+00:00
[2025-09-08T05:02:42.795+0000] {processor.py:183} INFO - Processing /opt/airflow/dags/stock_pipeline_dag.py took 0.519 seconds
[2025-09-08T05:03:57.742+0000] {processor.py:161} INFO - Started process (PID=164) to work on /opt/airflow/dags/stock_pipeline_dag.py
[2025-09-08T05:03:57.744+0000] {processor.py:830} INFO - Processing file /opt/airflow/dags/stock_pipeline_dag.py for tasks to queue
[2025-09-08T05:03:57.750+0000] {logging_mixin.py:188} INFO - [2025-09-08T05:03:57.749+0000] {dagbag.py:545} INFO - Filling up the DagBag from /opt/airflow/dags/stock_pipeline_dag.py
[2025-09-08T05:03:57.835+0000] {processor.py:840} INFO - DAG(s) 'stock_data_pipeline' retrieved from /opt/airflow/dags/stock_pipeline_dag.py
[2025-09-08T05:03:58.432+0000] {logging_mixin.py:188} INFO - [2025-09-08T05:03:58.428+0000] {override.py:1829} INFO - Created Permission View: can edit on DAG:stock_data_pipeline
[2025-09-08T05:03:58.473+0000] {logging_mixin.py:188} INFO - [2025-09-08T05:03:58.472+0000] {override.py:1829} INFO - Created Permission View: can delete on DAG:stock_data_pipeline
[2025-09-08T05:03:58.757+0000] {logging_mixin.py:188} INFO - [2025-09-08T05:03:58.756+0000] {override.py:1829} INFO - Created Permission View: can read on DAG:stock_data_pipeline
[2025-09-08T05:03:58.758+0000] {logging_mixin.py:188} INFO - [2025-09-08T05:03:58.758+0000] {dag.py:3096} INFO - Sync 1 DAGs
[2025-09-08T05:03:58.795+0000] {logging_mixin.py:188} INFO - [2025-09-08T05:03:58.795+0000] {dag.py:3118} INFO - Creating ORM DAG for stock_data_pipeline
[2025-09-08T05:03:58.815+0000] {logging_mixin.py:188} INFO - [2025-09-08T05:03:58.814+0000] {dag.py:3954} INFO - Setting next_dagrun for stock_data_pipeline to 2025-09-08 04:00:00+00:00, run_after=2025-09-08 05:00:00+00:00
[2025-09-08T05:03:58.867+0000] {processor.py:183} INFO - Processing /opt/airflow/dags/stock_pipeline_dag.py took 1.141 seconds
[2025-09-08T05:05:20.754+0000] {processor.py:161} INFO - Started process (PID=164) to work on /opt/airflow/dags/stock_pipeline_dag.py
[2025-09-08T05:05:20.757+0000] {processor.py:830} INFO - Processing file /opt/airflow/dags/stock_pipeline_dag.py for tasks to queue
[2025-09-08T05:05:20.763+0000] {logging_mixin.py:188} INFO - [2025-09-08T05:05:20.762+0000] {dagbag.py:545} INFO - Filling up the DagBag from /opt/airflow/dags/stock_pipeline_dag.py
[2025-09-08T05:05:20.850+0000] {processor.py:840} INFO - DAG(s) 'stock_data_pipeline' retrieved from /opt/airflow/dags/stock_pipeline_dag.py
[2025-09-08T05:05:21.865+0000] {logging_mixin.py:188} INFO - [2025-09-08T05:05:21.857+0000] {override.py:1829} INFO - Created Permission View: can delete on DAG:stock_data_pipeline
[2025-09-08T05:05:21.901+0000] {logging_mixin.py:188} INFO - [2025-09-08T05:05:21.900+0000] {override.py:1829} INFO - Created Permission View: can read on DAG:stock_data_pipeline
[2025-09-08T05:05:22.303+0000] {logging_mixin.py:188} INFO - [2025-09-08T05:05:22.302+0000] {override.py:1829} INFO - Created Permission View: can edit on DAG:stock_data_pipeline
[2025-09-08T05:05:22.304+0000] {logging_mixin.py:188} INFO - [2025-09-08T05:05:22.304+0000] {dag.py:3096} INFO - Sync 1 DAGs
[2025-09-08T05:05:22.326+0000] {logging_mixin.py:188} INFO - [2025-09-08T05:05:22.325+0000] {dag.py:3118} INFO - Creating ORM DAG for stock_data_pipeline
[2025-09-08T05:05:22.348+0000] {logging_mixin.py:188} INFO - [2025-09-08T05:05:22.347+0000] {dag.py:3954} INFO - Setting next_dagrun for stock_data_pipeline to 2025-09-08 04:00:00+00:00, run_after=2025-09-08 05:00:00+00:00
[2025-09-08T05:05:22.434+0000] {processor.py:183} INFO - Processing /opt/airflow/dags/stock_pipeline_dag.py took 1.701 seconds
[2025-09-08T05:05:52.841+0000] {processor.py:161} INFO - Started process (PID=169) to work on /opt/airflow/dags/stock_pipeline_dag.py
[2025-09-08T05:05:52.844+0000] {processor.py:830} INFO - Processing file /opt/airflow/dags/stock_pipeline_dag.py for tasks to queue
[2025-09-08T05:05:52.851+0000] {logging_mixin.py:188} INFO - [2025-09-08T05:05:52.849+0000] {dagbag.py:545} INFO - Filling up the DagBag from /opt/airflow/dags/stock_pipeline_dag.py
[2025-09-08T05:05:52.899+0000] {processor.py:840} INFO - DAG(s) 'stock_data_pipeline' retrieved from /opt/airflow/dags/stock_pipeline_dag.py
[2025-09-08T05:05:52.971+0000] {logging_mixin.py:188} INFO - [2025-09-08T05:05:52.970+0000] {dag.py:3096} INFO - Sync 1 DAGs
[2025-09-08T05:05:53.020+0000] {logging_mixin.py:188} INFO - [2025-09-08T05:05:53.020+0000] {dag.py:3954} INFO - Setting next_dagrun for stock_data_pipeline to 2025-09-08 04:00:00+00:00, run_after=2025-09-08 05:00:00+00:00
[2025-09-08T05:05:53.067+0000] {processor.py:183} INFO - Processing /opt/airflow/dags/stock_pipeline_dag.py took 0.245 seconds
[2025-09-08T05:06:23.632+0000] {processor.py:161} INFO - Started process (PID=174) to work on /opt/airflow/dags/stock_pipeline_dag.py
[2025-09-08T05:06:23.635+0000] {processor.py:830} INFO - Processing file /opt/airflow/dags/stock_pipeline_dag.py for tasks to queue
[2025-09-08T05:06:23.642+0000] {logging_mixin.py:188} INFO - [2025-09-08T05:06:23.640+0000] {dagbag.py:545} INFO - Filling up the DagBag from /opt/airflow/dags/stock_pipeline_dag.py
[2025-09-08T05:06:23.716+0000] {processor.py:840} INFO - DAG(s) 'stock_data_pipeline' retrieved from /opt/airflow/dags/stock_pipeline_dag.py
[2025-09-08T05:06:23.811+0000] {logging_mixin.py:188} INFO - [2025-09-08T05:06:23.810+0000] {dag.py:3096} INFO - Sync 1 DAGs
[2025-09-08T05:06:23.879+0000] {logging_mixin.py:188} INFO - [2025-09-08T05:06:23.878+0000] {dag.py:3954} INFO - Setting next_dagrun for stock_data_pipeline to 2025-09-08 04:00:00+00:00, run_after=2025-09-08 05:00:00+00:00
[2025-09-08T05:06:23.941+0000] {processor.py:183} INFO - Processing /opt/airflow/dags/stock_pipeline_dag.py took 0.327 seconds
[2025-09-08T05:08:32.538+0000] {processor.py:161} INFO - Started process (PID=164) to work on /opt/airflow/dags/stock_pipeline_dag.py
[2025-09-08T05:08:32.541+0000] {processor.py:830} INFO - Processing file /opt/airflow/dags/stock_pipeline_dag.py for tasks to queue
[2025-09-08T05:08:32.547+0000] {logging_mixin.py:188} INFO - [2025-09-08T05:08:32.546+0000] {dagbag.py:545} INFO - Filling up the DagBag from /opt/airflow/dags/stock_pipeline_dag.py
[2025-09-08T05:08:32.606+0000] {processor.py:840} INFO - DAG(s) 'stock_data_pipeline' retrieved from /opt/airflow/dags/stock_pipeline_dag.py
[2025-09-08T05:08:33.331+0000] {logging_mixin.py:188} INFO - [2025-09-08T05:08:33.327+0000] {override.py:1829} INFO - Created Permission View: can edit on DAG:stock_data_pipeline
[2025-09-08T05:08:33.361+0000] {logging_mixin.py:188} INFO - [2025-09-08T05:08:33.360+0000] {override.py:1829} INFO - Created Permission View: can read on DAG:stock_data_pipeline
[2025-09-08T05:08:33.738+0000] {logging_mixin.py:188} INFO - [2025-09-08T05:08:33.737+0000] {override.py:1829} INFO - Created Permission View: can delete on DAG:stock_data_pipeline
[2025-09-08T05:08:33.740+0000] {logging_mixin.py:188} INFO - [2025-09-08T05:08:33.739+0000] {dag.py:3096} INFO - Sync 1 DAGs
[2025-09-08T05:08:33.774+0000] {logging_mixin.py:188} INFO - [2025-09-08T05:08:33.774+0000] {dag.py:3118} INFO - Creating ORM DAG for stock_data_pipeline
[2025-09-08T05:08:33.798+0000] {logging_mixin.py:188} INFO - [2025-09-08T05:08:33.797+0000] {dag.py:3954} INFO - Setting next_dagrun for stock_data_pipeline to 2025-09-08 04:00:00+00:00, run_after=2025-09-08 05:00:00+00:00
[2025-09-08T05:08:33.860+0000] {processor.py:183} INFO - Processing /opt/airflow/dags/stock_pipeline_dag.py took 1.334 seconds
[2025-09-08T05:09:04.274+0000] {processor.py:161} INFO - Started process (PID=169) to work on /opt/airflow/dags/stock_pipeline_dag.py
[2025-09-08T05:09:04.279+0000] {processor.py:830} INFO - Processing file /opt/airflow/dags/stock_pipeline_dag.py for tasks to queue
[2025-09-08T05:09:04.289+0000] {logging_mixin.py:188} INFO - [2025-09-08T05:09:04.287+0000] {dagbag.py:545} INFO - Filling up the DagBag from /opt/airflow/dags/stock_pipeline_dag.py
[2025-09-08T05:09:04.380+0000] {processor.py:840} INFO - DAG(s) 'stock_data_pipeline' retrieved from /opt/airflow/dags/stock_pipeline_dag.py
[2025-09-08T05:09:04.495+0000] {logging_mixin.py:188} INFO - [2025-09-08T05:09:04.494+0000] {dag.py:3096} INFO - Sync 1 DAGs
[2025-09-08T05:09:04.530+0000] {logging_mixin.py:188} INFO - [2025-09-08T05:09:04.530+0000] {dag.py:3954} INFO - Setting next_dagrun for stock_data_pipeline to 2025-09-08 04:00:00+00:00, run_after=2025-09-08 05:00:00+00:00
[2025-09-08T05:09:04.569+0000] {processor.py:183} INFO - Processing /opt/airflow/dags/stock_pipeline_dag.py took 0.321 seconds
[2025-09-08T05:09:34.744+0000] {processor.py:161} INFO - Started process (PID=174) to work on /opt/airflow/dags/stock_pipeline_dag.py
[2025-09-08T05:09:34.748+0000] {processor.py:830} INFO - Processing file /opt/airflow/dags/stock_pipeline_dag.py for tasks to queue
[2025-09-08T05:09:34.756+0000] {logging_mixin.py:188} INFO - [2025-09-08T05:09:34.754+0000] {dagbag.py:545} INFO - Filling up the DagBag from /opt/airflow/dags/stock_pipeline_dag.py
[2025-09-08T05:09:34.861+0000] {processor.py:840} INFO - DAG(s) 'stock_data_pipeline' retrieved from /opt/airflow/dags/stock_pipeline_dag.py
[2025-09-08T05:09:35.013+0000] {logging_mixin.py:188} INFO - [2025-09-08T05:09:35.012+0000] {dag.py:3096} INFO - Sync 1 DAGs
[2025-09-08T05:09:35.115+0000] {logging_mixin.py:188} INFO - [2025-09-08T05:09:35.114+0000] {dag.py:3954} INFO - Setting next_dagrun for stock_data_pipeline to 2025-09-08 04:00:00+00:00, run_after=2025-09-08 05:00:00+00:00
[2025-09-08T05:09:35.209+0000] {processor.py:183} INFO - Processing /opt/airflow/dags/stock_pipeline_dag.py took 0.489 seconds
[2025-09-08T05:10:05.575+0000] {processor.py:161} INFO - Started process (PID=179) to work on /opt/airflow/dags/stock_pipeline_dag.py
[2025-09-08T05:10:05.579+0000] {processor.py:830} INFO - Processing file /opt/airflow/dags/stock_pipeline_dag.py for tasks to queue
[2025-09-08T05:10:05.587+0000] {logging_mixin.py:188} INFO - [2025-09-08T05:10:05.585+0000] {dagbag.py:545} INFO - Filling up the DagBag from /opt/airflow/dags/stock_pipeline_dag.py
[2025-09-08T05:10:05.683+0000] {processor.py:840} INFO - DAG(s) 'stock_data_pipeline' retrieved from /opt/airflow/dags/stock_pipeline_dag.py
[2025-09-08T05:10:05.813+0000] {logging_mixin.py:188} INFO - [2025-09-08T05:10:05.812+0000] {dag.py:3096} INFO - Sync 1 DAGs
[2025-09-08T05:10:05.913+0000] {logging_mixin.py:188} INFO - [2025-09-08T05:10:05.912+0000] {dag.py:3954} INFO - Setting next_dagrun for stock_data_pipeline to 2025-09-08 04:00:00+00:00, run_after=2025-09-08 05:00:00+00:00
[2025-09-08T05:10:06.001+0000] {processor.py:183} INFO - Processing /opt/airflow/dags/stock_pipeline_dag.py took 0.450 seconds
[2025-09-08T05:10:36.253+0000] {processor.py:161} INFO - Started process (PID=184) to work on /opt/airflow/dags/stock_pipeline_dag.py
[2025-09-08T05:10:36.258+0000] {processor.py:830} INFO - Processing file /opt/airflow/dags/stock_pipeline_dag.py for tasks to queue
[2025-09-08T05:10:36.266+0000] {logging_mixin.py:188} INFO - [2025-09-08T05:10:36.264+0000] {dagbag.py:545} INFO - Filling up the DagBag from /opt/airflow/dags/stock_pipeline_dag.py
[2025-09-08T05:10:36.364+0000] {processor.py:840} INFO - DAG(s) 'stock_data_pipeline' retrieved from /opt/airflow/dags/stock_pipeline_dag.py
[2025-09-08T05:10:36.504+0000] {logging_mixin.py:188} INFO - [2025-09-08T05:10:36.503+0000] {dag.py:3096} INFO - Sync 1 DAGs
[2025-09-08T05:10:36.608+0000] {logging_mixin.py:188} INFO - [2025-09-08T05:10:36.608+0000] {dag.py:3954} INFO - Setting next_dagrun for stock_data_pipeline to 2025-09-08 04:00:00+00:00, run_after=2025-09-08 05:00:00+00:00
[2025-09-08T05:10:36.712+0000] {processor.py:183} INFO - Processing /opt/airflow/dags/stock_pipeline_dag.py took 0.482 seconds
[2025-09-08T05:11:07.214+0000] {processor.py:161} INFO - Started process (PID=189) to work on /opt/airflow/dags/stock_pipeline_dag.py
[2025-09-08T05:11:07.217+0000] {processor.py:830} INFO - Processing file /opt/airflow/dags/stock_pipeline_dag.py for tasks to queue
[2025-09-08T05:11:07.221+0000] {logging_mixin.py:188} INFO - [2025-09-08T05:11:07.221+0000] {dagbag.py:545} INFO - Filling up the DagBag from /opt/airflow/dags/stock_pipeline_dag.py
[2025-09-08T05:11:07.264+0000] {processor.py:840} INFO - DAG(s) 'stock_data_pipeline' retrieved from /opt/airflow/dags/stock_pipeline_dag.py
[2025-09-08T05:11:07.340+0000] {logging_mixin.py:188} INFO - [2025-09-08T05:11:07.340+0000] {dag.py:3096} INFO - Sync 1 DAGs
[2025-09-08T05:11:07.404+0000] {logging_mixin.py:188} INFO - [2025-09-08T05:11:07.403+0000] {dag.py:3954} INFO - Setting next_dagrun for stock_data_pipeline to 2025-09-08 04:00:00+00:00, run_after=2025-09-08 05:00:00+00:00
[2025-09-08T05:11:07.868+0000] {processor.py:183} INFO - Processing /opt/airflow/dags/stock_pipeline_dag.py took 0.667 seconds
[2025-09-08T05:11:38.263+0000] {processor.py:161} INFO - Started process (PID=194) to work on /opt/airflow/dags/stock_pipeline_dag.py
[2025-09-08T05:11:38.266+0000] {processor.py:830} INFO - Processing file /opt/airflow/dags/stock_pipeline_dag.py for tasks to queue
[2025-09-08T05:11:38.270+0000] {logging_mixin.py:188} INFO - [2025-09-08T05:11:38.269+0000] {dagbag.py:545} INFO - Filling up the DagBag from /opt/airflow/dags/stock_pipeline_dag.py
[2025-09-08T05:11:38.322+0000] {processor.py:840} INFO - DAG(s) 'stock_data_pipeline' retrieved from /opt/airflow/dags/stock_pipeline_dag.py
[2025-09-08T05:11:38.381+0000] {logging_mixin.py:188} INFO - [2025-09-08T05:11:38.381+0000] {dag.py:3096} INFO - Sync 1 DAGs
[2025-09-08T05:11:38.645+0000] {logging_mixin.py:188} INFO - [2025-09-08T05:11:38.644+0000] {dag.py:3954} INFO - Setting next_dagrun for stock_data_pipeline to 2025-09-08 04:00:00+00:00, run_after=2025-09-08 05:00:00+00:00
[2025-09-08T05:11:38.686+0000] {processor.py:183} INFO - Processing /opt/airflow/dags/stock_pipeline_dag.py took 0.437 seconds
[2025-09-08T06:01:02.600+0000] {processor.py:161} INFO - Started process (PID=199) to work on /opt/airflow/dags/stock_pipeline_dag.py
[2025-09-08T06:01:02.609+0000] {processor.py:830} INFO - Processing file /opt/airflow/dags/stock_pipeline_dag.py for tasks to queue
[2025-09-08T06:01:02.631+0000] {logging_mixin.py:188} INFO - [2025-09-08T06:01:02.622+0000] {dagbag.py:545} INFO - Filling up the DagBag from /opt/airflow/dags/stock_pipeline_dag.py
[2025-09-08T06:01:02.784+0000] {processor.py:840} INFO - DAG(s) 'stock_data_pipeline' retrieved from /opt/airflow/dags/stock_pipeline_dag.py
[2025-09-08T06:01:04.728+0000] {logging_mixin.py:188} INFO - [2025-09-08T06:01:04.727+0000] {dag.py:3096} INFO - Sync 1 DAGs
[2025-09-08T06:01:04.888+0000] {logging_mixin.py:188} INFO - [2025-09-08T06:01:04.888+0000] {dag.py:3954} INFO - Setting next_dagrun for stock_data_pipeline to 2025-09-08 05:00:00+00:00, run_after=2025-09-08 06:00:00+00:00
[2025-09-08T06:01:05.020+0000] {processor.py:183} INFO - Processing /opt/airflow/dags/stock_pipeline_dag.py took 2.469 seconds
[2025-09-08T06:09:23.845+0000] {processor.py:161} INFO - Started process (PID=204) to work on /opt/airflow/dags/stock_pipeline_dag.py
[2025-09-08T06:09:23.848+0000] {processor.py:830} INFO - Processing file /opt/airflow/dags/stock_pipeline_dag.py for tasks to queue
[2025-09-08T06:09:23.854+0000] {logging_mixin.py:188} INFO - [2025-09-08T06:09:23.853+0000] {dagbag.py:545} INFO - Filling up the DagBag from /opt/airflow/dags/stock_pipeline_dag.py
[2025-09-08T06:09:23.932+0000] {processor.py:840} INFO - DAG(s) 'stock_data_pipeline' retrieved from /opt/airflow/dags/stock_pipeline_dag.py
[2025-09-08T06:09:24.352+0000] {logging_mixin.py:188} INFO - [2025-09-08T06:09:24.351+0000] {dag.py:3096} INFO - Sync 1 DAGs
[2025-09-08T06:09:24.402+0000] {logging_mixin.py:188} INFO - [2025-09-08T06:09:24.402+0000] {dag.py:3954} INFO - Setting next_dagrun for stock_data_pipeline to 2025-09-08 05:00:00+00:00, run_after=2025-09-08 06:00:00+00:00
[2025-09-08T06:09:24.448+0000] {processor.py:183} INFO - Processing /opt/airflow/dags/stock_pipeline_dag.py took 0.620 seconds
[2025-09-08T06:09:55.442+0000] {processor.py:161} INFO - Started process (PID=209) to work on /opt/airflow/dags/stock_pipeline_dag.py
[2025-09-08T06:11:07.568+0000] {processor.py:161} INFO - Started process (PID=164) to work on /opt/airflow/dags/stock_pipeline_dag.py
[2025-09-08T06:11:07.570+0000] {processor.py:830} INFO - Processing file /opt/airflow/dags/stock_pipeline_dag.py for tasks to queue
[2025-09-08T06:11:07.575+0000] {logging_mixin.py:188} INFO - [2025-09-08T06:11:07.574+0000] {dagbag.py:545} INFO - Filling up the DagBag from /opt/airflow/dags/stock_pipeline_dag.py
[2025-09-08T06:11:07.645+0000] {processor.py:840} INFO - DAG(s) 'stock_data_pipeline' retrieved from /opt/airflow/dags/stock_pipeline_dag.py
[2025-09-08T06:11:08.209+0000] {logging_mixin.py:188} INFO - [2025-09-08T06:11:08.205+0000] {override.py:1829} INFO - Created Permission View: can delete on DAG:stock_data_pipeline
[2025-09-08T06:11:08.248+0000] {logging_mixin.py:188} INFO - [2025-09-08T06:11:08.247+0000] {override.py:1829} INFO - Created Permission View: can read on DAG:stock_data_pipeline
[2025-09-08T06:11:08.592+0000] {logging_mixin.py:188} INFO - [2025-09-08T06:11:08.592+0000] {override.py:1829} INFO - Created Permission View: can edit on DAG:stock_data_pipeline
[2025-09-08T06:11:08.594+0000] {logging_mixin.py:188} INFO - [2025-09-08T06:11:08.594+0000] {dag.py:3096} INFO - Sync 1 DAGs
[2025-09-08T06:11:08.620+0000] {logging_mixin.py:188} INFO - [2025-09-08T06:11:08.619+0000] {dag.py:3118} INFO - Creating ORM DAG for stock_data_pipeline
[2025-09-08T06:11:08.641+0000] {logging_mixin.py:188} INFO - [2025-09-08T06:11:08.641+0000] {dag.py:3954} INFO - Setting next_dagrun for stock_data_pipeline to 2025-09-08 05:00:00+00:00, run_after=2025-09-08 06:00:00+00:00
[2025-09-08T06:11:08.700+0000] {processor.py:183} INFO - Processing /opt/airflow/dags/stock_pipeline_dag.py took 1.147 seconds
[2025-09-08T06:11:39.082+0000] {processor.py:161} INFO - Started process (PID=169) to work on /opt/airflow/dags/stock_pipeline_dag.py
[2025-09-08T06:11:39.087+0000] {processor.py:830} INFO - Processing file /opt/airflow/dags/stock_pipeline_dag.py for tasks to queue
[2025-09-08T06:11:39.099+0000] {logging_mixin.py:188} INFO - [2025-09-08T06:11:39.097+0000] {dagbag.py:545} INFO - Filling up the DagBag from /opt/airflow/dags/stock_pipeline_dag.py
[2025-09-08T06:11:39.226+0000] {processor.py:840} INFO - DAG(s) 'stock_data_pipeline' retrieved from /opt/airflow/dags/stock_pipeline_dag.py
[2025-09-08T06:11:39.389+0000] {logging_mixin.py:188} INFO - [2025-09-08T06:11:39.388+0000] {dag.py:3096} INFO - Sync 1 DAGs
[2025-09-08T06:11:39.499+0000] {logging_mixin.py:188} INFO - [2025-09-08T06:11:39.498+0000] {dag.py:3954} INFO - Setting next_dagrun for stock_data_pipeline to 2025-09-08 05:00:00+00:00, run_after=2025-09-08 06:00:00+00:00
[2025-09-08T06:11:39.606+0000] {processor.py:183} INFO - Processing /opt/airflow/dags/stock_pipeline_dag.py took 0.558 seconds
[2025-09-08T06:12:10.269+0000] {processor.py:161} INFO - Started process (PID=174) to work on /opt/airflow/dags/stock_pipeline_dag.py
[2025-09-08T06:12:10.274+0000] {processor.py:830} INFO - Processing file /opt/airflow/dags/stock_pipeline_dag.py for tasks to queue
[2025-09-08T06:12:10.281+0000] {logging_mixin.py:188} INFO - [2025-09-08T06:12:10.280+0000] {dagbag.py:545} INFO - Filling up the DagBag from /opt/airflow/dags/stock_pipeline_dag.py
[2025-09-08T06:12:10.386+0000] {processor.py:840} INFO - DAG(s) 'stock_data_pipeline' retrieved from /opt/airflow/dags/stock_pipeline_dag.py
[2025-09-08T06:12:10.499+0000] {logging_mixin.py:188} INFO - [2025-09-08T06:12:10.498+0000] {dag.py:3096} INFO - Sync 1 DAGs
[2025-09-08T06:12:10.561+0000] {logging_mixin.py:188} INFO - [2025-09-08T06:12:10.561+0000] {dag.py:3954} INFO - Setting next_dagrun for stock_data_pipeline to 2025-09-08 05:00:00+00:00, run_after=2025-09-08 06:00:00+00:00
[2025-09-08T06:12:10.615+0000] {processor.py:183} INFO - Processing /opt/airflow/dags/stock_pipeline_dag.py took 0.370 seconds
[2025-09-08T06:12:41.007+0000] {processor.py:161} INFO - Started process (PID=179) to work on /opt/airflow/dags/stock_pipeline_dag.py
[2025-09-08T06:12:41.010+0000] {processor.py:830} INFO - Processing file /opt/airflow/dags/stock_pipeline_dag.py for tasks to queue
[2025-09-08T06:12:41.015+0000] {logging_mixin.py:188} INFO - [2025-09-08T06:12:41.014+0000] {dagbag.py:545} INFO - Filling up the DagBag from /opt/airflow/dags/stock_pipeline_dag.py
[2025-09-08T06:12:41.077+0000] {processor.py:840} INFO - DAG(s) 'stock_data_pipeline' retrieved from /opt/airflow/dags/stock_pipeline_dag.py
[2025-09-08T06:12:41.149+0000] {logging_mixin.py:188} INFO - [2025-09-08T06:12:41.148+0000] {dag.py:3096} INFO - Sync 1 DAGs
[2025-09-08T06:12:41.210+0000] {logging_mixin.py:188} INFO - [2025-09-08T06:12:41.209+0000] {dag.py:3954} INFO - Setting next_dagrun for stock_data_pipeline to 2025-09-08 05:00:00+00:00, run_after=2025-09-08 06:00:00+00:00
[2025-09-08T06:12:41.267+0000] {processor.py:183} INFO - Processing /opt/airflow/dags/stock_pipeline_dag.py took 0.277 seconds
[2025-09-08T06:13:11.539+0000] {processor.py:161} INFO - Started process (PID=184) to work on /opt/airflow/dags/stock_pipeline_dag.py
[2025-09-08T06:13:11.544+0000] {processor.py:830} INFO - Processing file /opt/airflow/dags/stock_pipeline_dag.py for tasks to queue
[2025-09-08T06:13:11.553+0000] {logging_mixin.py:188} INFO - [2025-09-08T06:13:11.551+0000] {dagbag.py:545} INFO - Filling up the DagBag from /opt/airflow/dags/stock_pipeline_dag.py
[2025-09-08T06:13:11.663+0000] {processor.py:840} INFO - DAG(s) 'stock_data_pipeline' retrieved from /opt/airflow/dags/stock_pipeline_dag.py
[2025-09-08T06:13:11.777+0000] {logging_mixin.py:188} INFO - [2025-09-08T06:13:11.776+0000] {dag.py:3096} INFO - Sync 1 DAGs
[2025-09-08T06:13:11.839+0000] {logging_mixin.py:188} INFO - [2025-09-08T06:13:11.838+0000] {dag.py:3954} INFO - Setting next_dagrun for stock_data_pipeline to 2025-09-08 05:00:00+00:00, run_after=2025-09-08 06:00:00+00:00
[2025-09-08T06:13:11.892+0000] {processor.py:183} INFO - Processing /opt/airflow/dags/stock_pipeline_dag.py took 0.380 seconds
[2025-09-08T06:13:42.167+0000] {processor.py:161} INFO - Started process (PID=189) to work on /opt/airflow/dags/stock_pipeline_dag.py
[2025-09-08T06:13:42.171+0000] {processor.py:830} INFO - Processing file /opt/airflow/dags/stock_pipeline_dag.py for tasks to queue
[2025-09-08T06:13:42.178+0000] {logging_mixin.py:188} INFO - [2025-09-08T06:13:42.177+0000] {dagbag.py:545} INFO - Filling up the DagBag from /opt/airflow/dags/stock_pipeline_dag.py
[2025-09-08T06:13:42.273+0000] {processor.py:840} INFO - DAG(s) 'stock_data_pipeline' retrieved from /opt/airflow/dags/stock_pipeline_dag.py
[2025-09-08T06:13:42.374+0000] {logging_mixin.py:188} INFO - [2025-09-08T06:13:42.373+0000] {dag.py:3096} INFO - Sync 1 DAGs
[2025-09-08T06:13:42.716+0000] {logging_mixin.py:188} INFO - [2025-09-08T06:13:42.715+0000] {dag.py:3954} INFO - Setting next_dagrun for stock_data_pipeline to 2025-09-08 05:00:00+00:00, run_after=2025-09-08 06:00:00+00:00
[2025-09-08T06:13:42.767+0000] {processor.py:183} INFO - Processing /opt/airflow/dags/stock_pipeline_dag.py took 0.622 seconds
[2025-09-08T06:14:13.366+0000] {processor.py:161} INFO - Started process (PID=194) to work on /opt/airflow/dags/stock_pipeline_dag.py
[2025-09-08T06:14:13.370+0000] {processor.py:830} INFO - Processing file /opt/airflow/dags/stock_pipeline_dag.py for tasks to queue
[2025-09-08T06:14:13.377+0000] {logging_mixin.py:188} INFO - [2025-09-08T06:14:13.375+0000] {dagbag.py:545} INFO - Filling up the DagBag from /opt/airflow/dags/stock_pipeline_dag.py
[2025-09-08T06:14:13.467+0000] {processor.py:840} INFO - DAG(s) 'stock_data_pipeline' retrieved from /opt/airflow/dags/stock_pipeline_dag.py
[2025-09-08T06:14:13.568+0000] {logging_mixin.py:188} INFO - [2025-09-08T06:14:13.567+0000] {dag.py:3096} INFO - Sync 1 DAGs
[2025-09-08T06:14:13.839+0000] {logging_mixin.py:188} INFO - [2025-09-08T06:14:13.839+0000] {dag.py:3954} INFO - Setting next_dagrun for stock_data_pipeline to 2025-09-08 05:00:00+00:00, run_after=2025-09-08 06:00:00+00:00
[2025-09-08T06:14:13.901+0000] {processor.py:183} INFO - Processing /opt/airflow/dags/stock_pipeline_dag.py took 0.557 seconds
[2025-09-08T06:14:44.318+0000] {processor.py:161} INFO - Started process (PID=199) to work on /opt/airflow/dags/stock_pipeline_dag.py
[2025-09-08T06:14:44.322+0000] {processor.py:830} INFO - Processing file /opt/airflow/dags/stock_pipeline_dag.py for tasks to queue
[2025-09-08T06:14:44.330+0000] {logging_mixin.py:188} INFO - [2025-09-08T06:14:44.329+0000] {dagbag.py:545} INFO - Filling up the DagBag from /opt/airflow/dags/stock_pipeline_dag.py
[2025-09-08T06:14:44.438+0000] {processor.py:840} INFO - DAG(s) 'stock_data_pipeline' retrieved from /opt/airflow/dags/stock_pipeline_dag.py
[2025-09-08T06:14:44.855+0000] {logging_mixin.py:188} INFO - [2025-09-08T06:14:44.854+0000] {dag.py:3096} INFO - Sync 1 DAGs
[2025-09-08T06:14:44.904+0000] {logging_mixin.py:188} INFO - [2025-09-08T06:14:44.904+0000] {dag.py:3954} INFO - Setting next_dagrun for stock_data_pipeline to 2025-09-08 05:00:00+00:00, run_after=2025-09-08 06:00:00+00:00
[2025-09-08T06:14:44.963+0000] {processor.py:183} INFO - Processing /opt/airflow/dags/stock_pipeline_dag.py took 0.670 seconds
[2025-09-08T06:15:15.584+0000] {processor.py:161} INFO - Started process (PID=204) to work on /opt/airflow/dags/stock_pipeline_dag.py
[2025-09-08T06:15:15.589+0000] {processor.py:830} INFO - Processing file /opt/airflow/dags/stock_pipeline_dag.py for tasks to queue
[2025-09-08T06:15:15.597+0000] {logging_mixin.py:188} INFO - [2025-09-08T06:15:15.596+0000] {dagbag.py:545} INFO - Filling up the DagBag from /opt/airflow/dags/stock_pipeline_dag.py
[2025-09-08T06:15:16.008+0000] {processor.py:840} INFO - DAG(s) 'stock_data_pipeline' retrieved from /opt/airflow/dags/stock_pipeline_dag.py
[2025-09-08T06:15:16.055+0000] {logging_mixin.py:188} INFO - [2025-09-08T06:15:16.055+0000] {dag.py:3096} INFO - Sync 1 DAGs
[2025-09-08T06:15:16.098+0000] {logging_mixin.py:188} INFO - [2025-09-08T06:15:16.098+0000] {dag.py:3954} INFO - Setting next_dagrun for stock_data_pipeline to 2025-09-08 05:00:00+00:00, run_after=2025-09-08 06:00:00+00:00
[2025-09-08T06:15:16.150+0000] {processor.py:183} INFO - Processing /opt/airflow/dags/stock_pipeline_dag.py took 0.592 seconds
[2025-09-08T06:16:31.145+0000] {processor.py:161} INFO - Started process (PID=164) to work on /opt/airflow/dags/stock_pipeline_dag.py
[2025-09-08T06:16:31.148+0000] {processor.py:830} INFO - Processing file /opt/airflow/dags/stock_pipeline_dag.py for tasks to queue
[2025-09-08T06:16:31.154+0000] {logging_mixin.py:188} INFO - [2025-09-08T06:16:31.153+0000] {dagbag.py:545} INFO - Filling up the DagBag from /opt/airflow/dags/stock_pipeline_dag.py
[2025-09-08T06:16:31.244+0000] {processor.py:840} INFO - DAG(s) 'stock_data_pipeline' retrieved from /opt/airflow/dags/stock_pipeline_dag.py
[2025-09-08T06:16:31.766+0000] {logging_mixin.py:188} INFO - [2025-09-08T06:16:31.762+0000] {override.py:1829} INFO - Created Permission View: can delete on DAG:stock_data_pipeline
[2025-09-08T06:16:31.793+0000] {logging_mixin.py:188} INFO - [2025-09-08T06:16:31.793+0000] {override.py:1829} INFO - Created Permission View: can edit on DAG:stock_data_pipeline
[2025-09-08T06:16:32.056+0000] {logging_mixin.py:188} INFO - [2025-09-08T06:16:32.056+0000] {override.py:1829} INFO - Created Permission View: can read on DAG:stock_data_pipeline
[2025-09-08T06:16:32.058+0000] {logging_mixin.py:188} INFO - [2025-09-08T06:16:32.058+0000] {dag.py:3096} INFO - Sync 1 DAGs
[2025-09-08T06:16:32.084+0000] {logging_mixin.py:188} INFO - [2025-09-08T06:16:32.083+0000] {dag.py:3118} INFO - Creating ORM DAG for stock_data_pipeline
[2025-09-08T06:16:32.102+0000] {logging_mixin.py:188} INFO - [2025-09-08T06:16:32.102+0000] {dag.py:3954} INFO - Setting next_dagrun for stock_data_pipeline to 2025-09-08 05:00:00+00:00, run_after=2025-09-08 06:00:00+00:00
[2025-09-08T06:16:32.149+0000] {processor.py:183} INFO - Processing /opt/airflow/dags/stock_pipeline_dag.py took 1.018 seconds
[2025-09-08T06:17:02.468+0000] {processor.py:161} INFO - Started process (PID=169) to work on /opt/airflow/dags/stock_pipeline_dag.py
[2025-09-08T06:17:02.470+0000] {processor.py:830} INFO - Processing file /opt/airflow/dags/stock_pipeline_dag.py for tasks to queue
[2025-09-08T06:17:02.476+0000] {logging_mixin.py:188} INFO - [2025-09-08T06:17:02.475+0000] {dagbag.py:545} INFO - Filling up the DagBag from /opt/airflow/dags/stock_pipeline_dag.py
[2025-09-08T06:17:02.540+0000] {processor.py:840} INFO - DAG(s) 'stock_data_pipeline' retrieved from /opt/airflow/dags/stock_pipeline_dag.py
[2025-09-08T06:17:03.492+0000] {logging_mixin.py:188} INFO - [2025-09-08T06:17:03.491+0000] {dag.py:3096} INFO - Sync 1 DAGs
[2025-09-08T06:17:03.586+0000] {logging_mixin.py:188} INFO - [2025-09-08T06:17:03.586+0000] {dag.py:3954} INFO - Setting next_dagrun for stock_data_pipeline to 2025-09-08 05:00:00+00:00, run_after=2025-09-08 06:00:00+00:00
[2025-09-08T06:17:03.675+0000] {processor.py:183} INFO - Processing /opt/airflow/dags/stock_pipeline_dag.py took 1.222 seconds
[2025-09-08T06:17:34.043+0000] {processor.py:161} INFO - Started process (PID=174) to work on /opt/airflow/dags/stock_pipeline_dag.py
[2025-09-08T06:17:34.047+0000] {processor.py:830} INFO - Processing file /opt/airflow/dags/stock_pipeline_dag.py for tasks to queue
[2025-09-08T06:17:34.055+0000] {logging_mixin.py:188} INFO - [2025-09-08T06:17:34.053+0000] {dagbag.py:545} INFO - Filling up the DagBag from /opt/airflow/dags/stock_pipeline_dag.py
[2025-09-08T06:17:34.164+0000] {processor.py:840} INFO - DAG(s) 'stock_data_pipeline' retrieved from /opt/airflow/dags/stock_pipeline_dag.py
[2025-09-08T06:17:34.288+0000] {logging_mixin.py:188} INFO - [2025-09-08T06:17:34.288+0000] {dag.py:3096} INFO - Sync 1 DAGs
[2025-09-08T06:17:34.345+0000] {logging_mixin.py:188} INFO - [2025-09-08T06:17:34.345+0000] {dag.py:3954} INFO - Setting next_dagrun for stock_data_pipeline to 2025-09-08 05:00:00+00:00, run_after=2025-09-08 06:00:00+00:00
[2025-09-08T06:17:34.400+0000] {processor.py:183} INFO - Processing /opt/airflow/dags/stock_pipeline_dag.py took 0.381 seconds
[2025-09-08T06:18:04.712+0000] {processor.py:161} INFO - Started process (PID=179) to work on /opt/airflow/dags/stock_pipeline_dag.py
[2025-09-08T06:18:04.716+0000] {processor.py:830} INFO - Processing file /opt/airflow/dags/stock_pipeline_dag.py for tasks to queue
[2025-09-08T06:18:04.723+0000] {logging_mixin.py:188} INFO - [2025-09-08T06:18:04.722+0000] {dagbag.py:545} INFO - Filling up the DagBag from /opt/airflow/dags/stock_pipeline_dag.py
[2025-09-08T06:18:04.819+0000] {processor.py:840} INFO - DAG(s) 'stock_data_pipeline' retrieved from /opt/airflow/dags/stock_pipeline_dag.py
[2025-09-08T06:18:04.932+0000] {logging_mixin.py:188} INFO - [2025-09-08T06:18:04.931+0000] {dag.py:3096} INFO - Sync 1 DAGs
[2025-09-08T06:18:04.970+0000] {logging_mixin.py:188} INFO - [2025-09-08T06:18:04.970+0000] {dag.py:3954} INFO - Setting next_dagrun for stock_data_pipeline to 2025-09-08 05:00:00+00:00, run_after=2025-09-08 06:00:00+00:00
[2025-09-08T06:18:05.017+0000] {processor.py:183} INFO - Processing /opt/airflow/dags/stock_pipeline_dag.py took 0.326 seconds
[2025-09-08T06:18:35.405+0000] {processor.py:161} INFO - Started process (PID=184) to work on /opt/airflow/dags/stock_pipeline_dag.py
[2025-09-08T06:18:35.410+0000] {processor.py:830} INFO - Processing file /opt/airflow/dags/stock_pipeline_dag.py for tasks to queue
[2025-09-08T06:18:35.421+0000] {logging_mixin.py:188} INFO - [2025-09-08T06:18:35.419+0000] {dagbag.py:545} INFO - Filling up the DagBag from /opt/airflow/dags/stock_pipeline_dag.py
[2025-09-08T06:18:35.543+0000] {processor.py:840} INFO - DAG(s) 'stock_data_pipeline' retrieved from /opt/airflow/dags/stock_pipeline_dag.py
[2025-09-08T06:18:35.681+0000] {logging_mixin.py:188} INFO - [2025-09-08T06:18:35.680+0000] {dag.py:3096} INFO - Sync 1 DAGs
[2025-09-08T06:18:35.809+0000] {logging_mixin.py:188} INFO - [2025-09-08T06:18:35.809+0000] {dag.py:3954} INFO - Setting next_dagrun for stock_data_pipeline to 2025-09-08 05:00:00+00:00, run_after=2025-09-08 06:00:00+00:00
[2025-09-08T06:18:35.913+0000] {processor.py:183} INFO - Processing /opt/airflow/dags/stock_pipeline_dag.py took 0.537 seconds
[2025-09-08T06:19:06.497+0000] {processor.py:161} INFO - Started process (PID=189) to work on /opt/airflow/dags/stock_pipeline_dag.py
[2025-09-08T06:19:06.501+0000] {processor.py:830} INFO - Processing file /opt/airflow/dags/stock_pipeline_dag.py for tasks to queue
[2025-09-08T06:19:06.508+0000] {logging_mixin.py:188} INFO - [2025-09-08T06:19:06.506+0000] {dagbag.py:545} INFO - Filling up the DagBag from /opt/airflow/dags/stock_pipeline_dag.py
[2025-09-08T06:19:06.614+0000] {processor.py:840} INFO - DAG(s) 'stock_data_pipeline' retrieved from /opt/airflow/dags/stock_pipeline_dag.py
[2025-09-08T06:19:06.735+0000] {logging_mixin.py:188} INFO - [2025-09-08T06:19:06.735+0000] {dag.py:3096} INFO - Sync 1 DAGs
[2025-09-08T06:19:06.976+0000] {logging_mixin.py:188} INFO - [2025-09-08T06:19:06.975+0000] {dag.py:3954} INFO - Setting next_dagrun for stock_data_pipeline to 2025-09-08 05:00:00+00:00, run_after=2025-09-08 06:00:00+00:00
[2025-09-08T06:19:07.037+0000] {processor.py:183} INFO - Processing /opt/airflow/dags/stock_pipeline_dag.py took 0.562 seconds
[2025-09-08T06:19:37.448+0000] {processor.py:161} INFO - Started process (PID=194) to work on /opt/airflow/dags/stock_pipeline_dag.py
[2025-09-08T06:19:37.451+0000] {processor.py:830} INFO - Processing file /opt/airflow/dags/stock_pipeline_dag.py for tasks to queue
[2025-09-08T06:19:37.458+0000] {logging_mixin.py:188} INFO - [2025-09-08T06:19:37.456+0000] {dagbag.py:545} INFO - Filling up the DagBag from /opt/airflow/dags/stock_pipeline_dag.py
[2025-09-08T06:19:37.539+0000] {processor.py:840} INFO - DAG(s) 'stock_data_pipeline' retrieved from /opt/airflow/dags/stock_pipeline_dag.py
[2025-09-08T06:19:37.637+0000] {logging_mixin.py:188} INFO - [2025-09-08T06:19:37.636+0000] {dag.py:3096} INFO - Sync 1 DAGs
[2025-09-08T06:19:37.879+0000] {logging_mixin.py:188} INFO - [2025-09-08T06:19:37.878+0000] {dag.py:3954} INFO - Setting next_dagrun for stock_data_pipeline to 2025-09-08 05:00:00+00:00, run_after=2025-09-08 06:00:00+00:00
[2025-09-08T06:19:37.923+0000] {processor.py:183} INFO - Processing /opt/airflow/dags/stock_pipeline_dag.py took 0.496 seconds
[2025-09-08T06:20:08.542+0000] {processor.py:161} INFO - Started process (PID=199) to work on /opt/airflow/dags/stock_pipeline_dag.py
[2025-09-08T06:20:08.549+0000] {processor.py:830} INFO - Processing file /opt/airflow/dags/stock_pipeline_dag.py for tasks to queue
[2025-09-08T06:20:08.559+0000] {logging_mixin.py:188} INFO - [2025-09-08T06:20:08.558+0000] {dagbag.py:545} INFO - Filling up the DagBag from /opt/airflow/dags/stock_pipeline_dag.py
[2025-09-08T06:20:08.694+0000] {processor.py:840} INFO - DAG(s) 'stock_data_pipeline' retrieved from /opt/airflow/dags/stock_pipeline_dag.py
[2025-09-08T06:20:09.186+0000] {logging_mixin.py:188} INFO - [2025-09-08T06:20:09.185+0000] {dag.py:3096} INFO - Sync 1 DAGs
[2025-09-08T06:20:09.230+0000] {logging_mixin.py:188} INFO - [2025-09-08T06:20:09.230+0000] {dag.py:3954} INFO - Setting next_dagrun for stock_data_pipeline to 2025-09-08 05:00:00+00:00, run_after=2025-09-08 06:00:00+00:00
[2025-09-08T06:20:09.282+0000] {processor.py:183} INFO - Processing /opt/airflow/dags/stock_pipeline_dag.py took 0.773 seconds
[2025-09-08T06:20:39.613+0000] {processor.py:161} INFO - Started process (PID=204) to work on /opt/airflow/dags/stock_pipeline_dag.py
[2025-09-08T06:20:39.619+0000] {processor.py:830} INFO - Processing file /opt/airflow/dags/stock_pipeline_dag.py for tasks to queue
[2025-09-08T06:20:39.630+0000] {logging_mixin.py:188} INFO - [2025-09-08T06:20:39.628+0000] {dagbag.py:545} INFO - Filling up the DagBag from /opt/airflow/dags/stock_pipeline_dag.py
[2025-09-08T06:20:40.096+0000] {processor.py:840} INFO - DAG(s) 'stock_data_pipeline' retrieved from /opt/airflow/dags/stock_pipeline_dag.py
[2025-09-08T06:20:40.225+0000] {logging_mixin.py:188} INFO - [2025-09-08T06:20:40.224+0000] {dag.py:3096} INFO - Sync 1 DAGs
[2025-09-08T06:20:40.332+0000] {logging_mixin.py:188} INFO - [2025-09-08T06:20:40.331+0000] {dag.py:3954} INFO - Setting next_dagrun for stock_data_pipeline to 2025-09-08 05:00:00+00:00, run_after=2025-09-08 06:00:00+00:00
[2025-09-08T06:20:40.439+0000] {processor.py:183} INFO - Processing /opt/airflow/dags/stock_pipeline_dag.py took 0.858 seconds
[2025-09-08T06:21:10.785+0000] {processor.py:161} INFO - Started process (PID=209) to work on /opt/airflow/dags/stock_pipeline_dag.py
[2025-09-08T06:21:10.791+0000] {processor.py:830} INFO - Processing file /opt/airflow/dags/stock_pipeline_dag.py for tasks to queue
[2025-09-08T06:21:10.804+0000] {logging_mixin.py:188} INFO - [2025-09-08T06:21:10.802+0000] {dagbag.py:545} INFO - Filling up the DagBag from /opt/airflow/dags/stock_pipeline_dag.py
[2025-09-08T06:21:10.914+0000] {processor.py:840} INFO - DAG(s) 'stock_data_pipeline' retrieved from /opt/airflow/dags/stock_pipeline_dag.py
[2025-09-08T06:21:11.055+0000] {logging_mixin.py:188} INFO - [2025-09-08T06:21:11.054+0000] {dag.py:3096} INFO - Sync 1 DAGs
[2025-09-08T06:21:11.104+0000] {logging_mixin.py:188} INFO - [2025-09-08T06:21:11.104+0000] {dag.py:3954} INFO - Setting next_dagrun for stock_data_pipeline to 2025-09-08 05:00:00+00:00, run_after=2025-09-08 06:00:00+00:00
[2025-09-08T06:21:11.160+0000] {processor.py:183} INFO - Processing /opt/airflow/dags/stock_pipeline_dag.py took 0.404 seconds
[2025-09-08T06:21:41.642+0000] {processor.py:161} INFO - Started process (PID=214) to work on /opt/airflow/dags/stock_pipeline_dag.py
[2025-09-08T06:21:41.647+0000] {processor.py:830} INFO - Processing file /opt/airflow/dags/stock_pipeline_dag.py for tasks to queue
[2025-09-08T06:21:41.655+0000] {logging_mixin.py:188} INFO - [2025-09-08T06:21:41.654+0000] {dagbag.py:545} INFO - Filling up the DagBag from /opt/airflow/dags/stock_pipeline_dag.py
[2025-09-08T06:21:41.768+0000] {processor.py:840} INFO - DAG(s) 'stock_data_pipeline' retrieved from /opt/airflow/dags/stock_pipeline_dag.py
[2025-09-08T06:21:41.887+0000] {logging_mixin.py:188} INFO - [2025-09-08T06:21:41.887+0000] {dag.py:3096} INFO - Sync 1 DAGs
[2025-09-08T06:21:41.925+0000] {logging_mixin.py:188} INFO - [2025-09-08T06:21:41.924+0000] {dag.py:3954} INFO - Setting next_dagrun for stock_data_pipeline to 2025-09-08 05:00:00+00:00, run_after=2025-09-08 06:00:00+00:00
[2025-09-08T06:21:41.989+0000] {processor.py:183} INFO - Processing /opt/airflow/dags/stock_pipeline_dag.py took 0.377 seconds
[2025-09-08T06:22:12.645+0000] {processor.py:161} INFO - Started process (PID=219) to work on /opt/airflow/dags/stock_pipeline_dag.py
[2025-09-08T06:22:12.649+0000] {processor.py:830} INFO - Processing file /opt/airflow/dags/stock_pipeline_dag.py for tasks to queue
[2025-09-08T06:22:12.659+0000] {logging_mixin.py:188} INFO - [2025-09-08T06:22:12.658+0000] {dagbag.py:545} INFO - Filling up the DagBag from /opt/airflow/dags/stock_pipeline_dag.py
[2025-09-08T06:22:12.751+0000] {processor.py:840} INFO - DAG(s) 'stock_data_pipeline' retrieved from /opt/airflow/dags/stock_pipeline_dag.py
[2025-09-08T06:22:12.859+0000] {logging_mixin.py:188} INFO - [2025-09-08T06:22:12.858+0000] {dag.py:3096} INFO - Sync 1 DAGs
[2025-09-08T06:22:12.898+0000] {logging_mixin.py:188} INFO - [2025-09-08T06:22:12.898+0000] {dag.py:3954} INFO - Setting next_dagrun for stock_data_pipeline to 2025-09-08 05:00:00+00:00, run_after=2025-09-08 06:00:00+00:00
[2025-09-08T06:22:12.949+0000] {processor.py:183} INFO - Processing /opt/airflow/dags/stock_pipeline_dag.py took 0.330 seconds
[2025-09-08T06:22:43.128+0000] {processor.py:161} INFO - Started process (PID=224) to work on /opt/airflow/dags/stock_pipeline_dag.py
[2025-09-08T06:22:43.132+0000] {processor.py:830} INFO - Processing file /opt/airflow/dags/stock_pipeline_dag.py for tasks to queue
[2025-09-08T06:22:43.141+0000] {logging_mixin.py:188} INFO - [2025-09-08T06:22:43.140+0000] {dagbag.py:545} INFO - Filling up the DagBag from /opt/airflow/dags/stock_pipeline_dag.py
[2025-09-08T06:22:43.221+0000] {processor.py:840} INFO - DAG(s) 'stock_data_pipeline' retrieved from /opt/airflow/dags/stock_pipeline_dag.py
[2025-09-08T06:22:43.334+0000] {logging_mixin.py:188} INFO - [2025-09-08T06:22:43.333+0000] {dag.py:3096} INFO - Sync 1 DAGs
[2025-09-08T06:22:43.409+0000] {logging_mixin.py:188} INFO - [2025-09-08T06:22:43.408+0000] {dag.py:3954} INFO - Setting next_dagrun for stock_data_pipeline to 2025-09-08 05:00:00+00:00, run_after=2025-09-08 06:00:00+00:00
[2025-09-08T06:22:43.486+0000] {processor.py:183} INFO - Processing /opt/airflow/dags/stock_pipeline_dag.py took 0.381 seconds
[2025-09-08T06:23:14.031+0000] {processor.py:161} INFO - Started process (PID=229) to work on /opt/airflow/dags/stock_pipeline_dag.py
[2025-09-08T06:23:14.033+0000] {processor.py:830} INFO - Processing file /opt/airflow/dags/stock_pipeline_dag.py for tasks to queue
[2025-09-08T06:23:14.039+0000] {logging_mixin.py:188} INFO - [2025-09-08T06:23:14.039+0000] {dagbag.py:545} INFO - Filling up the DagBag from /opt/airflow/dags/stock_pipeline_dag.py
[2025-09-08T06:23:14.083+0000] {processor.py:840} INFO - DAG(s) 'stock_data_pipeline' retrieved from /opt/airflow/dags/stock_pipeline_dag.py
[2025-09-08T06:23:14.165+0000] {logging_mixin.py:188} INFO - [2025-09-08T06:23:14.165+0000] {dag.py:3096} INFO - Sync 1 DAGs
[2025-09-08T06:23:14.232+0000] {logging_mixin.py:188} INFO - [2025-09-08T06:23:14.232+0000] {dag.py:3954} INFO - Setting next_dagrun for stock_data_pipeline to 2025-09-08 05:00:00+00:00, run_after=2025-09-08 06:00:00+00:00
[2025-09-08T06:23:14.290+0000] {processor.py:183} INFO - Processing /opt/airflow/dags/stock_pipeline_dag.py took 0.273 seconds
[2025-09-08T06:23:44.681+0000] {processor.py:161} INFO - Started process (PID=234) to work on /opt/airflow/dags/stock_pipeline_dag.py
[2025-09-08T06:23:44.687+0000] {processor.py:830} INFO - Processing file /opt/airflow/dags/stock_pipeline_dag.py for tasks to queue
[2025-09-08T06:23:44.703+0000] {logging_mixin.py:188} INFO - [2025-09-08T06:23:44.701+0000] {dagbag.py:545} INFO - Filling up the DagBag from /opt/airflow/dags/stock_pipeline_dag.py
[2025-09-08T06:23:44.838+0000] {processor.py:840} INFO - DAG(s) 'stock_data_pipeline' retrieved from /opt/airflow/dags/stock_pipeline_dag.py
[2025-09-08T06:23:45.001+0000] {logging_mixin.py:188} INFO - [2025-09-08T06:23:45.000+0000] {dag.py:3096} INFO - Sync 1 DAGs
[2025-09-08T06:23:45.070+0000] {logging_mixin.py:188} INFO - [2025-09-08T06:23:45.070+0000] {dag.py:3954} INFO - Setting next_dagrun for stock_data_pipeline to 2025-09-08 05:00:00+00:00, run_after=2025-09-08 06:00:00+00:00
[2025-09-08T06:23:45.131+0000] {processor.py:183} INFO - Processing /opt/airflow/dags/stock_pipeline_dag.py took 0.485 seconds
[2025-09-08T06:24:15.593+0000] {processor.py:161} INFO - Started process (PID=239) to work on /opt/airflow/dags/stock_pipeline_dag.py
[2025-09-08T06:24:15.595+0000] {processor.py:830} INFO - Processing file /opt/airflow/dags/stock_pipeline_dag.py for tasks to queue
[2025-09-08T06:24:15.600+0000] {logging_mixin.py:188} INFO - [2025-09-08T06:24:15.599+0000] {dagbag.py:545} INFO - Filling up the DagBag from /opt/airflow/dags/stock_pipeline_dag.py
[2025-09-08T06:24:15.659+0000] {processor.py:840} INFO - DAG(s) 'stock_data_pipeline' retrieved from /opt/airflow/dags/stock_pipeline_dag.py
[2025-09-08T06:24:15.733+0000] {logging_mixin.py:188} INFO - [2025-09-08T06:24:15.733+0000] {dag.py:3096} INFO - Sync 1 DAGs
[2025-09-08T06:24:15.785+0000] {logging_mixin.py:188} INFO - [2025-09-08T06:24:15.784+0000] {dag.py:3954} INFO - Setting next_dagrun for stock_data_pipeline to 2025-09-08 05:00:00+00:00, run_after=2025-09-08 06:00:00+00:00
[2025-09-08T06:24:15.839+0000] {processor.py:183} INFO - Processing /opt/airflow/dags/stock_pipeline_dag.py took 0.261 seconds
[2025-09-08T06:24:46.186+0000] {processor.py:161} INFO - Started process (PID=244) to work on /opt/airflow/dags/stock_pipeline_dag.py
[2025-09-08T06:24:46.190+0000] {processor.py:830} INFO - Processing file /opt/airflow/dags/stock_pipeline_dag.py for tasks to queue
[2025-09-08T06:24:46.203+0000] {logging_mixin.py:188} INFO - [2025-09-08T06:24:46.201+0000] {dagbag.py:545} INFO - Filling up the DagBag from /opt/airflow/dags/stock_pipeline_dag.py
[2025-09-08T06:24:46.316+0000] {processor.py:840} INFO - DAG(s) 'stock_data_pipeline' retrieved from /opt/airflow/dags/stock_pipeline_dag.py
[2025-09-08T06:24:46.439+0000] {logging_mixin.py:188} INFO - [2025-09-08T06:24:46.438+0000] {dag.py:3096} INFO - Sync 1 DAGs
[2025-09-08T06:24:46.537+0000] {logging_mixin.py:188} INFO - [2025-09-08T06:24:46.536+0000] {dag.py:3954} INFO - Setting next_dagrun for stock_data_pipeline to 2025-09-08 05:00:00+00:00, run_after=2025-09-08 06:00:00+00:00
[2025-09-08T06:24:46.639+0000] {processor.py:183} INFO - Processing /opt/airflow/dags/stock_pipeline_dag.py took 0.483 seconds
[2025-09-08T06:25:17.020+0000] {processor.py:161} INFO - Started process (PID=249) to work on /opt/airflow/dags/stock_pipeline_dag.py
[2025-09-08T06:25:17.024+0000] {processor.py:830} INFO - Processing file /opt/airflow/dags/stock_pipeline_dag.py for tasks to queue
[2025-09-08T06:25:17.036+0000] {logging_mixin.py:188} INFO - [2025-09-08T06:25:17.035+0000] {dagbag.py:545} INFO - Filling up the DagBag from /opt/airflow/dags/stock_pipeline_dag.py
[2025-09-08T06:25:17.141+0000] {processor.py:840} INFO - DAG(s) 'stock_data_pipeline' retrieved from /opt/airflow/dags/stock_pipeline_dag.py
[2025-09-08T06:25:17.210+0000] {logging_mixin.py:188} INFO - [2025-09-08T06:25:17.209+0000] {dag.py:3096} INFO - Sync 1 DAGs
[2025-09-08T06:25:17.273+0000] {logging_mixin.py:188} INFO - [2025-09-08T06:25:17.272+0000] {dag.py:3954} INFO - Setting next_dagrun for stock_data_pipeline to 2025-09-08 05:00:00+00:00, run_after=2025-09-08 06:00:00+00:00
[2025-09-08T06:25:17.329+0000] {processor.py:183} INFO - Processing /opt/airflow/dags/stock_pipeline_dag.py took 0.337 seconds
[2025-09-08T06:25:47.590+0000] {processor.py:161} INFO - Started process (PID=254) to work on /opt/airflow/dags/stock_pipeline_dag.py
[2025-09-08T06:25:47.593+0000] {processor.py:830} INFO - Processing file /opt/airflow/dags/stock_pipeline_dag.py for tasks to queue
[2025-09-08T06:25:47.599+0000] {logging_mixin.py:188} INFO - [2025-09-08T06:25:47.598+0000] {dagbag.py:545} INFO - Filling up the DagBag from /opt/airflow/dags/stock_pipeline_dag.py
[2025-09-08T06:25:47.654+0000] {processor.py:840} INFO - DAG(s) 'stock_data_pipeline' retrieved from /opt/airflow/dags/stock_pipeline_dag.py
[2025-09-08T06:25:47.731+0000] {logging_mixin.py:188} INFO - [2025-09-08T06:25:47.731+0000] {dag.py:3096} INFO - Sync 1 DAGs
[2025-09-08T06:25:47.791+0000] {logging_mixin.py:188} INFO - [2025-09-08T06:25:47.790+0000] {dag.py:3954} INFO - Setting next_dagrun for stock_data_pipeline to 2025-09-08 05:00:00+00:00, run_after=2025-09-08 06:00:00+00:00
[2025-09-08T06:25:47.841+0000] {processor.py:183} INFO - Processing /opt/airflow/dags/stock_pipeline_dag.py took 0.270 seconds
[2025-09-08T06:26:18.189+0000] {processor.py:161} INFO - Started process (PID=259) to work on /opt/airflow/dags/stock_pipeline_dag.py
[2025-09-08T06:26:18.193+0000] {processor.py:830} INFO - Processing file /opt/airflow/dags/stock_pipeline_dag.py for tasks to queue
[2025-09-08T06:26:18.199+0000] {logging_mixin.py:188} INFO - [2025-09-08T06:26:18.198+0000] {dagbag.py:545} INFO - Filling up the DagBag from /opt/airflow/dags/stock_pipeline_dag.py
[2025-09-08T06:26:18.269+0000] {processor.py:840} INFO - DAG(s) 'stock_data_pipeline' retrieved from /opt/airflow/dags/stock_pipeline_dag.py
[2025-09-08T06:26:18.340+0000] {logging_mixin.py:188} INFO - [2025-09-08T06:26:18.339+0000] {dag.py:3096} INFO - Sync 1 DAGs
[2025-09-08T06:26:18.402+0000] {logging_mixin.py:188} INFO - [2025-09-08T06:26:18.401+0000] {dag.py:3954} INFO - Setting next_dagrun for stock_data_pipeline to 2025-09-08 05:00:00+00:00, run_after=2025-09-08 06:00:00+00:00
[2025-09-08T06:26:18.514+0000] {processor.py:183} INFO - Processing /opt/airflow/dags/stock_pipeline_dag.py took 0.346 seconds
[2025-09-08T06:26:49.068+0000] {processor.py:161} INFO - Started process (PID=264) to work on /opt/airflow/dags/stock_pipeline_dag.py
[2025-09-08T06:26:49.072+0000] {processor.py:830} INFO - Processing file /opt/airflow/dags/stock_pipeline_dag.py for tasks to queue
[2025-09-08T06:26:49.077+0000] {logging_mixin.py:188} INFO - [2025-09-08T06:26:49.076+0000] {dagbag.py:545} INFO - Filling up the DagBag from /opt/airflow/dags/stock_pipeline_dag.py
[2025-09-08T06:26:49.143+0000] {processor.py:840} INFO - DAG(s) 'stock_data_pipeline' retrieved from /opt/airflow/dags/stock_pipeline_dag.py
[2025-09-08T06:26:49.270+0000] {logging_mixin.py:188} INFO - [2025-09-08T06:26:49.269+0000] {dag.py:3096} INFO - Sync 1 DAGs
[2025-09-08T06:26:49.361+0000] {logging_mixin.py:188} INFO - [2025-09-08T06:26:49.361+0000] {dag.py:3954} INFO - Setting next_dagrun for stock_data_pipeline to 2025-09-08 05:00:00+00:00, run_after=2025-09-08 06:00:00+00:00
[2025-09-08T06:26:49.427+0000] {processor.py:183} INFO - Processing /opt/airflow/dags/stock_pipeline_dag.py took 0.392 seconds
[2025-09-08T06:27:20.093+0000] {processor.py:161} INFO - Started process (PID=269) to work on /opt/airflow/dags/stock_pipeline_dag.py
[2025-09-08T06:27:20.098+0000] {processor.py:830} INFO - Processing file /opt/airflow/dags/stock_pipeline_dag.py for tasks to queue
[2025-09-08T06:27:20.107+0000] {logging_mixin.py:188} INFO - [2025-09-08T06:27:20.105+0000] {dagbag.py:545} INFO - Filling up the DagBag from /opt/airflow/dags/stock_pipeline_dag.py
[2025-09-08T06:27:20.207+0000] {processor.py:840} INFO - DAG(s) 'stock_data_pipeline' retrieved from /opt/airflow/dags/stock_pipeline_dag.py
[2025-09-08T06:27:20.318+0000] {logging_mixin.py:188} INFO - [2025-09-08T06:27:20.317+0000] {dag.py:3096} INFO - Sync 1 DAGs
[2025-09-08T06:27:20.373+0000] {logging_mixin.py:188} INFO - [2025-09-08T06:27:20.373+0000] {dag.py:3954} INFO - Setting next_dagrun for stock_data_pipeline to 2025-09-08 05:00:00+00:00, run_after=2025-09-08 06:00:00+00:00
[2025-09-08T06:27:20.425+0000] {processor.py:183} INFO - Processing /opt/airflow/dags/stock_pipeline_dag.py took 0.362 seconds
[2025-09-08T06:27:51.010+0000] {processor.py:161} INFO - Started process (PID=274) to work on /opt/airflow/dags/stock_pipeline_dag.py
[2025-09-08T06:27:51.015+0000] {processor.py:830} INFO - Processing file /opt/airflow/dags/stock_pipeline_dag.py for tasks to queue
[2025-09-08T06:27:51.024+0000] {logging_mixin.py:188} INFO - [2025-09-08T06:27:51.023+0000] {dagbag.py:545} INFO - Filling up the DagBag from /opt/airflow/dags/stock_pipeline_dag.py
[2025-09-08T06:27:51.132+0000] {processor.py:840} INFO - DAG(s) 'stock_data_pipeline' retrieved from /opt/airflow/dags/stock_pipeline_dag.py
[2025-09-08T06:27:51.244+0000] {logging_mixin.py:188} INFO - [2025-09-08T06:27:51.244+0000] {dag.py:3096} INFO - Sync 1 DAGs
[2025-09-08T06:27:51.279+0000] {logging_mixin.py:188} INFO - [2025-09-08T06:27:51.279+0000] {dag.py:3954} INFO - Setting next_dagrun for stock_data_pipeline to 2025-09-08 05:00:00+00:00, run_after=2025-09-08 06:00:00+00:00
[2025-09-08T06:27:51.327+0000] {processor.py:183} INFO - Processing /opt/airflow/dags/stock_pipeline_dag.py took 0.344 seconds
[2025-09-08T06:28:21.904+0000] {processor.py:161} INFO - Started process (PID=279) to work on /opt/airflow/dags/stock_pipeline_dag.py
[2025-09-08T06:28:21.909+0000] {processor.py:830} INFO - Processing file /opt/airflow/dags/stock_pipeline_dag.py for tasks to queue
[2025-09-08T06:28:21.917+0000] {logging_mixin.py:188} INFO - [2025-09-08T06:28:21.915+0000] {dagbag.py:545} INFO - Filling up the DagBag from /opt/airflow/dags/stock_pipeline_dag.py
[2025-09-08T06:28:22.015+0000] {processor.py:840} INFO - DAG(s) 'stock_data_pipeline' retrieved from /opt/airflow/dags/stock_pipeline_dag.py
[2025-09-08T06:28:22.137+0000] {logging_mixin.py:188} INFO - [2025-09-08T06:28:22.136+0000] {dag.py:3096} INFO - Sync 1 DAGs
[2025-09-08T06:28:22.235+0000] {logging_mixin.py:188} INFO - [2025-09-08T06:28:22.234+0000] {dag.py:3954} INFO - Setting next_dagrun for stock_data_pipeline to 2025-09-08 05:00:00+00:00, run_after=2025-09-08 06:00:00+00:00
[2025-09-08T06:28:22.324+0000] {processor.py:183} INFO - Processing /opt/airflow/dags/stock_pipeline_dag.py took 0.448 seconds
[2025-09-08T06:28:52.943+0000] {processor.py:161} INFO - Started process (PID=284) to work on /opt/airflow/dags/stock_pipeline_dag.py
[2025-09-08T06:28:52.947+0000] {processor.py:830} INFO - Processing file /opt/airflow/dags/stock_pipeline_dag.py for tasks to queue
[2025-09-08T06:28:52.956+0000] {logging_mixin.py:188} INFO - [2025-09-08T06:28:52.954+0000] {dagbag.py:545} INFO - Filling up the DagBag from /opt/airflow/dags/stock_pipeline_dag.py
[2025-09-08T06:28:53.057+0000] {processor.py:840} INFO - DAG(s) 'stock_data_pipeline' retrieved from /opt/airflow/dags/stock_pipeline_dag.py
[2025-09-08T06:28:53.163+0000] {logging_mixin.py:188} INFO - [2025-09-08T06:28:53.163+0000] {dag.py:3096} INFO - Sync 1 DAGs
[2025-09-08T06:28:53.203+0000] {logging_mixin.py:188} INFO - [2025-09-08T06:28:53.203+0000] {dag.py:3954} INFO - Setting next_dagrun for stock_data_pipeline to 2025-09-08 05:00:00+00:00, run_after=2025-09-08 06:00:00+00:00
[2025-09-08T06:28:53.238+0000] {processor.py:183} INFO - Processing /opt/airflow/dags/stock_pipeline_dag.py took 0.335 seconds
[2025-09-08T06:29:23.452+0000] {processor.py:161} INFO - Started process (PID=289) to work on /opt/airflow/dags/stock_pipeline_dag.py
[2025-09-08T06:29:23.457+0000] {processor.py:830} INFO - Processing file /opt/airflow/dags/stock_pipeline_dag.py for tasks to queue
[2025-09-08T06:29:23.467+0000] {logging_mixin.py:188} INFO - [2025-09-08T06:29:23.465+0000] {dagbag.py:545} INFO - Filling up the DagBag from /opt/airflow/dags/stock_pipeline_dag.py
[2025-09-08T06:29:23.594+0000] {processor.py:840} INFO - DAG(s) 'stock_data_pipeline' retrieved from /opt/airflow/dags/stock_pipeline_dag.py
[2025-09-08T06:29:23.736+0000] {logging_mixin.py:188} INFO - [2025-09-08T06:29:23.734+0000] {dag.py:3096} INFO - Sync 1 DAGs
[2025-09-08T06:29:23.840+0000] {logging_mixin.py:188} INFO - [2025-09-08T06:29:23.839+0000] {dag.py:3954} INFO - Setting next_dagrun for stock_data_pipeline to 2025-09-08 05:00:00+00:00, run_after=2025-09-08 06:00:00+00:00
[2025-09-08T06:29:23.934+0000] {processor.py:183} INFO - Processing /opt/airflow/dags/stock_pipeline_dag.py took 0.510 seconds
[2025-09-08T06:29:54.277+0000] {processor.py:161} INFO - Started process (PID=294) to work on /opt/airflow/dags/stock_pipeline_dag.py
[2025-09-08T06:29:54.282+0000] {processor.py:830} INFO - Processing file /opt/airflow/dags/stock_pipeline_dag.py for tasks to queue
[2025-09-08T06:29:54.290+0000] {logging_mixin.py:188} INFO - [2025-09-08T06:29:54.288+0000] {dagbag.py:545} INFO - Filling up the DagBag from /opt/airflow/dags/stock_pipeline_dag.py
[2025-09-08T06:29:54.397+0000] {processor.py:840} INFO - DAG(s) 'stock_data_pipeline' retrieved from /opt/airflow/dags/stock_pipeline_dag.py
[2025-09-08T06:29:54.514+0000] {logging_mixin.py:188} INFO - [2025-09-08T06:29:54.513+0000] {dag.py:3096} INFO - Sync 1 DAGs
[2025-09-08T06:29:54.607+0000] {logging_mixin.py:188} INFO - [2025-09-08T06:29:54.606+0000] {dag.py:3954} INFO - Setting next_dagrun for stock_data_pipeline to 2025-09-08 05:00:00+00:00, run_after=2025-09-08 06:00:00+00:00
[2025-09-08T06:29:54.696+0000] {processor.py:183} INFO - Processing /opt/airflow/dags/stock_pipeline_dag.py took 0.447 seconds
[2025-09-08T06:30:25.049+0000] {processor.py:161} INFO - Started process (PID=299) to work on /opt/airflow/dags/stock_pipeline_dag.py
[2025-09-08T06:30:25.053+0000] {processor.py:830} INFO - Processing file /opt/airflow/dags/stock_pipeline_dag.py for tasks to queue
[2025-09-08T06:30:25.061+0000] {logging_mixin.py:188} INFO - [2025-09-08T06:30:25.060+0000] {dagbag.py:545} INFO - Filling up the DagBag from /opt/airflow/dags/stock_pipeline_dag.py
[2025-09-08T06:30:25.177+0000] {processor.py:840} INFO - DAG(s) 'stock_data_pipeline' retrieved from /opt/airflow/dags/stock_pipeline_dag.py
[2025-09-08T06:30:25.312+0000] {logging_mixin.py:188} INFO - [2025-09-08T06:30:25.311+0000] {dag.py:3096} INFO - Sync 1 DAGs
[2025-09-08T06:30:25.416+0000] {logging_mixin.py:188} INFO - [2025-09-08T06:30:25.415+0000] {dag.py:3954} INFO - Setting next_dagrun for stock_data_pipeline to 2025-09-08 05:00:00+00:00, run_after=2025-09-08 06:00:00+00:00
[2025-09-08T06:30:25.532+0000] {processor.py:183} INFO - Processing /opt/airflow/dags/stock_pipeline_dag.py took 0.510 seconds
[2025-09-08T06:30:55.866+0000] {processor.py:161} INFO - Started process (PID=306) to work on /opt/airflow/dags/stock_pipeline_dag.py
[2025-09-08T06:30:55.873+0000] {processor.py:830} INFO - Processing file /opt/airflow/dags/stock_pipeline_dag.py for tasks to queue
[2025-09-08T06:30:55.886+0000] {logging_mixin.py:188} INFO - [2025-09-08T06:30:55.884+0000] {dagbag.py:545} INFO - Filling up the DagBag from /opt/airflow/dags/stock_pipeline_dag.py
[2025-09-08T06:30:56.040+0000] {processor.py:840} INFO - DAG(s) 'stock_data_pipeline' retrieved from /opt/airflow/dags/stock_pipeline_dag.py
[2025-09-08T06:30:56.119+0000] {logging_mixin.py:188} INFO - [2025-09-08T06:30:56.119+0000] {dag.py:3096} INFO - Sync 1 DAGs
[2025-09-08T06:30:56.183+0000] {logging_mixin.py:188} INFO - [2025-09-08T06:30:56.183+0000] {dag.py:3954} INFO - Setting next_dagrun for stock_data_pipeline to 2025-09-08 06:00:00+00:00, run_after=2025-09-08 07:00:00+00:00
[2025-09-08T06:30:56.278+0000] {processor.py:183} INFO - Processing /opt/airflow/dags/stock_pipeline_dag.py took 0.460 seconds
[2025-09-08T06:31:26.672+0000] {processor.py:161} INFO - Started process (PID=311) to work on /opt/airflow/dags/stock_pipeline_dag.py
[2025-09-08T06:31:26.677+0000] {processor.py:830} INFO - Processing file /opt/airflow/dags/stock_pipeline_dag.py for tasks to queue
[2025-09-08T06:31:26.686+0000] {logging_mixin.py:188} INFO - [2025-09-08T06:31:26.685+0000] {dagbag.py:545} INFO - Filling up the DagBag from /opt/airflow/dags/stock_pipeline_dag.py
[2025-09-08T06:31:26.801+0000] {processor.py:840} INFO - DAG(s) 'stock_data_pipeline' retrieved from /opt/airflow/dags/stock_pipeline_dag.py
[2025-09-08T06:31:26.927+0000] {logging_mixin.py:188} INFO - [2025-09-08T06:31:26.926+0000] {dag.py:3096} INFO - Sync 1 DAGs
[2025-09-08T06:31:27.036+0000] {logging_mixin.py:188} INFO - [2025-09-08T06:31:27.035+0000] {dag.py:3954} INFO - Setting next_dagrun for stock_data_pipeline to 2025-09-08 06:00:00+00:00, run_after=2025-09-08 07:00:00+00:00
[2025-09-08T06:31:27.127+0000] {processor.py:183} INFO - Processing /opt/airflow/dags/stock_pipeline_dag.py took 0.487 seconds
[2025-09-08T06:31:57.606+0000] {processor.py:161} INFO - Started process (PID=316) to work on /opt/airflow/dags/stock_pipeline_dag.py
[2025-09-08T06:31:57.610+0000] {processor.py:830} INFO - Processing file /opt/airflow/dags/stock_pipeline_dag.py for tasks to queue
[2025-09-08T06:31:57.618+0000] {logging_mixin.py:188} INFO - [2025-09-08T06:31:57.617+0000] {dagbag.py:545} INFO - Filling up the DagBag from /opt/airflow/dags/stock_pipeline_dag.py
[2025-09-08T06:31:57.721+0000] {processor.py:840} INFO - DAG(s) 'stock_data_pipeline' retrieved from /opt/airflow/dags/stock_pipeline_dag.py
[2025-09-08T06:31:57.844+0000] {logging_mixin.py:188} INFO - [2025-09-08T06:31:57.843+0000] {dag.py:3096} INFO - Sync 1 DAGs
[2025-09-08T06:31:57.937+0000] {logging_mixin.py:188} INFO - [2025-09-08T06:31:57.936+0000] {dag.py:3954} INFO - Setting next_dagrun for stock_data_pipeline to 2025-09-08 06:00:00+00:00, run_after=2025-09-08 07:00:00+00:00
[2025-09-08T06:31:58.027+0000] {processor.py:183} INFO - Processing /opt/airflow/dags/stock_pipeline_dag.py took 0.445 seconds
[2025-09-08T06:32:28.230+0000] {processor.py:161} INFO - Started process (PID=321) to work on /opt/airflow/dags/stock_pipeline_dag.py
[2025-09-08T06:32:28.235+0000] {processor.py:830} INFO - Processing file /opt/airflow/dags/stock_pipeline_dag.py for tasks to queue
[2025-09-08T06:32:28.247+0000] {logging_mixin.py:188} INFO - [2025-09-08T06:32:28.245+0000] {dagbag.py:545} INFO - Filling up the DagBag from /opt/airflow/dags/stock_pipeline_dag.py
[2025-09-08T06:32:28.355+0000] {processor.py:840} INFO - DAG(s) 'stock_data_pipeline' retrieved from /opt/airflow/dags/stock_pipeline_dag.py
[2025-09-08T06:32:28.467+0000] {logging_mixin.py:188} INFO - [2025-09-08T06:32:28.467+0000] {dag.py:3096} INFO - Sync 1 DAGs
[2025-09-08T06:32:28.508+0000] {logging_mixin.py:188} INFO - [2025-09-08T06:32:28.508+0000] {dag.py:3954} INFO - Setting next_dagrun for stock_data_pipeline to 2025-09-08 06:00:00+00:00, run_after=2025-09-08 07:00:00+00:00
[2025-09-08T06:32:28.565+0000] {processor.py:183} INFO - Processing /opt/airflow/dags/stock_pipeline_dag.py took 0.370 seconds
[2025-09-08T06:32:59.167+0000] {processor.py:161} INFO - Started process (PID=328) to work on /opt/airflow/dags/stock_pipeline_dag.py
[2025-09-08T06:32:59.170+0000] {processor.py:830} INFO - Processing file /opt/airflow/dags/stock_pipeline_dag.py for tasks to queue
[2025-09-08T06:32:59.178+0000] {logging_mixin.py:188} INFO - [2025-09-08T06:32:59.176+0000] {dagbag.py:545} INFO - Filling up the DagBag from /opt/airflow/dags/stock_pipeline_dag.py
[2025-09-08T06:32:59.275+0000] {processor.py:840} INFO - DAG(s) 'stock_data_pipeline' retrieved from /opt/airflow/dags/stock_pipeline_dag.py
[2025-09-08T06:32:59.379+0000] {logging_mixin.py:188} INFO - [2025-09-08T06:32:59.378+0000] {dag.py:3096} INFO - Sync 1 DAGs
[2025-09-08T06:32:59.460+0000] {logging_mixin.py:188} INFO - [2025-09-08T06:32:59.459+0000] {dag.py:3954} INFO - Setting next_dagrun for stock_data_pipeline to 2025-09-08 06:00:00+00:00, run_after=2025-09-08 07:00:00+00:00
[2025-09-08T06:32:59.541+0000] {processor.py:183} INFO - Processing /opt/airflow/dags/stock_pipeline_dag.py took 0.395 seconds
[2025-09-08T06:33:30.201+0000] {processor.py:161} INFO - Started process (PID=333) to work on /opt/airflow/dags/stock_pipeline_dag.py
[2025-09-08T06:33:30.206+0000] {processor.py:830} INFO - Processing file /opt/airflow/dags/stock_pipeline_dag.py for tasks to queue
[2025-09-08T06:33:30.217+0000] {logging_mixin.py:188} INFO - [2025-09-08T06:33:30.215+0000] {dagbag.py:545} INFO - Filling up the DagBag from /opt/airflow/dags/stock_pipeline_dag.py
[2025-09-08T06:33:30.337+0000] {processor.py:840} INFO - DAG(s) 'stock_data_pipeline' retrieved from /opt/airflow/dags/stock_pipeline_dag.py
[2025-09-08T06:33:30.469+0000] {logging_mixin.py:188} INFO - [2025-09-08T06:33:30.469+0000] {dag.py:3096} INFO - Sync 1 DAGs
[2025-09-08T06:33:30.528+0000] {logging_mixin.py:188} INFO - [2025-09-08T06:33:30.528+0000] {dag.py:3954} INFO - Setting next_dagrun for stock_data_pipeline to 2025-09-08 06:00:00+00:00, run_after=2025-09-08 07:00:00+00:00
[2025-09-08T06:33:30.589+0000] {processor.py:183} INFO - Processing /opt/airflow/dags/stock_pipeline_dag.py took 0.423 seconds
[2025-09-08T06:34:01.126+0000] {processor.py:161} INFO - Started process (PID=338) to work on /opt/airflow/dags/stock_pipeline_dag.py
[2025-09-08T06:34:01.128+0000] {processor.py:830} INFO - Processing file /opt/airflow/dags/stock_pipeline_dag.py for tasks to queue
[2025-09-08T06:34:01.133+0000] {logging_mixin.py:188} INFO - [2025-09-08T06:34:01.132+0000] {dagbag.py:545} INFO - Filling up the DagBag from /opt/airflow/dags/stock_pipeline_dag.py
[2025-09-08T06:34:01.198+0000] {processor.py:840} INFO - DAG(s) 'stock_data_pipeline' retrieved from /opt/airflow/dags/stock_pipeline_dag.py
[2025-09-08T06:34:01.264+0000] {logging_mixin.py:188} INFO - [2025-09-08T06:34:01.263+0000] {dag.py:3096} INFO - Sync 1 DAGs
[2025-09-08T06:34:01.319+0000] {logging_mixin.py:188} INFO - [2025-09-08T06:34:01.318+0000] {dag.py:3954} INFO - Setting next_dagrun for stock_data_pipeline to 2025-09-08 06:00:00+00:00, run_after=2025-09-08 07:00:00+00:00
[2025-09-08T06:34:01.373+0000] {processor.py:183} INFO - Processing /opt/airflow/dags/stock_pipeline_dag.py took 0.262 seconds
[2025-09-08T06:34:31.696+0000] {processor.py:161} INFO - Started process (PID=343) to work on /opt/airflow/dags/stock_pipeline_dag.py
[2025-09-08T06:34:31.700+0000] {processor.py:830} INFO - Processing file /opt/airflow/dags/stock_pipeline_dag.py for tasks to queue
[2025-09-08T06:34:31.709+0000] {logging_mixin.py:188} INFO - [2025-09-08T06:34:31.708+0000] {dagbag.py:545} INFO - Filling up the DagBag from /opt/airflow/dags/stock_pipeline_dag.py
[2025-09-08T06:34:31.805+0000] {processor.py:840} INFO - DAG(s) 'stock_data_pipeline' retrieved from /opt/airflow/dags/stock_pipeline_dag.py
[2025-09-08T06:34:31.914+0000] {logging_mixin.py:188} INFO - [2025-09-08T06:34:31.914+0000] {dag.py:3096} INFO - Sync 1 DAGs
[2025-09-08T06:34:31.967+0000] {logging_mixin.py:188} INFO - [2025-09-08T06:34:31.967+0000] {dag.py:3954} INFO - Setting next_dagrun for stock_data_pipeline to 2025-09-08 06:00:00+00:00, run_after=2025-09-08 07:00:00+00:00
[2025-09-08T06:34:32.023+0000] {processor.py:183} INFO - Processing /opt/airflow/dags/stock_pipeline_dag.py took 0.355 seconds
[2025-09-08T06:35:02.384+0000] {processor.py:161} INFO - Started process (PID=350) to work on /opt/airflow/dags/stock_pipeline_dag.py
[2025-09-08T06:35:02.387+0000] {processor.py:830} INFO - Processing file /opt/airflow/dags/stock_pipeline_dag.py for tasks to queue
[2025-09-08T06:35:02.394+0000] {logging_mixin.py:188} INFO - [2025-09-08T06:35:02.392+0000] {dagbag.py:545} INFO - Filling up the DagBag from /opt/airflow/dags/stock_pipeline_dag.py
[2025-09-08T06:35:02.509+0000] {processor.py:840} INFO - DAG(s) 'stock_data_pipeline' retrieved from /opt/airflow/dags/stock_pipeline_dag.py
[2025-09-08T06:35:02.672+0000] {logging_mixin.py:188} INFO - [2025-09-08T06:35:02.671+0000] {dag.py:3096} INFO - Sync 1 DAGs
[2025-09-08T06:35:02.821+0000] {logging_mixin.py:188} INFO - [2025-09-08T06:35:02.820+0000] {dag.py:3954} INFO - Setting next_dagrun for stock_data_pipeline to 2025-09-08 06:00:00+00:00, run_after=2025-09-08 07:00:00+00:00
[2025-09-08T06:35:02.942+0000] {processor.py:183} INFO - Processing /opt/airflow/dags/stock_pipeline_dag.py took 0.575 seconds
[2025-09-08T08:00:01.459+0000] {processor.py:161} INFO - Started process (PID=190) to work on /opt/airflow/dags/stock_pipeline_dag.py
[2025-09-08T08:00:01.462+0000] {processor.py:830} INFO - Processing file /opt/airflow/dags/stock_pipeline_dag.py for tasks to queue
[2025-09-08T08:00:01.470+0000] {logging_mixin.py:188} INFO - [2025-09-08T08:00:01.468+0000] {dagbag.py:545} INFO - Filling up the DagBag from /opt/airflow/dags/stock_pipeline_dag.py
[2025-09-08T08:00:01.652+0000] {processor.py:840} INFO - DAG(s) 'stock_pipeline_dag' retrieved from /opt/airflow/dags/stock_pipeline_dag.py
[2025-09-08T08:00:02.210+0000] {logging_mixin.py:188} INFO - [2025-09-08T08:00:02.208+0000] {override.py:1829} INFO - Created Permission View: can delete on DAG:stock_pipeline_dag
[2025-09-08T08:00:02.233+0000] {logging_mixin.py:188} INFO - [2025-09-08T08:00:02.232+0000] {override.py:1829} INFO - Created Permission View: can edit on DAG:stock_pipeline_dag
[2025-09-08T08:00:02.250+0000] {logging_mixin.py:188} INFO - [2025-09-08T08:00:02.249+0000] {override.py:1829} INFO - Created Permission View: can read on DAG:stock_pipeline_dag
[2025-09-08T08:00:02.251+0000] {logging_mixin.py:188} INFO - [2025-09-08T08:00:02.250+0000] {dag.py:3096} INFO - Sync 1 DAGs
[2025-09-08T08:00:02.274+0000] {logging_mixin.py:188} INFO - [2025-09-08T08:00:02.273+0000] {dag.py:3118} INFO - Creating ORM DAG for stock_pipeline_dag
[2025-09-08T08:00:02.296+0000] {logging_mixin.py:188} INFO - [2025-09-08T08:00:02.296+0000] {dag.py:3954} INFO - Setting next_dagrun for stock_pipeline_dag to 2025-09-08 07:00:00+00:00, run_after=2025-09-08 08:00:00+00:00
[2025-09-08T08:00:02.334+0000] {processor.py:183} INFO - Processing /opt/airflow/dags/stock_pipeline_dag.py took 0.897 seconds
[2025-09-08T08:00:32.786+0000] {processor.py:161} INFO - Started process (PID=209) to work on /opt/airflow/dags/stock_pipeline_dag.py
[2025-09-08T08:00:32.788+0000] {processor.py:830} INFO - Processing file /opt/airflow/dags/stock_pipeline_dag.py for tasks to queue
[2025-09-08T08:00:32.792+0000] {logging_mixin.py:188} INFO - [2025-09-08T08:00:32.791+0000] {dagbag.py:545} INFO - Filling up the DagBag from /opt/airflow/dags/stock_pipeline_dag.py
[2025-09-08T08:00:33.218+0000] {processor.py:840} INFO - DAG(s) 'stock_pipeline_dag' retrieved from /opt/airflow/dags/stock_pipeline_dag.py
[2025-09-08T08:00:33.272+0000] {logging_mixin.py:188} INFO - [2025-09-08T08:00:33.271+0000] {dag.py:3096} INFO - Sync 1 DAGs
[2025-09-08T08:00:33.324+0000] {logging_mixin.py:188} INFO - [2025-09-08T08:00:33.323+0000] {dag.py:3954} INFO - Setting next_dagrun for stock_pipeline_dag to 2025-09-08 07:00:00+00:00, run_after=2025-09-08 08:00:00+00:00
[2025-09-08T08:00:33.368+0000] {processor.py:183} INFO - Processing /opt/airflow/dags/stock_pipeline_dag.py took 0.603 seconds
[2025-09-08T08:01:03.971+0000] {processor.py:161} INFO - Started process (PID=235) to work on /opt/airflow/dags/stock_pipeline_dag.py
[2025-09-08T08:01:03.977+0000] {processor.py:830} INFO - Processing file /opt/airflow/dags/stock_pipeline_dag.py for tasks to queue
[2025-09-08T08:01:03.990+0000] {logging_mixin.py:188} INFO - [2025-09-08T08:01:03.988+0000] {dagbag.py:545} INFO - Filling up the DagBag from /opt/airflow/dags/stock_pipeline_dag.py
[2025-09-08T08:01:04.213+0000] {processor.py:840} INFO - DAG(s) 'stock_pipeline_dag' retrieved from /opt/airflow/dags/stock_pipeline_dag.py
[2025-09-08T08:01:04.354+0000] {logging_mixin.py:188} INFO - [2025-09-08T08:01:04.354+0000] {dag.py:3096} INFO - Sync 1 DAGs
[2025-09-08T08:01:04.417+0000] {logging_mixin.py:188} INFO - [2025-09-08T08:01:04.417+0000] {dag.py:3954} INFO - Setting next_dagrun for stock_pipeline_dag to 2025-09-08 07:00:00+00:00, run_after=2025-09-08 08:00:00+00:00
[2025-09-08T08:01:04.466+0000] {processor.py:183} INFO - Processing /opt/airflow/dags/stock_pipeline_dag.py took 0.532 seconds
[2025-09-08T08:01:35.066+0000] {processor.py:161} INFO - Started process (PID=245) to work on /opt/airflow/dags/stock_pipeline_dag.py
[2025-09-08T08:01:35.072+0000] {processor.py:830} INFO - Processing file /opt/airflow/dags/stock_pipeline_dag.py for tasks to queue
[2025-09-08T08:01:35.083+0000] {logging_mixin.py:188} INFO - [2025-09-08T08:01:35.081+0000] {dagbag.py:545} INFO - Filling up the DagBag from /opt/airflow/dags/stock_pipeline_dag.py
[2025-09-08T08:01:35.290+0000] {processor.py:840} INFO - DAG(s) 'stock_pipeline_dag' retrieved from /opt/airflow/dags/stock_pipeline_dag.py
[2025-09-08T08:01:35.381+0000] {logging_mixin.py:188} INFO - [2025-09-08T08:01:35.381+0000] {dag.py:3096} INFO - Sync 1 DAGs
[2025-09-08T08:01:35.426+0000] {logging_mixin.py:188} INFO - [2025-09-08T08:01:35.426+0000] {dag.py:3954} INFO - Setting next_dagrun for stock_pipeline_dag to 2025-09-08 07:00:00+00:00, run_after=2025-09-08 08:00:00+00:00
[2025-09-08T08:01:35.470+0000] {processor.py:183} INFO - Processing /opt/airflow/dags/stock_pipeline_dag.py took 0.438 seconds
[2025-09-08T08:02:06.139+0000] {processor.py:161} INFO - Started process (PID=255) to work on /opt/airflow/dags/stock_pipeline_dag.py
[2025-09-08T08:02:06.143+0000] {processor.py:830} INFO - Processing file /opt/airflow/dags/stock_pipeline_dag.py for tasks to queue
[2025-09-08T08:02:06.148+0000] {logging_mixin.py:188} INFO - [2025-09-08T08:02:06.147+0000] {dagbag.py:545} INFO - Filling up the DagBag from /opt/airflow/dags/stock_pipeline_dag.py
[2025-09-08T08:02:06.284+0000] {processor.py:840} INFO - DAG(s) 'stock_pipeline_dag' retrieved from /opt/airflow/dags/stock_pipeline_dag.py
[2025-09-08T08:02:06.362+0000] {logging_mixin.py:188} INFO - [2025-09-08T08:02:06.362+0000] {dag.py:3096} INFO - Sync 1 DAGs
[2025-09-08T08:02:06.418+0000] {logging_mixin.py:188} INFO - [2025-09-08T08:02:06.418+0000] {dag.py:3954} INFO - Setting next_dagrun for stock_pipeline_dag to 2025-09-08 07:00:00+00:00, run_after=2025-09-08 08:00:00+00:00
[2025-09-08T08:02:06.470+0000] {processor.py:183} INFO - Processing /opt/airflow/dags/stock_pipeline_dag.py took 0.356 seconds
[2025-09-08T08:02:37.037+0000] {processor.py:161} INFO - Started process (PID=265) to work on /opt/airflow/dags/stock_pipeline_dag.py
[2025-09-08T08:02:37.041+0000] {processor.py:830} INFO - Processing file /opt/airflow/dags/stock_pipeline_dag.py for tasks to queue
[2025-09-08T08:02:37.048+0000] {logging_mixin.py:188} INFO - [2025-09-08T08:02:37.047+0000] {dagbag.py:545} INFO - Filling up the DagBag from /opt/airflow/dags/stock_pipeline_dag.py
[2025-09-08T08:02:37.251+0000] {processor.py:840} INFO - DAG(s) 'stock_pipeline_dag' retrieved from /opt/airflow/dags/stock_pipeline_dag.py
[2025-09-08T08:02:37.341+0000] {logging_mixin.py:188} INFO - [2025-09-08T08:02:37.340+0000] {dag.py:3096} INFO - Sync 1 DAGs
[2025-09-08T08:02:37.406+0000] {logging_mixin.py:188} INFO - [2025-09-08T08:02:37.406+0000] {dag.py:3954} INFO - Setting next_dagrun for stock_pipeline_dag to 2025-09-08 07:00:00+00:00, run_after=2025-09-08 08:00:00+00:00
[2025-09-08T08:02:37.458+0000] {processor.py:183} INFO - Processing /opt/airflow/dags/stock_pipeline_dag.py took 0.445 seconds
[2025-09-08T08:03:08.160+0000] {processor.py:161} INFO - Started process (PID=276) to work on /opt/airflow/dags/stock_pipeline_dag.py
[2025-09-08T08:03:08.166+0000] {processor.py:830} INFO - Processing file /opt/airflow/dags/stock_pipeline_dag.py for tasks to queue
[2025-09-08T08:03:08.176+0000] {logging_mixin.py:188} INFO - [2025-09-08T08:03:08.174+0000] {dagbag.py:545} INFO - Filling up the DagBag from /opt/airflow/dags/stock_pipeline_dag.py
[2025-09-08T08:03:08.361+0000] {processor.py:840} INFO - DAG(s) 'stock_pipeline_dag' retrieved from /opt/airflow/dags/stock_pipeline_dag.py
[2025-09-08T08:03:08.496+0000] {logging_mixin.py:188} INFO - [2025-09-08T08:03:08.496+0000] {dag.py:3096} INFO - Sync 1 DAGs
[2025-09-08T08:03:08.567+0000] {logging_mixin.py:188} INFO - [2025-09-08T08:03:08.566+0000] {dag.py:3954} INFO - Setting next_dagrun for stock_pipeline_dag to 2025-09-08 07:00:00+00:00, run_after=2025-09-08 08:00:00+00:00
[2025-09-08T08:03:08.621+0000] {processor.py:183} INFO - Processing /opt/airflow/dags/stock_pipeline_dag.py took 0.500 seconds
[2025-09-08T08:03:39.150+0000] {processor.py:161} INFO - Started process (PID=286) to work on /opt/airflow/dags/stock_pipeline_dag.py
[2025-09-08T08:03:39.153+0000] {processor.py:830} INFO - Processing file /opt/airflow/dags/stock_pipeline_dag.py for tasks to queue
[2025-09-08T08:03:39.158+0000] {logging_mixin.py:188} INFO - [2025-09-08T08:03:39.157+0000] {dagbag.py:545} INFO - Filling up the DagBag from /opt/airflow/dags/stock_pipeline_dag.py
[2025-09-08T08:03:39.263+0000] {processor.py:840} INFO - DAG(s) 'stock_pipeline_dag' retrieved from /opt/airflow/dags/stock_pipeline_dag.py
[2025-09-08T08:03:39.338+0000] {logging_mixin.py:188} INFO - [2025-09-08T08:03:39.338+0000] {dag.py:3096} INFO - Sync 1 DAGs
[2025-09-08T08:03:39.406+0000] {logging_mixin.py:188} INFO - [2025-09-08T08:03:39.406+0000] {dag.py:3954} INFO - Setting next_dagrun for stock_pipeline_dag to 2025-09-08 07:00:00+00:00, run_after=2025-09-08 08:00:00+00:00
[2025-09-08T08:03:39.461+0000] {processor.py:183} INFO - Processing /opt/airflow/dags/stock_pipeline_dag.py took 0.327 seconds
[2025-09-08T08:17:42.873+0000] {processor.py:161} INFO - Started process (PID=296) to work on /opt/airflow/dags/stock_pipeline_dag.py
[2025-09-08T08:17:42.876+0000] {processor.py:830} INFO - Processing file /opt/airflow/dags/stock_pipeline_dag.py for tasks to queue
[2025-09-08T08:17:42.884+0000] {logging_mixin.py:188} INFO - [2025-09-08T08:17:42.883+0000] {dagbag.py:545} INFO - Filling up the DagBag from /opt/airflow/dags/stock_pipeline_dag.py
[2025-09-08T08:17:43.006+0000] {processor.py:840} INFO - DAG(s) 'stock_pipeline_dag' retrieved from /opt/airflow/dags/stock_pipeline_dag.py
[2025-09-08T08:17:43.159+0000] {logging_mixin.py:188} INFO - [2025-09-08T08:17:43.159+0000] {dag.py:3096} INFO - Sync 1 DAGs
[2025-09-08T08:17:43.824+0000] {logging_mixin.py:188} INFO - [2025-09-08T08:17:43.824+0000] {dag.py:3954} INFO - Setting next_dagrun for stock_pipeline_dag to 2025-09-08 07:00:00+00:00, run_after=2025-09-08 08:00:00+00:00
[2025-09-08T08:17:44.247+0000] {processor.py:183} INFO - Processing /opt/airflow/dags/stock_pipeline_dag.py took 1.402 seconds
[2025-09-08T12:40:16.719+0000] {processor.py:161} INFO - Started process (PID=190) to work on /opt/airflow/dags/stock_pipeline_dag.py
[2025-09-08T12:40:16.722+0000] {processor.py:830} INFO - Processing file /opt/airflow/dags/stock_pipeline_dag.py for tasks to queue
[2025-09-08T12:40:16.726+0000] {logging_mixin.py:188} INFO - [2025-09-08T12:40:16.726+0000] {dagbag.py:545} INFO - Filling up the DagBag from /opt/airflow/dags/stock_pipeline_dag.py
[2025-09-08T12:40:16.836+0000] {processor.py:840} INFO - DAG(s) 'stock_pipeline_dag' retrieved from /opt/airflow/dags/stock_pipeline_dag.py
[2025-09-08T12:40:16.901+0000] {logging_mixin.py:188} INFO - [2025-09-08T12:40:16.901+0000] {dag.py:3096} INFO - Sync 1 DAGs
[2025-09-08T12:40:17.252+0000] {logging_mixin.py:188} INFO - [2025-09-08T12:40:17.251+0000] {dag.py:3954} INFO - Setting next_dagrun for stock_pipeline_dag to 2025-09-08 11:00:00+00:00, run_after=2025-09-08 12:00:00+00:00
[2025-09-08T12:40:17.289+0000] {processor.py:183} INFO - Processing /opt/airflow/dags/stock_pipeline_dag.py took 0.585 seconds
[2025-09-08T12:40:47.633+0000] {processor.py:161} INFO - Started process (PID=221) to work on /opt/airflow/dags/stock_pipeline_dag.py
[2025-09-08T12:40:47.635+0000] {processor.py:830} INFO - Processing file /opt/airflow/dags/stock_pipeline_dag.py for tasks to queue
[2025-09-08T12:40:47.638+0000] {logging_mixin.py:188} INFO - [2025-09-08T12:40:47.637+0000] {dagbag.py:545} INFO - Filling up the DagBag from /opt/airflow/dags/stock_pipeline_dag.py
[2025-09-08T12:40:47.875+0000] {processor.py:840} INFO - DAG(s) 'stock_pipeline_dag' retrieved from /opt/airflow/dags/stock_pipeline_dag.py
[2025-09-08T12:40:48.002+0000] {logging_mixin.py:188} INFO - [2025-09-08T12:40:48.001+0000] {dag.py:3096} INFO - Sync 1 DAGs
[2025-09-08T12:40:48.027+0000] {logging_mixin.py:188} INFO - [2025-09-08T12:40:48.027+0000] {dag.py:3954} INFO - Setting next_dagrun for stock_pipeline_dag to 2025-09-08 11:00:00+00:00, run_after=2025-09-08 12:00:00+00:00
[2025-09-08T12:40:48.058+0000] {processor.py:183} INFO - Processing /opt/airflow/dags/stock_pipeline_dag.py took 0.434 seconds
[2025-09-08T12:41:18.547+0000] {processor.py:161} INFO - Started process (PID=235) to work on /opt/airflow/dags/stock_pipeline_dag.py
[2025-09-08T12:41:18.548+0000] {processor.py:830} INFO - Processing file /opt/airflow/dags/stock_pipeline_dag.py for tasks to queue
[2025-09-08T12:41:18.550+0000] {logging_mixin.py:188} INFO - [2025-09-08T12:41:18.549+0000] {dagbag.py:545} INFO - Filling up the DagBag from /opt/airflow/dags/stock_pipeline_dag.py
[2025-09-08T12:41:18.586+0000] {processor.py:840} INFO - DAG(s) 'stock_pipeline_dag' retrieved from /opt/airflow/dags/stock_pipeline_dag.py
[2025-09-08T12:41:18.619+0000] {logging_mixin.py:188} INFO - [2025-09-08T12:41:18.618+0000] {dag.py:3096} INFO - Sync 1 DAGs
[2025-09-08T12:41:18.648+0000] {logging_mixin.py:188} INFO - [2025-09-08T12:41:18.648+0000] {dag.py:3954} INFO - Setting next_dagrun for stock_pipeline_dag to 2025-09-08 11:00:00+00:00, run_after=2025-09-08 12:00:00+00:00
[2025-09-08T12:41:18.673+0000] {processor.py:183} INFO - Processing /opt/airflow/dags/stock_pipeline_dag.py took 0.134 seconds
[2025-09-08T12:41:48.942+0000] {processor.py:161} INFO - Started process (PID=245) to work on /opt/airflow/dags/stock_pipeline_dag.py
[2025-09-08T12:41:48.943+0000] {processor.py:830} INFO - Processing file /opt/airflow/dags/stock_pipeline_dag.py for tasks to queue
[2025-09-08T12:41:48.945+0000] {logging_mixin.py:188} INFO - [2025-09-08T12:41:48.944+0000] {dagbag.py:545} INFO - Filling up the DagBag from /opt/airflow/dags/stock_pipeline_dag.py
[2025-09-08T12:41:48.980+0000] {processor.py:840} INFO - DAG(s) 'stock_pipeline_dag' retrieved from /opt/airflow/dags/stock_pipeline_dag.py
[2025-09-08T12:41:49.008+0000] {logging_mixin.py:188} INFO - [2025-09-08T12:41:49.008+0000] {dag.py:3096} INFO - Sync 1 DAGs
[2025-09-08T12:41:49.034+0000] {logging_mixin.py:188} INFO - [2025-09-08T12:41:49.034+0000] {dag.py:3954} INFO - Setting next_dagrun for stock_pipeline_dag to 2025-09-08 11:00:00+00:00, run_after=2025-09-08 12:00:00+00:00
[2025-09-08T12:41:49.060+0000] {processor.py:183} INFO - Processing /opt/airflow/dags/stock_pipeline_dag.py took 0.125 seconds
[2025-09-08T12:42:19.534+0000] {processor.py:161} INFO - Started process (PID=255) to work on /opt/airflow/dags/stock_pipeline_dag.py
[2025-09-08T12:42:19.535+0000] {processor.py:830} INFO - Processing file /opt/airflow/dags/stock_pipeline_dag.py for tasks to queue
[2025-09-08T12:42:19.537+0000] {logging_mixin.py:188} INFO - [2025-09-08T12:42:19.537+0000] {dagbag.py:545} INFO - Filling up the DagBag from /opt/airflow/dags/stock_pipeline_dag.py
[2025-09-08T12:42:19.573+0000] {processor.py:840} INFO - DAG(s) 'stock_pipeline_dag' retrieved from /opt/airflow/dags/stock_pipeline_dag.py
[2025-09-08T12:42:19.604+0000] {logging_mixin.py:188} INFO - [2025-09-08T12:42:19.604+0000] {dag.py:3096} INFO - Sync 1 DAGs
[2025-09-08T12:42:19.632+0000] {logging_mixin.py:188} INFO - [2025-09-08T12:42:19.632+0000] {dag.py:3954} INFO - Setting next_dagrun for stock_pipeline_dag to 2025-09-08 11:00:00+00:00, run_after=2025-09-08 12:00:00+00:00
[2025-09-08T12:42:19.661+0000] {processor.py:183} INFO - Processing /opt/airflow/dags/stock_pipeline_dag.py took 0.134 seconds
[2025-09-08T12:42:50.019+0000] {processor.py:161} INFO - Started process (PID=265) to work on /opt/airflow/dags/stock_pipeline_dag.py
[2025-09-08T12:42:50.020+0000] {processor.py:830} INFO - Processing file /opt/airflow/dags/stock_pipeline_dag.py for tasks to queue
[2025-09-08T12:42:50.022+0000] {logging_mixin.py:188} INFO - [2025-09-08T12:42:50.022+0000] {dagbag.py:545} INFO - Filling up the DagBag from /opt/airflow/dags/stock_pipeline_dag.py
[2025-09-08T12:42:50.065+0000] {processor.py:840} INFO - DAG(s) 'stock_pipeline_dag' retrieved from /opt/airflow/dags/stock_pipeline_dag.py
[2025-09-08T12:42:50.102+0000] {logging_mixin.py:188} INFO - [2025-09-08T12:42:50.102+0000] {dag.py:3096} INFO - Sync 1 DAGs
[2025-09-08T12:42:50.146+0000] {logging_mixin.py:188} INFO - [2025-09-08T12:42:50.145+0000] {dag.py:3954} INFO - Setting next_dagrun for stock_pipeline_dag to 2025-09-08 11:00:00+00:00, run_after=2025-09-08 12:00:00+00:00
[2025-09-08T12:42:50.178+0000] {processor.py:183} INFO - Processing /opt/airflow/dags/stock_pipeline_dag.py took 0.169 seconds
[2025-09-08T12:43:20.499+0000] {processor.py:161} INFO - Started process (PID=275) to work on /opt/airflow/dags/stock_pipeline_dag.py
[2025-09-08T12:43:20.500+0000] {processor.py:830} INFO - Processing file /opt/airflow/dags/stock_pipeline_dag.py for tasks to queue
[2025-09-08T12:43:20.504+0000] {logging_mixin.py:188} INFO - [2025-09-08T12:43:20.504+0000] {dagbag.py:545} INFO - Filling up the DagBag from /opt/airflow/dags/stock_pipeline_dag.py
[2025-09-08T12:43:20.543+0000] {processor.py:840} INFO - DAG(s) 'stock_pipeline_dag' retrieved from /opt/airflow/dags/stock_pipeline_dag.py
[2025-09-08T12:43:20.574+0000] {logging_mixin.py:188} INFO - [2025-09-08T12:43:20.573+0000] {dag.py:3096} INFO - Sync 1 DAGs
[2025-09-08T12:43:20.600+0000] {logging_mixin.py:188} INFO - [2025-09-08T12:43:20.599+0000] {dag.py:3954} INFO - Setting next_dagrun for stock_pipeline_dag to 2025-09-08 11:00:00+00:00, run_after=2025-09-08 12:00:00+00:00
[2025-09-08T12:43:20.624+0000] {processor.py:183} INFO - Processing /opt/airflow/dags/stock_pipeline_dag.py took 0.134 seconds
[2025-09-08T12:43:25.673+0000] {processor.py:161} INFO - Started process (PID=285) to work on /opt/airflow/dags/stock_pipeline_dag.py
[2025-09-08T12:43:25.675+0000] {processor.py:830} INFO - Processing file /opt/airflow/dags/stock_pipeline_dag.py for tasks to queue
[2025-09-08T12:43:25.677+0000] {logging_mixin.py:188} INFO - [2025-09-08T12:43:25.676+0000] {dagbag.py:545} INFO - Filling up the DagBag from /opt/airflow/dags/stock_pipeline_dag.py
[2025-09-08T12:43:25.703+0000] {processor.py:840} INFO - DAG(s) 'fetch_stock_data' retrieved from /opt/airflow/dags/stock_pipeline_dag.py
[2025-09-08T12:43:25.820+0000] {logging_mixin.py:188} INFO - [2025-09-08T12:43:25.819+0000] {override.py:1829} INFO - Created Permission View: can edit on DAG:fetch_stock_data
[2025-09-08T12:43:25.835+0000] {logging_mixin.py:188} INFO - [2025-09-08T12:43:25.835+0000] {override.py:1829} INFO - Created Permission View: can read on DAG:fetch_stock_data
[2025-09-08T12:43:25.847+0000] {logging_mixin.py:188} INFO - [2025-09-08T12:43:25.847+0000] {override.py:1829} INFO - Created Permission View: can delete on DAG:fetch_stock_data
[2025-09-08T12:43:25.848+0000] {logging_mixin.py:188} INFO - [2025-09-08T12:43:25.848+0000] {dag.py:3096} INFO - Sync 1 DAGs
[2025-09-08T12:43:25.861+0000] {logging_mixin.py:188} INFO - [2025-09-08T12:43:25.861+0000] {dag.py:3118} INFO - Creating ORM DAG for fetch_stock_data
[2025-09-08T12:43:25.874+0000] {logging_mixin.py:188} INFO - [2025-09-08T12:43:25.874+0000] {dag.py:3954} INFO - Setting next_dagrun for fetch_stock_data to 2025-09-07 00:00:00+00:00, run_after=2025-09-08 00:00:00+00:00
[2025-09-08T12:43:25.903+0000] {processor.py:183} INFO - Processing /opt/airflow/dags/stock_pipeline_dag.py took 0.236 seconds
[2025-09-08T12:43:56.020+0000] {processor.py:161} INFO - Started process (PID=295) to work on /opt/airflow/dags/stock_pipeline_dag.py
[2025-09-08T12:43:56.021+0000] {processor.py:830} INFO - Processing file /opt/airflow/dags/stock_pipeline_dag.py for tasks to queue
[2025-09-08T12:43:56.024+0000] {logging_mixin.py:188} INFO - [2025-09-08T12:43:56.023+0000] {dagbag.py:545} INFO - Filling up the DagBag from /opt/airflow/dags/stock_pipeline_dag.py
[2025-09-08T12:43:56.048+0000] {processor.py:840} INFO - DAG(s) 'fetch_stock_data' retrieved from /opt/airflow/dags/stock_pipeline_dag.py
[2025-09-08T12:43:56.081+0000] {logging_mixin.py:188} INFO - [2025-09-08T12:43:56.081+0000] {dag.py:3096} INFO - Sync 1 DAGs
[2025-09-08T12:43:56.110+0000] {logging_mixin.py:188} INFO - [2025-09-08T12:43:56.109+0000] {dag.py:3954} INFO - Setting next_dagrun for fetch_stock_data to 2025-09-07 00:00:00+00:00, run_after=2025-09-08 00:00:00+00:00
[2025-09-08T12:43:56.138+0000] {processor.py:183} INFO - Processing /opt/airflow/dags/stock_pipeline_dag.py took 0.125 seconds
[2025-09-08T12:44:26.522+0000] {processor.py:161} INFO - Started process (PID=305) to work on /opt/airflow/dags/stock_pipeline_dag.py
[2025-09-08T12:44:26.525+0000] {processor.py:830} INFO - Processing file /opt/airflow/dags/stock_pipeline_dag.py for tasks to queue
[2025-09-08T12:44:26.528+0000] {logging_mixin.py:188} INFO - [2025-09-08T12:44:26.528+0000] {dagbag.py:545} INFO - Filling up the DagBag from /opt/airflow/dags/stock_pipeline_dag.py
[2025-09-08T12:44:26.553+0000] {processor.py:840} INFO - DAG(s) 'fetch_stock_data' retrieved from /opt/airflow/dags/stock_pipeline_dag.py
[2025-09-08T12:44:26.593+0000] {logging_mixin.py:188} INFO - [2025-09-08T12:44:26.593+0000] {dag.py:3096} INFO - Sync 1 DAGs
[2025-09-08T12:44:26.620+0000] {logging_mixin.py:188} INFO - [2025-09-08T12:44:26.620+0000] {dag.py:3954} INFO - Setting next_dagrun for fetch_stock_data to 2025-09-07 00:00:00+00:00, run_after=2025-09-08 00:00:00+00:00
[2025-09-08T12:44:26.649+0000] {processor.py:183} INFO - Processing /opt/airflow/dags/stock_pipeline_dag.py took 0.139 seconds
[2025-09-08T12:44:56.973+0000] {processor.py:161} INFO - Started process (PID=315) to work on /opt/airflow/dags/stock_pipeline_dag.py
[2025-09-08T12:44:56.975+0000] {processor.py:830} INFO - Processing file /opt/airflow/dags/stock_pipeline_dag.py for tasks to queue
[2025-09-08T12:44:56.979+0000] {logging_mixin.py:188} INFO - [2025-09-08T12:44:56.978+0000] {dagbag.py:545} INFO - Filling up the DagBag from /opt/airflow/dags/stock_pipeline_dag.py
[2025-09-08T12:44:57.003+0000] {processor.py:840} INFO - DAG(s) 'fetch_stock_data' retrieved from /opt/airflow/dags/stock_pipeline_dag.py
[2025-09-08T12:44:57.031+0000] {logging_mixin.py:188} INFO - [2025-09-08T12:44:57.031+0000] {dag.py:3096} INFO - Sync 1 DAGs
[2025-09-08T12:44:57.057+0000] {logging_mixin.py:188} INFO - [2025-09-08T12:44:57.057+0000] {dag.py:3954} INFO - Setting next_dagrun for fetch_stock_data to 2025-09-07 00:00:00+00:00, run_after=2025-09-08 00:00:00+00:00
[2025-09-08T12:44:57.086+0000] {processor.py:183} INFO - Processing /opt/airflow/dags/stock_pipeline_dag.py took 0.122 seconds
[2025-09-08T12:45:27.479+0000] {processor.py:161} INFO - Started process (PID=325) to work on /opt/airflow/dags/stock_pipeline_dag.py
[2025-09-08T12:45:27.481+0000] {processor.py:830} INFO - Processing file /opt/airflow/dags/stock_pipeline_dag.py for tasks to queue
[2025-09-08T12:45:27.482+0000] {logging_mixin.py:188} INFO - [2025-09-08T12:45:27.482+0000] {dagbag.py:545} INFO - Filling up the DagBag from /opt/airflow/dags/stock_pipeline_dag.py
[2025-09-08T12:45:27.503+0000] {processor.py:840} INFO - DAG(s) 'fetch_stock_data' retrieved from /opt/airflow/dags/stock_pipeline_dag.py
[2025-09-08T12:45:27.532+0000] {logging_mixin.py:188} INFO - [2025-09-08T12:45:27.532+0000] {dag.py:3096} INFO - Sync 1 DAGs
[2025-09-08T12:45:27.558+0000] {logging_mixin.py:188} INFO - [2025-09-08T12:45:27.558+0000] {dag.py:3954} INFO - Setting next_dagrun for fetch_stock_data to 2025-09-07 00:00:00+00:00, run_after=2025-09-08 00:00:00+00:00
[2025-09-08T12:45:27.587+0000] {processor.py:183} INFO - Processing /opt/airflow/dags/stock_pipeline_dag.py took 0.116 seconds
[2025-09-08T12:45:30.619+0000] {processor.py:161} INFO - Started process (PID=330) to work on /opt/airflow/dags/stock_pipeline_dag.py
[2025-09-08T12:45:30.620+0000] {processor.py:830} INFO - Processing file /opt/airflow/dags/stock_pipeline_dag.py for tasks to queue
[2025-09-08T12:45:30.622+0000] {logging_mixin.py:188} INFO - [2025-09-08T12:45:30.621+0000] {dagbag.py:545} INFO - Filling up the DagBag from /opt/airflow/dags/stock_pipeline_dag.py
[2025-09-08T12:45:30.652+0000] {processor.py:840} INFO - DAG(s) 'fetch_stock_data' retrieved from /opt/airflow/dags/stock_pipeline_dag.py
[2025-09-08T12:45:30.681+0000] {logging_mixin.py:188} INFO - [2025-09-08T12:45:30.680+0000] {dag.py:3096} INFO - Sync 1 DAGs
[2025-09-08T12:45:30.706+0000] {logging_mixin.py:188} INFO - [2025-09-08T12:45:30.706+0000] {dag.py:3954} INFO - Setting next_dagrun for fetch_stock_data to 2025-09-07 00:00:00+00:00, run_after=2025-09-08 00:00:00+00:00
[2025-09-08T12:45:30.738+0000] {processor.py:183} INFO - Processing /opt/airflow/dags/stock_pipeline_dag.py took 0.125 seconds
[2025-09-08T12:46:00.952+0000] {processor.py:161} INFO - Started process (PID=340) to work on /opt/airflow/dags/stock_pipeline_dag.py
[2025-09-08T12:46:00.954+0000] {processor.py:830} INFO - Processing file /opt/airflow/dags/stock_pipeline_dag.py for tasks to queue
[2025-09-08T12:46:00.955+0000] {logging_mixin.py:188} INFO - [2025-09-08T12:46:00.955+0000] {dagbag.py:545} INFO - Filling up the DagBag from /opt/airflow/dags/stock_pipeline_dag.py
[2025-09-08T12:46:00.979+0000] {processor.py:840} INFO - DAG(s) 'fetch_stock_data' retrieved from /opt/airflow/dags/stock_pipeline_dag.py
[2025-09-08T12:46:01.009+0000] {logging_mixin.py:188} INFO - [2025-09-08T12:46:01.009+0000] {dag.py:3096} INFO - Sync 1 DAGs
[2025-09-08T12:46:01.036+0000] {logging_mixin.py:188} INFO - [2025-09-08T12:46:01.036+0000] {dag.py:3954} INFO - Setting next_dagrun for fetch_stock_data to 2025-09-07 00:00:00+00:00, run_after=2025-09-08 00:00:00+00:00
[2025-09-08T12:46:01.060+0000] {processor.py:183} INFO - Processing /opt/airflow/dags/stock_pipeline_dag.py took 0.116 seconds
[2025-09-08T12:46:25.891+0000] {processor.py:161} INFO - Started process (PID=190) to work on /opt/airflow/dags/stock_pipeline_dag.py
[2025-09-08T12:46:25.892+0000] {processor.py:830} INFO - Processing file /opt/airflow/dags/stock_pipeline_dag.py for tasks to queue
[2025-09-08T12:46:25.896+0000] {logging_mixin.py:188} INFO - [2025-09-08T12:46:25.895+0000] {dagbag.py:545} INFO - Filling up the DagBag from /opt/airflow/dags/stock_pipeline_dag.py
[2025-09-08T12:46:25.927+0000] {processor.py:840} INFO - DAG(s) 'fetch_stock_data' retrieved from /opt/airflow/dags/stock_pipeline_dag.py
[2025-09-08T12:46:25.976+0000] {logging_mixin.py:188} INFO - [2025-09-08T12:46:25.976+0000] {dag.py:3096} INFO - Sync 1 DAGs
[2025-09-08T12:46:26.010+0000] {logging_mixin.py:188} INFO - [2025-09-08T12:46:26.010+0000] {dag.py:3954} INFO - Setting next_dagrun for fetch_stock_data to 2025-09-07 00:00:00+00:00, run_after=2025-09-08 00:00:00+00:00
[2025-09-08T12:46:26.207+0000] {processor.py:183} INFO - Processing /opt/airflow/dags/stock_pipeline_dag.py took 0.326 seconds
[2025-09-08T12:46:56.386+0000] {processor.py:161} INFO - Started process (PID=225) to work on /opt/airflow/dags/stock_pipeline_dag.py
[2025-09-08T12:46:56.388+0000] {processor.py:830} INFO - Processing file /opt/airflow/dags/stock_pipeline_dag.py for tasks to queue
[2025-09-08T12:46:56.390+0000] {logging_mixin.py:188} INFO - [2025-09-08T12:46:56.389+0000] {dagbag.py:545} INFO - Filling up the DagBag from /opt/airflow/dags/stock_pipeline_dag.py
[2025-09-08T12:46:56.415+0000] {processor.py:840} INFO - DAG(s) 'fetch_stock_data' retrieved from /opt/airflow/dags/stock_pipeline_dag.py
[2025-09-08T12:46:56.700+0000] {logging_mixin.py:188} INFO - [2025-09-08T12:46:56.700+0000] {dag.py:3096} INFO - Sync 1 DAGs
[2025-09-08T12:46:56.719+0000] {logging_mixin.py:188} INFO - [2025-09-08T12:46:56.719+0000] {dag.py:3954} INFO - Setting next_dagrun for fetch_stock_data to 2025-09-07 00:00:00+00:00, run_after=2025-09-08 00:00:00+00:00
[2025-09-08T12:46:56.743+0000] {processor.py:183} INFO - Processing /opt/airflow/dags/stock_pipeline_dag.py took 0.366 seconds
[2025-09-08T12:47:27.255+0000] {processor.py:161} INFO - Started process (PID=235) to work on /opt/airflow/dags/stock_pipeline_dag.py
[2025-09-08T12:47:27.256+0000] {processor.py:830} INFO - Processing file /opt/airflow/dags/stock_pipeline_dag.py for tasks to queue
[2025-09-08T12:47:27.258+0000] {logging_mixin.py:188} INFO - [2025-09-08T12:47:27.257+0000] {dagbag.py:545} INFO - Filling up the DagBag from /opt/airflow/dags/stock_pipeline_dag.py
[2025-09-08T12:47:27.280+0000] {processor.py:840} INFO - DAG(s) 'fetch_stock_data' retrieved from /opt/airflow/dags/stock_pipeline_dag.py
[2025-09-08T12:47:27.458+0000] {logging_mixin.py:188} INFO - [2025-09-08T12:47:27.458+0000] {dag.py:3096} INFO - Sync 1 DAGs
[2025-09-08T12:47:27.481+0000] {logging_mixin.py:188} INFO - [2025-09-08T12:47:27.481+0000] {dag.py:3954} INFO - Setting next_dagrun for fetch_stock_data to 2025-09-07 00:00:00+00:00, run_after=2025-09-08 00:00:00+00:00
[2025-09-08T12:47:27.506+0000] {processor.py:183} INFO - Processing /opt/airflow/dags/stock_pipeline_dag.py took 0.257 seconds
[2025-09-08T12:47:57.984+0000] {processor.py:161} INFO - Started process (PID=245) to work on /opt/airflow/dags/stock_pipeline_dag.py
[2025-09-08T12:47:57.985+0000] {processor.py:830} INFO - Processing file /opt/airflow/dags/stock_pipeline_dag.py for tasks to queue
[2025-09-08T12:47:57.988+0000] {logging_mixin.py:188} INFO - [2025-09-08T12:47:57.987+0000] {dagbag.py:545} INFO - Filling up the DagBag from /opt/airflow/dags/stock_pipeline_dag.py
[2025-09-08T12:47:58.011+0000] {processor.py:840} INFO - DAG(s) 'fetch_stock_data' retrieved from /opt/airflow/dags/stock_pipeline_dag.py
[2025-09-08T12:47:58.042+0000] {logging_mixin.py:188} INFO - [2025-09-08T12:47:58.042+0000] {dag.py:3096} INFO - Sync 1 DAGs
[2025-09-08T12:47:58.068+0000] {logging_mixin.py:188} INFO - [2025-09-08T12:47:58.068+0000] {dag.py:3954} INFO - Setting next_dagrun for fetch_stock_data to 2025-09-07 00:00:00+00:00, run_after=2025-09-08 00:00:00+00:00
[2025-09-08T12:47:58.093+0000] {processor.py:183} INFO - Processing /opt/airflow/dags/stock_pipeline_dag.py took 0.118 seconds
[2025-09-08T12:48:28.384+0000] {processor.py:161} INFO - Started process (PID=256) to work on /opt/airflow/dags/stock_pipeline_dag.py
[2025-09-08T12:48:28.385+0000] {processor.py:830} INFO - Processing file /opt/airflow/dags/stock_pipeline_dag.py for tasks to queue
[2025-09-08T12:48:28.389+0000] {logging_mixin.py:188} INFO - [2025-09-08T12:48:28.388+0000] {dagbag.py:545} INFO - Filling up the DagBag from /opt/airflow/dags/stock_pipeline_dag.py
[2025-09-08T12:48:28.414+0000] {processor.py:840} INFO - DAG(s) 'fetch_stock_data' retrieved from /opt/airflow/dags/stock_pipeline_dag.py
[2025-09-08T12:48:28.447+0000] {logging_mixin.py:188} INFO - [2025-09-08T12:48:28.447+0000] {dag.py:3096} INFO - Sync 1 DAGs
[2025-09-08T12:48:28.473+0000] {logging_mixin.py:188} INFO - [2025-09-08T12:48:28.473+0000] {dag.py:3954} INFO - Setting next_dagrun for fetch_stock_data to 2025-09-07 00:00:00+00:00, run_after=2025-09-08 00:00:00+00:00
[2025-09-08T12:48:28.501+0000] {processor.py:183} INFO - Processing /opt/airflow/dags/stock_pipeline_dag.py took 0.126 seconds
[2025-09-08T12:48:58.921+0000] {processor.py:161} INFO - Started process (PID=266) to work on /opt/airflow/dags/stock_pipeline_dag.py
[2025-09-08T12:48:58.922+0000] {processor.py:830} INFO - Processing file /opt/airflow/dags/stock_pipeline_dag.py for tasks to queue
[2025-09-08T12:48:58.924+0000] {logging_mixin.py:188} INFO - [2025-09-08T12:48:58.924+0000] {dagbag.py:545} INFO - Filling up the DagBag from /opt/airflow/dags/stock_pipeline_dag.py
[2025-09-08T12:48:58.945+0000] {processor.py:840} INFO - DAG(s) 'fetch_stock_data' retrieved from /opt/airflow/dags/stock_pipeline_dag.py
[2025-09-08T12:48:58.973+0000] {logging_mixin.py:188} INFO - [2025-09-08T12:48:58.973+0000] {dag.py:3096} INFO - Sync 1 DAGs
[2025-09-08T12:48:58.998+0000] {logging_mixin.py:188} INFO - [2025-09-08T12:48:58.998+0000] {dag.py:3954} INFO - Setting next_dagrun for fetch_stock_data to 2025-09-07 00:00:00+00:00, run_after=2025-09-08 00:00:00+00:00
[2025-09-08T12:48:59.023+0000] {processor.py:183} INFO - Processing /opt/airflow/dags/stock_pipeline_dag.py took 0.109 seconds
[2025-09-08T12:49:29.464+0000] {processor.py:161} INFO - Started process (PID=276) to work on /opt/airflow/dags/stock_pipeline_dag.py
[2025-09-08T12:49:29.465+0000] {processor.py:830} INFO - Processing file /opt/airflow/dags/stock_pipeline_dag.py for tasks to queue
[2025-09-08T12:49:29.467+0000] {logging_mixin.py:188} INFO - [2025-09-08T12:49:29.466+0000] {dagbag.py:545} INFO - Filling up the DagBag from /opt/airflow/dags/stock_pipeline_dag.py
[2025-09-08T12:49:29.488+0000] {processor.py:840} INFO - DAG(s) 'fetch_stock_data' retrieved from /opt/airflow/dags/stock_pipeline_dag.py
[2025-09-08T12:49:29.519+0000] {logging_mixin.py:188} INFO - [2025-09-08T12:49:29.518+0000] {dag.py:3096} INFO - Sync 1 DAGs
[2025-09-08T12:49:29.545+0000] {logging_mixin.py:188} INFO - [2025-09-08T12:49:29.545+0000] {dag.py:3954} INFO - Setting next_dagrun for fetch_stock_data to 2025-09-07 00:00:00+00:00, run_after=2025-09-08 00:00:00+00:00
[2025-09-08T12:49:29.579+0000] {processor.py:183} INFO - Processing /opt/airflow/dags/stock_pipeline_dag.py took 0.123 seconds
[2025-09-08T12:49:59.914+0000] {processor.py:161} INFO - Started process (PID=286) to work on /opt/airflow/dags/stock_pipeline_dag.py
[2025-09-08T12:49:59.916+0000] {processor.py:830} INFO - Processing file /opt/airflow/dags/stock_pipeline_dag.py for tasks to queue
[2025-09-08T12:49:59.918+0000] {logging_mixin.py:188} INFO - [2025-09-08T12:49:59.917+0000] {dagbag.py:545} INFO - Filling up the DagBag from /opt/airflow/dags/stock_pipeline_dag.py
[2025-09-08T12:49:59.940+0000] {processor.py:840} INFO - DAG(s) 'fetch_stock_data' retrieved from /opt/airflow/dags/stock_pipeline_dag.py
[2025-09-08T12:49:59.965+0000] {logging_mixin.py:188} INFO - [2025-09-08T12:49:59.965+0000] {dag.py:3096} INFO - Sync 1 DAGs
[2025-09-08T12:49:59.988+0000] {logging_mixin.py:188} INFO - [2025-09-08T12:49:59.988+0000] {dag.py:3954} INFO - Setting next_dagrun for fetch_stock_data to 2025-09-07 00:00:00+00:00, run_after=2025-09-08 00:00:00+00:00
[2025-09-08T12:50:00.018+0000] {processor.py:183} INFO - Processing /opt/airflow/dags/stock_pipeline_dag.py took 0.111 seconds
[2025-09-08T12:50:30.428+0000] {processor.py:161} INFO - Started process (PID=296) to work on /opt/airflow/dags/stock_pipeline_dag.py
[2025-09-08T12:50:30.429+0000] {processor.py:830} INFO - Processing file /opt/airflow/dags/stock_pipeline_dag.py for tasks to queue
[2025-09-08T12:50:30.431+0000] {logging_mixin.py:188} INFO - [2025-09-08T12:50:30.431+0000] {dagbag.py:545} INFO - Filling up the DagBag from /opt/airflow/dags/stock_pipeline_dag.py
[2025-09-08T12:50:30.454+0000] {processor.py:840} INFO - DAG(s) 'fetch_stock_data' retrieved from /opt/airflow/dags/stock_pipeline_dag.py
[2025-09-08T12:50:30.488+0000] {logging_mixin.py:188} INFO - [2025-09-08T12:50:30.487+0000] {dag.py:3096} INFO - Sync 1 DAGs
[2025-09-08T12:50:30.512+0000] {logging_mixin.py:188} INFO - [2025-09-08T12:50:30.512+0000] {dag.py:3954} INFO - Setting next_dagrun for fetch_stock_data to 2025-09-07 00:00:00+00:00, run_after=2025-09-08 00:00:00+00:00
[2025-09-08T12:50:30.540+0000] {processor.py:183} INFO - Processing /opt/airflow/dags/stock_pipeline_dag.py took 0.118 seconds
[2025-09-08T12:51:00.920+0000] {processor.py:161} INFO - Started process (PID=306) to work on /opt/airflow/dags/stock_pipeline_dag.py
[2025-09-08T12:51:00.921+0000] {processor.py:830} INFO - Processing file /opt/airflow/dags/stock_pipeline_dag.py for tasks to queue
[2025-09-08T12:51:00.924+0000] {logging_mixin.py:188} INFO - [2025-09-08T12:51:00.924+0000] {dagbag.py:545} INFO - Filling up the DagBag from /opt/airflow/dags/stock_pipeline_dag.py
[2025-09-08T12:51:00.944+0000] {processor.py:840} INFO - DAG(s) 'fetch_stock_data' retrieved from /opt/airflow/dags/stock_pipeline_dag.py
[2025-09-08T12:51:00.973+0000] {logging_mixin.py:188} INFO - [2025-09-08T12:51:00.973+0000] {dag.py:3096} INFO - Sync 1 DAGs
[2025-09-08T12:51:00.997+0000] {logging_mixin.py:188} INFO - [2025-09-08T12:51:00.997+0000] {dag.py:3954} INFO - Setting next_dagrun for fetch_stock_data to 2025-09-07 00:00:00+00:00, run_after=2025-09-08 00:00:00+00:00
[2025-09-08T12:51:01.025+0000] {processor.py:183} INFO - Processing /opt/airflow/dags/stock_pipeline_dag.py took 0.111 seconds
[2025-09-08T12:51:31.617+0000] {processor.py:161} INFO - Started process (PID=316) to work on /opt/airflow/dags/stock_pipeline_dag.py
[2025-09-08T12:51:31.618+0000] {processor.py:830} INFO - Processing file /opt/airflow/dags/stock_pipeline_dag.py for tasks to queue
[2025-09-08T12:51:31.620+0000] {logging_mixin.py:188} INFO - [2025-09-08T12:51:31.620+0000] {dagbag.py:545} INFO - Filling up the DagBag from /opt/airflow/dags/stock_pipeline_dag.py
[2025-09-08T12:51:31.645+0000] {processor.py:840} INFO - DAG(s) 'fetch_stock_data' retrieved from /opt/airflow/dags/stock_pipeline_dag.py
[2025-09-08T12:51:31.684+0000] {logging_mixin.py:188} INFO - [2025-09-08T12:51:31.684+0000] {dag.py:3096} INFO - Sync 1 DAGs
[2025-09-08T12:51:31.718+0000] {logging_mixin.py:188} INFO - [2025-09-08T12:51:31.717+0000] {dag.py:3954} INFO - Setting next_dagrun for fetch_stock_data to 2025-09-07 00:00:00+00:00, run_after=2025-09-08 00:00:00+00:00
[2025-09-08T12:51:31.743+0000] {processor.py:183} INFO - Processing /opt/airflow/dags/stock_pipeline_dag.py took 0.133 seconds
[2025-09-08T12:52:02.159+0000] {processor.py:161} INFO - Started process (PID=327) to work on /opt/airflow/dags/stock_pipeline_dag.py
[2025-09-08T12:52:02.160+0000] {processor.py:830} INFO - Processing file /opt/airflow/dags/stock_pipeline_dag.py for tasks to queue
[2025-09-08T12:52:02.163+0000] {logging_mixin.py:188} INFO - [2025-09-08T12:52:02.162+0000] {dagbag.py:545} INFO - Filling up the DagBag from /opt/airflow/dags/stock_pipeline_dag.py
[2025-09-08T12:52:02.184+0000] {processor.py:840} INFO - DAG(s) 'fetch_stock_data' retrieved from /opt/airflow/dags/stock_pipeline_dag.py
[2025-09-08T12:52:02.211+0000] {logging_mixin.py:188} INFO - [2025-09-08T12:52:02.211+0000] {dag.py:3096} INFO - Sync 1 DAGs
[2025-09-08T12:52:02.237+0000] {logging_mixin.py:188} INFO - [2025-09-08T12:52:02.237+0000] {dag.py:3954} INFO - Setting next_dagrun for fetch_stock_data to 2025-09-07 00:00:00+00:00, run_after=2025-09-08 00:00:00+00:00
[2025-09-08T12:52:02.264+0000] {processor.py:183} INFO - Processing /opt/airflow/dags/stock_pipeline_dag.py took 0.113 seconds
[2025-09-08T12:52:32.753+0000] {processor.py:161} INFO - Started process (PID=337) to work on /opt/airflow/dags/stock_pipeline_dag.py
[2025-09-08T12:52:32.754+0000] {processor.py:830} INFO - Processing file /opt/airflow/dags/stock_pipeline_dag.py for tasks to queue
[2025-09-08T12:52:32.759+0000] {logging_mixin.py:188} INFO - [2025-09-08T12:52:32.758+0000] {dagbag.py:545} INFO - Filling up the DagBag from /opt/airflow/dags/stock_pipeline_dag.py
[2025-09-08T12:52:32.804+0000] {processor.py:840} INFO - DAG(s) 'fetch_stock_data' retrieved from /opt/airflow/dags/stock_pipeline_dag.py
[2025-09-08T12:52:32.852+0000] {logging_mixin.py:188} INFO - [2025-09-08T12:52:32.852+0000] {dag.py:3096} INFO - Sync 1 DAGs
[2025-09-08T12:52:32.882+0000] {logging_mixin.py:188} INFO - [2025-09-08T12:52:32.882+0000] {dag.py:3954} INFO - Setting next_dagrun for fetch_stock_data to 2025-09-07 00:00:00+00:00, run_after=2025-09-08 00:00:00+00:00
[2025-09-08T12:52:32.914+0000] {processor.py:183} INFO - Processing /opt/airflow/dags/stock_pipeline_dag.py took 0.185 seconds
[2025-09-08T13:01:20.105+0000] {processor.py:161} INFO - Started process (PID=164) to work on /opt/airflow/dags/stock_pipeline_dag.py
[2025-09-08T13:01:20.107+0000] {processor.py:830} INFO - Processing file /opt/airflow/dags/stock_pipeline_dag.py for tasks to queue
[2025-09-08T13:01:20.111+0000] {logging_mixin.py:188} INFO - [2025-09-08T13:01:20.110+0000] {dagbag.py:545} INFO - Filling up the DagBag from /opt/airflow/dags/stock_pipeline_dag.py
[2025-09-08T13:01:20.170+0000] {processor.py:840} INFO - DAG(s) 'fetch_stock_data' retrieved from /opt/airflow/dags/stock_pipeline_dag.py
[2025-09-08T13:01:20.986+0000] {logging_mixin.py:188} INFO - [2025-09-08T13:01:20.985+0000] {override.py:1829} INFO - Created Permission View: can delete on DAG:fetch_stock_data
[2025-09-08T13:01:21.005+0000] {logging_mixin.py:188} INFO - [2025-09-08T13:01:21.004+0000] {override.py:1829} INFO - Created Permission View: can edit on DAG:fetch_stock_data
[2025-09-08T13:01:21.018+0000] {logging_mixin.py:188} INFO - [2025-09-08T13:01:21.017+0000] {override.py:1829} INFO - Created Permission View: can read on DAG:fetch_stock_data
[2025-09-08T13:01:21.019+0000] {logging_mixin.py:188} INFO - [2025-09-08T13:01:21.019+0000] {dag.py:3096} INFO - Sync 1 DAGs
[2025-09-08T13:01:21.036+0000] {logging_mixin.py:188} INFO - [2025-09-08T13:01:21.036+0000] {dag.py:3118} INFO - Creating ORM DAG for fetch_stock_data
[2025-09-08T13:01:21.054+0000] {logging_mixin.py:188} INFO - [2025-09-08T13:01:21.053+0000] {dag.py:3954} INFO - Setting next_dagrun for fetch_stock_data to 2025-09-07 00:00:00+00:00, run_after=2025-09-08 00:00:00+00:00
[2025-09-08T13:01:21.106+0000] {processor.py:183} INFO - Processing /opt/airflow/dags/stock_pipeline_dag.py took 1.014 seconds
[2025-09-08T13:01:51.461+0000] {processor.py:161} INFO - Started process (PID=174) to work on /opt/airflow/dags/stock_pipeline_dag.py
[2025-09-08T13:01:51.462+0000] {processor.py:830} INFO - Processing file /opt/airflow/dags/stock_pipeline_dag.py for tasks to queue
[2025-09-08T13:01:51.464+0000] {logging_mixin.py:188} INFO - [2025-09-08T13:01:51.464+0000] {dagbag.py:545} INFO - Filling up the DagBag from /opt/airflow/dags/stock_pipeline_dag.py
[2025-09-08T13:01:51.493+0000] {processor.py:840} INFO - DAG(s) 'fetch_stock_data' retrieved from /opt/airflow/dags/stock_pipeline_dag.py
[2025-09-08T13:01:51.672+0000] {logging_mixin.py:188} INFO - [2025-09-08T13:01:51.671+0000] {dag.py:3096} INFO - Sync 1 DAGs
[2025-09-08T13:01:51.693+0000] {logging_mixin.py:188} INFO - [2025-09-08T13:01:51.693+0000] {dag.py:3954} INFO - Setting next_dagrun for fetch_stock_data to 2025-09-07 00:00:00+00:00, run_after=2025-09-08 00:00:00+00:00
[2025-09-08T13:01:51.719+0000] {processor.py:183} INFO - Processing /opt/airflow/dags/stock_pipeline_dag.py took 0.266 seconds
[2025-09-08T13:02:22.140+0000] {processor.py:161} INFO - Started process (PID=184) to work on /opt/airflow/dags/stock_pipeline_dag.py
[2025-09-08T13:02:22.143+0000] {processor.py:830} INFO - Processing file /opt/airflow/dags/stock_pipeline_dag.py for tasks to queue
[2025-09-08T13:02:22.146+0000] {logging_mixin.py:188} INFO - [2025-09-08T13:02:22.145+0000] {dagbag.py:545} INFO - Filling up the DagBag from /opt/airflow/dags/stock_pipeline_dag.py
[2025-09-08T13:02:22.170+0000] {processor.py:840} INFO - DAG(s) 'fetch_stock_data' retrieved from /opt/airflow/dags/stock_pipeline_dag.py
[2025-09-08T13:02:22.206+0000] {logging_mixin.py:188} INFO - [2025-09-08T13:02:22.206+0000] {dag.py:3096} INFO - Sync 1 DAGs
[2025-09-08T13:02:22.233+0000] {logging_mixin.py:188} INFO - [2025-09-08T13:02:22.233+0000] {dag.py:3954} INFO - Setting next_dagrun for fetch_stock_data to 2025-09-07 00:00:00+00:00, run_after=2025-09-08 00:00:00+00:00
[2025-09-08T13:02:22.260+0000] {processor.py:183} INFO - Processing /opt/airflow/dags/stock_pipeline_dag.py took 0.129 seconds
