[2025-09-06T12:52:15.734+0000] {processor.py:161} INFO - Started process (PID=164) to work on /opt/airflow/dags/stock_pipeline_dag.py
[2025-09-06T12:52:15.737+0000] {processor.py:830} INFO - Processing file /opt/airflow/dags/stock_pipeline_dag.py for tasks to queue
[2025-09-06T12:52:15.743+0000] {logging_mixin.py:188} INFO - [2025-09-06T12:52:15.742+0000] {dagbag.py:545} INFO - Filling up the DagBag from /opt/airflow/dags/stock_pipeline_dag.py
[2025-09-06T12:52:15.884+0000] {processor.py:840} INFO - DAG(s) 'stock_fetch_dag' retrieved from /opt/airflow/dags/stock_pipeline_dag.py
[2025-09-06T12:52:16.561+0000] {logging_mixin.py:188} INFO - [2025-09-06T12:52:16.559+0000] {override.py:1829} INFO - Created Permission View: can edit on DAG:stock_fetch_dag
[2025-09-06T12:52:16.591+0000] {logging_mixin.py:188} INFO - [2025-09-06T12:52:16.590+0000] {override.py:1829} INFO - Created Permission View: can delete on DAG:stock_fetch_dag
[2025-09-06T12:52:16.613+0000] {logging_mixin.py:188} INFO - [2025-09-06T12:52:16.612+0000] {override.py:1829} INFO - Created Permission View: can read on DAG:stock_fetch_dag
[2025-09-06T12:52:16.615+0000] {logging_mixin.py:188} INFO - [2025-09-06T12:52:16.615+0000] {dag.py:3096} INFO - Sync 1 DAGs
[2025-09-06T12:52:16.651+0000] {logging_mixin.py:188} INFO - [2025-09-06T12:52:16.650+0000] {dag.py:3118} INFO - Creating ORM DAG for stock_fetch_dag
[2025-09-06T12:52:16.689+0000] {logging_mixin.py:188} INFO - [2025-09-06T12:52:16.688+0000] {dag.py:3954} INFO - Setting next_dagrun for stock_fetch_dag to 2025-09-06 11:00:00+00:00, run_after=2025-09-06 12:00:00+00:00
[2025-09-06T12:52:16.745+0000] {processor.py:183} INFO - Processing /opt/airflow/dags/stock_pipeline_dag.py took 1.025 seconds
[2025-09-06T12:52:47.115+0000] {processor.py:161} INFO - Started process (PID=169) to work on /opt/airflow/dags/stock_pipeline_dag.py
[2025-09-06T12:52:47.118+0000] {processor.py:830} INFO - Processing file /opt/airflow/dags/stock_pipeline_dag.py for tasks to queue
[2025-09-06T12:52:47.126+0000] {logging_mixin.py:188} INFO - [2025-09-06T12:52:47.124+0000] {dagbag.py:545} INFO - Filling up the DagBag from /opt/airflow/dags/stock_pipeline_dag.py
[2025-09-06T12:52:47.245+0000] {processor.py:840} INFO - DAG(s) 'stock_fetch_dag' retrieved from /opt/airflow/dags/stock_pipeline_dag.py
[2025-09-06T12:52:47.344+0000] {logging_mixin.py:188} INFO - [2025-09-06T12:52:47.344+0000] {dag.py:3096} INFO - Sync 1 DAGs
[2025-09-06T12:52:47.394+0000] {logging_mixin.py:188} INFO - [2025-09-06T12:52:47.393+0000] {dag.py:3954} INFO - Setting next_dagrun for stock_fetch_dag to 2025-09-06 11:00:00+00:00, run_after=2025-09-06 12:00:00+00:00
[2025-09-06T12:52:47.438+0000] {processor.py:183} INFO - Processing /opt/airflow/dags/stock_pipeline_dag.py took 0.341 seconds
[2025-09-06T12:53:17.914+0000] {processor.py:161} INFO - Started process (PID=174) to work on /opt/airflow/dags/stock_pipeline_dag.py
[2025-09-06T12:53:17.918+0000] {processor.py:830} INFO - Processing file /opt/airflow/dags/stock_pipeline_dag.py for tasks to queue
[2025-09-06T12:53:17.925+0000] {logging_mixin.py:188} INFO - [2025-09-06T12:53:17.924+0000] {dagbag.py:545} INFO - Filling up the DagBag from /opt/airflow/dags/stock_pipeline_dag.py
[2025-09-06T12:53:18.019+0000] {processor.py:840} INFO - DAG(s) 'stock_fetch_dag' retrieved from /opt/airflow/dags/stock_pipeline_dag.py
[2025-09-06T12:53:18.128+0000] {logging_mixin.py:188} INFO - [2025-09-06T12:53:18.127+0000] {dag.py:3096} INFO - Sync 1 DAGs
[2025-09-06T12:53:18.253+0000] {logging_mixin.py:188} INFO - [2025-09-06T12:53:18.252+0000] {dag.py:3954} INFO - Setting next_dagrun for stock_fetch_dag to 2025-09-06 11:00:00+00:00, run_after=2025-09-06 12:00:00+00:00
[2025-09-06T12:53:18.346+0000] {processor.py:183} INFO - Processing /opt/airflow/dags/stock_pipeline_dag.py took 0.455 seconds
[2025-09-06T12:53:48.984+0000] {processor.py:161} INFO - Started process (PID=179) to work on /opt/airflow/dags/stock_pipeline_dag.py
[2025-09-06T12:53:48.990+0000] {processor.py:830} INFO - Processing file /opt/airflow/dags/stock_pipeline_dag.py for tasks to queue
[2025-09-06T12:53:49.005+0000] {logging_mixin.py:188} INFO - [2025-09-06T12:53:49.003+0000] {dagbag.py:545} INFO - Filling up the DagBag from /opt/airflow/dags/stock_pipeline_dag.py
[2025-09-06T12:53:49.172+0000] {processor.py:840} INFO - DAG(s) 'stock_fetch_dag' retrieved from /opt/airflow/dags/stock_pipeline_dag.py
[2025-09-06T12:53:49.308+0000] {logging_mixin.py:188} INFO - [2025-09-06T12:53:49.307+0000] {dag.py:3096} INFO - Sync 1 DAGs
[2025-09-06T12:53:49.373+0000] {logging_mixin.py:188} INFO - [2025-09-06T12:53:49.372+0000] {dag.py:3954} INFO - Setting next_dagrun for stock_fetch_dag to 2025-09-06 11:00:00+00:00, run_after=2025-09-06 12:00:00+00:00
[2025-09-06T12:53:49.430+0000] {processor.py:183} INFO - Processing /opt/airflow/dags/stock_pipeline_dag.py took 0.481 seconds
[2025-09-06T12:54:19.907+0000] {processor.py:161} INFO - Started process (PID=184) to work on /opt/airflow/dags/stock_pipeline_dag.py
[2025-09-06T12:54:19.913+0000] {processor.py:830} INFO - Processing file /opt/airflow/dags/stock_pipeline_dag.py for tasks to queue
[2025-09-06T12:54:19.926+0000] {logging_mixin.py:188} INFO - [2025-09-06T12:54:19.923+0000] {dagbag.py:545} INFO - Filling up the DagBag from /opt/airflow/dags/stock_pipeline_dag.py
[2025-09-06T12:54:20.048+0000] {processor.py:840} INFO - DAG(s) 'stock_fetch_dag' retrieved from /opt/airflow/dags/stock_pipeline_dag.py
[2025-09-06T12:54:20.121+0000] {logging_mixin.py:188} INFO - [2025-09-06T12:54:20.120+0000] {dag.py:3096} INFO - Sync 1 DAGs
[2025-09-06T12:54:20.227+0000] {logging_mixin.py:188} INFO - [2025-09-06T12:54:20.227+0000] {dag.py:3954} INFO - Setting next_dagrun for stock_fetch_dag to 2025-09-06 11:00:00+00:00, run_after=2025-09-06 12:00:00+00:00
[2025-09-06T12:54:20.331+0000] {processor.py:183} INFO - Processing /opt/airflow/dags/stock_pipeline_dag.py took 0.465 seconds
[2025-09-06T12:54:50.962+0000] {processor.py:161} INFO - Started process (PID=189) to work on /opt/airflow/dags/stock_pipeline_dag.py
[2025-09-06T12:54:50.967+0000] {processor.py:830} INFO - Processing file /opt/airflow/dags/stock_pipeline_dag.py for tasks to queue
[2025-09-06T12:54:50.980+0000] {logging_mixin.py:188} INFO - [2025-09-06T12:54:50.979+0000] {dagbag.py:545} INFO - Filling up the DagBag from /opt/airflow/dags/stock_pipeline_dag.py
[2025-09-06T12:54:51.147+0000] {processor.py:840} INFO - DAG(s) 'stock_fetch_dag' retrieved from /opt/airflow/dags/stock_pipeline_dag.py
[2025-09-06T12:54:51.335+0000] {logging_mixin.py:188} INFO - [2025-09-06T12:54:51.335+0000] {dag.py:3096} INFO - Sync 1 DAGs
[2025-09-06T12:54:51.452+0000] {logging_mixin.py:188} INFO - [2025-09-06T12:54:51.451+0000] {dag.py:3954} INFO - Setting next_dagrun for stock_fetch_dag to 2025-09-06 11:00:00+00:00, run_after=2025-09-06 12:00:00+00:00
[2025-09-06T12:54:51.502+0000] {processor.py:183} INFO - Processing /opt/airflow/dags/stock_pipeline_dag.py took 0.578 seconds
[2025-09-06T12:55:21.834+0000] {processor.py:161} INFO - Started process (PID=194) to work on /opt/airflow/dags/stock_pipeline_dag.py
[2025-09-06T12:55:21.839+0000] {processor.py:830} INFO - Processing file /opt/airflow/dags/stock_pipeline_dag.py for tasks to queue
[2025-09-06T12:55:21.852+0000] {logging_mixin.py:188} INFO - [2025-09-06T12:55:21.850+0000] {dagbag.py:545} INFO - Filling up the DagBag from /opt/airflow/dags/stock_pipeline_dag.py
[2025-09-06T12:55:22.014+0000] {processor.py:840} INFO - DAG(s) 'stock_fetch_dag' retrieved from /opt/airflow/dags/stock_pipeline_dag.py
[2025-09-06T12:55:22.061+0000] {logging_mixin.py:188} INFO - [2025-09-06T12:55:22.060+0000] {dag.py:3096} INFO - Sync 1 DAGs
[2025-09-06T12:55:22.158+0000] {logging_mixin.py:188} INFO - [2025-09-06T12:55:22.158+0000] {dag.py:3954} INFO - Setting next_dagrun for stock_fetch_dag to 2025-09-06 11:00:00+00:00, run_after=2025-09-06 12:00:00+00:00
[2025-09-06T12:55:22.240+0000] {processor.py:183} INFO - Processing /opt/airflow/dags/stock_pipeline_dag.py took 0.444 seconds
[2025-09-06T12:55:52.739+0000] {processor.py:161} INFO - Started process (PID=199) to work on /opt/airflow/dags/stock_pipeline_dag.py
[2025-09-06T12:55:52.742+0000] {processor.py:830} INFO - Processing file /opt/airflow/dags/stock_pipeline_dag.py for tasks to queue
[2025-09-06T12:55:52.753+0000] {logging_mixin.py:188} INFO - [2025-09-06T12:55:52.752+0000] {dagbag.py:545} INFO - Filling up the DagBag from /opt/airflow/dags/stock_pipeline_dag.py
[2025-09-06T12:55:52.843+0000] {processor.py:840} INFO - DAG(s) 'stock_fetch_dag' retrieved from /opt/airflow/dags/stock_pipeline_dag.py
[2025-09-06T12:55:53.549+0000] {logging_mixin.py:188} INFO - [2025-09-06T12:55:53.549+0000] {dag.py:3096} INFO - Sync 1 DAGs
[2025-09-06T12:55:53.608+0000] {logging_mixin.py:188} INFO - [2025-09-06T12:55:53.608+0000] {dag.py:3954} INFO - Setting next_dagrun for stock_fetch_dag to 2025-09-06 11:00:00+00:00, run_after=2025-09-06 12:00:00+00:00
[2025-09-06T12:55:53.663+0000] {processor.py:183} INFO - Processing /opt/airflow/dags/stock_pipeline_dag.py took 0.950 seconds
[2025-09-06T12:56:24.179+0000] {processor.py:161} INFO - Started process (PID=204) to work on /opt/airflow/dags/stock_pipeline_dag.py
[2025-09-06T12:56:24.182+0000] {processor.py:830} INFO - Processing file /opt/airflow/dags/stock_pipeline_dag.py for tasks to queue
[2025-09-06T12:56:24.189+0000] {logging_mixin.py:188} INFO - [2025-09-06T12:56:24.188+0000] {dagbag.py:545} INFO - Filling up the DagBag from /opt/airflow/dags/stock_pipeline_dag.py
[2025-09-06T12:56:24.267+0000] {processor.py:840} INFO - DAG(s) 'stock_fetch_dag' retrieved from /opt/airflow/dags/stock_pipeline_dag.py
[2025-09-06T12:56:24.341+0000] {logging_mixin.py:188} INFO - [2025-09-06T12:56:24.340+0000] {dag.py:3096} INFO - Sync 1 DAGs
[2025-09-06T12:56:24.600+0000] {logging_mixin.py:188} INFO - [2025-09-06T12:56:24.600+0000] {dag.py:3954} INFO - Setting next_dagrun for stock_fetch_dag to 2025-09-06 11:00:00+00:00, run_after=2025-09-06 12:00:00+00:00
[2025-09-06T12:56:24.646+0000] {processor.py:183} INFO - Processing /opt/airflow/dags/stock_pipeline_dag.py took 0.485 seconds
[2025-09-06T12:56:55.054+0000] {processor.py:161} INFO - Started process (PID=209) to work on /opt/airflow/dags/stock_pipeline_dag.py
[2025-09-06T12:56:55.059+0000] {processor.py:830} INFO - Processing file /opt/airflow/dags/stock_pipeline_dag.py for tasks to queue
[2025-09-06T12:56:55.065+0000] {logging_mixin.py:188} INFO - [2025-09-06T12:56:55.064+0000] {dagbag.py:545} INFO - Filling up the DagBag from /opt/airflow/dags/stock_pipeline_dag.py
[2025-09-06T12:56:55.163+0000] {processor.py:840} INFO - DAG(s) 'stock_fetch_dag' retrieved from /opt/airflow/dags/stock_pipeline_dag.py
[2025-09-06T12:56:55.247+0000] {logging_mixin.py:188} INFO - [2025-09-06T12:56:55.246+0000] {dag.py:3096} INFO - Sync 1 DAGs
[2025-09-06T12:56:55.523+0000] {logging_mixin.py:188} INFO - [2025-09-06T12:56:55.523+0000] {dag.py:3954} INFO - Setting next_dagrun for stock_fetch_dag to 2025-09-06 11:00:00+00:00, run_after=2025-09-06 12:00:00+00:00
[2025-09-06T12:56:55.586+0000] {processor.py:183} INFO - Processing /opt/airflow/dags/stock_pipeline_dag.py took 0.554 seconds
[2025-09-06T12:57:26.295+0000] {processor.py:161} INFO - Started process (PID=214) to work on /opt/airflow/dags/stock_pipeline_dag.py
[2025-09-06T12:57:26.299+0000] {processor.py:830} INFO - Processing file /opt/airflow/dags/stock_pipeline_dag.py for tasks to queue
[2025-09-06T12:57:26.309+0000] {logging_mixin.py:188} INFO - [2025-09-06T12:57:26.308+0000] {dagbag.py:545} INFO - Filling up the DagBag from /opt/airflow/dags/stock_pipeline_dag.py
[2025-09-06T12:57:26.471+0000] {processor.py:840} INFO - DAG(s) 'stock_fetch_dag' retrieved from /opt/airflow/dags/stock_pipeline_dag.py
[2025-09-06T12:57:26.829+0000] {logging_mixin.py:188} INFO - [2025-09-06T12:57:26.828+0000] {dag.py:3096} INFO - Sync 1 DAGs
[2025-09-06T12:57:26.868+0000] {logging_mixin.py:188} INFO - [2025-09-06T12:57:26.868+0000] {dag.py:3954} INFO - Setting next_dagrun for stock_fetch_dag to 2025-09-06 11:00:00+00:00, run_after=2025-09-06 12:00:00+00:00
[2025-09-06T12:57:26.916+0000] {processor.py:183} INFO - Processing /opt/airflow/dags/stock_pipeline_dag.py took 0.652 seconds
[2025-09-06T12:57:57.664+0000] {processor.py:161} INFO - Started process (PID=219) to work on /opt/airflow/dags/stock_pipeline_dag.py
[2025-09-06T12:57:57.669+0000] {processor.py:830} INFO - Processing file /opt/airflow/dags/stock_pipeline_dag.py for tasks to queue
[2025-09-06T12:57:57.680+0000] {logging_mixin.py:188} INFO - [2025-09-06T12:57:57.679+0000] {dagbag.py:545} INFO - Filling up the DagBag from /opt/airflow/dags/stock_pipeline_dag.py
[2025-09-06T12:57:57.841+0000] {processor.py:840} INFO - DAG(s) 'stock_fetch_dag' retrieved from /opt/airflow/dags/stock_pipeline_dag.py
[2025-09-06T12:57:57.962+0000] {logging_mixin.py:188} INFO - [2025-09-06T12:57:57.961+0000] {dag.py:3096} INFO - Sync 1 DAGs
[2025-09-06T12:57:58.036+0000] {logging_mixin.py:188} INFO - [2025-09-06T12:57:58.035+0000] {dag.py:3954} INFO - Setting next_dagrun for stock_fetch_dag to 2025-09-06 11:00:00+00:00, run_after=2025-09-06 12:00:00+00:00
[2025-09-06T12:57:58.094+0000] {processor.py:183} INFO - Processing /opt/airflow/dags/stock_pipeline_dag.py took 0.462 seconds
[2025-09-06T12:58:28.648+0000] {processor.py:161} INFO - Started process (PID=224) to work on /opt/airflow/dags/stock_pipeline_dag.py
[2025-09-06T12:58:28.654+0000] {processor.py:830} INFO - Processing file /opt/airflow/dags/stock_pipeline_dag.py for tasks to queue
[2025-09-06T12:58:28.664+0000] {logging_mixin.py:188} INFO - [2025-09-06T12:58:28.662+0000] {dagbag.py:545} INFO - Filling up the DagBag from /opt/airflow/dags/stock_pipeline_dag.py
[2025-09-06T12:58:28.809+0000] {processor.py:840} INFO - DAG(s) 'stock_fetch_dag' retrieved from /opt/airflow/dags/stock_pipeline_dag.py
[2025-09-06T12:58:28.957+0000] {logging_mixin.py:188} INFO - [2025-09-06T12:58:28.956+0000] {dag.py:3096} INFO - Sync 1 DAGs
[2025-09-06T12:58:29.076+0000] {logging_mixin.py:188} INFO - [2025-09-06T12:58:29.074+0000] {dag.py:3954} INFO - Setting next_dagrun for stock_fetch_dag to 2025-09-06 11:00:00+00:00, run_after=2025-09-06 12:00:00+00:00
[2025-09-06T12:58:29.218+0000] {processor.py:183} INFO - Processing /opt/airflow/dags/stock_pipeline_dag.py took 0.608 seconds
[2025-09-06T12:58:59.366+0000] {processor.py:161} INFO - Started process (PID=229) to work on /opt/airflow/dags/stock_pipeline_dag.py
[2025-09-06T12:58:59.369+0000] {processor.py:830} INFO - Processing file /opt/airflow/dags/stock_pipeline_dag.py for tasks to queue
[2025-09-06T12:58:59.374+0000] {logging_mixin.py:188} INFO - [2025-09-06T12:58:59.373+0000] {dagbag.py:545} INFO - Filling up the DagBag from /opt/airflow/dags/stock_pipeline_dag.py
[2025-09-06T12:58:59.449+0000] {processor.py:840} INFO - DAG(s) 'stock_fetch_dag' retrieved from /opt/airflow/dags/stock_pipeline_dag.py
[2025-09-06T12:58:59.509+0000] {logging_mixin.py:188} INFO - [2025-09-06T12:58:59.509+0000] {dag.py:3096} INFO - Sync 1 DAGs
[2025-09-06T12:58:59.570+0000] {logging_mixin.py:188} INFO - [2025-09-06T12:58:59.569+0000] {dag.py:3954} INFO - Setting next_dagrun for stock_fetch_dag to 2025-09-06 11:00:00+00:00, run_after=2025-09-06 12:00:00+00:00
[2025-09-06T12:58:59.629+0000] {processor.py:183} INFO - Processing /opt/airflow/dags/stock_pipeline_dag.py took 0.277 seconds
[2025-09-06T12:59:42.453+0000] {processor.py:161} INFO - Started process (PID=164) to work on /opt/airflow/dags/stock_pipeline_dag.py
[2025-09-06T12:59:42.456+0000] {processor.py:830} INFO - Processing file /opt/airflow/dags/stock_pipeline_dag.py for tasks to queue
[2025-09-06T12:59:42.463+0000] {logging_mixin.py:188} INFO - [2025-09-06T12:59:42.462+0000] {dagbag.py:545} INFO - Filling up the DagBag from /opt/airflow/dags/stock_pipeline_dag.py
[2025-09-06T12:59:42.545+0000] {processor.py:840} INFO - DAG(s) 'stock_fetch_dag' retrieved from /opt/airflow/dags/stock_pipeline_dag.py
[2025-09-06T12:59:42.691+0000] {logging_mixin.py:188} INFO - [2025-09-06T12:59:42.690+0000] {dag.py:3096} INFO - Sync 1 DAGs
[2025-09-06T12:59:42.782+0000] {logging_mixin.py:188} INFO - [2025-09-06T12:59:42.781+0000] {dag.py:3954} INFO - Setting next_dagrun for stock_fetch_dag to 2025-09-06 11:00:00+00:00, run_after=2025-09-06 12:00:00+00:00
[2025-09-06T12:59:42.893+0000] {processor.py:183} INFO - Processing /opt/airflow/dags/stock_pipeline_dag.py took 0.459 seconds
[2025-09-06T13:00:13.498+0000] {processor.py:161} INFO - Started process (PID=169) to work on /opt/airflow/dags/stock_pipeline_dag.py
[2025-09-06T13:00:13.502+0000] {processor.py:830} INFO - Processing file /opt/airflow/dags/stock_pipeline_dag.py for tasks to queue
[2025-09-06T13:00:13.510+0000] {logging_mixin.py:188} INFO - [2025-09-06T13:00:13.508+0000] {dagbag.py:545} INFO - Filling up the DagBag from /opt/airflow/dags/stock_pipeline_dag.py
[2025-09-06T13:00:13.579+0000] {processor.py:840} INFO - DAG(s) 'stock_fetch_dag' retrieved from /opt/airflow/dags/stock_pipeline_dag.py
[2025-09-06T13:00:13.663+0000] {logging_mixin.py:188} INFO - [2025-09-06T13:00:13.663+0000] {dag.py:3096} INFO - Sync 1 DAGs
[2025-09-06T13:00:13.741+0000] {logging_mixin.py:188} INFO - [2025-09-06T13:00:13.740+0000] {dag.py:3954} INFO - Setting next_dagrun for stock_fetch_dag to 2025-09-06 12:00:00+00:00, run_after=2025-09-06 13:00:00+00:00
[2025-09-06T13:00:13.821+0000] {processor.py:183} INFO - Processing /opt/airflow/dags/stock_pipeline_dag.py took 0.348 seconds
[2025-09-06T13:00:44.433+0000] {processor.py:161} INFO - Started process (PID=174) to work on /opt/airflow/dags/stock_pipeline_dag.py
[2025-09-06T13:00:44.439+0000] {processor.py:830} INFO - Processing file /opt/airflow/dags/stock_pipeline_dag.py for tasks to queue
[2025-09-06T13:00:44.450+0000] {logging_mixin.py:188} INFO - [2025-09-06T13:00:44.449+0000] {dagbag.py:545} INFO - Filling up the DagBag from /opt/airflow/dags/stock_pipeline_dag.py
[2025-09-06T13:00:44.613+0000] {processor.py:840} INFO - DAG(s) 'stock_fetch_dag' retrieved from /opt/airflow/dags/stock_pipeline_dag.py
[2025-09-06T13:00:44.681+0000] {logging_mixin.py:188} INFO - [2025-09-06T13:00:44.681+0000] {dag.py:3096} INFO - Sync 1 DAGs
[2025-09-06T13:00:44.744+0000] {logging_mixin.py:188} INFO - [2025-09-06T13:00:44.744+0000] {dag.py:3954} INFO - Setting next_dagrun for stock_fetch_dag to 2025-09-06 12:00:00+00:00, run_after=2025-09-06 13:00:00+00:00
[2025-09-06T13:00:44.799+0000] {processor.py:183} INFO - Processing /opt/airflow/dags/stock_pipeline_dag.py took 0.405 seconds
[2025-09-06T13:01:15.425+0000] {processor.py:161} INFO - Started process (PID=179) to work on /opt/airflow/dags/stock_pipeline_dag.py
[2025-09-06T13:01:15.428+0000] {processor.py:830} INFO - Processing file /opt/airflow/dags/stock_pipeline_dag.py for tasks to queue
[2025-09-06T13:01:15.436+0000] {logging_mixin.py:188} INFO - [2025-09-06T13:01:15.435+0000] {dagbag.py:545} INFO - Filling up the DagBag from /opt/airflow/dags/stock_pipeline_dag.py
[2025-09-06T13:01:15.551+0000] {processor.py:840} INFO - DAG(s) 'stock_fetch_dag' retrieved from /opt/airflow/dags/stock_pipeline_dag.py
[2025-09-06T13:01:15.693+0000] {logging_mixin.py:188} INFO - [2025-09-06T13:01:15.691+0000] {dag.py:3096} INFO - Sync 1 DAGs
[2025-09-06T13:01:15.844+0000] {logging_mixin.py:188} INFO - [2025-09-06T13:01:15.843+0000] {dag.py:3954} INFO - Setting next_dagrun for stock_fetch_dag to 2025-09-06 12:00:00+00:00, run_after=2025-09-06 13:00:00+00:00
[2025-09-06T13:01:15.962+0000] {processor.py:183} INFO - Processing /opt/airflow/dags/stock_pipeline_dag.py took 0.571 seconds
[2025-09-06T13:01:46.260+0000] {processor.py:161} INFO - Started process (PID=184) to work on /opt/airflow/dags/stock_pipeline_dag.py
[2025-09-06T13:01:46.263+0000] {processor.py:830} INFO - Processing file /opt/airflow/dags/stock_pipeline_dag.py for tasks to queue
[2025-09-06T13:01:46.269+0000] {logging_mixin.py:188} INFO - [2025-09-06T13:01:46.268+0000] {dagbag.py:545} INFO - Filling up the DagBag from /opt/airflow/dags/stock_pipeline_dag.py
[2025-09-06T13:01:46.419+0000] {processor.py:840} INFO - DAG(s) 'stock_fetch_dag' retrieved from /opt/airflow/dags/stock_pipeline_dag.py
[2025-09-06T13:01:46.592+0000] {logging_mixin.py:188} INFO - [2025-09-06T13:01:46.590+0000] {dag.py:3096} INFO - Sync 1 DAGs
[2025-09-06T13:01:46.791+0000] {logging_mixin.py:188} INFO - [2025-09-06T13:01:46.790+0000] {dag.py:3954} INFO - Setting next_dagrun for stock_fetch_dag to 2025-09-06 12:00:00+00:00, run_after=2025-09-06 13:00:00+00:00
[2025-09-06T13:01:46.923+0000] {processor.py:183} INFO - Processing /opt/airflow/dags/stock_pipeline_dag.py took 0.681 seconds
[2025-09-06T13:02:17.638+0000] {processor.py:161} INFO - Started process (PID=189) to work on /opt/airflow/dags/stock_pipeline_dag.py
[2025-09-06T13:02:17.644+0000] {processor.py:830} INFO - Processing file /opt/airflow/dags/stock_pipeline_dag.py for tasks to queue
[2025-09-06T13:02:17.661+0000] {logging_mixin.py:188} INFO - [2025-09-06T13:02:17.657+0000] {dagbag.py:545} INFO - Filling up the DagBag from /opt/airflow/dags/stock_pipeline_dag.py
[2025-09-06T13:02:17.831+0000] {processor.py:840} INFO - DAG(s) 'stock_fetch_dag' retrieved from /opt/airflow/dags/stock_pipeline_dag.py
[2025-09-06T13:02:17.932+0000] {logging_mixin.py:188} INFO - [2025-09-06T13:02:17.932+0000] {dag.py:3096} INFO - Sync 1 DAGs
[2025-09-06T13:02:18.026+0000] {logging_mixin.py:188} INFO - [2025-09-06T13:02:18.025+0000] {dag.py:3954} INFO - Setting next_dagrun for stock_fetch_dag to 2025-09-06 12:00:00+00:00, run_after=2025-09-06 13:00:00+00:00
[2025-09-06T13:02:18.160+0000] {processor.py:183} INFO - Processing /opt/airflow/dags/stock_pipeline_dag.py took 0.568 seconds
[2025-09-06T13:02:48.553+0000] {processor.py:161} INFO - Started process (PID=194) to work on /opt/airflow/dags/stock_pipeline_dag.py
[2025-09-06T13:02:48.568+0000] {processor.py:830} INFO - Processing file /opt/airflow/dags/stock_pipeline_dag.py for tasks to queue
[2025-09-06T13:02:48.582+0000] {logging_mixin.py:188} INFO - [2025-09-06T13:02:48.580+0000] {dagbag.py:545} INFO - Filling up the DagBag from /opt/airflow/dags/stock_pipeline_dag.py
[2025-09-06T13:02:48.757+0000] {processor.py:840} INFO - DAG(s) 'stock_fetch_dag' retrieved from /opt/airflow/dags/stock_pipeline_dag.py
[2025-09-06T13:02:48.918+0000] {logging_mixin.py:188} INFO - [2025-09-06T13:02:48.917+0000] {dag.py:3096} INFO - Sync 1 DAGs
[2025-09-06T13:02:49.046+0000] {logging_mixin.py:188} INFO - [2025-09-06T13:02:49.044+0000] {dag.py:3954} INFO - Setting next_dagrun for stock_fetch_dag to 2025-09-06 12:00:00+00:00, run_after=2025-09-06 13:00:00+00:00
[2025-09-06T13:02:49.192+0000] {processor.py:183} INFO - Processing /opt/airflow/dags/stock_pipeline_dag.py took 0.674 seconds
[2025-09-06T13:03:19.736+0000] {processor.py:161} INFO - Started process (PID=199) to work on /opt/airflow/dags/stock_pipeline_dag.py
[2025-09-06T13:03:19.755+0000] {processor.py:830} INFO - Processing file /opt/airflow/dags/stock_pipeline_dag.py for tasks to queue
[2025-09-06T13:03:19.768+0000] {logging_mixin.py:188} INFO - [2025-09-06T13:03:19.763+0000] {dagbag.py:545} INFO - Filling up the DagBag from /opt/airflow/dags/stock_pipeline_dag.py
[2025-09-06T13:03:19.851+0000] {processor.py:840} INFO - DAG(s) 'stock_fetch_dag' retrieved from /opt/airflow/dags/stock_pipeline_dag.py
[2025-09-06T13:03:19.928+0000] {logging_mixin.py:188} INFO - [2025-09-06T13:03:19.927+0000] {dag.py:3096} INFO - Sync 1 DAGs
[2025-09-06T13:03:20.000+0000] {logging_mixin.py:188} INFO - [2025-09-06T13:03:20.000+0000] {dag.py:3954} INFO - Setting next_dagrun for stock_fetch_dag to 2025-09-06 12:00:00+00:00, run_after=2025-09-06 13:00:00+00:00
[2025-09-06T13:03:20.057+0000] {processor.py:183} INFO - Processing /opt/airflow/dags/stock_pipeline_dag.py took 0.370 seconds
[2025-09-06T13:03:50.688+0000] {processor.py:161} INFO - Started process (PID=204) to work on /opt/airflow/dags/stock_pipeline_dag.py
[2025-09-06T13:03:50.692+0000] {processor.py:830} INFO - Processing file /opt/airflow/dags/stock_pipeline_dag.py for tasks to queue
[2025-09-06T13:03:50.700+0000] {logging_mixin.py:188} INFO - [2025-09-06T13:03:50.699+0000] {dagbag.py:545} INFO - Filling up the DagBag from /opt/airflow/dags/stock_pipeline_dag.py
[2025-09-06T13:03:50.839+0000] {processor.py:840} INFO - DAG(s) 'stock_fetch_dag' retrieved from /opt/airflow/dags/stock_pipeline_dag.py
[2025-09-06T13:03:50.974+0000] {logging_mixin.py:188} INFO - [2025-09-06T13:03:50.973+0000] {dag.py:3096} INFO - Sync 1 DAGs
[2025-09-06T13:03:51.085+0000] {logging_mixin.py:188} INFO - [2025-09-06T13:03:51.084+0000] {dag.py:3954} INFO - Setting next_dagrun for stock_fetch_dag to 2025-09-06 12:00:00+00:00, run_after=2025-09-06 13:00:00+00:00
[2025-09-06T13:03:51.398+0000] {processor.py:183} INFO - Processing /opt/airflow/dags/stock_pipeline_dag.py took 0.734 seconds
[2025-09-06T13:04:21.691+0000] {processor.py:161} INFO - Started process (PID=209) to work on /opt/airflow/dags/stock_pipeline_dag.py
[2025-09-06T13:04:21.697+0000] {processor.py:830} INFO - Processing file /opt/airflow/dags/stock_pipeline_dag.py for tasks to queue
[2025-09-06T13:04:21.706+0000] {logging_mixin.py:188} INFO - [2025-09-06T13:04:21.704+0000] {dagbag.py:545} INFO - Filling up the DagBag from /opt/airflow/dags/stock_pipeline_dag.py
[2025-09-06T13:04:21.890+0000] {processor.py:840} INFO - DAG(s) 'stock_fetch_dag' retrieved from /opt/airflow/dags/stock_pipeline_dag.py
[2025-09-06T13:04:22.041+0000] {logging_mixin.py:188} INFO - [2025-09-06T13:04:22.040+0000] {dag.py:3096} INFO - Sync 1 DAGs
[2025-09-06T13:04:22.906+0000] {logging_mixin.py:188} INFO - [2025-09-06T13:04:22.905+0000] {dag.py:3954} INFO - Setting next_dagrun for stock_fetch_dag to 2025-09-06 12:00:00+00:00, run_after=2025-09-06 13:00:00+00:00
[2025-09-06T13:04:23.006+0000] {processor.py:183} INFO - Processing /opt/airflow/dags/stock_pipeline_dag.py took 1.344 seconds
[2025-09-06T13:04:53.491+0000] {processor.py:161} INFO - Started process (PID=214) to work on /opt/airflow/dags/stock_pipeline_dag.py
[2025-09-06T13:04:53.497+0000] {processor.py:830} INFO - Processing file /opt/airflow/dags/stock_pipeline_dag.py for tasks to queue
[2025-09-06T13:04:53.506+0000] {logging_mixin.py:188} INFO - [2025-09-06T13:04:53.505+0000] {dagbag.py:545} INFO - Filling up the DagBag from /opt/airflow/dags/stock_pipeline_dag.py
[2025-09-06T13:04:53.661+0000] {processor.py:840} INFO - DAG(s) 'stock_fetch_dag' retrieved from /opt/airflow/dags/stock_pipeline_dag.py
[2025-09-06T13:04:54.017+0000] {logging_mixin.py:188} INFO - [2025-09-06T13:04:54.017+0000] {dag.py:3096} INFO - Sync 1 DAGs
[2025-09-06T13:04:54.059+0000] {logging_mixin.py:188} INFO - [2025-09-06T13:04:54.059+0000] {dag.py:3954} INFO - Setting next_dagrun for stock_fetch_dag to 2025-09-06 12:00:00+00:00, run_after=2025-09-06 13:00:00+00:00
[2025-09-06T13:04:54.102+0000] {processor.py:183} INFO - Processing /opt/airflow/dags/stock_pipeline_dag.py took 0.650 seconds
[2025-09-06T13:05:24.515+0000] {processor.py:161} INFO - Started process (PID=219) to work on /opt/airflow/dags/stock_pipeline_dag.py
[2025-09-06T13:05:24.517+0000] {processor.py:830} INFO - Processing file /opt/airflow/dags/stock_pipeline_dag.py for tasks to queue
[2025-09-06T13:05:24.522+0000] {logging_mixin.py:188} INFO - [2025-09-06T13:05:24.522+0000] {dagbag.py:545} INFO - Filling up the DagBag from /opt/airflow/dags/stock_pipeline_dag.py
[2025-09-06T13:05:24.895+0000] {processor.py:840} INFO - DAG(s) 'stock_fetch_dag' retrieved from /opt/airflow/dags/stock_pipeline_dag.py
[2025-09-06T13:05:24.953+0000] {logging_mixin.py:188} INFO - [2025-09-06T13:05:24.953+0000] {dag.py:3096} INFO - Sync 1 DAGs
[2025-09-06T13:05:25.004+0000] {logging_mixin.py:188} INFO - [2025-09-06T13:05:25.004+0000] {dag.py:3954} INFO - Setting next_dagrun for stock_fetch_dag to 2025-09-06 12:00:00+00:00, run_after=2025-09-06 13:00:00+00:00
[2025-09-06T13:05:25.055+0000] {processor.py:183} INFO - Processing /opt/airflow/dags/stock_pipeline_dag.py took 0.556 seconds
[2025-09-06T13:05:55.593+0000] {processor.py:161} INFO - Started process (PID=224) to work on /opt/airflow/dags/stock_pipeline_dag.py
[2025-09-06T13:05:55.599+0000] {processor.py:830} INFO - Processing file /opt/airflow/dags/stock_pipeline_dag.py for tasks to queue
[2025-09-06T13:05:55.613+0000] {logging_mixin.py:188} INFO - [2025-09-06T13:05:55.611+0000] {dagbag.py:545} INFO - Filling up the DagBag from /opt/airflow/dags/stock_pipeline_dag.py
[2025-09-06T13:05:55.773+0000] {processor.py:840} INFO - DAG(s) 'stock_fetch_dag' retrieved from /opt/airflow/dags/stock_pipeline_dag.py
[2025-09-06T13:05:55.929+0000] {logging_mixin.py:188} INFO - [2025-09-06T13:05:55.928+0000] {dag.py:3096} INFO - Sync 1 DAGs
[2025-09-06T13:05:56.040+0000] {logging_mixin.py:188} INFO - [2025-09-06T13:05:56.039+0000] {dag.py:3954} INFO - Setting next_dagrun for stock_fetch_dag to 2025-09-06 12:00:00+00:00, run_after=2025-09-06 13:00:00+00:00
[2025-09-06T13:05:56.131+0000] {processor.py:183} INFO - Processing /opt/airflow/dags/stock_pipeline_dag.py took 0.576 seconds
[2025-09-06T13:06:26.403+0000] {processor.py:161} INFO - Started process (PID=229) to work on /opt/airflow/dags/stock_pipeline_dag.py
[2025-09-06T13:06:26.405+0000] {processor.py:830} INFO - Processing file /opt/airflow/dags/stock_pipeline_dag.py for tasks to queue
[2025-09-06T13:06:26.409+0000] {logging_mixin.py:188} INFO - [2025-09-06T13:06:26.408+0000] {dagbag.py:545} INFO - Filling up the DagBag from /opt/airflow/dags/stock_pipeline_dag.py
[2025-09-06T13:06:26.467+0000] {processor.py:840} INFO - DAG(s) 'stock_fetch_dag' retrieved from /opt/airflow/dags/stock_pipeline_dag.py
[2025-09-06T13:06:26.542+0000] {logging_mixin.py:188} INFO - [2025-09-06T13:06:26.541+0000] {dag.py:3096} INFO - Sync 1 DAGs
[2025-09-06T13:06:26.616+0000] {logging_mixin.py:188} INFO - [2025-09-06T13:06:26.615+0000] {dag.py:3954} INFO - Setting next_dagrun for stock_fetch_dag to 2025-09-06 12:00:00+00:00, run_after=2025-09-06 13:00:00+00:00
[2025-09-06T13:06:26.682+0000] {processor.py:183} INFO - Processing /opt/airflow/dags/stock_pipeline_dag.py took 0.321 seconds
[2025-09-06T13:06:57.242+0000] {processor.py:161} INFO - Started process (PID=234) to work on /opt/airflow/dags/stock_pipeline_dag.py
[2025-09-06T13:06:57.246+0000] {processor.py:830} INFO - Processing file /opt/airflow/dags/stock_pipeline_dag.py for tasks to queue
[2025-09-06T13:06:57.256+0000] {logging_mixin.py:188} INFO - [2025-09-06T13:06:57.255+0000] {dagbag.py:545} INFO - Filling up the DagBag from /opt/airflow/dags/stock_pipeline_dag.py
[2025-09-06T13:06:57.453+0000] {processor.py:840} INFO - DAG(s) 'stock_fetch_dag' retrieved from /opt/airflow/dags/stock_pipeline_dag.py
[2025-09-06T13:06:57.525+0000] {logging_mixin.py:188} INFO - [2025-09-06T13:06:57.524+0000] {dag.py:3096} INFO - Sync 1 DAGs
[2025-09-06T13:06:57.587+0000] {logging_mixin.py:188} INFO - [2025-09-06T13:06:57.587+0000] {dag.py:3954} INFO - Setting next_dagrun for stock_fetch_dag to 2025-09-06 12:00:00+00:00, run_after=2025-09-06 13:00:00+00:00
[2025-09-06T13:06:57.643+0000] {processor.py:183} INFO - Processing /opt/airflow/dags/stock_pipeline_dag.py took 0.429 seconds
[2025-09-06T13:07:28.177+0000] {processor.py:161} INFO - Started process (PID=239) to work on /opt/airflow/dags/stock_pipeline_dag.py
[2025-09-06T13:07:28.181+0000] {processor.py:830} INFO - Processing file /opt/airflow/dags/stock_pipeline_dag.py for tasks to queue
[2025-09-06T13:07:28.189+0000] {logging_mixin.py:188} INFO - [2025-09-06T13:07:28.188+0000] {dagbag.py:545} INFO - Filling up the DagBag from /opt/airflow/dags/stock_pipeline_dag.py
[2025-09-06T13:07:28.311+0000] {processor.py:840} INFO - DAG(s) 'stock_fetch_dag' retrieved from /opt/airflow/dags/stock_pipeline_dag.py
[2025-09-06T13:07:28.417+0000] {logging_mixin.py:188} INFO - [2025-09-06T13:07:28.416+0000] {dag.py:3096} INFO - Sync 1 DAGs
[2025-09-06T13:07:28.501+0000] {logging_mixin.py:188} INFO - [2025-09-06T13:07:28.500+0000] {dag.py:3954} INFO - Setting next_dagrun for stock_fetch_dag to 2025-09-06 12:00:00+00:00, run_after=2025-09-06 13:00:00+00:00
[2025-09-06T13:07:28.573+0000] {processor.py:183} INFO - Processing /opt/airflow/dags/stock_pipeline_dag.py took 0.421 seconds
[2025-09-06T13:07:59.097+0000] {processor.py:161} INFO - Started process (PID=244) to work on /opt/airflow/dags/stock_pipeline_dag.py
[2025-09-06T13:07:59.101+0000] {processor.py:830} INFO - Processing file /opt/airflow/dags/stock_pipeline_dag.py for tasks to queue
[2025-09-06T13:07:59.109+0000] {logging_mixin.py:188} INFO - [2025-09-06T13:07:59.108+0000] {dagbag.py:545} INFO - Filling up the DagBag from /opt/airflow/dags/stock_pipeline_dag.py
[2025-09-06T13:07:59.257+0000] {processor.py:840} INFO - DAG(s) 'stock_fetch_dag' retrieved from /opt/airflow/dags/stock_pipeline_dag.py
[2025-09-06T13:07:59.381+0000] {logging_mixin.py:188} INFO - [2025-09-06T13:07:59.381+0000] {dag.py:3096} INFO - Sync 1 DAGs
[2025-09-06T13:07:59.438+0000] {logging_mixin.py:188} INFO - [2025-09-06T13:07:59.437+0000] {dag.py:3954} INFO - Setting next_dagrun for stock_fetch_dag to 2025-09-06 12:00:00+00:00, run_after=2025-09-06 13:00:00+00:00
[2025-09-06T13:07:59.490+0000] {processor.py:183} INFO - Processing /opt/airflow/dags/stock_pipeline_dag.py took 0.419 seconds
[2025-09-06T13:08:29.996+0000] {processor.py:161} INFO - Started process (PID=249) to work on /opt/airflow/dags/stock_pipeline_dag.py
[2025-09-06T13:08:29.999+0000] {processor.py:830} INFO - Processing file /opt/airflow/dags/stock_pipeline_dag.py for tasks to queue
[2025-09-06T13:08:30.006+0000] {logging_mixin.py:188} INFO - [2025-09-06T13:08:30.005+0000] {dagbag.py:545} INFO - Filling up the DagBag from /opt/airflow/dags/stock_pipeline_dag.py
[2025-09-06T13:08:30.138+0000] {processor.py:840} INFO - DAG(s) 'stock_fetch_dag' retrieved from /opt/airflow/dags/stock_pipeline_dag.py
[2025-09-06T13:08:30.208+0000] {logging_mixin.py:188} INFO - [2025-09-06T13:08:30.207+0000] {dag.py:3096} INFO - Sync 1 DAGs
[2025-09-06T13:08:30.266+0000] {logging_mixin.py:188} INFO - [2025-09-06T13:08:30.265+0000] {dag.py:3954} INFO - Setting next_dagrun for stock_fetch_dag to 2025-09-06 12:00:00+00:00, run_after=2025-09-06 13:00:00+00:00
[2025-09-06T13:08:30.323+0000] {processor.py:183} INFO - Processing /opt/airflow/dags/stock_pipeline_dag.py took 0.348 seconds
[2025-09-06T13:09:00.526+0000] {processor.py:161} INFO - Started process (PID=254) to work on /opt/airflow/dags/stock_pipeline_dag.py
[2025-09-06T13:09:00.531+0000] {processor.py:830} INFO - Processing file /opt/airflow/dags/stock_pipeline_dag.py for tasks to queue
[2025-09-06T13:09:00.541+0000] {logging_mixin.py:188} INFO - [2025-09-06T13:09:00.540+0000] {dagbag.py:545} INFO - Filling up the DagBag from /opt/airflow/dags/stock_pipeline_dag.py
[2025-09-06T13:09:00.687+0000] {processor.py:840} INFO - DAG(s) 'stock_fetch_dag' retrieved from /opt/airflow/dags/stock_pipeline_dag.py
[2025-09-06T13:09:00.811+0000] {logging_mixin.py:188} INFO - [2025-09-06T13:09:00.810+0000] {dag.py:3096} INFO - Sync 1 DAGs
[2025-09-06T13:09:00.919+0000] {logging_mixin.py:188} INFO - [2025-09-06T13:09:00.918+0000] {dag.py:3954} INFO - Setting next_dagrun for stock_fetch_dag to 2025-09-06 12:00:00+00:00, run_after=2025-09-06 13:00:00+00:00
[2025-09-06T13:09:01.003+0000] {processor.py:183} INFO - Processing /opt/airflow/dags/stock_pipeline_dag.py took 0.511 seconds
[2025-09-06T13:09:31.265+0000] {processor.py:161} INFO - Started process (PID=259) to work on /opt/airflow/dags/stock_pipeline_dag.py
[2025-09-06T13:09:31.268+0000] {processor.py:830} INFO - Processing file /opt/airflow/dags/stock_pipeline_dag.py for tasks to queue
[2025-09-06T13:09:31.273+0000] {logging_mixin.py:188} INFO - [2025-09-06T13:09:31.272+0000] {dagbag.py:545} INFO - Filling up the DagBag from /opt/airflow/dags/stock_pipeline_dag.py
[2025-09-06T13:09:31.350+0000] {processor.py:840} INFO - DAG(s) 'stock_fetch_dag' retrieved from /opt/airflow/dags/stock_pipeline_dag.py
[2025-09-06T13:09:31.409+0000] {logging_mixin.py:188} INFO - [2025-09-06T13:09:31.408+0000] {dag.py:3096} INFO - Sync 1 DAGs
[2025-09-06T13:09:31.464+0000] {logging_mixin.py:188} INFO - [2025-09-06T13:09:31.464+0000] {dag.py:3954} INFO - Setting next_dagrun for stock_fetch_dag to 2025-09-06 12:00:00+00:00, run_after=2025-09-06 13:00:00+00:00
[2025-09-06T13:09:31.510+0000] {processor.py:183} INFO - Processing /opt/airflow/dags/stock_pipeline_dag.py took 0.260 seconds
[2025-09-06T13:10:02.147+0000] {processor.py:161} INFO - Started process (PID=264) to work on /opt/airflow/dags/stock_pipeline_dag.py
[2025-09-06T13:10:02.151+0000] {processor.py:830} INFO - Processing file /opt/airflow/dags/stock_pipeline_dag.py for tasks to queue
[2025-09-06T13:10:02.158+0000] {logging_mixin.py:188} INFO - [2025-09-06T13:10:02.157+0000] {dagbag.py:545} INFO - Filling up the DagBag from /opt/airflow/dags/stock_pipeline_dag.py
[2025-09-06T13:10:02.300+0000] {processor.py:840} INFO - DAG(s) 'stock_fetch_dag' retrieved from /opt/airflow/dags/stock_pipeline_dag.py
[2025-09-06T13:10:02.412+0000] {logging_mixin.py:188} INFO - [2025-09-06T13:10:02.410+0000] {dag.py:3096} INFO - Sync 1 DAGs
[2025-09-06T13:10:02.523+0000] {logging_mixin.py:188} INFO - [2025-09-06T13:10:02.522+0000] {dag.py:3954} INFO - Setting next_dagrun for stock_fetch_dag to 2025-09-06 12:00:00+00:00, run_after=2025-09-06 13:00:00+00:00
[2025-09-06T13:10:02.612+0000] {processor.py:183} INFO - Processing /opt/airflow/dags/stock_pipeline_dag.py took 0.489 seconds
[2025-09-06T13:10:33.208+0000] {processor.py:161} INFO - Started process (PID=269) to work on /opt/airflow/dags/stock_pipeline_dag.py
[2025-09-06T13:10:33.213+0000] {processor.py:830} INFO - Processing file /opt/airflow/dags/stock_pipeline_dag.py for tasks to queue
[2025-09-06T13:10:33.220+0000] {logging_mixin.py:188} INFO - [2025-09-06T13:10:33.219+0000] {dagbag.py:545} INFO - Filling up the DagBag from /opt/airflow/dags/stock_pipeline_dag.py
[2025-09-06T13:10:33.357+0000] {processor.py:840} INFO - DAG(s) 'stock_fetch_dag' retrieved from /opt/airflow/dags/stock_pipeline_dag.py
[2025-09-06T13:10:33.477+0000] {logging_mixin.py:188} INFO - [2025-09-06T13:10:33.476+0000] {dag.py:3096} INFO - Sync 1 DAGs
[2025-09-06T13:10:33.544+0000] {logging_mixin.py:188} INFO - [2025-09-06T13:10:33.543+0000] {dag.py:3954} INFO - Setting next_dagrun for stock_fetch_dag to 2025-09-06 12:00:00+00:00, run_after=2025-09-06 13:00:00+00:00
[2025-09-06T13:10:33.589+0000] {processor.py:183} INFO - Processing /opt/airflow/dags/stock_pipeline_dag.py took 0.406 seconds
[2025-09-06T13:11:04.043+0000] {processor.py:161} INFO - Started process (PID=274) to work on /opt/airflow/dags/stock_pipeline_dag.py
[2025-09-06T13:11:04.048+0000] {processor.py:830} INFO - Processing file /opt/airflow/dags/stock_pipeline_dag.py for tasks to queue
[2025-09-06T13:11:04.056+0000] {logging_mixin.py:188} INFO - [2025-09-06T13:11:04.055+0000] {dagbag.py:545} INFO - Filling up the DagBag from /opt/airflow/dags/stock_pipeline_dag.py
[2025-09-06T13:11:04.201+0000] {processor.py:840} INFO - DAG(s) 'stock_fetch_dag' retrieved from /opt/airflow/dags/stock_pipeline_dag.py
[2025-09-06T13:11:04.322+0000] {logging_mixin.py:188} INFO - [2025-09-06T13:11:04.320+0000] {dag.py:3096} INFO - Sync 1 DAGs
[2025-09-06T13:11:04.412+0000] {logging_mixin.py:188} INFO - [2025-09-06T13:11:04.411+0000] {dag.py:3954} INFO - Setting next_dagrun for stock_fetch_dag to 2025-09-06 12:00:00+00:00, run_after=2025-09-06 13:00:00+00:00
[2025-09-06T13:11:04.472+0000] {processor.py:183} INFO - Processing /opt/airflow/dags/stock_pipeline_dag.py took 0.455 seconds
[2025-09-06T13:11:34.976+0000] {processor.py:161} INFO - Started process (PID=279) to work on /opt/airflow/dags/stock_pipeline_dag.py
[2025-09-06T13:11:34.979+0000] {processor.py:830} INFO - Processing file /opt/airflow/dags/stock_pipeline_dag.py for tasks to queue
[2025-09-06T13:11:34.985+0000] {logging_mixin.py:188} INFO - [2025-09-06T13:11:34.984+0000] {dagbag.py:545} INFO - Filling up the DagBag from /opt/airflow/dags/stock_pipeline_dag.py
[2025-09-06T13:11:35.076+0000] {processor.py:840} INFO - DAG(s) 'stock_fetch_dag' retrieved from /opt/airflow/dags/stock_pipeline_dag.py
[2025-09-06T13:11:35.228+0000] {logging_mixin.py:188} INFO - [2025-09-06T13:11:35.227+0000] {dag.py:3096} INFO - Sync 1 DAGs
[2025-09-06T13:11:35.293+0000] {logging_mixin.py:188} INFO - [2025-09-06T13:11:35.292+0000] {dag.py:3954} INFO - Setting next_dagrun for stock_fetch_dag to 2025-09-06 12:00:00+00:00, run_after=2025-09-06 13:00:00+00:00
[2025-09-06T13:11:35.362+0000] {processor.py:183} INFO - Processing /opt/airflow/dags/stock_pipeline_dag.py took 0.408 seconds
[2025-09-06T13:12:05.959+0000] {processor.py:161} INFO - Started process (PID=284) to work on /opt/airflow/dags/stock_pipeline_dag.py
[2025-09-06T13:12:05.964+0000] {processor.py:830} INFO - Processing file /opt/airflow/dags/stock_pipeline_dag.py for tasks to queue
[2025-09-06T13:12:05.973+0000] {logging_mixin.py:188} INFO - [2025-09-06T13:12:05.971+0000] {dagbag.py:545} INFO - Filling up the DagBag from /opt/airflow/dags/stock_pipeline_dag.py
[2025-09-06T13:12:06.118+0000] {processor.py:840} INFO - DAG(s) 'stock_fetch_dag' retrieved from /opt/airflow/dags/stock_pipeline_dag.py
[2025-09-06T13:12:06.246+0000] {logging_mixin.py:188} INFO - [2025-09-06T13:12:06.245+0000] {dag.py:3096} INFO - Sync 1 DAGs
[2025-09-06T13:12:06.350+0000] {logging_mixin.py:188} INFO - [2025-09-06T13:12:06.349+0000] {dag.py:3954} INFO - Setting next_dagrun for stock_fetch_dag to 2025-09-06 12:00:00+00:00, run_after=2025-09-06 13:00:00+00:00
[2025-09-06T13:12:06.436+0000] {processor.py:183} INFO - Processing /opt/airflow/dags/stock_pipeline_dag.py took 0.506 seconds
[2025-09-06T13:12:36.902+0000] {processor.py:161} INFO - Started process (PID=289) to work on /opt/airflow/dags/stock_pipeline_dag.py
[2025-09-06T13:12:36.906+0000] {processor.py:830} INFO - Processing file /opt/airflow/dags/stock_pipeline_dag.py for tasks to queue
[2025-09-06T13:12:36.915+0000] {logging_mixin.py:188} INFO - [2025-09-06T13:12:36.914+0000] {dagbag.py:545} INFO - Filling up the DagBag from /opt/airflow/dags/stock_pipeline_dag.py
[2025-09-06T13:12:37.060+0000] {processor.py:840} INFO - DAG(s) 'stock_fetch_dag' retrieved from /opt/airflow/dags/stock_pipeline_dag.py
[2025-09-06T13:12:37.173+0000] {logging_mixin.py:188} INFO - [2025-09-06T13:12:37.172+0000] {dag.py:3096} INFO - Sync 1 DAGs
[2025-09-06T13:12:37.227+0000] {logging_mixin.py:188} INFO - [2025-09-06T13:12:37.226+0000] {dag.py:3954} INFO - Setting next_dagrun for stock_fetch_dag to 2025-09-06 12:00:00+00:00, run_after=2025-09-06 13:00:00+00:00
[2025-09-06T13:12:37.282+0000] {processor.py:183} INFO - Processing /opt/airflow/dags/stock_pipeline_dag.py took 0.405 seconds
[2025-09-06T13:13:07.846+0000] {processor.py:161} INFO - Started process (PID=294) to work on /opt/airflow/dags/stock_pipeline_dag.py
[2025-09-06T13:13:07.851+0000] {processor.py:830} INFO - Processing file /opt/airflow/dags/stock_pipeline_dag.py for tasks to queue
[2025-09-06T13:13:07.860+0000] {logging_mixin.py:188} INFO - [2025-09-06T13:13:07.859+0000] {dagbag.py:545} INFO - Filling up the DagBag from /opt/airflow/dags/stock_pipeline_dag.py
[2025-09-06T13:13:07.995+0000] {processor.py:840} INFO - DAG(s) 'stock_fetch_dag' retrieved from /opt/airflow/dags/stock_pipeline_dag.py
[2025-09-06T13:13:08.140+0000] {logging_mixin.py:188} INFO - [2025-09-06T13:13:08.139+0000] {dag.py:3096} INFO - Sync 1 DAGs
[2025-09-06T13:13:08.202+0000] {logging_mixin.py:188} INFO - [2025-09-06T13:13:08.201+0000] {dag.py:3954} INFO - Setting next_dagrun for stock_fetch_dag to 2025-09-06 12:00:00+00:00, run_after=2025-09-06 13:00:00+00:00
[2025-09-06T13:13:08.258+0000] {processor.py:183} INFO - Processing /opt/airflow/dags/stock_pipeline_dag.py took 0.446 seconds
[2025-09-06T13:13:38.823+0000] {processor.py:161} INFO - Started process (PID=299) to work on /opt/airflow/dags/stock_pipeline_dag.py
[2025-09-06T13:13:38.827+0000] {processor.py:830} INFO - Processing file /opt/airflow/dags/stock_pipeline_dag.py for tasks to queue
[2025-09-06T13:13:38.837+0000] {logging_mixin.py:188} INFO - [2025-09-06T13:13:38.836+0000] {dagbag.py:545} INFO - Filling up the DagBag from /opt/airflow/dags/stock_pipeline_dag.py
[2025-09-06T13:13:38.983+0000] {processor.py:840} INFO - DAG(s) 'stock_fetch_dag' retrieved from /opt/airflow/dags/stock_pipeline_dag.py
[2025-09-06T13:13:39.108+0000] {logging_mixin.py:188} INFO - [2025-09-06T13:13:39.107+0000] {dag.py:3096} INFO - Sync 1 DAGs
[2025-09-06T13:13:39.153+0000] {logging_mixin.py:188} INFO - [2025-09-06T13:13:39.152+0000] {dag.py:3954} INFO - Setting next_dagrun for stock_fetch_dag to 2025-09-06 12:00:00+00:00, run_after=2025-09-06 13:00:00+00:00
[2025-09-06T13:13:39.191+0000] {processor.py:183} INFO - Processing /opt/airflow/dags/stock_pipeline_dag.py took 0.395 seconds
[2025-09-06T13:14:09.775+0000] {processor.py:161} INFO - Started process (PID=304) to work on /opt/airflow/dags/stock_pipeline_dag.py
[2025-09-06T13:14:09.780+0000] {processor.py:830} INFO - Processing file /opt/airflow/dags/stock_pipeline_dag.py for tasks to queue
[2025-09-06T13:14:09.796+0000] {logging_mixin.py:188} INFO - [2025-09-06T13:14:09.794+0000] {dagbag.py:545} INFO - Filling up the DagBag from /opt/airflow/dags/stock_pipeline_dag.py
[2025-09-06T13:14:09.944+0000] {processor.py:840} INFO - DAG(s) 'stock_fetch_dag' retrieved from /opt/airflow/dags/stock_pipeline_dag.py
[2025-09-06T13:14:10.116+0000] {logging_mixin.py:188} INFO - [2025-09-06T13:14:10.115+0000] {dag.py:3096} INFO - Sync 1 DAGs
[2025-09-06T13:14:10.222+0000] {logging_mixin.py:188} INFO - [2025-09-06T13:14:10.221+0000] {dag.py:3954} INFO - Setting next_dagrun for stock_fetch_dag to 2025-09-06 12:00:00+00:00, run_after=2025-09-06 13:00:00+00:00
[2025-09-06T13:14:10.307+0000] {processor.py:183} INFO - Processing /opt/airflow/dags/stock_pipeline_dag.py took 0.572 seconds
[2025-09-06T13:14:41.139+0000] {processor.py:161} INFO - Started process (PID=309) to work on /opt/airflow/dags/stock_pipeline_dag.py
[2025-09-06T13:14:41.143+0000] {processor.py:830} INFO - Processing file /opt/airflow/dags/stock_pipeline_dag.py for tasks to queue
[2025-09-06T13:14:41.153+0000] {logging_mixin.py:188} INFO - [2025-09-06T13:14:41.152+0000] {dagbag.py:545} INFO - Filling up the DagBag from /opt/airflow/dags/stock_pipeline_dag.py
[2025-09-06T13:14:41.298+0000] {processor.py:840} INFO - DAG(s) 'stock_fetch_dag' retrieved from /opt/airflow/dags/stock_pipeline_dag.py
[2025-09-06T13:14:41.415+0000] {logging_mixin.py:188} INFO - [2025-09-06T13:14:41.414+0000] {dag.py:3096} INFO - Sync 1 DAGs
[2025-09-06T13:14:41.512+0000] {logging_mixin.py:188} INFO - [2025-09-06T13:14:41.511+0000] {dag.py:3954} INFO - Setting next_dagrun for stock_fetch_dag to 2025-09-06 12:00:00+00:00, run_after=2025-09-06 13:00:00+00:00
[2025-09-06T13:14:41.596+0000] {processor.py:183} INFO - Processing /opt/airflow/dags/stock_pipeline_dag.py took 0.490 seconds
[2025-09-06T13:15:12.370+0000] {processor.py:161} INFO - Started process (PID=314) to work on /opt/airflow/dags/stock_pipeline_dag.py
[2025-09-06T13:15:12.375+0000] {processor.py:830} INFO - Processing file /opt/airflow/dags/stock_pipeline_dag.py for tasks to queue
[2025-09-06T13:15:12.383+0000] {logging_mixin.py:188} INFO - [2025-09-06T13:15:12.381+0000] {dagbag.py:545} INFO - Filling up the DagBag from /opt/airflow/dags/stock_pipeline_dag.py
[2025-09-06T13:15:12.530+0000] {processor.py:840} INFO - DAG(s) 'stock_fetch_dag' retrieved from /opt/airflow/dags/stock_pipeline_dag.py
[2025-09-06T13:15:12.647+0000] {logging_mixin.py:188} INFO - [2025-09-06T13:15:12.646+0000] {dag.py:3096} INFO - Sync 1 DAGs
[2025-09-06T13:15:12.754+0000] {logging_mixin.py:188} INFO - [2025-09-06T13:15:12.754+0000] {dag.py:3954} INFO - Setting next_dagrun for stock_fetch_dag to 2025-09-06 12:00:00+00:00, run_after=2025-09-06 13:00:00+00:00
[2025-09-06T13:15:12.802+0000] {processor.py:183} INFO - Processing /opt/airflow/dags/stock_pipeline_dag.py took 0.459 seconds
[2025-09-06T13:15:42.966+0000] {processor.py:161} INFO - Started process (PID=319) to work on /opt/airflow/dags/stock_pipeline_dag.py
[2025-09-06T13:15:42.970+0000] {processor.py:830} INFO - Processing file /opt/airflow/dags/stock_pipeline_dag.py for tasks to queue
[2025-09-06T13:15:42.978+0000] {logging_mixin.py:188} INFO - [2025-09-06T13:15:42.976+0000] {dagbag.py:545} INFO - Filling up the DagBag from /opt/airflow/dags/stock_pipeline_dag.py
[2025-09-06T13:15:43.132+0000] {processor.py:840} INFO - DAG(s) 'stock_fetch_dag' retrieved from /opt/airflow/dags/stock_pipeline_dag.py
[2025-09-06T13:15:43.280+0000] {logging_mixin.py:188} INFO - [2025-09-06T13:15:43.279+0000] {dag.py:3096} INFO - Sync 1 DAGs
[2025-09-06T13:15:43.407+0000] {logging_mixin.py:188} INFO - [2025-09-06T13:15:43.406+0000] {dag.py:3954} INFO - Setting next_dagrun for stock_fetch_dag to 2025-09-06 12:00:00+00:00, run_after=2025-09-06 13:00:00+00:00
[2025-09-06T13:15:43.495+0000] {processor.py:183} INFO - Processing /opt/airflow/dags/stock_pipeline_dag.py took 0.560 seconds
[2025-09-06T13:16:13.890+0000] {processor.py:161} INFO - Started process (PID=324) to work on /opt/airflow/dags/stock_pipeline_dag.py
[2025-09-06T13:16:13.895+0000] {processor.py:830} INFO - Processing file /opt/airflow/dags/stock_pipeline_dag.py for tasks to queue
[2025-09-06T13:16:13.903+0000] {logging_mixin.py:188} INFO - [2025-09-06T13:16:13.901+0000] {dagbag.py:545} INFO - Filling up the DagBag from /opt/airflow/dags/stock_pipeline_dag.py
[2025-09-06T13:16:14.030+0000] {processor.py:840} INFO - DAG(s) 'stock_fetch_dag' retrieved from /opt/airflow/dags/stock_pipeline_dag.py
[2025-09-06T13:16:14.155+0000] {logging_mixin.py:188} INFO - [2025-09-06T13:16:14.154+0000] {dag.py:3096} INFO - Sync 1 DAGs
[2025-09-06T13:16:14.260+0000] {logging_mixin.py:188} INFO - [2025-09-06T13:16:14.259+0000] {dag.py:3954} INFO - Setting next_dagrun for stock_fetch_dag to 2025-09-06 12:00:00+00:00, run_after=2025-09-06 13:00:00+00:00
[2025-09-06T13:16:14.345+0000] {processor.py:183} INFO - Processing /opt/airflow/dags/stock_pipeline_dag.py took 0.485 seconds
[2025-09-06T13:16:44.958+0000] {processor.py:161} INFO - Started process (PID=329) to work on /opt/airflow/dags/stock_pipeline_dag.py
[2025-09-06T13:16:44.962+0000] {processor.py:830} INFO - Processing file /opt/airflow/dags/stock_pipeline_dag.py for tasks to queue
[2025-09-06T13:16:44.969+0000] {logging_mixin.py:188} INFO - [2025-09-06T13:16:44.968+0000] {dagbag.py:545} INFO - Filling up the DagBag from /opt/airflow/dags/stock_pipeline_dag.py
[2025-09-06T13:16:45.111+0000] {processor.py:840} INFO - DAG(s) 'stock_fetch_dag' retrieved from /opt/airflow/dags/stock_pipeline_dag.py
[2025-09-06T13:16:45.222+0000] {logging_mixin.py:188} INFO - [2025-09-06T13:16:45.221+0000] {dag.py:3096} INFO - Sync 1 DAGs
[2025-09-06T13:16:45.276+0000] {logging_mixin.py:188} INFO - [2025-09-06T13:16:45.275+0000] {dag.py:3954} INFO - Setting next_dagrun for stock_fetch_dag to 2025-09-06 12:00:00+00:00, run_after=2025-09-06 13:00:00+00:00
[2025-09-06T13:16:45.325+0000] {processor.py:183} INFO - Processing /opt/airflow/dags/stock_pipeline_dag.py took 0.393 seconds
[2025-09-06T13:17:15.901+0000] {processor.py:161} INFO - Started process (PID=334) to work on /opt/airflow/dags/stock_pipeline_dag.py
[2025-09-06T13:17:15.905+0000] {processor.py:830} INFO - Processing file /opt/airflow/dags/stock_pipeline_dag.py for tasks to queue
[2025-09-06T13:17:15.913+0000] {logging_mixin.py:188} INFO - [2025-09-06T13:17:15.912+0000] {dagbag.py:545} INFO - Filling up the DagBag from /opt/airflow/dags/stock_pipeline_dag.py
[2025-09-06T13:17:16.057+0000] {processor.py:840} INFO - DAG(s) 'stock_fetch_dag' retrieved from /opt/airflow/dags/stock_pipeline_dag.py
[2025-09-06T13:17:16.175+0000] {logging_mixin.py:188} INFO - [2025-09-06T13:17:16.173+0000] {dag.py:3096} INFO - Sync 1 DAGs
[2025-09-06T13:17:16.272+0000] {logging_mixin.py:188} INFO - [2025-09-06T13:17:16.271+0000] {dag.py:3954} INFO - Setting next_dagrun for stock_fetch_dag to 2025-09-06 12:00:00+00:00, run_after=2025-09-06 13:00:00+00:00
[2025-09-06T13:17:16.360+0000] {processor.py:183} INFO - Processing /opt/airflow/dags/stock_pipeline_dag.py took 0.484 seconds
[2025-09-06T13:17:46.867+0000] {processor.py:161} INFO - Started process (PID=339) to work on /opt/airflow/dags/stock_pipeline_dag.py
[2025-09-06T13:17:46.872+0000] {processor.py:830} INFO - Processing file /opt/airflow/dags/stock_pipeline_dag.py for tasks to queue
[2025-09-06T13:17:46.879+0000] {logging_mixin.py:188} INFO - [2025-09-06T13:17:46.878+0000] {dagbag.py:545} INFO - Filling up the DagBag from /opt/airflow/dags/stock_pipeline_dag.py
[2025-09-06T13:17:47.023+0000] {processor.py:840} INFO - DAG(s) 'stock_fetch_dag' retrieved from /opt/airflow/dags/stock_pipeline_dag.py
[2025-09-06T13:17:47.138+0000] {logging_mixin.py:188} INFO - [2025-09-06T13:17:47.137+0000] {dag.py:3096} INFO - Sync 1 DAGs
[2025-09-06T13:17:47.206+0000] {logging_mixin.py:188} INFO - [2025-09-06T13:17:47.206+0000] {dag.py:3954} INFO - Setting next_dagrun for stock_fetch_dag to 2025-09-06 12:00:00+00:00, run_after=2025-09-06 13:00:00+00:00
[2025-09-06T13:17:47.252+0000] {processor.py:183} INFO - Processing /opt/airflow/dags/stock_pipeline_dag.py took 0.410 seconds
[2025-09-06T13:18:17.827+0000] {processor.py:161} INFO - Started process (PID=344) to work on /opt/airflow/dags/stock_pipeline_dag.py
[2025-09-06T13:18:17.831+0000] {processor.py:830} INFO - Processing file /opt/airflow/dags/stock_pipeline_dag.py for tasks to queue
[2025-09-06T13:18:17.839+0000] {logging_mixin.py:188} INFO - [2025-09-06T13:18:17.838+0000] {dagbag.py:545} INFO - Filling up the DagBag from /opt/airflow/dags/stock_pipeline_dag.py
[2025-09-06T13:18:17.987+0000] {processor.py:840} INFO - DAG(s) 'stock_fetch_dag' retrieved from /opt/airflow/dags/stock_pipeline_dag.py
[2025-09-06T13:18:18.106+0000] {logging_mixin.py:188} INFO - [2025-09-06T13:18:18.106+0000] {dag.py:3096} INFO - Sync 1 DAGs
[2025-09-06T13:18:18.151+0000] {logging_mixin.py:188} INFO - [2025-09-06T13:18:18.151+0000] {dag.py:3954} INFO - Setting next_dagrun for stock_fetch_dag to 2025-09-06 12:00:00+00:00, run_after=2025-09-06 13:00:00+00:00
[2025-09-06T13:18:18.198+0000] {processor.py:183} INFO - Processing /opt/airflow/dags/stock_pipeline_dag.py took 0.397 seconds
[2025-09-06T13:18:48.704+0000] {processor.py:161} INFO - Started process (PID=349) to work on /opt/airflow/dags/stock_pipeline_dag.py
[2025-09-06T13:18:48.706+0000] {processor.py:830} INFO - Processing file /opt/airflow/dags/stock_pipeline_dag.py for tasks to queue
[2025-09-06T13:18:48.709+0000] {logging_mixin.py:188} INFO - [2025-09-06T13:18:48.709+0000] {dagbag.py:545} INFO - Filling up the DagBag from /opt/airflow/dags/stock_pipeline_dag.py
[2025-09-06T13:18:48.779+0000] {processor.py:840} INFO - DAG(s) 'stock_fetch_dag' retrieved from /opt/airflow/dags/stock_pipeline_dag.py
[2025-09-06T13:18:48.838+0000] {logging_mixin.py:188} INFO - [2025-09-06T13:18:48.837+0000] {dag.py:3096} INFO - Sync 1 DAGs
[2025-09-06T13:18:48.898+0000] {logging_mixin.py:188} INFO - [2025-09-06T13:18:48.898+0000] {dag.py:3954} INFO - Setting next_dagrun for stock_fetch_dag to 2025-09-06 12:00:00+00:00, run_after=2025-09-06 13:00:00+00:00
[2025-09-06T13:18:48.950+0000] {processor.py:183} INFO - Processing /opt/airflow/dags/stock_pipeline_dag.py took 0.260 seconds
[2025-09-06T13:19:19.123+0000] {processor.py:161} INFO - Started process (PID=354) to work on /opt/airflow/dags/stock_pipeline_dag.py
[2025-09-06T13:19:19.126+0000] {processor.py:830} INFO - Processing file /opt/airflow/dags/stock_pipeline_dag.py for tasks to queue
[2025-09-06T13:19:19.131+0000] {logging_mixin.py:188} INFO - [2025-09-06T13:19:19.130+0000] {dagbag.py:545} INFO - Filling up the DagBag from /opt/airflow/dags/stock_pipeline_dag.py
[2025-09-06T13:19:19.205+0000] {processor.py:840} INFO - DAG(s) 'stock_fetch_dag' retrieved from /opt/airflow/dags/stock_pipeline_dag.py
[2025-09-06T13:19:19.286+0000] {logging_mixin.py:188} INFO - [2025-09-06T13:19:19.285+0000] {dag.py:3096} INFO - Sync 1 DAGs
[2025-09-06T13:19:19.361+0000] {logging_mixin.py:188} INFO - [2025-09-06T13:19:19.360+0000] {dag.py:3954} INFO - Setting next_dagrun for stock_fetch_dag to 2025-09-06 12:00:00+00:00, run_after=2025-09-06 13:00:00+00:00
[2025-09-06T13:19:19.412+0000] {processor.py:183} INFO - Processing /opt/airflow/dags/stock_pipeline_dag.py took 0.308 seconds
[2025-09-06T13:19:49.815+0000] {processor.py:161} INFO - Started process (PID=359) to work on /opt/airflow/dags/stock_pipeline_dag.py
[2025-09-06T13:19:49.819+0000] {processor.py:830} INFO - Processing file /opt/airflow/dags/stock_pipeline_dag.py for tasks to queue
[2025-09-06T13:19:49.826+0000] {logging_mixin.py:188} INFO - [2025-09-06T13:19:49.824+0000] {dagbag.py:545} INFO - Filling up the DagBag from /opt/airflow/dags/stock_pipeline_dag.py
[2025-09-06T13:19:49.946+0000] {processor.py:840} INFO - DAG(s) 'stock_fetch_dag' retrieved from /opt/airflow/dags/stock_pipeline_dag.py
[2025-09-06T13:19:50.041+0000] {logging_mixin.py:188} INFO - [2025-09-06T13:19:50.040+0000] {dag.py:3096} INFO - Sync 1 DAGs
[2025-09-06T13:19:50.097+0000] {logging_mixin.py:188} INFO - [2025-09-06T13:19:50.097+0000] {dag.py:3954} INFO - Setting next_dagrun for stock_fetch_dag to 2025-09-06 12:00:00+00:00, run_after=2025-09-06 13:00:00+00:00
[2025-09-06T13:19:50.149+0000] {processor.py:183} INFO - Processing /opt/airflow/dags/stock_pipeline_dag.py took 0.357 seconds
[2025-09-06T13:20:20.450+0000] {processor.py:161} INFO - Started process (PID=364) to work on /opt/airflow/dags/stock_pipeline_dag.py
[2025-09-06T13:20:20.454+0000] {processor.py:830} INFO - Processing file /opt/airflow/dags/stock_pipeline_dag.py for tasks to queue
[2025-09-06T13:20:20.462+0000] {logging_mixin.py:188} INFO - [2025-09-06T13:20:20.460+0000] {dagbag.py:545} INFO - Filling up the DagBag from /opt/airflow/dags/stock_pipeline_dag.py
[2025-09-06T13:20:20.589+0000] {processor.py:840} INFO - DAG(s) 'stock_fetch_dag' retrieved from /opt/airflow/dags/stock_pipeline_dag.py
[2025-09-06T13:20:20.692+0000] {logging_mixin.py:188} INFO - [2025-09-06T13:20:20.691+0000] {dag.py:3096} INFO - Sync 1 DAGs
[2025-09-06T13:20:20.777+0000] {logging_mixin.py:188} INFO - [2025-09-06T13:20:20.777+0000] {dag.py:3954} INFO - Setting next_dagrun for stock_fetch_dag to 2025-09-06 12:00:00+00:00, run_after=2025-09-06 13:00:00+00:00
[2025-09-06T13:20:20.848+0000] {processor.py:183} INFO - Processing /opt/airflow/dags/stock_pipeline_dag.py took 0.424 seconds
[2025-09-06T13:20:51.085+0000] {processor.py:161} INFO - Started process (PID=369) to work on /opt/airflow/dags/stock_pipeline_dag.py
[2025-09-06T13:20:51.089+0000] {processor.py:830} INFO - Processing file /opt/airflow/dags/stock_pipeline_dag.py for tasks to queue
[2025-09-06T13:20:51.097+0000] {logging_mixin.py:188} INFO - [2025-09-06T13:20:51.096+0000] {dagbag.py:545} INFO - Filling up the DagBag from /opt/airflow/dags/stock_pipeline_dag.py
[2025-09-06T13:20:51.234+0000] {processor.py:840} INFO - DAG(s) 'stock_fetch_dag' retrieved from /opt/airflow/dags/stock_pipeline_dag.py
[2025-09-06T13:20:51.352+0000] {logging_mixin.py:188} INFO - [2025-09-06T13:20:51.351+0000] {dag.py:3096} INFO - Sync 1 DAGs
[2025-09-06T13:20:51.460+0000] {logging_mixin.py:188} INFO - [2025-09-06T13:20:51.459+0000] {dag.py:3954} INFO - Setting next_dagrun for stock_fetch_dag to 2025-09-06 12:00:00+00:00, run_after=2025-09-06 13:00:00+00:00
[2025-09-06T13:20:51.543+0000] {processor.py:183} INFO - Processing /opt/airflow/dags/stock_pipeline_dag.py took 0.484 seconds
[2025-09-06T13:21:21.824+0000] {processor.py:161} INFO - Started process (PID=374) to work on /opt/airflow/dags/stock_pipeline_dag.py
[2025-09-06T13:21:21.828+0000] {processor.py:830} INFO - Processing file /opt/airflow/dags/stock_pipeline_dag.py for tasks to queue
[2025-09-06T13:21:21.836+0000] {logging_mixin.py:188} INFO - [2025-09-06T13:21:21.835+0000] {dagbag.py:545} INFO - Filling up the DagBag from /opt/airflow/dags/stock_pipeline_dag.py
[2025-09-06T13:21:21.969+0000] {processor.py:840} INFO - DAG(s) 'stock_fetch_dag' retrieved from /opt/airflow/dags/stock_pipeline_dag.py
[2025-09-06T13:21:22.069+0000] {logging_mixin.py:188} INFO - [2025-09-06T13:21:22.069+0000] {dag.py:3096} INFO - Sync 1 DAGs
[2025-09-06T13:21:22.108+0000] {logging_mixin.py:188} INFO - [2025-09-06T13:21:22.107+0000] {dag.py:3954} INFO - Setting next_dagrun for stock_fetch_dag to 2025-09-06 12:00:00+00:00, run_after=2025-09-06 13:00:00+00:00
[2025-09-06T13:21:22.154+0000] {processor.py:183} INFO - Processing /opt/airflow/dags/stock_pipeline_dag.py took 0.355 seconds
[2025-09-06T13:21:52.540+0000] {processor.py:161} INFO - Started process (PID=379) to work on /opt/airflow/dags/stock_pipeline_dag.py
[2025-09-06T13:21:52.547+0000] {processor.py:830} INFO - Processing file /opt/airflow/dags/stock_pipeline_dag.py for tasks to queue
[2025-09-06T13:21:52.555+0000] {logging_mixin.py:188} INFO - [2025-09-06T13:21:52.554+0000] {dagbag.py:545} INFO - Filling up the DagBag from /opt/airflow/dags/stock_pipeline_dag.py
[2025-09-06T13:21:52.700+0000] {processor.py:840} INFO - DAG(s) 'stock_fetch_dag' retrieved from /opt/airflow/dags/stock_pipeline_dag.py
[2025-09-06T13:21:52.797+0000] {logging_mixin.py:188} INFO - [2025-09-06T13:21:52.797+0000] {dag.py:3096} INFO - Sync 1 DAGs
[2025-09-06T13:21:52.853+0000] {logging_mixin.py:188} INFO - [2025-09-06T13:21:52.852+0000] {dag.py:3954} INFO - Setting next_dagrun for stock_fetch_dag to 2025-09-06 12:00:00+00:00, run_after=2025-09-06 13:00:00+00:00
[2025-09-06T13:21:52.903+0000] {processor.py:183} INFO - Processing /opt/airflow/dags/stock_pipeline_dag.py took 0.393 seconds
[2025-09-06T13:24:31.437+0000] {processor.py:161} INFO - Started process (PID=384) to work on /opt/airflow/dags/stock_pipeline_dag.py
[2025-09-06T13:24:31.441+0000] {processor.py:830} INFO - Processing file /opt/airflow/dags/stock_pipeline_dag.py for tasks to queue
[2025-09-06T13:24:31.450+0000] {logging_mixin.py:188} INFO - [2025-09-06T13:24:31.449+0000] {dagbag.py:545} INFO - Filling up the DagBag from /opt/airflow/dags/stock_pipeline_dag.py
[2025-09-06T13:24:31.622+0000] {processor.py:840} INFO - DAG(s) 'stock_fetch_dag' retrieved from /opt/airflow/dags/stock_pipeline_dag.py
[2025-09-06T13:24:31.751+0000] {logging_mixin.py:188} INFO - [2025-09-06T13:24:31.750+0000] {dag.py:3096} INFO - Sync 1 DAGs
[2025-09-06T13:24:31.865+0000] {logging_mixin.py:188} INFO - [2025-09-06T13:24:31.864+0000] {dag.py:3954} INFO - Setting next_dagrun for stock_fetch_dag to 2025-09-06 12:00:00+00:00, run_after=2025-09-06 13:00:00+00:00
[2025-09-06T13:24:31.957+0000] {processor.py:183} INFO - Processing /opt/airflow/dags/stock_pipeline_dag.py took 0.546 seconds
[2025-09-06T13:25:02.812+0000] {processor.py:161} INFO - Started process (PID=389) to work on /opt/airflow/dags/stock_pipeline_dag.py
[2025-09-06T13:25:02.817+0000] {processor.py:830} INFO - Processing file /opt/airflow/dags/stock_pipeline_dag.py for tasks to queue
[2025-09-06T13:25:02.826+0000] {logging_mixin.py:188} INFO - [2025-09-06T13:25:02.825+0000] {dagbag.py:545} INFO - Filling up the DagBag from /opt/airflow/dags/stock_pipeline_dag.py
[2025-09-06T13:25:02.966+0000] {processor.py:840} INFO - DAG(s) 'stock_fetch_dag' retrieved from /opt/airflow/dags/stock_pipeline_dag.py
[2025-09-06T13:25:03.096+0000] {logging_mixin.py:188} INFO - [2025-09-06T13:25:03.095+0000] {dag.py:3096} INFO - Sync 1 DAGs
[2025-09-06T13:25:03.209+0000] {logging_mixin.py:188} INFO - [2025-09-06T13:25:03.208+0000] {dag.py:3954} INFO - Setting next_dagrun for stock_fetch_dag to 2025-09-06 12:00:00+00:00, run_after=2025-09-06 13:00:00+00:00
[2025-09-06T13:25:03.303+0000] {processor.py:183} INFO - Processing /opt/airflow/dags/stock_pipeline_dag.py took 0.525 seconds
[2025-09-06T13:25:33.976+0000] {processor.py:161} INFO - Started process (PID=394) to work on /opt/airflow/dags/stock_pipeline_dag.py
[2025-09-06T13:25:33.981+0000] {processor.py:830} INFO - Processing file /opt/airflow/dags/stock_pipeline_dag.py for tasks to queue
[2025-09-06T13:25:33.988+0000] {logging_mixin.py:188} INFO - [2025-09-06T13:25:33.987+0000] {dagbag.py:545} INFO - Filling up the DagBag from /opt/airflow/dags/stock_pipeline_dag.py
[2025-09-06T13:25:34.159+0000] {processor.py:840} INFO - DAG(s) 'stock_fetch_dag' retrieved from /opt/airflow/dags/stock_pipeline_dag.py
[2025-09-06T13:25:34.295+0000] {logging_mixin.py:188} INFO - [2025-09-06T13:25:34.294+0000] {dag.py:3096} INFO - Sync 1 DAGs
[2025-09-06T13:25:34.402+0000] {logging_mixin.py:188} INFO - [2025-09-06T13:25:34.401+0000] {dag.py:3954} INFO - Setting next_dagrun for stock_fetch_dag to 2025-09-06 12:00:00+00:00, run_after=2025-09-06 13:00:00+00:00
[2025-09-06T13:25:34.490+0000] {processor.py:183} INFO - Processing /opt/airflow/dags/stock_pipeline_dag.py took 0.541 seconds
[2025-09-06T13:26:04.927+0000] {processor.py:161} INFO - Started process (PID=399) to work on /opt/airflow/dags/stock_pipeline_dag.py
[2025-09-06T13:26:04.932+0000] {processor.py:830} INFO - Processing file /opt/airflow/dags/stock_pipeline_dag.py for tasks to queue
[2025-09-06T13:26:04.943+0000] {logging_mixin.py:188} INFO - [2025-09-06T13:26:04.941+0000] {dagbag.py:545} INFO - Filling up the DagBag from /opt/airflow/dags/stock_pipeline_dag.py
[2025-09-06T13:26:05.103+0000] {processor.py:840} INFO - DAG(s) 'stock_fetch_dag' retrieved from /opt/airflow/dags/stock_pipeline_dag.py
[2025-09-06T13:26:05.225+0000] {logging_mixin.py:188} INFO - [2025-09-06T13:26:05.225+0000] {dag.py:3096} INFO - Sync 1 DAGs
[2025-09-06T13:26:05.283+0000] {logging_mixin.py:188} INFO - [2025-09-06T13:26:05.283+0000] {dag.py:3954} INFO - Setting next_dagrun for stock_fetch_dag to 2025-09-06 12:00:00+00:00, run_after=2025-09-06 13:00:00+00:00
[2025-09-06T13:26:05.343+0000] {processor.py:183} INFO - Processing /opt/airflow/dags/stock_pipeline_dag.py took 0.450 seconds
[2025-09-06T13:26:35.654+0000] {processor.py:161} INFO - Started process (PID=404) to work on /opt/airflow/dags/stock_pipeline_dag.py
[2025-09-06T13:26:35.657+0000] {processor.py:830} INFO - Processing file /opt/airflow/dags/stock_pipeline_dag.py for tasks to queue
[2025-09-06T13:26:35.662+0000] {logging_mixin.py:188} INFO - [2025-09-06T13:26:35.661+0000] {dagbag.py:545} INFO - Filling up the DagBag from /opt/airflow/dags/stock_pipeline_dag.py
[2025-09-06T13:26:35.796+0000] {processor.py:840} INFO - DAG(s) 'stock_fetch_dag' retrieved from /opt/airflow/dags/stock_pipeline_dag.py
[2025-09-06T13:26:35.923+0000] {logging_mixin.py:188} INFO - [2025-09-06T13:26:35.922+0000] {dag.py:3096} INFO - Sync 1 DAGs
[2025-09-06T13:26:36.036+0000] {logging_mixin.py:188} INFO - [2025-09-06T13:26:36.035+0000] {dag.py:3954} INFO - Setting next_dagrun for stock_fetch_dag to 2025-09-06 12:00:00+00:00, run_after=2025-09-06 13:00:00+00:00
[2025-09-06T13:26:36.133+0000] {processor.py:183} INFO - Processing /opt/airflow/dags/stock_pipeline_dag.py took 0.494 seconds
[2025-09-06T13:27:06.421+0000] {processor.py:161} INFO - Started process (PID=409) to work on /opt/airflow/dags/stock_pipeline_dag.py
[2025-09-06T13:27:06.425+0000] {processor.py:830} INFO - Processing file /opt/airflow/dags/stock_pipeline_dag.py for tasks to queue
[2025-09-06T13:27:06.433+0000] {logging_mixin.py:188} INFO - [2025-09-06T13:27:06.432+0000] {dagbag.py:545} INFO - Filling up the DagBag from /opt/airflow/dags/stock_pipeline_dag.py
[2025-09-06T13:27:06.598+0000] {processor.py:840} INFO - DAG(s) 'stock_fetch_dag' retrieved from /opt/airflow/dags/stock_pipeline_dag.py
[2025-09-06T13:27:06.723+0000] {logging_mixin.py:188} INFO - [2025-09-06T13:27:06.722+0000] {dag.py:3096} INFO - Sync 1 DAGs
[2025-09-06T13:27:06.804+0000] {logging_mixin.py:188} INFO - [2025-09-06T13:27:06.803+0000] {dag.py:3954} INFO - Setting next_dagrun for stock_fetch_dag to 2025-09-06 12:00:00+00:00, run_after=2025-09-06 13:00:00+00:00
[2025-09-06T13:27:06.863+0000] {processor.py:183} INFO - Processing /opt/airflow/dags/stock_pipeline_dag.py took 0.468 seconds
[2025-09-06T13:27:37.280+0000] {processor.py:161} INFO - Started process (PID=414) to work on /opt/airflow/dags/stock_pipeline_dag.py
[2025-09-06T13:27:37.285+0000] {processor.py:830} INFO - Processing file /opt/airflow/dags/stock_pipeline_dag.py for tasks to queue
[2025-09-06T13:27:37.292+0000] {logging_mixin.py:188} INFO - [2025-09-06T13:27:37.291+0000] {dagbag.py:545} INFO - Filling up the DagBag from /opt/airflow/dags/stock_pipeline_dag.py
[2025-09-06T13:27:37.434+0000] {processor.py:840} INFO - DAG(s) 'stock_fetch_dag' retrieved from /opt/airflow/dags/stock_pipeline_dag.py
[2025-09-06T13:27:37.546+0000] {logging_mixin.py:188} INFO - [2025-09-06T13:27:37.545+0000] {dag.py:3096} INFO - Sync 1 DAGs
[2025-09-06T13:27:37.646+0000] {logging_mixin.py:188} INFO - [2025-09-06T13:27:37.646+0000] {dag.py:3954} INFO - Setting next_dagrun for stock_fetch_dag to 2025-09-06 12:00:00+00:00, run_after=2025-09-06 13:00:00+00:00
[2025-09-06T13:27:37.704+0000] {processor.py:183} INFO - Processing /opt/airflow/dags/stock_pipeline_dag.py took 0.449 seconds
[2025-09-06T13:28:07.937+0000] {processor.py:161} INFO - Started process (PID=419) to work on /opt/airflow/dags/stock_pipeline_dag.py
[2025-09-06T13:28:07.942+0000] {processor.py:830} INFO - Processing file /opt/airflow/dags/stock_pipeline_dag.py for tasks to queue
[2025-09-06T13:28:07.950+0000] {logging_mixin.py:188} INFO - [2025-09-06T13:28:07.949+0000] {dagbag.py:545} INFO - Filling up the DagBag from /opt/airflow/dags/stock_pipeline_dag.py
[2025-09-06T13:28:08.112+0000] {processor.py:840} INFO - DAG(s) 'stock_fetch_dag' retrieved from /opt/airflow/dags/stock_pipeline_dag.py
[2025-09-06T13:28:08.213+0000] {logging_mixin.py:188} INFO - [2025-09-06T13:28:08.213+0000] {dag.py:3096} INFO - Sync 1 DAGs
[2025-09-06T13:28:08.269+0000] {logging_mixin.py:188} INFO - [2025-09-06T13:28:08.269+0000] {dag.py:3954} INFO - Setting next_dagrun for stock_fetch_dag to 2025-09-06 12:00:00+00:00, run_after=2025-09-06 13:00:00+00:00
[2025-09-06T13:28:08.321+0000] {processor.py:183} INFO - Processing /opt/airflow/dags/stock_pipeline_dag.py took 0.411 seconds
[2025-09-06T13:28:38.742+0000] {processor.py:161} INFO - Started process (PID=424) to work on /opt/airflow/dags/stock_pipeline_dag.py
[2025-09-06T13:28:38.745+0000] {processor.py:830} INFO - Processing file /opt/airflow/dags/stock_pipeline_dag.py for tasks to queue
[2025-09-06T13:28:38.751+0000] {logging_mixin.py:188} INFO - [2025-09-06T13:28:38.750+0000] {dagbag.py:545} INFO - Filling up the DagBag from /opt/airflow/dags/stock_pipeline_dag.py
[2025-09-06T13:28:38.847+0000] {processor.py:840} INFO - DAG(s) 'stock_fetch_dag' retrieved from /opt/airflow/dags/stock_pipeline_dag.py
[2025-09-06T13:28:38.921+0000] {logging_mixin.py:188} INFO - [2025-09-06T13:28:38.921+0000] {dag.py:3096} INFO - Sync 1 DAGs
[2025-09-06T13:28:38.982+0000] {logging_mixin.py:188} INFO - [2025-09-06T13:28:38.982+0000] {dag.py:3954} INFO - Setting next_dagrun for stock_fetch_dag to 2025-09-06 12:00:00+00:00, run_after=2025-09-06 13:00:00+00:00
[2025-09-06T13:28:39.037+0000] {processor.py:183} INFO - Processing /opt/airflow/dags/stock_pipeline_dag.py took 0.312 seconds
[2025-09-06T13:29:09.428+0000] {processor.py:161} INFO - Started process (PID=429) to work on /opt/airflow/dags/stock_pipeline_dag.py
[2025-09-06T13:29:09.433+0000] {processor.py:830} INFO - Processing file /opt/airflow/dags/stock_pipeline_dag.py for tasks to queue
[2025-09-06T13:29:09.441+0000] {logging_mixin.py:188} INFO - [2025-09-06T13:29:09.439+0000] {dagbag.py:545} INFO - Filling up the DagBag from /opt/airflow/dags/stock_pipeline_dag.py
[2025-09-06T13:29:09.603+0000] {processor.py:840} INFO - DAG(s) 'stock_fetch_dag' retrieved from /opt/airflow/dags/stock_pipeline_dag.py
[2025-09-06T13:29:09.681+0000] {logging_mixin.py:188} INFO - [2025-09-06T13:29:09.680+0000] {dag.py:3096} INFO - Sync 1 DAGs
[2025-09-06T13:29:09.740+0000] {logging_mixin.py:188} INFO - [2025-09-06T13:29:09.739+0000] {dag.py:3954} INFO - Setting next_dagrun for stock_fetch_dag to 2025-09-06 12:00:00+00:00, run_after=2025-09-06 13:00:00+00:00
[2025-09-06T13:29:09.787+0000] {processor.py:183} INFO - Processing /opt/airflow/dags/stock_pipeline_dag.py took 0.384 seconds
[2025-09-06T13:29:40.139+0000] {processor.py:161} INFO - Started process (PID=434) to work on /opt/airflow/dags/stock_pipeline_dag.py
[2025-09-06T13:29:40.143+0000] {processor.py:830} INFO - Processing file /opt/airflow/dags/stock_pipeline_dag.py for tasks to queue
[2025-09-06T13:29:40.155+0000] {logging_mixin.py:188} INFO - [2025-09-06T13:29:40.153+0000] {dagbag.py:545} INFO - Filling up the DagBag from /opt/airflow/dags/stock_pipeline_dag.py
[2025-09-06T13:29:40.321+0000] {processor.py:840} INFO - DAG(s) 'stock_fetch_dag' retrieved from /opt/airflow/dags/stock_pipeline_dag.py
[2025-09-06T13:29:40.466+0000] {logging_mixin.py:188} INFO - [2025-09-06T13:29:40.465+0000] {dag.py:3096} INFO - Sync 1 DAGs
[2025-09-06T13:29:40.601+0000] {logging_mixin.py:188} INFO - [2025-09-06T13:29:40.600+0000] {dag.py:3954} INFO - Setting next_dagrun for stock_fetch_dag to 2025-09-06 12:00:00+00:00, run_after=2025-09-06 13:00:00+00:00
[2025-09-06T13:29:40.708+0000] {processor.py:183} INFO - Processing /opt/airflow/dags/stock_pipeline_dag.py took 0.608 seconds
[2025-09-06T13:30:11.109+0000] {processor.py:161} INFO - Started process (PID=439) to work on /opt/airflow/dags/stock_pipeline_dag.py
[2025-09-06T13:30:11.114+0000] {processor.py:830} INFO - Processing file /opt/airflow/dags/stock_pipeline_dag.py for tasks to queue
[2025-09-06T13:30:11.125+0000] {logging_mixin.py:188} INFO - [2025-09-06T13:30:11.124+0000] {dagbag.py:545} INFO - Filling up the DagBag from /opt/airflow/dags/stock_pipeline_dag.py
[2025-09-06T13:30:11.275+0000] {processor.py:840} INFO - DAG(s) 'stock_fetch_dag' retrieved from /opt/airflow/dags/stock_pipeline_dag.py
[2025-09-06T13:30:11.409+0000] {logging_mixin.py:188} INFO - [2025-09-06T13:30:11.408+0000] {dag.py:3096} INFO - Sync 1 DAGs
[2025-09-06T13:30:11.547+0000] {logging_mixin.py:188} INFO - [2025-09-06T13:30:11.546+0000] {dag.py:3954} INFO - Setting next_dagrun for stock_fetch_dag to 2025-09-06 12:00:00+00:00, run_after=2025-09-06 13:00:00+00:00
[2025-09-06T13:30:11.644+0000] {processor.py:183} INFO - Processing /opt/airflow/dags/stock_pipeline_dag.py took 0.567 seconds
[2025-09-06T13:30:41.891+0000] {processor.py:161} INFO - Started process (PID=444) to work on /opt/airflow/dags/stock_pipeline_dag.py
[2025-09-06T13:30:41.895+0000] {processor.py:830} INFO - Processing file /opt/airflow/dags/stock_pipeline_dag.py for tasks to queue
[2025-09-06T13:30:41.903+0000] {logging_mixin.py:188} INFO - [2025-09-06T13:30:41.901+0000] {dagbag.py:545} INFO - Filling up the DagBag from /opt/airflow/dags/stock_pipeline_dag.py
[2025-09-06T13:30:42.042+0000] {processor.py:840} INFO - DAG(s) 'stock_fetch_dag' retrieved from /opt/airflow/dags/stock_pipeline_dag.py
[2025-09-06T13:30:42.169+0000] {logging_mixin.py:188} INFO - [2025-09-06T13:30:42.168+0000] {dag.py:3096} INFO - Sync 1 DAGs
[2025-09-06T13:30:42.268+0000] {logging_mixin.py:188} INFO - [2025-09-06T13:30:42.267+0000] {dag.py:3954} INFO - Setting next_dagrun for stock_fetch_dag to 2025-09-06 12:00:00+00:00, run_after=2025-09-06 13:00:00+00:00
[2025-09-06T13:30:42.355+0000] {processor.py:183} INFO - Processing /opt/airflow/dags/stock_pipeline_dag.py took 0.493 seconds
[2025-09-06T13:31:12.738+0000] {processor.py:161} INFO - Started process (PID=449) to work on /opt/airflow/dags/stock_pipeline_dag.py
[2025-09-06T13:31:12.742+0000] {processor.py:830} INFO - Processing file /opt/airflow/dags/stock_pipeline_dag.py for tasks to queue
[2025-09-06T13:31:12.750+0000] {logging_mixin.py:188} INFO - [2025-09-06T13:31:12.749+0000] {dagbag.py:545} INFO - Filling up the DagBag from /opt/airflow/dags/stock_pipeline_dag.py
[2025-09-06T13:31:12.909+0000] {processor.py:840} INFO - DAG(s) 'stock_fetch_dag' retrieved from /opt/airflow/dags/stock_pipeline_dag.py
[2025-09-06T13:31:13.032+0000] {logging_mixin.py:188} INFO - [2025-09-06T13:31:13.031+0000] {dag.py:3096} INFO - Sync 1 DAGs
[2025-09-06T13:31:13.130+0000] {logging_mixin.py:188} INFO - [2025-09-06T13:31:13.129+0000] {dag.py:3954} INFO - Setting next_dagrun for stock_fetch_dag to 2025-09-06 12:00:00+00:00, run_after=2025-09-06 13:00:00+00:00
[2025-09-06T13:31:13.190+0000] {processor.py:183} INFO - Processing /opt/airflow/dags/stock_pipeline_dag.py took 0.481 seconds
[2025-09-06T13:31:43.474+0000] {processor.py:161} INFO - Started process (PID=454) to work on /opt/airflow/dags/stock_pipeline_dag.py
[2025-09-06T13:31:43.480+0000] {processor.py:830} INFO - Processing file /opt/airflow/dags/stock_pipeline_dag.py for tasks to queue
[2025-09-06T13:31:43.490+0000] {logging_mixin.py:188} INFO - [2025-09-06T13:31:43.488+0000] {dagbag.py:545} INFO - Filling up the DagBag from /opt/airflow/dags/stock_pipeline_dag.py
[2025-09-06T13:31:43.648+0000] {processor.py:840} INFO - DAG(s) 'stock_fetch_dag' retrieved from /opt/airflow/dags/stock_pipeline_dag.py
[2025-09-06T13:31:43.716+0000] {logging_mixin.py:188} INFO - [2025-09-06T13:31:43.715+0000] {dag.py:3096} INFO - Sync 1 DAGs
[2025-09-06T13:31:43.779+0000] {logging_mixin.py:188} INFO - [2025-09-06T13:31:43.778+0000] {dag.py:3954} INFO - Setting next_dagrun for stock_fetch_dag to 2025-09-06 12:00:00+00:00, run_after=2025-09-06 13:00:00+00:00
[2025-09-06T13:31:43.835+0000] {processor.py:183} INFO - Processing /opt/airflow/dags/stock_pipeline_dag.py took 0.403 seconds
[2025-09-06T13:32:14.303+0000] {processor.py:161} INFO - Started process (PID=459) to work on /opt/airflow/dags/stock_pipeline_dag.py
[2025-09-06T13:32:14.307+0000] {processor.py:830} INFO - Processing file /opt/airflow/dags/stock_pipeline_dag.py for tasks to queue
[2025-09-06T13:32:14.312+0000] {logging_mixin.py:188} INFO - [2025-09-06T13:32:14.311+0000] {dagbag.py:545} INFO - Filling up the DagBag from /opt/airflow/dags/stock_pipeline_dag.py
[2025-09-06T13:32:14.383+0000] {processor.py:840} INFO - DAG(s) 'stock_fetch_dag' retrieved from /opt/airflow/dags/stock_pipeline_dag.py
[2025-09-06T13:32:14.459+0000] {logging_mixin.py:188} INFO - [2025-09-06T13:32:14.458+0000] {dag.py:3096} INFO - Sync 1 DAGs
[2025-09-06T13:32:14.583+0000] {logging_mixin.py:188} INFO - [2025-09-06T13:32:14.581+0000] {dag.py:3954} INFO - Setting next_dagrun for stock_fetch_dag to 2025-09-06 12:00:00+00:00, run_after=2025-09-06 13:00:00+00:00
[2025-09-06T13:32:14.682+0000] {processor.py:183} INFO - Processing /opt/airflow/dags/stock_pipeline_dag.py took 0.407 seconds
[2025-09-06T13:32:44.897+0000] {processor.py:161} INFO - Started process (PID=464) to work on /opt/airflow/dags/stock_pipeline_dag.py
[2025-09-06T13:32:44.901+0000] {processor.py:830} INFO - Processing file /opt/airflow/dags/stock_pipeline_dag.py for tasks to queue
[2025-09-06T13:32:44.910+0000] {logging_mixin.py:188} INFO - [2025-09-06T13:32:44.908+0000] {dagbag.py:545} INFO - Filling up the DagBag from /opt/airflow/dags/stock_pipeline_dag.py
[2025-09-06T13:32:45.068+0000] {processor.py:840} INFO - DAG(s) 'stock_fetch_dag' retrieved from /opt/airflow/dags/stock_pipeline_dag.py
[2025-09-06T13:32:45.180+0000] {logging_mixin.py:188} INFO - [2025-09-06T13:32:45.180+0000] {dag.py:3096} INFO - Sync 1 DAGs
[2025-09-06T13:32:45.246+0000] {logging_mixin.py:188} INFO - [2025-09-06T13:32:45.245+0000] {dag.py:3954} INFO - Setting next_dagrun for stock_fetch_dag to 2025-09-06 12:00:00+00:00, run_after=2025-09-06 13:00:00+00:00
[2025-09-06T13:32:45.300+0000] {processor.py:183} INFO - Processing /opt/airflow/dags/stock_pipeline_dag.py took 0.432 seconds
[2025-09-06T13:33:15.762+0000] {processor.py:161} INFO - Started process (PID=469) to work on /opt/airflow/dags/stock_pipeline_dag.py
[2025-09-06T13:33:15.767+0000] {processor.py:830} INFO - Processing file /opt/airflow/dags/stock_pipeline_dag.py for tasks to queue
[2025-09-06T13:33:15.776+0000] {logging_mixin.py:188} INFO - [2025-09-06T13:33:15.774+0000] {dagbag.py:545} INFO - Filling up the DagBag from /opt/airflow/dags/stock_pipeline_dag.py
[2025-09-06T13:33:15.920+0000] {processor.py:840} INFO - DAG(s) 'stock_fetch_dag' retrieved from /opt/airflow/dags/stock_pipeline_dag.py
[2025-09-06T13:33:16.025+0000] {logging_mixin.py:188} INFO - [2025-09-06T13:33:16.024+0000] {dag.py:3096} INFO - Sync 1 DAGs
[2025-09-06T13:33:16.127+0000] {logging_mixin.py:188} INFO - [2025-09-06T13:33:16.126+0000] {dag.py:3954} INFO - Setting next_dagrun for stock_fetch_dag to 2025-09-06 12:00:00+00:00, run_after=2025-09-06 13:00:00+00:00
[2025-09-06T13:33:16.180+0000] {processor.py:183} INFO - Processing /opt/airflow/dags/stock_pipeline_dag.py took 0.454 seconds
[2025-09-06T13:33:46.803+0000] {processor.py:161} INFO - Started process (PID=474) to work on /opt/airflow/dags/stock_pipeline_dag.py
[2025-09-06T13:33:46.808+0000] {processor.py:830} INFO - Processing file /opt/airflow/dags/stock_pipeline_dag.py for tasks to queue
[2025-09-06T13:33:46.816+0000] {logging_mixin.py:188} INFO - [2025-09-06T13:33:46.815+0000] {dagbag.py:545} INFO - Filling up the DagBag from /opt/airflow/dags/stock_pipeline_dag.py
[2025-09-06T13:33:46.979+0000] {processor.py:840} INFO - DAG(s) 'stock_fetch_dag' retrieved from /opt/airflow/dags/stock_pipeline_dag.py
[2025-09-06T13:33:47.096+0000] {logging_mixin.py:188} INFO - [2025-09-06T13:33:47.095+0000] {dag.py:3096} INFO - Sync 1 DAGs
[2025-09-06T13:33:47.197+0000] {logging_mixin.py:188} INFO - [2025-09-06T13:33:47.196+0000] {dag.py:3954} INFO - Setting next_dagrun for stock_fetch_dag to 2025-09-06 12:00:00+00:00, run_after=2025-09-06 13:00:00+00:00
[2025-09-06T13:33:47.284+0000] {processor.py:183} INFO - Processing /opt/airflow/dags/stock_pipeline_dag.py took 0.509 seconds
[2025-09-06T13:34:17.760+0000] {processor.py:161} INFO - Started process (PID=479) to work on /opt/airflow/dags/stock_pipeline_dag.py
[2025-09-06T13:34:17.763+0000] {processor.py:830} INFO - Processing file /opt/airflow/dags/stock_pipeline_dag.py for tasks to queue
[2025-09-06T13:34:17.771+0000] {logging_mixin.py:188} INFO - [2025-09-06T13:34:17.770+0000] {dagbag.py:545} INFO - Filling up the DagBag from /opt/airflow/dags/stock_pipeline_dag.py
[2025-09-06T13:34:17.929+0000] {processor.py:840} INFO - DAG(s) 'stock_fetch_dag' retrieved from /opt/airflow/dags/stock_pipeline_dag.py
[2025-09-06T13:34:18.008+0000] {logging_mixin.py:188} INFO - [2025-09-06T13:34:18.008+0000] {dag.py:3096} INFO - Sync 1 DAGs
[2025-09-06T13:34:18.057+0000] {logging_mixin.py:188} INFO - [2025-09-06T13:34:18.056+0000] {dag.py:3954} INFO - Setting next_dagrun for stock_fetch_dag to 2025-09-06 12:00:00+00:00, run_after=2025-09-06 13:00:00+00:00
[2025-09-06T13:34:18.109+0000] {processor.py:183} INFO - Processing /opt/airflow/dags/stock_pipeline_dag.py took 0.376 seconds
[2025-09-06T13:34:48.216+0000] {processor.py:161} INFO - Started process (PID=484) to work on /opt/airflow/dags/stock_pipeline_dag.py
[2025-09-06T13:34:48.219+0000] {processor.py:830} INFO - Processing file /opt/airflow/dags/stock_pipeline_dag.py for tasks to queue
[2025-09-06T13:34:48.223+0000] {logging_mixin.py:188} INFO - [2025-09-06T13:34:48.223+0000] {dagbag.py:545} INFO - Filling up the DagBag from /opt/airflow/dags/stock_pipeline_dag.py
[2025-09-06T13:34:48.306+0000] {processor.py:840} INFO - DAG(s) 'stock_fetch_dag' retrieved from /opt/airflow/dags/stock_pipeline_dag.py
[2025-09-06T13:34:48.374+0000] {logging_mixin.py:188} INFO - [2025-09-06T13:34:48.373+0000] {dag.py:3096} INFO - Sync 1 DAGs
[2025-09-06T13:34:48.438+0000] {logging_mixin.py:188} INFO - [2025-09-06T13:34:48.438+0000] {dag.py:3954} INFO - Setting next_dagrun for stock_fetch_dag to 2025-09-06 12:00:00+00:00, run_after=2025-09-06 13:00:00+00:00
[2025-09-06T13:34:48.507+0000] {processor.py:183} INFO - Processing /opt/airflow/dags/stock_pipeline_dag.py took 0.306 seconds
[2025-09-06T13:35:18.788+0000] {processor.py:161} INFO - Started process (PID=489) to work on /opt/airflow/dags/stock_pipeline_dag.py
[2025-09-06T13:35:18.792+0000] {processor.py:830} INFO - Processing file /opt/airflow/dags/stock_pipeline_dag.py for tasks to queue
[2025-09-06T13:35:18.800+0000] {logging_mixin.py:188} INFO - [2025-09-06T13:35:18.799+0000] {dagbag.py:545} INFO - Filling up the DagBag from /opt/airflow/dags/stock_pipeline_dag.py
[2025-09-06T13:35:18.957+0000] {processor.py:840} INFO - DAG(s) 'stock_fetch_dag' retrieved from /opt/airflow/dags/stock_pipeline_dag.py
[2025-09-06T13:35:19.078+0000] {logging_mixin.py:188} INFO - [2025-09-06T13:35:19.077+0000] {dag.py:3096} INFO - Sync 1 DAGs
[2025-09-06T13:35:19.178+0000] {logging_mixin.py:188} INFO - [2025-09-06T13:35:19.177+0000] {dag.py:3954} INFO - Setting next_dagrun for stock_fetch_dag to 2025-09-06 12:00:00+00:00, run_after=2025-09-06 13:00:00+00:00
[2025-09-06T13:35:19.265+0000] {processor.py:183} INFO - Processing /opt/airflow/dags/stock_pipeline_dag.py took 0.506 seconds
[2025-09-06T13:35:49.776+0000] {processor.py:161} INFO - Started process (PID=494) to work on /opt/airflow/dags/stock_pipeline_dag.py
[2025-09-06T13:35:49.778+0000] {processor.py:830} INFO - Processing file /opt/airflow/dags/stock_pipeline_dag.py for tasks to queue
[2025-09-06T13:35:49.782+0000] {logging_mixin.py:188} INFO - [2025-09-06T13:35:49.782+0000] {dagbag.py:545} INFO - Filling up the DagBag from /opt/airflow/dags/stock_pipeline_dag.py
[2025-09-06T13:35:49.865+0000] {processor.py:840} INFO - DAG(s) 'stock_fetch_dag' retrieved from /opt/airflow/dags/stock_pipeline_dag.py
[2025-09-06T13:35:49.968+0000] {logging_mixin.py:188} INFO - [2025-09-06T13:35:49.968+0000] {dag.py:3096} INFO - Sync 1 DAGs
[2025-09-06T13:35:50.054+0000] {logging_mixin.py:188} INFO - [2025-09-06T13:35:50.053+0000] {dag.py:3954} INFO - Setting next_dagrun for stock_fetch_dag to 2025-09-06 12:00:00+00:00, run_after=2025-09-06 13:00:00+00:00
[2025-09-06T13:35:50.145+0000] {processor.py:183} INFO - Processing /opt/airflow/dags/stock_pipeline_dag.py took 0.390 seconds
[2025-09-06T13:36:20.380+0000] {processor.py:161} INFO - Started process (PID=499) to work on /opt/airflow/dags/stock_pipeline_dag.py
[2025-09-06T13:36:20.382+0000] {processor.py:830} INFO - Processing file /opt/airflow/dags/stock_pipeline_dag.py for tasks to queue
[2025-09-06T13:36:20.385+0000] {logging_mixin.py:188} INFO - [2025-09-06T13:36:20.384+0000] {dagbag.py:545} INFO - Filling up the DagBag from /opt/airflow/dags/stock_pipeline_dag.py
[2025-09-06T13:36:20.461+0000] {processor.py:840} INFO - DAG(s) 'stock_fetch_dag' retrieved from /opt/airflow/dags/stock_pipeline_dag.py
[2025-09-06T13:36:20.551+0000] {logging_mixin.py:188} INFO - [2025-09-06T13:36:20.549+0000] {dag.py:3096} INFO - Sync 1 DAGs
[2025-09-06T13:36:20.641+0000] {logging_mixin.py:188} INFO - [2025-09-06T13:36:20.641+0000] {dag.py:3954} INFO - Setting next_dagrun for stock_fetch_dag to 2025-09-06 12:00:00+00:00, run_after=2025-09-06 13:00:00+00:00
[2025-09-06T13:36:20.723+0000] {processor.py:183} INFO - Processing /opt/airflow/dags/stock_pipeline_dag.py took 0.361 seconds
[2025-09-06T13:36:51.284+0000] {processor.py:161} INFO - Started process (PID=504) to work on /opt/airflow/dags/stock_pipeline_dag.py
[2025-09-06T13:36:51.288+0000] {processor.py:830} INFO - Processing file /opt/airflow/dags/stock_pipeline_dag.py for tasks to queue
[2025-09-06T13:36:51.296+0000] {logging_mixin.py:188} INFO - [2025-09-06T13:36:51.294+0000] {dagbag.py:545} INFO - Filling up the DagBag from /opt/airflow/dags/stock_pipeline_dag.py
[2025-09-06T13:36:51.458+0000] {processor.py:840} INFO - DAG(s) 'stock_fetch_dag' retrieved from /opt/airflow/dags/stock_pipeline_dag.py
[2025-09-06T13:36:51.586+0000] {logging_mixin.py:188} INFO - [2025-09-06T13:36:51.585+0000] {dag.py:3096} INFO - Sync 1 DAGs
[2025-09-06T13:36:51.690+0000] {logging_mixin.py:188} INFO - [2025-09-06T13:36:51.689+0000] {dag.py:3954} INFO - Setting next_dagrun for stock_fetch_dag to 2025-09-06 12:00:00+00:00, run_after=2025-09-06 13:00:00+00:00
[2025-09-06T13:36:51.781+0000] {processor.py:183} INFO - Processing /opt/airflow/dags/stock_pipeline_dag.py took 0.525 seconds
[2025-09-06T13:37:22.473+0000] {processor.py:161} INFO - Started process (PID=509) to work on /opt/airflow/dags/stock_pipeline_dag.py
[2025-09-06T13:37:22.477+0000] {processor.py:830} INFO - Processing file /opt/airflow/dags/stock_pipeline_dag.py for tasks to queue
[2025-09-06T13:37:22.485+0000] {logging_mixin.py:188} INFO - [2025-09-06T13:37:22.484+0000] {dagbag.py:545} INFO - Filling up the DagBag from /opt/airflow/dags/stock_pipeline_dag.py
[2025-09-06T13:37:22.651+0000] {processor.py:840} INFO - DAG(s) 'stock_fetch_dag' retrieved from /opt/airflow/dags/stock_pipeline_dag.py
[2025-09-06T13:37:22.770+0000] {logging_mixin.py:188} INFO - [2025-09-06T13:37:22.769+0000] {dag.py:3096} INFO - Sync 1 DAGs
[2025-09-06T13:37:22.870+0000] {logging_mixin.py:188} INFO - [2025-09-06T13:37:22.869+0000] {dag.py:3954} INFO - Setting next_dagrun for stock_fetch_dag to 2025-09-06 12:00:00+00:00, run_after=2025-09-06 13:00:00+00:00
[2025-09-06T13:37:22.960+0000] {processor.py:183} INFO - Processing /opt/airflow/dags/stock_pipeline_dag.py took 0.515 seconds
[2025-09-06T13:37:53.274+0000] {processor.py:161} INFO - Started process (PID=514) to work on /opt/airflow/dags/stock_pipeline_dag.py
[2025-09-06T13:37:53.278+0000] {processor.py:830} INFO - Processing file /opt/airflow/dags/stock_pipeline_dag.py for tasks to queue
[2025-09-06T13:37:53.287+0000] {logging_mixin.py:188} INFO - [2025-09-06T13:37:53.285+0000] {dagbag.py:545} INFO - Filling up the DagBag from /opt/airflow/dags/stock_pipeline_dag.py
[2025-09-06T13:37:53.464+0000] {processor.py:840} INFO - DAG(s) 'stock_fetch_dag' retrieved from /opt/airflow/dags/stock_pipeline_dag.py
[2025-09-06T13:37:53.586+0000] {logging_mixin.py:188} INFO - [2025-09-06T13:37:53.584+0000] {dag.py:3096} INFO - Sync 1 DAGs
[2025-09-06T13:37:53.638+0000] {logging_mixin.py:188} INFO - [2025-09-06T13:37:53.638+0000] {dag.py:3954} INFO - Setting next_dagrun for stock_fetch_dag to 2025-09-06 12:00:00+00:00, run_after=2025-09-06 13:00:00+00:00
[2025-09-06T13:37:53.693+0000] {processor.py:183} INFO - Processing /opt/airflow/dags/stock_pipeline_dag.py took 0.445 seconds
[2025-09-06T13:38:24.019+0000] {processor.py:161} INFO - Started process (PID=519) to work on /opt/airflow/dags/stock_pipeline_dag.py
[2025-09-06T13:38:24.023+0000] {processor.py:830} INFO - Processing file /opt/airflow/dags/stock_pipeline_dag.py for tasks to queue
[2025-09-06T13:38:24.031+0000] {logging_mixin.py:188} INFO - [2025-09-06T13:38:24.029+0000] {dagbag.py:545} INFO - Filling up the DagBag from /opt/airflow/dags/stock_pipeline_dag.py
[2025-09-06T13:38:24.172+0000] {processor.py:840} INFO - DAG(s) 'stock_fetch_dag' retrieved from /opt/airflow/dags/stock_pipeline_dag.py
[2025-09-06T13:38:24.272+0000] {logging_mixin.py:188} INFO - [2025-09-06T13:38:24.271+0000] {dag.py:3096} INFO - Sync 1 DAGs
[2025-09-06T13:38:24.358+0000] {logging_mixin.py:188} INFO - [2025-09-06T13:38:24.357+0000] {dag.py:3954} INFO - Setting next_dagrun for stock_fetch_dag to 2025-09-06 12:00:00+00:00, run_after=2025-09-06 13:00:00+00:00
[2025-09-06T13:38:24.439+0000] {processor.py:183} INFO - Processing /opt/airflow/dags/stock_pipeline_dag.py took 0.445 seconds
[2025-09-06T13:38:54.726+0000] {processor.py:161} INFO - Started process (PID=524) to work on /opt/airflow/dags/stock_pipeline_dag.py
[2025-09-06T13:38:54.729+0000] {processor.py:830} INFO - Processing file /opt/airflow/dags/stock_pipeline_dag.py for tasks to queue
[2025-09-06T13:38:54.736+0000] {logging_mixin.py:188} INFO - [2025-09-06T13:38:54.734+0000] {dagbag.py:545} INFO - Filling up the DagBag from /opt/airflow/dags/stock_pipeline_dag.py
[2025-09-06T13:38:54.870+0000] {processor.py:840} INFO - DAG(s) 'stock_fetch_dag' retrieved from /opt/airflow/dags/stock_pipeline_dag.py
[2025-09-06T13:38:55.027+0000] {logging_mixin.py:188} INFO - [2025-09-06T13:38:55.026+0000] {dag.py:3096} INFO - Sync 1 DAGs
[2025-09-06T13:38:55.137+0000] {logging_mixin.py:188} INFO - [2025-09-06T13:38:55.136+0000] {dag.py:3954} INFO - Setting next_dagrun for stock_fetch_dag to 2025-09-06 12:00:00+00:00, run_after=2025-09-06 13:00:00+00:00
[2025-09-06T13:38:55.231+0000] {processor.py:183} INFO - Processing /opt/airflow/dags/stock_pipeline_dag.py took 0.526 seconds
[2025-09-06T13:39:25.605+0000] {processor.py:161} INFO - Started process (PID=529) to work on /opt/airflow/dags/stock_pipeline_dag.py
[2025-09-06T13:39:25.609+0000] {processor.py:830} INFO - Processing file /opt/airflow/dags/stock_pipeline_dag.py for tasks to queue
[2025-09-06T13:39:25.615+0000] {logging_mixin.py:188} INFO - [2025-09-06T13:39:25.614+0000] {dagbag.py:545} INFO - Filling up the DagBag from /opt/airflow/dags/stock_pipeline_dag.py
[2025-09-06T13:39:25.685+0000] {processor.py:840} INFO - DAG(s) 'stock_fetch_dag' retrieved from /opt/airflow/dags/stock_pipeline_dag.py
[2025-09-06T13:39:25.743+0000] {logging_mixin.py:188} INFO - [2025-09-06T13:39:25.742+0000] {dag.py:3096} INFO - Sync 1 DAGs
[2025-09-06T13:39:25.806+0000] {logging_mixin.py:188} INFO - [2025-09-06T13:39:25.805+0000] {dag.py:3954} INFO - Setting next_dagrun for stock_fetch_dag to 2025-09-06 12:00:00+00:00, run_after=2025-09-06 13:00:00+00:00
[2025-09-06T13:39:25.910+0000] {processor.py:183} INFO - Processing /opt/airflow/dags/stock_pipeline_dag.py took 0.382 seconds
[2025-09-06T13:39:56.338+0000] {processor.py:161} INFO - Started process (PID=534) to work on /opt/airflow/dags/stock_pipeline_dag.py
[2025-09-06T13:39:56.342+0000] {processor.py:830} INFO - Processing file /opt/airflow/dags/stock_pipeline_dag.py for tasks to queue
[2025-09-06T13:39:56.350+0000] {logging_mixin.py:188} INFO - [2025-09-06T13:39:56.349+0000] {dagbag.py:545} INFO - Filling up the DagBag from /opt/airflow/dags/stock_pipeline_dag.py
[2025-09-06T13:39:56.494+0000] {processor.py:840} INFO - DAG(s) 'stock_fetch_dag' retrieved from /opt/airflow/dags/stock_pipeline_dag.py
[2025-09-06T13:39:56.611+0000] {logging_mixin.py:188} INFO - [2025-09-06T13:39:56.610+0000] {dag.py:3096} INFO - Sync 1 DAGs
[2025-09-06T13:39:56.656+0000] {logging_mixin.py:188} INFO - [2025-09-06T13:39:56.655+0000] {dag.py:3954} INFO - Setting next_dagrun for stock_fetch_dag to 2025-09-06 12:00:00+00:00, run_after=2025-09-06 13:00:00+00:00
[2025-09-06T13:39:56.695+0000] {processor.py:183} INFO - Processing /opt/airflow/dags/stock_pipeline_dag.py took 0.382 seconds
[2025-09-06T13:40:26.890+0000] {processor.py:161} INFO - Started process (PID=539) to work on /opt/airflow/dags/stock_pipeline_dag.py
[2025-09-06T13:40:26.895+0000] {processor.py:830} INFO - Processing file /opt/airflow/dags/stock_pipeline_dag.py for tasks to queue
[2025-09-06T13:40:26.906+0000] {logging_mixin.py:188} INFO - [2025-09-06T13:40:26.904+0000] {dagbag.py:545} INFO - Filling up the DagBag from /opt/airflow/dags/stock_pipeline_dag.py
[2025-09-06T13:40:27.082+0000] {processor.py:840} INFO - DAG(s) 'stock_fetch_dag' retrieved from /opt/airflow/dags/stock_pipeline_dag.py
[2025-09-06T13:40:27.223+0000] {logging_mixin.py:188} INFO - [2025-09-06T13:40:27.222+0000] {dag.py:3096} INFO - Sync 1 DAGs
[2025-09-06T13:40:27.317+0000] {logging_mixin.py:188} INFO - [2025-09-06T13:40:27.316+0000] {dag.py:3954} INFO - Setting next_dagrun for stock_fetch_dag to 2025-09-06 12:00:00+00:00, run_after=2025-09-06 13:00:00+00:00
[2025-09-06T13:40:27.399+0000] {processor.py:183} INFO - Processing /opt/airflow/dags/stock_pipeline_dag.py took 0.538 seconds
[2025-09-06T13:40:57.770+0000] {processor.py:161} INFO - Started process (PID=544) to work on /opt/airflow/dags/stock_pipeline_dag.py
[2025-09-06T13:40:57.775+0000] {processor.py:830} INFO - Processing file /opt/airflow/dags/stock_pipeline_dag.py for tasks to queue
[2025-09-06T13:40:57.786+0000] {logging_mixin.py:188} INFO - [2025-09-06T13:40:57.784+0000] {dagbag.py:545} INFO - Filling up the DagBag from /opt/airflow/dags/stock_pipeline_dag.py
[2025-09-06T13:40:57.947+0000] {processor.py:840} INFO - DAG(s) 'stock_fetch_dag' retrieved from /opt/airflow/dags/stock_pipeline_dag.py
[2025-09-06T13:40:58.038+0000] {logging_mixin.py:188} INFO - [2025-09-06T13:40:58.037+0000] {dag.py:3096} INFO - Sync 1 DAGs
[2025-09-06T13:40:58.113+0000] {logging_mixin.py:188} INFO - [2025-09-06T13:40:58.112+0000] {dag.py:3954} INFO - Setting next_dagrun for stock_fetch_dag to 2025-09-06 12:00:00+00:00, run_after=2025-09-06 13:00:00+00:00
[2025-09-06T13:40:58.178+0000] {processor.py:183} INFO - Processing /opt/airflow/dags/stock_pipeline_dag.py took 0.435 seconds
[2025-09-06T13:41:28.453+0000] {processor.py:161} INFO - Started process (PID=549) to work on /opt/airflow/dags/stock_pipeline_dag.py
[2025-09-06T13:41:28.457+0000] {processor.py:830} INFO - Processing file /opt/airflow/dags/stock_pipeline_dag.py for tasks to queue
[2025-09-06T13:41:28.466+0000] {logging_mixin.py:188} INFO - [2025-09-06T13:41:28.464+0000] {dagbag.py:545} INFO - Filling up the DagBag from /opt/airflow/dags/stock_pipeline_dag.py
[2025-09-06T13:41:28.597+0000] {processor.py:840} INFO - DAG(s) 'stock_fetch_dag' retrieved from /opt/airflow/dags/stock_pipeline_dag.py
[2025-09-06T13:41:28.718+0000] {logging_mixin.py:188} INFO - [2025-09-06T13:41:28.716+0000] {dag.py:3096} INFO - Sync 1 DAGs
[2025-09-06T13:41:28.811+0000] {logging_mixin.py:188} INFO - [2025-09-06T13:41:28.811+0000] {dag.py:3954} INFO - Setting next_dagrun for stock_fetch_dag to 2025-09-06 12:00:00+00:00, run_after=2025-09-06 13:00:00+00:00
[2025-09-06T13:41:28.901+0000] {processor.py:183} INFO - Processing /opt/airflow/dags/stock_pipeline_dag.py took 0.476 seconds
[2025-09-06T13:41:59.233+0000] {processor.py:161} INFO - Started process (PID=554) to work on /opt/airflow/dags/stock_pipeline_dag.py
[2025-09-06T13:41:59.238+0000] {processor.py:830} INFO - Processing file /opt/airflow/dags/stock_pipeline_dag.py for tasks to queue
[2025-09-06T13:41:59.248+0000] {logging_mixin.py:188} INFO - [2025-09-06T13:41:59.247+0000] {dagbag.py:545} INFO - Filling up the DagBag from /opt/airflow/dags/stock_pipeline_dag.py
[2025-09-06T13:41:59.410+0000] {processor.py:840} INFO - DAG(s) 'stock_fetch_dag' retrieved from /opt/airflow/dags/stock_pipeline_dag.py
[2025-09-06T13:41:59.527+0000] {logging_mixin.py:188} INFO - [2025-09-06T13:41:59.526+0000] {dag.py:3096} INFO - Sync 1 DAGs
[2025-09-06T13:41:59.637+0000] {logging_mixin.py:188} INFO - [2025-09-06T13:41:59.636+0000] {dag.py:3954} INFO - Setting next_dagrun for stock_fetch_dag to 2025-09-06 12:00:00+00:00, run_after=2025-09-06 13:00:00+00:00
[2025-09-06T13:41:59.730+0000] {processor.py:183} INFO - Processing /opt/airflow/dags/stock_pipeline_dag.py took 0.521 seconds
[2025-09-06T13:42:29.902+0000] {processor.py:161} INFO - Started process (PID=559) to work on /opt/airflow/dags/stock_pipeline_dag.py
[2025-09-06T13:42:29.904+0000] {processor.py:830} INFO - Processing file /opt/airflow/dags/stock_pipeline_dag.py for tasks to queue
[2025-09-06T13:42:29.910+0000] {logging_mixin.py:188} INFO - [2025-09-06T13:42:29.910+0000] {dagbag.py:545} INFO - Filling up the DagBag from /opt/airflow/dags/stock_pipeline_dag.py
[2025-09-06T13:42:29.985+0000] {processor.py:840} INFO - DAG(s) 'stock_fetch_dag' retrieved from /opt/airflow/dags/stock_pipeline_dag.py
[2025-09-06T13:42:30.044+0000] {logging_mixin.py:188} INFO - [2025-09-06T13:42:30.043+0000] {dag.py:3096} INFO - Sync 1 DAGs
[2025-09-06T13:42:30.103+0000] {logging_mixin.py:188} INFO - [2025-09-06T13:42:30.102+0000] {dag.py:3954} INFO - Setting next_dagrun for stock_fetch_dag to 2025-09-06 12:00:00+00:00, run_after=2025-09-06 13:00:00+00:00
[2025-09-06T13:42:30.159+0000] {processor.py:183} INFO - Processing /opt/airflow/dags/stock_pipeline_dag.py took 0.273 seconds
[2025-09-06T13:43:00.455+0000] {processor.py:161} INFO - Started process (PID=564) to work on /opt/airflow/dags/stock_pipeline_dag.py
[2025-09-06T13:43:00.459+0000] {processor.py:830} INFO - Processing file /opt/airflow/dags/stock_pipeline_dag.py for tasks to queue
[2025-09-06T13:43:00.471+0000] {logging_mixin.py:188} INFO - [2025-09-06T13:43:00.470+0000] {dagbag.py:545} INFO - Filling up the DagBag from /opt/airflow/dags/stock_pipeline_dag.py
[2025-09-06T13:43:00.630+0000] {processor.py:840} INFO - DAG(s) 'stock_fetch_dag' retrieved from /opt/airflow/dags/stock_pipeline_dag.py
[2025-09-06T13:43:00.729+0000] {logging_mixin.py:188} INFO - [2025-09-06T13:43:00.729+0000] {dag.py:3096} INFO - Sync 1 DAGs
[2025-09-06T13:43:00.762+0000] {logging_mixin.py:188} INFO - [2025-09-06T13:43:00.762+0000] {dag.py:3954} INFO - Setting next_dagrun for stock_fetch_dag to 2025-09-06 12:00:00+00:00, run_after=2025-09-06 13:00:00+00:00
[2025-09-06T13:43:00.805+0000] {processor.py:183} INFO - Processing /opt/airflow/dags/stock_pipeline_dag.py took 0.378 seconds
[2025-09-06T13:43:31.158+0000] {processor.py:161} INFO - Started process (PID=569) to work on /opt/airflow/dags/stock_pipeline_dag.py
[2025-09-06T13:43:31.161+0000] {processor.py:830} INFO - Processing file /opt/airflow/dags/stock_pipeline_dag.py for tasks to queue
[2025-09-06T13:43:31.167+0000] {logging_mixin.py:188} INFO - [2025-09-06T13:43:31.166+0000] {dagbag.py:545} INFO - Filling up the DagBag from /opt/airflow/dags/stock_pipeline_dag.py
[2025-09-06T13:43:31.247+0000] {processor.py:840} INFO - DAG(s) 'stock_fetch_dag' retrieved from /opt/airflow/dags/stock_pipeline_dag.py
[2025-09-06T13:43:31.314+0000] {logging_mixin.py:188} INFO - [2025-09-06T13:43:31.313+0000] {dag.py:3096} INFO - Sync 1 DAGs
[2025-09-06T13:43:31.371+0000] {logging_mixin.py:188} INFO - [2025-09-06T13:43:31.370+0000] {dag.py:3954} INFO - Setting next_dagrun for stock_fetch_dag to 2025-09-06 12:00:00+00:00, run_after=2025-09-06 13:00:00+00:00
[2025-09-06T13:43:31.423+0000] {processor.py:183} INFO - Processing /opt/airflow/dags/stock_pipeline_dag.py took 0.280 seconds
[2025-09-06T13:44:01.842+0000] {processor.py:161} INFO - Started process (PID=574) to work on /opt/airflow/dags/stock_pipeline_dag.py
[2025-09-06T13:44:01.846+0000] {processor.py:830} INFO - Processing file /opt/airflow/dags/stock_pipeline_dag.py for tasks to queue
[2025-09-06T13:44:01.856+0000] {logging_mixin.py:188} INFO - [2025-09-06T13:44:01.855+0000] {dagbag.py:545} INFO - Filling up the DagBag from /opt/airflow/dags/stock_pipeline_dag.py
[2025-09-06T13:44:02.012+0000] {processor.py:840} INFO - DAG(s) 'stock_fetch_dag' retrieved from /opt/airflow/dags/stock_pipeline_dag.py
[2025-09-06T13:44:02.131+0000] {logging_mixin.py:188} INFO - [2025-09-06T13:44:02.130+0000] {dag.py:3096} INFO - Sync 1 DAGs
[2025-09-06T13:44:02.175+0000] {logging_mixin.py:188} INFO - [2025-09-06T13:44:02.175+0000] {dag.py:3954} INFO - Setting next_dagrun for stock_fetch_dag to 2025-09-06 12:00:00+00:00, run_after=2025-09-06 13:00:00+00:00
[2025-09-06T13:44:02.225+0000] {processor.py:183} INFO - Processing /opt/airflow/dags/stock_pipeline_dag.py took 0.410 seconds
[2025-09-06T13:44:32.488+0000] {processor.py:161} INFO - Started process (PID=579) to work on /opt/airflow/dags/stock_pipeline_dag.py
[2025-09-06T13:44:32.492+0000] {processor.py:830} INFO - Processing file /opt/airflow/dags/stock_pipeline_dag.py for tasks to queue
[2025-09-06T13:44:32.502+0000] {logging_mixin.py:188} INFO - [2025-09-06T13:44:32.501+0000] {dagbag.py:545} INFO - Filling up the DagBag from /opt/airflow/dags/stock_pipeline_dag.py
[2025-09-06T13:44:32.654+0000] {processor.py:840} INFO - DAG(s) 'stock_fetch_dag' retrieved from /opt/airflow/dags/stock_pipeline_dag.py
[2025-09-06T13:44:32.771+0000] {logging_mixin.py:188} INFO - [2025-09-06T13:44:32.770+0000] {dag.py:3096} INFO - Sync 1 DAGs
[2025-09-06T13:44:32.868+0000] {logging_mixin.py:188} INFO - [2025-09-06T13:44:32.867+0000] {dag.py:3954} INFO - Setting next_dagrun for stock_fetch_dag to 2025-09-06 12:00:00+00:00, run_after=2025-09-06 13:00:00+00:00
[2025-09-06T13:44:32.954+0000] {processor.py:183} INFO - Processing /opt/airflow/dags/stock_pipeline_dag.py took 0.495 seconds
[2025-09-06T13:45:03.258+0000] {processor.py:161} INFO - Started process (PID=584) to work on /opt/airflow/dags/stock_pipeline_dag.py
[2025-09-06T13:45:03.263+0000] {processor.py:830} INFO - Processing file /opt/airflow/dags/stock_pipeline_dag.py for tasks to queue
[2025-09-06T13:45:03.271+0000] {logging_mixin.py:188} INFO - [2025-09-06T13:45:03.269+0000] {dagbag.py:545} INFO - Filling up the DagBag from /opt/airflow/dags/stock_pipeline_dag.py
[2025-09-06T13:45:03.428+0000] {processor.py:840} INFO - DAG(s) 'stock_fetch_dag' retrieved from /opt/airflow/dags/stock_pipeline_dag.py
[2025-09-06T13:45:03.533+0000] {logging_mixin.py:188} INFO - [2025-09-06T13:45:03.532+0000] {dag.py:3096} INFO - Sync 1 DAGs
[2025-09-06T13:45:03.592+0000] {logging_mixin.py:188} INFO - [2025-09-06T13:45:03.592+0000] {dag.py:3954} INFO - Setting next_dagrun for stock_fetch_dag to 2025-09-06 12:00:00+00:00, run_after=2025-09-06 13:00:00+00:00
[2025-09-06T13:45:03.645+0000] {processor.py:183} INFO - Processing /opt/airflow/dags/stock_pipeline_dag.py took 0.415 seconds
[2025-09-06T13:45:34.203+0000] {processor.py:161} INFO - Started process (PID=589) to work on /opt/airflow/dags/stock_pipeline_dag.py
[2025-09-06T13:45:34.207+0000] {processor.py:830} INFO - Processing file /opt/airflow/dags/stock_pipeline_dag.py for tasks to queue
[2025-09-06T13:45:34.214+0000] {logging_mixin.py:188} INFO - [2025-09-06T13:45:34.213+0000] {dagbag.py:545} INFO - Filling up the DagBag from /opt/airflow/dags/stock_pipeline_dag.py
[2025-09-06T13:45:34.357+0000] {processor.py:840} INFO - DAG(s) 'stock_fetch_dag' retrieved from /opt/airflow/dags/stock_pipeline_dag.py
[2025-09-06T13:45:34.482+0000] {logging_mixin.py:188} INFO - [2025-09-06T13:45:34.481+0000] {dag.py:3096} INFO - Sync 1 DAGs
[2025-09-06T13:45:34.595+0000] {logging_mixin.py:188} INFO - [2025-09-06T13:45:34.594+0000] {dag.py:3954} INFO - Setting next_dagrun for stock_fetch_dag to 2025-09-06 12:00:00+00:00, run_after=2025-09-06 13:00:00+00:00
[2025-09-06T13:45:34.685+0000] {processor.py:183} INFO - Processing /opt/airflow/dags/stock_pipeline_dag.py took 0.508 seconds
[2025-09-06T13:45:44.021+0000] {processor.py:161} INFO - Started process (PID=594) to work on /opt/airflow/dags/stock_pipeline_dag.py
[2025-09-06T13:45:44.026+0000] {processor.py:830} INFO - Processing file /opt/airflow/dags/stock_pipeline_dag.py for tasks to queue
[2025-09-06T13:45:44.037+0000] {logging_mixin.py:188} INFO - [2025-09-06T13:45:44.036+0000] {dagbag.py:545} INFO - Filling up the DagBag from /opt/airflow/dags/stock_pipeline_dag.py
[2025-09-06T13:45:44.258+0000] {processor.py:840} INFO - DAG(s) 'stock_fetch_dag' retrieved from /opt/airflow/dags/stock_pipeline_dag.py
[2025-09-06T13:45:44.380+0000] {logging_mixin.py:188} INFO - [2025-09-06T13:45:44.378+0000] {dag.py:3096} INFO - Sync 1 DAGs
[2025-09-06T13:45:44.461+0000] {logging_mixin.py:188} INFO - [2025-09-06T13:45:44.460+0000] {dag.py:3954} INFO - Setting next_dagrun for stock_fetch_dag to 2025-09-06 12:00:00+00:00, run_after=2025-09-06 13:00:00+00:00
[2025-09-06T13:45:44.536+0000] {processor.py:183} INFO - Processing /opt/airflow/dags/stock_pipeline_dag.py took 0.545 seconds
[2025-09-06T13:46:14.929+0000] {processor.py:161} INFO - Started process (PID=599) to work on /opt/airflow/dags/stock_pipeline_dag.py
[2025-09-06T13:46:14.936+0000] {processor.py:830} INFO - Processing file /opt/airflow/dags/stock_pipeline_dag.py for tasks to queue
[2025-09-06T13:46:14.950+0000] {logging_mixin.py:188} INFO - [2025-09-06T13:46:14.948+0000] {dagbag.py:545} INFO - Filling up the DagBag from /opt/airflow/dags/stock_pipeline_dag.py
[2025-09-06T13:46:15.109+0000] {processor.py:840} INFO - DAG(s) 'stock_fetch_dag' retrieved from /opt/airflow/dags/stock_pipeline_dag.py
[2025-09-06T13:46:15.227+0000] {logging_mixin.py:188} INFO - [2025-09-06T13:46:15.226+0000] {dag.py:3096} INFO - Sync 1 DAGs
[2025-09-06T13:46:15.291+0000] {logging_mixin.py:188} INFO - [2025-09-06T13:46:15.290+0000] {dag.py:3954} INFO - Setting next_dagrun for stock_fetch_dag to 2025-09-06 12:00:00+00:00, run_after=2025-09-06 13:00:00+00:00
[2025-09-06T13:46:15.348+0000] {processor.py:183} INFO - Processing /opt/airflow/dags/stock_pipeline_dag.py took 0.460 seconds
[2025-09-06T13:47:18.456+0000] {processor.py:161} INFO - Started process (PID=164) to work on /opt/airflow/dags/stock_pipeline_dag.py
[2025-09-06T13:47:18.465+0000] {processor.py:830} INFO - Processing file /opt/airflow/dags/stock_pipeline_dag.py for tasks to queue
[2025-09-06T13:47:18.471+0000] {logging_mixin.py:188} INFO - [2025-09-06T13:47:18.470+0000] {dagbag.py:545} INFO - Filling up the DagBag from /opt/airflow/dags/stock_pipeline_dag.py
[2025-09-06T13:47:18.572+0000] {processor.py:840} INFO - DAG(s) 'stock_fetch_dag' retrieved from /opt/airflow/dags/stock_pipeline_dag.py
[2025-09-06T13:47:18.697+0000] {logging_mixin.py:188} INFO - [2025-09-06T13:47:18.696+0000] {dag.py:3096} INFO - Sync 1 DAGs
[2025-09-06T13:47:18.757+0000] {logging_mixin.py:188} INFO - [2025-09-06T13:47:18.757+0000] {dag.py:3954} INFO - Setting next_dagrun for stock_fetch_dag to 2025-09-06 12:00:00+00:00, run_after=2025-09-06 13:00:00+00:00
[2025-09-06T13:47:18.805+0000] {processor.py:183} INFO - Processing /opt/airflow/dags/stock_pipeline_dag.py took 0.366 seconds
[2025-09-06T13:47:49.181+0000] {processor.py:161} INFO - Started process (PID=169) to work on /opt/airflow/dags/stock_pipeline_dag.py
[2025-09-06T13:47:49.184+0000] {processor.py:830} INFO - Processing file /opt/airflow/dags/stock_pipeline_dag.py for tasks to queue
[2025-09-06T13:47:49.193+0000] {logging_mixin.py:188} INFO - [2025-09-06T13:47:49.191+0000] {dagbag.py:545} INFO - Filling up the DagBag from /opt/airflow/dags/stock_pipeline_dag.py
[2025-09-06T13:47:49.292+0000] {processor.py:840} INFO - DAG(s) 'stock_fetch_dag' retrieved from /opt/airflow/dags/stock_pipeline_dag.py
[2025-09-06T13:47:49.402+0000] {logging_mixin.py:188} INFO - [2025-09-06T13:47:49.402+0000] {dag.py:3096} INFO - Sync 1 DAGs
[2025-09-06T13:47:49.473+0000] {logging_mixin.py:188} INFO - [2025-09-06T13:47:49.472+0000] {dag.py:3954} INFO - Setting next_dagrun for stock_fetch_dag to 2025-09-06 12:00:00+00:00, run_after=2025-09-06 13:00:00+00:00
[2025-09-06T13:47:49.534+0000] {processor.py:183} INFO - Processing /opt/airflow/dags/stock_pipeline_dag.py took 0.376 seconds
[2025-09-06T13:48:20.171+0000] {processor.py:161} INFO - Started process (PID=174) to work on /opt/airflow/dags/stock_pipeline_dag.py
[2025-09-06T13:48:20.178+0000] {processor.py:830} INFO - Processing file /opt/airflow/dags/stock_pipeline_dag.py for tasks to queue
[2025-09-06T13:48:20.190+0000] {logging_mixin.py:188} INFO - [2025-09-06T13:48:20.188+0000] {dagbag.py:545} INFO - Filling up the DagBag from /opt/airflow/dags/stock_pipeline_dag.py
[2025-09-06T13:48:20.362+0000] {processor.py:840} INFO - DAG(s) 'stock_fetch_dag' retrieved from /opt/airflow/dags/stock_pipeline_dag.py
[2025-09-06T13:48:20.472+0000] {logging_mixin.py:188} INFO - [2025-09-06T13:48:20.472+0000] {dag.py:3096} INFO - Sync 1 DAGs
[2025-09-06T13:48:20.524+0000] {logging_mixin.py:188} INFO - [2025-09-06T13:48:20.524+0000] {dag.py:3954} INFO - Setting next_dagrun for stock_fetch_dag to 2025-09-06 12:00:00+00:00, run_after=2025-09-06 13:00:00+00:00
[2025-09-06T13:48:20.588+0000] {processor.py:183} INFO - Processing /opt/airflow/dags/stock_pipeline_dag.py took 0.451 seconds
[2025-09-06T13:48:51.071+0000] {processor.py:161} INFO - Started process (PID=179) to work on /opt/airflow/dags/stock_pipeline_dag.py
[2025-09-06T13:48:51.074+0000] {processor.py:830} INFO - Processing file /opt/airflow/dags/stock_pipeline_dag.py for tasks to queue
[2025-09-06T13:48:51.079+0000] {logging_mixin.py:188} INFO - [2025-09-06T13:48:51.078+0000] {dagbag.py:545} INFO - Filling up the DagBag from /opt/airflow/dags/stock_pipeline_dag.py
[2025-09-06T13:48:51.163+0000] {processor.py:840} INFO - DAG(s) 'stock_fetch_dag' retrieved from /opt/airflow/dags/stock_pipeline_dag.py
[2025-09-06T13:48:51.219+0000] {logging_mixin.py:188} INFO - [2025-09-06T13:48:51.219+0000] {dag.py:3096} INFO - Sync 1 DAGs
[2025-09-06T13:48:51.275+0000] {logging_mixin.py:188} INFO - [2025-09-06T13:48:51.275+0000] {dag.py:3954} INFO - Setting next_dagrun for stock_fetch_dag to 2025-09-06 12:00:00+00:00, run_after=2025-09-06 13:00:00+00:00
[2025-09-06T13:48:51.331+0000] {processor.py:183} INFO - Processing /opt/airflow/dags/stock_pipeline_dag.py took 0.273 seconds
[2025-09-06T13:49:21.614+0000] {processor.py:161} INFO - Started process (PID=184) to work on /opt/airflow/dags/stock_pipeline_dag.py
[2025-09-06T13:49:21.618+0000] {processor.py:830} INFO - Processing file /opt/airflow/dags/stock_pipeline_dag.py for tasks to queue
[2025-09-06T13:49:21.626+0000] {logging_mixin.py:188} INFO - [2025-09-06T13:49:21.625+0000] {dagbag.py:545} INFO - Filling up the DagBag from /opt/airflow/dags/stock_pipeline_dag.py
[2025-09-06T13:49:21.779+0000] {processor.py:840} INFO - DAG(s) 'stock_fetch_dag' retrieved from /opt/airflow/dags/stock_pipeline_dag.py
[2025-09-06T13:49:21.900+0000] {logging_mixin.py:188} INFO - [2025-09-06T13:49:21.899+0000] {dag.py:3096} INFO - Sync 1 DAGs
[2025-09-06T13:49:21.996+0000] {logging_mixin.py:188} INFO - [2025-09-06T13:49:21.995+0000] {dag.py:3954} INFO - Setting next_dagrun for stock_fetch_dag to 2025-09-06 12:00:00+00:00, run_after=2025-09-06 13:00:00+00:00
[2025-09-06T13:49:22.091+0000] {processor.py:183} INFO - Processing /opt/airflow/dags/stock_pipeline_dag.py took 0.501 seconds
[2025-09-06T13:49:52.372+0000] {processor.py:161} INFO - Started process (PID=189) to work on /opt/airflow/dags/stock_pipeline_dag.py
[2025-09-06T13:49:52.377+0000] {processor.py:830} INFO - Processing file /opt/airflow/dags/stock_pipeline_dag.py for tasks to queue
[2025-09-06T13:49:52.386+0000] {logging_mixin.py:188} INFO - [2025-09-06T13:49:52.384+0000] {dagbag.py:545} INFO - Filling up the DagBag from /opt/airflow/dags/stock_pipeline_dag.py
[2025-09-06T13:49:52.550+0000] {processor.py:840} INFO - DAG(s) 'stock_fetch_dag' retrieved from /opt/airflow/dags/stock_pipeline_dag.py
[2025-09-06T13:49:52.654+0000] {logging_mixin.py:188} INFO - [2025-09-06T13:49:52.653+0000] {dag.py:3096} INFO - Sync 1 DAGs
[2025-09-06T13:49:52.690+0000] {logging_mixin.py:188} INFO - [2025-09-06T13:49:52.689+0000] {dag.py:3954} INFO - Setting next_dagrun for stock_fetch_dag to 2025-09-06 12:00:00+00:00, run_after=2025-09-06 13:00:00+00:00
[2025-09-06T13:49:52.949+0000] {processor.py:183} INFO - Processing /opt/airflow/dags/stock_pipeline_dag.py took 0.609 seconds
[2025-09-06T13:50:23.530+0000] {processor.py:161} INFO - Started process (PID=194) to work on /opt/airflow/dags/stock_pipeline_dag.py
[2025-09-06T13:50:23.535+0000] {processor.py:830} INFO - Processing file /opt/airflow/dags/stock_pipeline_dag.py for tasks to queue
[2025-09-06T13:50:23.544+0000] {logging_mixin.py:188} INFO - [2025-09-06T13:50:23.542+0000] {dagbag.py:545} INFO - Filling up the DagBag from /opt/airflow/dags/stock_pipeline_dag.py
[2025-09-06T13:50:23.702+0000] {processor.py:840} INFO - DAG(s) 'stock_fetch_dag' retrieved from /opt/airflow/dags/stock_pipeline_dag.py
[2025-09-06T13:50:23.828+0000] {logging_mixin.py:188} INFO - [2025-09-06T13:50:23.827+0000] {dag.py:3096} INFO - Sync 1 DAGs
[2025-09-06T13:50:24.133+0000] {logging_mixin.py:188} INFO - [2025-09-06T13:50:24.133+0000] {dag.py:3954} INFO - Setting next_dagrun for stock_fetch_dag to 2025-09-06 12:00:00+00:00, run_after=2025-09-06 13:00:00+00:00
[2025-09-06T13:50:24.179+0000] {processor.py:183} INFO - Processing /opt/airflow/dags/stock_pipeline_dag.py took 0.677 seconds
[2025-09-06T13:50:54.578+0000] {processor.py:161} INFO - Started process (PID=199) to work on /opt/airflow/dags/stock_pipeline_dag.py
[2025-09-06T13:50:54.583+0000] {processor.py:830} INFO - Processing file /opt/airflow/dags/stock_pipeline_dag.py for tasks to queue
[2025-09-06T13:50:54.591+0000] {logging_mixin.py:188} INFO - [2025-09-06T13:50:54.590+0000] {dagbag.py:545} INFO - Filling up the DagBag from /opt/airflow/dags/stock_pipeline_dag.py
[2025-09-06T13:50:54.751+0000] {processor.py:840} INFO - DAG(s) 'stock_fetch_dag' retrieved from /opt/airflow/dags/stock_pipeline_dag.py
[2025-09-06T13:50:55.075+0000] {logging_mixin.py:188} INFO - [2025-09-06T13:50:55.075+0000] {dag.py:3096} INFO - Sync 1 DAGs
[2025-09-06T13:50:55.145+0000] {logging_mixin.py:188} INFO - [2025-09-06T13:50:55.144+0000] {dag.py:3954} INFO - Setting next_dagrun for stock_fetch_dag to 2025-09-06 12:00:00+00:00, run_after=2025-09-06 13:00:00+00:00
[2025-09-06T13:50:55.226+0000] {processor.py:183} INFO - Processing /opt/airflow/dags/stock_pipeline_dag.py took 0.675 seconds
[2025-09-06T13:51:25.793+0000] {processor.py:161} INFO - Started process (PID=204) to work on /opt/airflow/dags/stock_pipeline_dag.py
[2025-09-06T13:51:25.796+0000] {processor.py:830} INFO - Processing file /opt/airflow/dags/stock_pipeline_dag.py for tasks to queue
[2025-09-06T13:51:25.801+0000] {logging_mixin.py:188} INFO - [2025-09-06T13:51:25.800+0000] {dagbag.py:545} INFO - Filling up the DagBag from /opt/airflow/dags/stock_pipeline_dag.py
[2025-09-06T13:51:25.901+0000] {processor.py:840} INFO - DAG(s) 'stock_fetch_dag' retrieved from /opt/airflow/dags/stock_pipeline_dag.py
[2025-09-06T13:51:26.217+0000] {logging_mixin.py:188} INFO - [2025-09-06T13:51:26.217+0000] {dag.py:3096} INFO - Sync 1 DAGs
[2025-09-06T13:51:26.266+0000] {logging_mixin.py:188} INFO - [2025-09-06T13:51:26.265+0000] {dag.py:3954} INFO - Setting next_dagrun for stock_fetch_dag to 2025-09-06 12:00:00+00:00, run_after=2025-09-06 13:00:00+00:00
[2025-09-06T13:51:26.310+0000] {processor.py:183} INFO - Processing /opt/airflow/dags/stock_pipeline_dag.py took 0.531 seconds
[2025-09-06T13:51:56.629+0000] {processor.py:161} INFO - Started process (PID=209) to work on /opt/airflow/dags/stock_pipeline_dag.py
[2025-09-06T13:51:56.637+0000] {processor.py:830} INFO - Processing file /opt/airflow/dags/stock_pipeline_dag.py for tasks to queue
[2025-09-06T13:51:56.651+0000] {logging_mixin.py:188} INFO - [2025-09-06T13:51:56.649+0000] {dagbag.py:545} INFO - Filling up the DagBag from /opt/airflow/dags/stock_pipeline_dag.py
[2025-09-06T13:51:56.861+0000] {processor.py:840} INFO - DAG(s) 'stock_fetch_dag' retrieved from /opt/airflow/dags/stock_pipeline_dag.py
[2025-09-06T13:51:57.010+0000] {logging_mixin.py:188} INFO - [2025-09-06T13:51:57.009+0000] {dag.py:3096} INFO - Sync 1 DAGs
[2025-09-06T13:51:57.054+0000] {logging_mixin.py:188} INFO - [2025-09-06T13:51:57.054+0000] {dag.py:3954} INFO - Setting next_dagrun for stock_fetch_dag to 2025-09-06 12:00:00+00:00, run_after=2025-09-06 13:00:00+00:00
[2025-09-06T13:51:57.095+0000] {processor.py:183} INFO - Processing /opt/airflow/dags/stock_pipeline_dag.py took 0.509 seconds
[2025-09-06T13:52:27.860+0000] {processor.py:161} INFO - Started process (PID=214) to work on /opt/airflow/dags/stock_pipeline_dag.py
[2025-09-06T13:52:27.865+0000] {processor.py:830} INFO - Processing file /opt/airflow/dags/stock_pipeline_dag.py for tasks to queue
[2025-09-06T13:52:27.875+0000] {logging_mixin.py:188} INFO - [2025-09-06T13:52:27.874+0000] {dagbag.py:545} INFO - Filling up the DagBag from /opt/airflow/dags/stock_pipeline_dag.py
[2025-09-06T13:52:28.035+0000] {processor.py:840} INFO - DAG(s) 'stock_fetch_dag' retrieved from /opt/airflow/dags/stock_pipeline_dag.py
[2025-09-06T13:52:28.168+0000] {logging_mixin.py:188} INFO - [2025-09-06T13:52:28.167+0000] {dag.py:3096} INFO - Sync 1 DAGs
[2025-09-06T13:52:28.241+0000] {logging_mixin.py:188} INFO - [2025-09-06T13:52:28.241+0000] {dag.py:3954} INFO - Setting next_dagrun for stock_fetch_dag to 2025-09-06 12:00:00+00:00, run_after=2025-09-06 13:00:00+00:00
[2025-09-06T13:52:28.296+0000] {processor.py:183} INFO - Processing /opt/airflow/dags/stock_pipeline_dag.py took 0.461 seconds
[2025-09-06T13:52:58.937+0000] {processor.py:161} INFO - Started process (PID=219) to work on /opt/airflow/dags/stock_pipeline_dag.py
[2025-09-06T13:52:58.941+0000] {processor.py:830} INFO - Processing file /opt/airflow/dags/stock_pipeline_dag.py for tasks to queue
[2025-09-06T13:52:58.950+0000] {logging_mixin.py:188} INFO - [2025-09-06T13:52:58.948+0000] {dagbag.py:545} INFO - Filling up the DagBag from /opt/airflow/dags/stock_pipeline_dag.py
[2025-09-06T13:52:59.110+0000] {processor.py:840} INFO - DAG(s) 'stock_fetch_dag' retrieved from /opt/airflow/dags/stock_pipeline_dag.py
[2025-09-06T13:52:59.250+0000] {logging_mixin.py:188} INFO - [2025-09-06T13:52:59.249+0000] {dag.py:3096} INFO - Sync 1 DAGs
[2025-09-06T13:52:59.322+0000] {logging_mixin.py:188} INFO - [2025-09-06T13:52:59.321+0000] {dag.py:3954} INFO - Setting next_dagrun for stock_fetch_dag to 2025-09-06 12:00:00+00:00, run_after=2025-09-06 13:00:00+00:00
[2025-09-06T13:52:59.371+0000] {processor.py:183} INFO - Processing /opt/airflow/dags/stock_pipeline_dag.py took 0.468 seconds
[2025-09-06T13:53:29.803+0000] {processor.py:161} INFO - Started process (PID=224) to work on /opt/airflow/dags/stock_pipeline_dag.py
[2025-09-06T13:53:29.807+0000] {processor.py:830} INFO - Processing file /opt/airflow/dags/stock_pipeline_dag.py for tasks to queue
[2025-09-06T13:53:29.815+0000] {logging_mixin.py:188} INFO - [2025-09-06T13:53:29.813+0000] {dagbag.py:545} INFO - Filling up the DagBag from /opt/airflow/dags/stock_pipeline_dag.py
[2025-09-06T13:53:29.985+0000] {processor.py:840} INFO - DAG(s) 'stock_fetch_dag' retrieved from /opt/airflow/dags/stock_pipeline_dag.py
[2025-09-06T13:53:30.068+0000] {logging_mixin.py:188} INFO - [2025-09-06T13:53:30.067+0000] {dag.py:3096} INFO - Sync 1 DAGs
[2025-09-06T13:53:30.138+0000] {logging_mixin.py:188} INFO - [2025-09-06T13:53:30.137+0000] {dag.py:3954} INFO - Setting next_dagrun for stock_fetch_dag to 2025-09-06 12:00:00+00:00, run_after=2025-09-06 13:00:00+00:00
[2025-09-06T13:53:30.198+0000] {processor.py:183} INFO - Processing /opt/airflow/dags/stock_pipeline_dag.py took 0.425 seconds
[2025-09-06T13:54:00.416+0000] {processor.py:161} INFO - Started process (PID=229) to work on /opt/airflow/dags/stock_pipeline_dag.py
[2025-09-06T13:54:00.422+0000] {processor.py:830} INFO - Processing file /opt/airflow/dags/stock_pipeline_dag.py for tasks to queue
[2025-09-06T13:54:00.431+0000] {logging_mixin.py:188} INFO - [2025-09-06T13:54:00.429+0000] {dagbag.py:545} INFO - Filling up the DagBag from /opt/airflow/dags/stock_pipeline_dag.py
[2025-09-06T13:54:00.602+0000] {processor.py:840} INFO - DAG(s) 'stock_fetch_dag' retrieved from /opt/airflow/dags/stock_pipeline_dag.py
[2025-09-06T13:54:00.722+0000] {logging_mixin.py:188} INFO - [2025-09-06T13:54:00.722+0000] {dag.py:3096} INFO - Sync 1 DAGs
[2025-09-06T13:54:00.783+0000] {logging_mixin.py:188} INFO - [2025-09-06T13:54:00.783+0000] {dag.py:3954} INFO - Setting next_dagrun for stock_fetch_dag to 2025-09-06 12:00:00+00:00, run_after=2025-09-06 13:00:00+00:00
[2025-09-06T13:54:00.839+0000] {processor.py:183} INFO - Processing /opt/airflow/dags/stock_pipeline_dag.py took 0.459 seconds
[2025-09-06T13:54:31.327+0000] {processor.py:161} INFO - Started process (PID=234) to work on /opt/airflow/dags/stock_pipeline_dag.py
[2025-09-06T13:54:31.334+0000] {processor.py:830} INFO - Processing file /opt/airflow/dags/stock_pipeline_dag.py for tasks to queue
[2025-09-06T13:54:31.344+0000] {logging_mixin.py:188} INFO - [2025-09-06T13:54:31.343+0000] {dagbag.py:545} INFO - Filling up the DagBag from /opt/airflow/dags/stock_pipeline_dag.py
[2025-09-06T13:54:31.463+0000] {processor.py:840} INFO - DAG(s) 'stock_fetch_dag' retrieved from /opt/airflow/dags/stock_pipeline_dag.py
[2025-09-06T13:54:31.634+0000] {logging_mixin.py:188} INFO - [2025-09-06T13:54:31.634+0000] {dag.py:3096} INFO - Sync 1 DAGs
[2025-09-06T13:54:31.779+0000] {logging_mixin.py:188} INFO - [2025-09-06T13:54:31.778+0000] {dag.py:3954} INFO - Setting next_dagrun for stock_fetch_dag to 2025-09-06 12:00:00+00:00, run_after=2025-09-06 13:00:00+00:00
[2025-09-06T13:54:31.855+0000] {processor.py:183} INFO - Processing /opt/airflow/dags/stock_pipeline_dag.py took 0.619 seconds
[2025-09-06T13:55:02.343+0000] {processor.py:161} INFO - Started process (PID=239) to work on /opt/airflow/dags/stock_pipeline_dag.py
[2025-09-06T13:55:02.345+0000] {processor.py:830} INFO - Processing file /opt/airflow/dags/stock_pipeline_dag.py for tasks to queue
[2025-09-06T13:55:02.349+0000] {logging_mixin.py:188} INFO - [2025-09-06T13:55:02.349+0000] {dagbag.py:545} INFO - Filling up the DagBag from /opt/airflow/dags/stock_pipeline_dag.py
[2025-09-06T13:55:02.428+0000] {processor.py:840} INFO - DAG(s) 'stock_fetch_dag' retrieved from /opt/airflow/dags/stock_pipeline_dag.py
[2025-09-06T13:55:02.504+0000] {logging_mixin.py:188} INFO - [2025-09-06T13:55:02.504+0000] {dag.py:3096} INFO - Sync 1 DAGs
[2025-09-06T13:55:02.564+0000] {logging_mixin.py:188} INFO - [2025-09-06T13:55:02.564+0000] {dag.py:3954} INFO - Setting next_dagrun for stock_fetch_dag to 2025-09-06 12:00:00+00:00, run_after=2025-09-06 13:00:00+00:00
[2025-09-06T13:55:02.613+0000] {processor.py:183} INFO - Processing /opt/airflow/dags/stock_pipeline_dag.py took 0.284 seconds
[2025-09-06T13:55:32.858+0000] {processor.py:161} INFO - Started process (PID=244) to work on /opt/airflow/dags/stock_pipeline_dag.py
[2025-09-06T13:55:32.864+0000] {processor.py:830} INFO - Processing file /opt/airflow/dags/stock_pipeline_dag.py for tasks to queue
[2025-09-06T13:55:32.874+0000] {logging_mixin.py:188} INFO - [2025-09-06T13:55:32.872+0000] {dagbag.py:545} INFO - Filling up the DagBag from /opt/airflow/dags/stock_pipeline_dag.py
[2025-09-06T13:55:33.044+0000] {processor.py:840} INFO - DAG(s) 'stock_fetch_dag' retrieved from /opt/airflow/dags/stock_pipeline_dag.py
[2025-09-06T13:55:33.182+0000] {logging_mixin.py:188} INFO - [2025-09-06T13:55:33.181+0000] {dag.py:3096} INFO - Sync 1 DAGs
[2025-09-06T13:55:33.294+0000] {logging_mixin.py:188} INFO - [2025-09-06T13:55:33.293+0000] {dag.py:3954} INFO - Setting next_dagrun for stock_fetch_dag to 2025-09-06 12:00:00+00:00, run_after=2025-09-06 13:00:00+00:00
[2025-09-06T13:55:33.397+0000] {processor.py:183} INFO - Processing /opt/airflow/dags/stock_pipeline_dag.py took 0.576 seconds
[2025-09-06T13:56:04.027+0000] {processor.py:161} INFO - Started process (PID=249) to work on /opt/airflow/dags/stock_pipeline_dag.py
[2025-09-06T13:56:04.032+0000] {processor.py:830} INFO - Processing file /opt/airflow/dags/stock_pipeline_dag.py for tasks to queue
[2025-09-06T13:56:04.041+0000] {logging_mixin.py:188} INFO - [2025-09-06T13:56:04.039+0000] {dagbag.py:545} INFO - Filling up the DagBag from /opt/airflow/dags/stock_pipeline_dag.py
[2025-09-06T13:56:04.197+0000] {processor.py:840} INFO - DAG(s) 'stock_fetch_dag' retrieved from /opt/airflow/dags/stock_pipeline_dag.py
[2025-09-06T13:56:04.342+0000] {logging_mixin.py:188} INFO - [2025-09-06T13:56:04.341+0000] {dag.py:3096} INFO - Sync 1 DAGs
[2025-09-06T13:56:04.472+0000] {logging_mixin.py:188} INFO - [2025-09-06T13:56:04.471+0000] {dag.py:3954} INFO - Setting next_dagrun for stock_fetch_dag to 2025-09-06 12:00:00+00:00, run_after=2025-09-06 13:00:00+00:00
[2025-09-06T13:56:04.565+0000] {processor.py:183} INFO - Processing /opt/airflow/dags/stock_pipeline_dag.py took 0.575 seconds
[2025-09-06T13:56:35.183+0000] {processor.py:161} INFO - Started process (PID=254) to work on /opt/airflow/dags/stock_pipeline_dag.py
[2025-09-06T13:56:35.187+0000] {processor.py:830} INFO - Processing file /opt/airflow/dags/stock_pipeline_dag.py for tasks to queue
[2025-09-06T13:56:35.195+0000] {logging_mixin.py:188} INFO - [2025-09-06T13:56:35.193+0000] {dagbag.py:545} INFO - Filling up the DagBag from /opt/airflow/dags/stock_pipeline_dag.py
[2025-09-06T13:56:35.333+0000] {processor.py:840} INFO - DAG(s) 'stock_fetch_dag' retrieved from /opt/airflow/dags/stock_pipeline_dag.py
[2025-09-06T13:56:35.447+0000] {logging_mixin.py:188} INFO - [2025-09-06T13:56:35.446+0000] {dag.py:3096} INFO - Sync 1 DAGs
[2025-09-06T13:56:35.548+0000] {logging_mixin.py:188} INFO - [2025-09-06T13:56:35.547+0000] {dag.py:3954} INFO - Setting next_dagrun for stock_fetch_dag to 2025-09-06 12:00:00+00:00, run_after=2025-09-06 13:00:00+00:00
[2025-09-06T13:56:35.608+0000] {processor.py:183} INFO - Processing /opt/airflow/dags/stock_pipeline_dag.py took 0.456 seconds
[2025-09-06T13:57:06.233+0000] {processor.py:161} INFO - Started process (PID=259) to work on /opt/airflow/dags/stock_pipeline_dag.py
[2025-09-06T13:57:06.237+0000] {processor.py:830} INFO - Processing file /opt/airflow/dags/stock_pipeline_dag.py for tasks to queue
[2025-09-06T13:57:06.245+0000] {logging_mixin.py:188} INFO - [2025-09-06T13:57:06.243+0000] {dagbag.py:545} INFO - Filling up the DagBag from /opt/airflow/dags/stock_pipeline_dag.py
[2025-09-06T13:57:06.369+0000] {processor.py:840} INFO - DAG(s) 'stock_fetch_dag' retrieved from /opt/airflow/dags/stock_pipeline_dag.py
[2025-09-06T13:57:06.490+0000] {logging_mixin.py:188} INFO - [2025-09-06T13:57:06.489+0000] {dag.py:3096} INFO - Sync 1 DAGs
[2025-09-06T13:57:06.590+0000] {logging_mixin.py:188} INFO - [2025-09-06T13:57:06.589+0000] {dag.py:3954} INFO - Setting next_dagrun for stock_fetch_dag to 2025-09-06 12:00:00+00:00, run_after=2025-09-06 13:00:00+00:00
[2025-09-06T13:57:06.680+0000] {processor.py:183} INFO - Processing /opt/airflow/dags/stock_pipeline_dag.py took 0.483 seconds
[2025-09-06T13:57:37.473+0000] {processor.py:161} INFO - Started process (PID=264) to work on /opt/airflow/dags/stock_pipeline_dag.py
[2025-09-06T13:57:37.478+0000] {processor.py:830} INFO - Processing file /opt/airflow/dags/stock_pipeline_dag.py for tasks to queue
[2025-09-06T13:57:37.487+0000] {logging_mixin.py:188} INFO - [2025-09-06T13:57:37.485+0000] {dagbag.py:545} INFO - Filling up the DagBag from /opt/airflow/dags/stock_pipeline_dag.py
[2025-09-06T13:57:37.590+0000] {processor.py:840} INFO - DAG(s) 'stock_fetch_dag' retrieved from /opt/airflow/dags/stock_pipeline_dag.py
[2025-09-06T13:57:37.665+0000] {logging_mixin.py:188} INFO - [2025-09-06T13:57:37.664+0000] {dag.py:3096} INFO - Sync 1 DAGs
[2025-09-06T13:57:37.699+0000] {logging_mixin.py:188} INFO - [2025-09-06T13:57:37.699+0000] {dag.py:3954} INFO - Setting next_dagrun for stock_fetch_dag to 2025-09-06 12:00:00+00:00, run_after=2025-09-06 13:00:00+00:00
[2025-09-06T13:57:37.737+0000] {processor.py:183} INFO - Processing /opt/airflow/dags/stock_pipeline_dag.py took 0.293 seconds
[2025-09-06T13:58:08.139+0000] {processor.py:161} INFO - Started process (PID=269) to work on /opt/airflow/dags/stock_pipeline_dag.py
[2025-09-06T13:58:08.143+0000] {processor.py:830} INFO - Processing file /opt/airflow/dags/stock_pipeline_dag.py for tasks to queue
[2025-09-06T13:58:08.151+0000] {logging_mixin.py:188} INFO - [2025-09-06T13:58:08.150+0000] {dagbag.py:545} INFO - Filling up the DagBag from /opt/airflow/dags/stock_pipeline_dag.py
[2025-09-06T13:58:08.294+0000] {processor.py:840} INFO - DAG(s) 'stock_fetch_dag' retrieved from /opt/airflow/dags/stock_pipeline_dag.py
[2025-09-06T13:58:08.411+0000] {logging_mixin.py:188} INFO - [2025-09-06T13:58:08.410+0000] {dag.py:3096} INFO - Sync 1 DAGs
[2025-09-06T13:58:08.509+0000] {logging_mixin.py:188} INFO - [2025-09-06T13:58:08.508+0000] {dag.py:3954} INFO - Setting next_dagrun for stock_fetch_dag to 2025-09-06 12:00:00+00:00, run_after=2025-09-06 13:00:00+00:00
[2025-09-06T13:58:08.593+0000] {processor.py:183} INFO - Processing /opt/airflow/dags/stock_pipeline_dag.py took 0.481 seconds
[2025-09-06T13:58:39.129+0000] {processor.py:161} INFO - Started process (PID=274) to work on /opt/airflow/dags/stock_pipeline_dag.py
[2025-09-06T13:58:39.132+0000] {processor.py:830} INFO - Processing file /opt/airflow/dags/stock_pipeline_dag.py for tasks to queue
[2025-09-06T13:58:39.137+0000] {logging_mixin.py:188} INFO - [2025-09-06T13:58:39.136+0000] {dagbag.py:545} INFO - Filling up the DagBag from /opt/airflow/dags/stock_pipeline_dag.py
[2025-09-06T13:58:39.222+0000] {processor.py:840} INFO - DAG(s) 'stock_fetch_dag' retrieved from /opt/airflow/dags/stock_pipeline_dag.py
[2025-09-06T13:58:39.276+0000] {logging_mixin.py:188} INFO - [2025-09-06T13:58:39.276+0000] {dag.py:3096} INFO - Sync 1 DAGs
[2025-09-06T13:58:39.316+0000] {logging_mixin.py:188} INFO - [2025-09-06T13:58:39.316+0000] {dag.py:3954} INFO - Setting next_dagrun for stock_fetch_dag to 2025-09-06 12:00:00+00:00, run_after=2025-09-06 13:00:00+00:00
[2025-09-06T13:58:39.357+0000] {processor.py:183} INFO - Processing /opt/airflow/dags/stock_pipeline_dag.py took 0.243 seconds
[2025-09-06T13:59:09.681+0000] {processor.py:161} INFO - Started process (PID=279) to work on /opt/airflow/dags/stock_pipeline_dag.py
[2025-09-06T13:59:09.686+0000] {processor.py:830} INFO - Processing file /opt/airflow/dags/stock_pipeline_dag.py for tasks to queue
[2025-09-06T13:59:09.694+0000] {logging_mixin.py:188} INFO - [2025-09-06T13:59:09.692+0000] {dagbag.py:545} INFO - Filling up the DagBag from /opt/airflow/dags/stock_pipeline_dag.py
[2025-09-06T13:59:09.839+0000] {processor.py:840} INFO - DAG(s) 'stock_fetch_dag' retrieved from /opt/airflow/dags/stock_pipeline_dag.py
[2025-09-06T13:59:09.952+0000] {logging_mixin.py:188} INFO - [2025-09-06T13:59:09.951+0000] {dag.py:3096} INFO - Sync 1 DAGs
[2025-09-06T13:59:10.000+0000] {logging_mixin.py:188} INFO - [2025-09-06T13:59:09.999+0000] {dag.py:3954} INFO - Setting next_dagrun for stock_fetch_dag to 2025-09-06 12:00:00+00:00, run_after=2025-09-06 13:00:00+00:00
[2025-09-06T13:59:10.039+0000] {processor.py:183} INFO - Processing /opt/airflow/dags/stock_pipeline_dag.py took 0.387 seconds
[2025-09-06T13:59:40.364+0000] {processor.py:161} INFO - Started process (PID=284) to work on /opt/airflow/dags/stock_pipeline_dag.py
[2025-09-06T13:59:40.368+0000] {processor.py:830} INFO - Processing file /opt/airflow/dags/stock_pipeline_dag.py for tasks to queue
[2025-09-06T13:59:40.375+0000] {logging_mixin.py:188} INFO - [2025-09-06T13:59:40.374+0000] {dagbag.py:545} INFO - Filling up the DagBag from /opt/airflow/dags/stock_pipeline_dag.py
[2025-09-06T13:59:40.502+0000] {processor.py:840} INFO - DAG(s) 'stock_fetch_dag' retrieved from /opt/airflow/dags/stock_pipeline_dag.py
[2025-09-06T13:59:40.624+0000] {logging_mixin.py:188} INFO - [2025-09-06T13:59:40.623+0000] {dag.py:3096} INFO - Sync 1 DAGs
[2025-09-06T13:59:40.723+0000] {logging_mixin.py:188} INFO - [2025-09-06T13:59:40.722+0000] {dag.py:3954} INFO - Setting next_dagrun for stock_fetch_dag to 2025-09-06 12:00:00+00:00, run_after=2025-09-06 13:00:00+00:00
[2025-09-06T13:59:40.810+0000] {processor.py:183} INFO - Processing /opt/airflow/dags/stock_pipeline_dag.py took 0.473 seconds
[2025-09-06T14:00:11.022+0000] {processor.py:161} INFO - Started process (PID=289) to work on /opt/airflow/dags/stock_pipeline_dag.py
[2025-09-06T14:00:11.027+0000] {processor.py:830} INFO - Processing file /opt/airflow/dags/stock_pipeline_dag.py for tasks to queue
[2025-09-06T14:00:11.035+0000] {logging_mixin.py:188} INFO - [2025-09-06T14:00:11.033+0000] {dagbag.py:545} INFO - Filling up the DagBag from /opt/airflow/dags/stock_pipeline_dag.py
[2025-09-06T14:00:11.180+0000] {processor.py:840} INFO - DAG(s) 'stock_fetch_dag' retrieved from /opt/airflow/dags/stock_pipeline_dag.py
[2025-09-06T14:00:11.305+0000] {logging_mixin.py:188} INFO - [2025-09-06T14:00:11.304+0000] {dag.py:3096} INFO - Sync 1 DAGs
[2025-09-06T14:00:11.411+0000] {logging_mixin.py:188} INFO - [2025-09-06T14:00:11.411+0000] {dag.py:3954} INFO - Setting next_dagrun for stock_fetch_dag to 2025-09-06 13:00:00+00:00, run_after=2025-09-06 14:00:00+00:00
[2025-09-06T14:00:11.504+0000] {processor.py:183} INFO - Processing /opt/airflow/dags/stock_pipeline_dag.py took 0.511 seconds
[2025-09-06T14:00:41.851+0000] {processor.py:161} INFO - Started process (PID=294) to work on /opt/airflow/dags/stock_pipeline_dag.py
[2025-09-06T14:00:41.856+0000] {processor.py:830} INFO - Processing file /opt/airflow/dags/stock_pipeline_dag.py for tasks to queue
[2025-09-06T14:00:41.864+0000] {logging_mixin.py:188} INFO - [2025-09-06T14:00:41.863+0000] {dagbag.py:545} INFO - Filling up the DagBag from /opt/airflow/dags/stock_pipeline_dag.py
[2025-09-06T14:00:42.009+0000] {processor.py:840} INFO - DAG(s) 'stock_fetch_dag' retrieved from /opt/airflow/dags/stock_pipeline_dag.py
[2025-09-06T14:00:42.128+0000] {logging_mixin.py:188} INFO - [2025-09-06T14:00:42.127+0000] {dag.py:3096} INFO - Sync 1 DAGs
[2025-09-06T14:00:42.227+0000] {logging_mixin.py:188} INFO - [2025-09-06T14:00:42.226+0000] {dag.py:3954} INFO - Setting next_dagrun for stock_fetch_dag to 2025-09-06 13:00:00+00:00, run_after=2025-09-06 14:00:00+00:00
[2025-09-06T14:00:42.313+0000] {processor.py:183} INFO - Processing /opt/airflow/dags/stock_pipeline_dag.py took 0.488 seconds
[2025-09-06T14:01:12.467+0000] {processor.py:161} INFO - Started process (PID=299) to work on /opt/airflow/dags/stock_pipeline_dag.py
[2025-09-06T14:01:12.471+0000] {processor.py:830} INFO - Processing file /opt/airflow/dags/stock_pipeline_dag.py for tasks to queue
[2025-09-06T14:01:12.478+0000] {logging_mixin.py:188} INFO - [2025-09-06T14:01:12.476+0000] {dagbag.py:545} INFO - Filling up the DagBag from /opt/airflow/dags/stock_pipeline_dag.py
[2025-09-06T14:01:12.594+0000] {processor.py:840} INFO - DAG(s) 'stock_fetch_dag' retrieved from /opt/airflow/dags/stock_pipeline_dag.py
[2025-09-06T14:01:12.692+0000] {logging_mixin.py:188} INFO - [2025-09-06T14:01:12.691+0000] {dag.py:3096} INFO - Sync 1 DAGs
[2025-09-06T14:01:12.771+0000] {logging_mixin.py:188} INFO - [2025-09-06T14:01:12.770+0000] {dag.py:3954} INFO - Setting next_dagrun for stock_fetch_dag to 2025-09-06 13:00:00+00:00, run_after=2025-09-06 14:00:00+00:00
[2025-09-06T14:01:12.849+0000] {processor.py:183} INFO - Processing /opt/airflow/dags/stock_pipeline_dag.py took 0.406 seconds
[2025-09-06T14:01:43.328+0000] {processor.py:161} INFO - Started process (PID=304) to work on /opt/airflow/dags/stock_pipeline_dag.py
[2025-09-06T14:01:43.332+0000] {processor.py:830} INFO - Processing file /opt/airflow/dags/stock_pipeline_dag.py for tasks to queue
[2025-09-06T14:01:43.340+0000] {logging_mixin.py:188} INFO - [2025-09-06T14:01:43.338+0000] {dagbag.py:545} INFO - Filling up the DagBag from /opt/airflow/dags/stock_pipeline_dag.py
[2025-09-06T14:01:43.483+0000] {processor.py:840} INFO - DAG(s) 'stock_fetch_dag' retrieved from /opt/airflow/dags/stock_pipeline_dag.py
[2025-09-06T14:01:43.600+0000] {logging_mixin.py:188} INFO - [2025-09-06T14:01:43.599+0000] {dag.py:3096} INFO - Sync 1 DAGs
[2025-09-06T14:01:43.679+0000] {logging_mixin.py:188} INFO - [2025-09-06T14:01:43.679+0000] {dag.py:3954} INFO - Setting next_dagrun for stock_fetch_dag to 2025-09-06 13:00:00+00:00, run_after=2025-09-06 14:00:00+00:00
[2025-09-06T14:01:43.757+0000] {processor.py:183} INFO - Processing /opt/airflow/dags/stock_pipeline_dag.py took 0.453 seconds
[2025-09-06T14:02:14.391+0000] {processor.py:161} INFO - Started process (PID=309) to work on /opt/airflow/dags/stock_pipeline_dag.py
[2025-09-06T14:02:14.396+0000] {processor.py:830} INFO - Processing file /opt/airflow/dags/stock_pipeline_dag.py for tasks to queue
[2025-09-06T14:02:14.407+0000] {logging_mixin.py:188} INFO - [2025-09-06T14:02:14.405+0000] {dagbag.py:545} INFO - Filling up the DagBag from /opt/airflow/dags/stock_pipeline_dag.py
[2025-09-06T14:02:14.565+0000] {processor.py:840} INFO - DAG(s) 'stock_fetch_dag' retrieved from /opt/airflow/dags/stock_pipeline_dag.py
[2025-09-06T14:02:14.653+0000] {logging_mixin.py:188} INFO - [2025-09-06T14:02:14.653+0000] {dag.py:3096} INFO - Sync 1 DAGs
[2025-09-06T14:02:14.721+0000] {logging_mixin.py:188} INFO - [2025-09-06T14:02:14.721+0000] {dag.py:3954} INFO - Setting next_dagrun for stock_fetch_dag to 2025-09-06 13:00:00+00:00, run_after=2025-09-06 14:00:00+00:00
[2025-09-06T14:02:14.780+0000] {processor.py:183} INFO - Processing /opt/airflow/dags/stock_pipeline_dag.py took 0.427 seconds
[2025-09-06T14:02:45.458+0000] {processor.py:161} INFO - Started process (PID=314) to work on /opt/airflow/dags/stock_pipeline_dag.py
[2025-09-06T14:02:45.464+0000] {processor.py:830} INFO - Processing file /opt/airflow/dags/stock_pipeline_dag.py for tasks to queue
[2025-09-06T14:02:45.473+0000] {logging_mixin.py:188} INFO - [2025-09-06T14:02:45.471+0000] {dagbag.py:545} INFO - Filling up the DagBag from /opt/airflow/dags/stock_pipeline_dag.py
[2025-09-06T14:02:45.603+0000] {processor.py:840} INFO - DAG(s) 'stock_fetch_dag' retrieved from /opt/airflow/dags/stock_pipeline_dag.py
[2025-09-06T14:02:45.705+0000] {logging_mixin.py:188} INFO - [2025-09-06T14:02:45.704+0000] {dag.py:3096} INFO - Sync 1 DAGs
[2025-09-06T14:02:45.766+0000] {logging_mixin.py:188} INFO - [2025-09-06T14:02:45.766+0000] {dag.py:3954} INFO - Setting next_dagrun for stock_fetch_dag to 2025-09-06 13:00:00+00:00, run_after=2025-09-06 14:00:00+00:00
[2025-09-06T14:02:45.818+0000] {processor.py:183} INFO - Processing /opt/airflow/dags/stock_pipeline_dag.py took 0.387 seconds
[2025-09-06T14:03:16.459+0000] {processor.py:161} INFO - Started process (PID=319) to work on /opt/airflow/dags/stock_pipeline_dag.py
[2025-09-06T14:03:16.464+0000] {processor.py:830} INFO - Processing file /opt/airflow/dags/stock_pipeline_dag.py for tasks to queue
[2025-09-06T14:03:16.472+0000] {logging_mixin.py:188} INFO - [2025-09-06T14:03:16.470+0000] {dagbag.py:545} INFO - Filling up the DagBag from /opt/airflow/dags/stock_pipeline_dag.py
[2025-09-06T14:03:16.627+0000] {processor.py:840} INFO - DAG(s) 'stock_fetch_dag' retrieved from /opt/airflow/dags/stock_pipeline_dag.py
[2025-09-06T14:03:16.704+0000] {logging_mixin.py:188} INFO - [2025-09-06T14:03:16.704+0000] {dag.py:3096} INFO - Sync 1 DAGs
[2025-09-06T14:03:16.760+0000] {logging_mixin.py:188} INFO - [2025-09-06T14:03:16.759+0000] {dag.py:3954} INFO - Setting next_dagrun for stock_fetch_dag to 2025-09-06 13:00:00+00:00, run_after=2025-09-06 14:00:00+00:00
[2025-09-06T14:03:16.807+0000] {processor.py:183} INFO - Processing /opt/airflow/dags/stock_pipeline_dag.py took 0.377 seconds
[2025-09-06T14:03:47.313+0000] {processor.py:161} INFO - Started process (PID=324) to work on /opt/airflow/dags/stock_pipeline_dag.py
[2025-09-06T14:03:47.316+0000] {processor.py:830} INFO - Processing file /opt/airflow/dags/stock_pipeline_dag.py for tasks to queue
[2025-09-06T14:03:47.320+0000] {logging_mixin.py:188} INFO - [2025-09-06T14:03:47.319+0000] {dagbag.py:545} INFO - Filling up the DagBag from /opt/airflow/dags/stock_pipeline_dag.py
[2025-09-06T14:03:47.393+0000] {processor.py:840} INFO - DAG(s) 'stock_fetch_dag' retrieved from /opt/airflow/dags/stock_pipeline_dag.py
[2025-09-06T14:03:47.462+0000] {logging_mixin.py:188} INFO - [2025-09-06T14:03:47.462+0000] {dag.py:3096} INFO - Sync 1 DAGs
[2025-09-06T14:03:47.520+0000] {logging_mixin.py:188} INFO - [2025-09-06T14:03:47.519+0000] {dag.py:3954} INFO - Setting next_dagrun for stock_fetch_dag to 2025-09-06 13:00:00+00:00, run_after=2025-09-06 14:00:00+00:00
[2025-09-06T14:03:47.569+0000] {processor.py:183} INFO - Processing /opt/airflow/dags/stock_pipeline_dag.py took 0.275 seconds
[2025-09-06T14:04:17.835+0000] {processor.py:161} INFO - Started process (PID=329) to work on /opt/airflow/dags/stock_pipeline_dag.py
[2025-09-06T14:04:17.839+0000] {processor.py:830} INFO - Processing file /opt/airflow/dags/stock_pipeline_dag.py for tasks to queue
[2025-09-06T14:04:17.850+0000] {logging_mixin.py:188} INFO - [2025-09-06T14:04:17.848+0000] {dagbag.py:545} INFO - Filling up the DagBag from /opt/airflow/dags/stock_pipeline_dag.py
[2025-09-06T14:04:17.992+0000] {processor.py:840} INFO - DAG(s) 'stock_fetch_dag' retrieved from /opt/airflow/dags/stock_pipeline_dag.py
[2025-09-06T14:04:18.113+0000] {logging_mixin.py:188} INFO - [2025-09-06T14:04:18.113+0000] {dag.py:3096} INFO - Sync 1 DAGs
[2025-09-06T14:04:18.212+0000] {logging_mixin.py:188} INFO - [2025-09-06T14:04:18.211+0000] {dag.py:3954} INFO - Setting next_dagrun for stock_fetch_dag to 2025-09-06 13:00:00+00:00, run_after=2025-09-06 14:00:00+00:00
[2025-09-06T14:04:18.283+0000] {processor.py:183} INFO - Processing /opt/airflow/dags/stock_pipeline_dag.py took 0.476 seconds
[2025-09-06T14:04:48.546+0000] {processor.py:161} INFO - Started process (PID=334) to work on /opt/airflow/dags/stock_pipeline_dag.py
[2025-09-06T14:04:48.549+0000] {processor.py:830} INFO - Processing file /opt/airflow/dags/stock_pipeline_dag.py for tasks to queue
[2025-09-06T14:04:48.555+0000] {logging_mixin.py:188} INFO - [2025-09-06T14:04:48.554+0000] {dagbag.py:545} INFO - Filling up the DagBag from /opt/airflow/dags/stock_pipeline_dag.py
[2025-09-06T14:04:48.643+0000] {processor.py:840} INFO - DAG(s) 'stock_fetch_dag' retrieved from /opt/airflow/dags/stock_pipeline_dag.py
[2025-09-06T14:04:48.714+0000] {logging_mixin.py:188} INFO - [2025-09-06T14:04:48.713+0000] {dag.py:3096} INFO - Sync 1 DAGs
[2025-09-06T14:04:48.780+0000] {logging_mixin.py:188} INFO - [2025-09-06T14:04:48.779+0000] {dag.py:3954} INFO - Setting next_dagrun for stock_fetch_dag to 2025-09-06 13:00:00+00:00, run_after=2025-09-06 14:00:00+00:00
[2025-09-06T14:04:48.844+0000] {processor.py:183} INFO - Processing /opt/airflow/dags/stock_pipeline_dag.py took 0.318 seconds
[2025-09-06T14:05:19.303+0000] {processor.py:161} INFO - Started process (PID=339) to work on /opt/airflow/dags/stock_pipeline_dag.py
[2025-09-06T14:05:19.308+0000] {processor.py:830} INFO - Processing file /opt/airflow/dags/stock_pipeline_dag.py for tasks to queue
[2025-09-06T14:05:19.317+0000] {logging_mixin.py:188} INFO - [2025-09-06T14:05:19.315+0000] {dagbag.py:545} INFO - Filling up the DagBag from /opt/airflow/dags/stock_pipeline_dag.py
[2025-09-06T14:05:19.461+0000] {processor.py:840} INFO - DAG(s) 'stock_fetch_dag' retrieved from /opt/airflow/dags/stock_pipeline_dag.py
[2025-09-06T14:05:19.583+0000] {logging_mixin.py:188} INFO - [2025-09-06T14:05:19.582+0000] {dag.py:3096} INFO - Sync 1 DAGs
[2025-09-06T14:05:19.681+0000] {logging_mixin.py:188} INFO - [2025-09-06T14:05:19.681+0000] {dag.py:3954} INFO - Setting next_dagrun for stock_fetch_dag to 2025-09-06 13:00:00+00:00, run_after=2025-09-06 14:00:00+00:00
[2025-09-06T14:05:19.756+0000] {processor.py:183} INFO - Processing /opt/airflow/dags/stock_pipeline_dag.py took 0.491 seconds
[2025-09-06T14:05:50.301+0000] {processor.py:161} INFO - Started process (PID=344) to work on /opt/airflow/dags/stock_pipeline_dag.py
[2025-09-06T14:05:50.304+0000] {processor.py:830} INFO - Processing file /opt/airflow/dags/stock_pipeline_dag.py for tasks to queue
[2025-09-06T14:05:50.309+0000] {logging_mixin.py:188} INFO - [2025-09-06T14:05:50.308+0000] {dagbag.py:545} INFO - Filling up the DagBag from /opt/airflow/dags/stock_pipeline_dag.py
[2025-09-06T14:05:50.398+0000] {processor.py:840} INFO - DAG(s) 'stock_fetch_dag' retrieved from /opt/airflow/dags/stock_pipeline_dag.py
[2025-09-06T14:05:50.471+0000] {logging_mixin.py:188} INFO - [2025-09-06T14:05:50.471+0000] {dag.py:3096} INFO - Sync 1 DAGs
[2025-09-06T14:05:50.537+0000] {logging_mixin.py:188} INFO - [2025-09-06T14:05:50.536+0000] {dag.py:3954} INFO - Setting next_dagrun for stock_fetch_dag to 2025-09-06 13:00:00+00:00, run_after=2025-09-06 14:00:00+00:00
[2025-09-06T14:05:50.592+0000] {processor.py:183} INFO - Processing /opt/airflow/dags/stock_pipeline_dag.py took 0.309 seconds
[2025-09-06T14:06:20.814+0000] {processor.py:161} INFO - Started process (PID=349) to work on /opt/airflow/dags/stock_pipeline_dag.py
[2025-09-06T14:06:20.818+0000] {processor.py:830} INFO - Processing file /opt/airflow/dags/stock_pipeline_dag.py for tasks to queue
[2025-09-06T14:06:20.826+0000] {logging_mixin.py:188} INFO - [2025-09-06T14:06:20.825+0000] {dagbag.py:545} INFO - Filling up the DagBag from /opt/airflow/dags/stock_pipeline_dag.py
[2025-09-06T14:06:20.971+0000] {processor.py:840} INFO - DAG(s) 'stock_fetch_dag' retrieved from /opt/airflow/dags/stock_pipeline_dag.py
[2025-09-06T14:06:21.094+0000] {logging_mixin.py:188} INFO - [2025-09-06T14:06:21.092+0000] {dag.py:3096} INFO - Sync 1 DAGs
[2025-09-06T14:06:21.195+0000] {logging_mixin.py:188} INFO - [2025-09-06T14:06:21.195+0000] {dag.py:3954} INFO - Setting next_dagrun for stock_fetch_dag to 2025-09-06 13:00:00+00:00, run_after=2025-09-06 14:00:00+00:00
[2025-09-06T14:06:21.282+0000] {processor.py:183} INFO - Processing /opt/airflow/dags/stock_pipeline_dag.py took 0.503 seconds
[2025-09-06T14:06:51.599+0000] {processor.py:161} INFO - Started process (PID=354) to work on /opt/airflow/dags/stock_pipeline_dag.py
[2025-09-06T14:06:51.604+0000] {processor.py:830} INFO - Processing file /opt/airflow/dags/stock_pipeline_dag.py for tasks to queue
[2025-09-06T14:06:51.612+0000] {logging_mixin.py:188} INFO - [2025-09-06T14:06:51.610+0000] {dagbag.py:545} INFO - Filling up the DagBag from /opt/airflow/dags/stock_pipeline_dag.py
[2025-09-06T14:06:51.786+0000] {processor.py:840} INFO - DAG(s) 'stock_fetch_dag' retrieved from /opt/airflow/dags/stock_pipeline_dag.py
[2025-09-06T14:06:51.925+0000] {logging_mixin.py:188} INFO - [2025-09-06T14:06:51.924+0000] {dag.py:3096} INFO - Sync 1 DAGs
[2025-09-06T14:06:52.025+0000] {logging_mixin.py:188} INFO - [2025-09-06T14:06:52.024+0000] {dag.py:3954} INFO - Setting next_dagrun for stock_fetch_dag to 2025-09-06 13:00:00+00:00, run_after=2025-09-06 14:00:00+00:00
[2025-09-06T14:06:52.080+0000] {processor.py:183} INFO - Processing /opt/airflow/dags/stock_pipeline_dag.py took 0.519 seconds
[2025-09-06T14:07:22.503+0000] {processor.py:161} INFO - Started process (PID=359) to work on /opt/airflow/dags/stock_pipeline_dag.py
[2025-09-06T14:07:22.506+0000] {processor.py:830} INFO - Processing file /opt/airflow/dags/stock_pipeline_dag.py for tasks to queue
[2025-09-06T14:07:22.513+0000] {logging_mixin.py:188} INFO - [2025-09-06T14:07:22.512+0000] {dagbag.py:545} INFO - Filling up the DagBag from /opt/airflow/dags/stock_pipeline_dag.py
[2025-09-06T14:07:22.604+0000] {processor.py:840} INFO - DAG(s) 'stock_fetch_dag' retrieved from /opt/airflow/dags/stock_pipeline_dag.py
[2025-09-06T14:07:22.680+0000] {logging_mixin.py:188} INFO - [2025-09-06T14:07:22.680+0000] {dag.py:3096} INFO - Sync 1 DAGs
[2025-09-06T14:07:22.771+0000] {logging_mixin.py:188} INFO - [2025-09-06T14:07:22.771+0000] {dag.py:3954} INFO - Setting next_dagrun for stock_fetch_dag to 2025-09-06 13:00:00+00:00, run_after=2025-09-06 14:00:00+00:00
[2025-09-06T14:07:22.824+0000] {processor.py:183} INFO - Processing /opt/airflow/dags/stock_pipeline_dag.py took 0.344 seconds
[2025-09-06T14:07:53.087+0000] {processor.py:161} INFO - Started process (PID=364) to work on /opt/airflow/dags/stock_pipeline_dag.py
[2025-09-06T14:07:53.092+0000] {processor.py:830} INFO - Processing file /opt/airflow/dags/stock_pipeline_dag.py for tasks to queue
[2025-09-06T14:07:53.100+0000] {logging_mixin.py:188} INFO - [2025-09-06T14:07:53.098+0000] {dagbag.py:545} INFO - Filling up the DagBag from /opt/airflow/dags/stock_pipeline_dag.py
[2025-09-06T14:07:53.246+0000] {processor.py:840} INFO - DAG(s) 'stock_fetch_dag' retrieved from /opt/airflow/dags/stock_pipeline_dag.py
[2025-09-06T14:07:53.362+0000] {logging_mixin.py:188} INFO - [2025-09-06T14:07:53.361+0000] {dag.py:3096} INFO - Sync 1 DAGs
[2025-09-06T14:07:53.471+0000] {logging_mixin.py:188} INFO - [2025-09-06T14:07:53.471+0000] {dag.py:3954} INFO - Setting next_dagrun for stock_fetch_dag to 2025-09-06 13:00:00+00:00, run_after=2025-09-06 14:00:00+00:00
[2025-09-06T14:07:53.557+0000] {processor.py:183} INFO - Processing /opt/airflow/dags/stock_pipeline_dag.py took 0.497 seconds
[2025-09-06T14:08:23.813+0000] {processor.py:161} INFO - Started process (PID=369) to work on /opt/airflow/dags/stock_pipeline_dag.py
[2025-09-06T14:08:23.818+0000] {processor.py:830} INFO - Processing file /opt/airflow/dags/stock_pipeline_dag.py for tasks to queue
[2025-09-06T14:08:23.826+0000] {logging_mixin.py:188} INFO - [2025-09-06T14:08:23.824+0000] {dagbag.py:545} INFO - Filling up the DagBag from /opt/airflow/dags/stock_pipeline_dag.py
[2025-09-06T14:08:23.969+0000] {processor.py:840} INFO - DAG(s) 'stock_fetch_dag' retrieved from /opt/airflow/dags/stock_pipeline_dag.py
[2025-09-06T14:08:24.087+0000] {logging_mixin.py:188} INFO - [2025-09-06T14:08:24.086+0000] {dag.py:3096} INFO - Sync 1 DAGs
[2025-09-06T14:08:24.182+0000] {logging_mixin.py:188} INFO - [2025-09-06T14:08:24.181+0000] {dag.py:3954} INFO - Setting next_dagrun for stock_fetch_dag to 2025-09-06 13:00:00+00:00, run_after=2025-09-06 14:00:00+00:00
[2025-09-06T14:08:24.239+0000] {processor.py:183} INFO - Processing /opt/airflow/dags/stock_pipeline_dag.py took 0.452 seconds
[2025-09-06T14:08:54.595+0000] {processor.py:161} INFO - Started process (PID=374) to work on /opt/airflow/dags/stock_pipeline_dag.py
[2025-09-06T14:08:54.600+0000] {processor.py:830} INFO - Processing file /opt/airflow/dags/stock_pipeline_dag.py for tasks to queue
[2025-09-06T14:08:54.609+0000] {logging_mixin.py:188} INFO - [2025-09-06T14:08:54.607+0000] {dagbag.py:545} INFO - Filling up the DagBag from /opt/airflow/dags/stock_pipeline_dag.py
[2025-09-06T14:08:54.761+0000] {processor.py:840} INFO - DAG(s) 'stock_fetch_dag' retrieved from /opt/airflow/dags/stock_pipeline_dag.py
[2025-09-06T14:08:54.894+0000] {logging_mixin.py:188} INFO - [2025-09-06T14:08:54.893+0000] {dag.py:3096} INFO - Sync 1 DAGs
[2025-09-06T14:08:54.993+0000] {logging_mixin.py:188} INFO - [2025-09-06T14:08:54.992+0000] {dag.py:3954} INFO - Setting next_dagrun for stock_fetch_dag to 2025-09-06 13:00:00+00:00, run_after=2025-09-06 14:00:00+00:00
[2025-09-06T14:08:55.077+0000] {processor.py:183} INFO - Processing /opt/airflow/dags/stock_pipeline_dag.py took 0.512 seconds
[2025-09-06T14:09:25.690+0000] {processor.py:161} INFO - Started process (PID=379) to work on /opt/airflow/dags/stock_pipeline_dag.py
[2025-09-06T14:09:25.694+0000] {processor.py:830} INFO - Processing file /opt/airflow/dags/stock_pipeline_dag.py for tasks to queue
[2025-09-06T14:09:25.703+0000] {logging_mixin.py:188} INFO - [2025-09-06T14:09:25.701+0000] {dagbag.py:545} INFO - Filling up the DagBag from /opt/airflow/dags/stock_pipeline_dag.py
[2025-09-06T14:09:25.847+0000] {processor.py:840} INFO - DAG(s) 'stock_fetch_dag' retrieved from /opt/airflow/dags/stock_pipeline_dag.py
[2025-09-06T14:09:25.968+0000] {logging_mixin.py:188} INFO - [2025-09-06T14:09:25.968+0000] {dag.py:3096} INFO - Sync 1 DAGs
[2025-09-06T14:09:26.013+0000] {logging_mixin.py:188} INFO - [2025-09-06T14:09:26.013+0000] {dag.py:3954} INFO - Setting next_dagrun for stock_fetch_dag to 2025-09-06 13:00:00+00:00, run_after=2025-09-06 14:00:00+00:00
[2025-09-06T14:09:26.072+0000] {processor.py:183} INFO - Processing /opt/airflow/dags/stock_pipeline_dag.py took 0.409 seconds
[2025-09-06T14:09:56.653+0000] {processor.py:161} INFO - Started process (PID=384) to work on /opt/airflow/dags/stock_pipeline_dag.py
[2025-09-06T14:09:56.657+0000] {processor.py:830} INFO - Processing file /opt/airflow/dags/stock_pipeline_dag.py for tasks to queue
[2025-09-06T14:09:56.666+0000] {logging_mixin.py:188} INFO - [2025-09-06T14:09:56.664+0000] {dagbag.py:545} INFO - Filling up the DagBag from /opt/airflow/dags/stock_pipeline_dag.py
[2025-09-06T14:09:56.796+0000] {processor.py:840} INFO - DAG(s) 'stock_fetch_dag' retrieved from /opt/airflow/dags/stock_pipeline_dag.py
[2025-09-06T14:09:56.930+0000] {logging_mixin.py:188} INFO - [2025-09-06T14:09:56.929+0000] {dag.py:3096} INFO - Sync 1 DAGs
[2025-09-06T14:09:57.035+0000] {logging_mixin.py:188} INFO - [2025-09-06T14:09:57.035+0000] {dag.py:3954} INFO - Setting next_dagrun for stock_fetch_dag to 2025-09-06 13:00:00+00:00, run_after=2025-09-06 14:00:00+00:00
[2025-09-06T14:09:57.119+0000] {processor.py:183} INFO - Processing /opt/airflow/dags/stock_pipeline_dag.py took 0.496 seconds
[2025-09-06T14:10:27.647+0000] {processor.py:161} INFO - Started process (PID=389) to work on /opt/airflow/dags/stock_pipeline_dag.py
[2025-09-06T14:10:27.651+0000] {processor.py:830} INFO - Processing file /opt/airflow/dags/stock_pipeline_dag.py for tasks to queue
[2025-09-06T14:10:27.659+0000] {logging_mixin.py:188} INFO - [2025-09-06T14:10:27.657+0000] {dagbag.py:545} INFO - Filling up the DagBag from /opt/airflow/dags/stock_pipeline_dag.py
[2025-09-06T14:10:27.805+0000] {processor.py:840} INFO - DAG(s) 'stock_fetch_dag' retrieved from /opt/airflow/dags/stock_pipeline_dag.py
[2025-09-06T14:10:27.923+0000] {logging_mixin.py:188} INFO - [2025-09-06T14:10:27.922+0000] {dag.py:3096} INFO - Sync 1 DAGs
[2025-09-06T14:10:28.029+0000] {logging_mixin.py:188} INFO - [2025-09-06T14:10:28.028+0000] {dag.py:3954} INFO - Setting next_dagrun for stock_fetch_dag to 2025-09-06 13:00:00+00:00, run_after=2025-09-06 14:00:00+00:00
[2025-09-06T14:10:28.119+0000] {processor.py:183} INFO - Processing /opt/airflow/dags/stock_pipeline_dag.py took 0.496 seconds
[2025-09-06T14:10:58.742+0000] {processor.py:161} INFO - Started process (PID=394) to work on /opt/airflow/dags/stock_pipeline_dag.py
[2025-09-06T14:10:58.747+0000] {processor.py:830} INFO - Processing file /opt/airflow/dags/stock_pipeline_dag.py for tasks to queue
[2025-09-06T14:10:58.755+0000] {logging_mixin.py:188} INFO - [2025-09-06T14:10:58.754+0000] {dagbag.py:545} INFO - Filling up the DagBag from /opt/airflow/dags/stock_pipeline_dag.py
[2025-09-06T14:10:58.901+0000] {processor.py:840} INFO - DAG(s) 'stock_fetch_dag' retrieved from /opt/airflow/dags/stock_pipeline_dag.py
[2025-09-06T14:10:59.034+0000] {logging_mixin.py:188} INFO - [2025-09-06T14:10:59.033+0000] {dag.py:3096} INFO - Sync 1 DAGs
[2025-09-06T14:10:59.176+0000] {logging_mixin.py:188} INFO - [2025-09-06T14:10:59.175+0000] {dag.py:3954} INFO - Setting next_dagrun for stock_fetch_dag to 2025-09-06 13:00:00+00:00, run_after=2025-09-06 14:00:00+00:00
[2025-09-06T14:10:59.224+0000] {processor.py:183} INFO - Processing /opt/airflow/dags/stock_pipeline_dag.py took 0.508 seconds
[2025-09-06T14:11:29.677+0000] {processor.py:161} INFO - Started process (PID=399) to work on /opt/airflow/dags/stock_pipeline_dag.py
[2025-09-06T14:11:29.684+0000] {processor.py:830} INFO - Processing file /opt/airflow/dags/stock_pipeline_dag.py for tasks to queue
[2025-09-06T14:11:29.695+0000] {logging_mixin.py:188} INFO - [2025-09-06T14:11:29.694+0000] {dagbag.py:545} INFO - Filling up the DagBag from /opt/airflow/dags/stock_pipeline_dag.py
[2025-09-06T14:11:29.866+0000] {processor.py:840} INFO - DAG(s) 'stock_fetch_dag' retrieved from /opt/airflow/dags/stock_pipeline_dag.py
[2025-09-06T14:11:30.008+0000] {logging_mixin.py:188} INFO - [2025-09-06T14:11:30.007+0000] {dag.py:3096} INFO - Sync 1 DAGs
[2025-09-06T14:11:30.138+0000] {logging_mixin.py:188} INFO - [2025-09-06T14:11:30.137+0000] {dag.py:3954} INFO - Setting next_dagrun for stock_fetch_dag to 2025-09-06 13:00:00+00:00, run_after=2025-09-06 14:00:00+00:00
[2025-09-06T14:11:30.259+0000] {processor.py:183} INFO - Processing /opt/airflow/dags/stock_pipeline_dag.py took 0.645 seconds
[2025-09-06T14:12:00.982+0000] {processor.py:161} INFO - Started process (PID=404) to work on /opt/airflow/dags/stock_pipeline_dag.py
[2025-09-06T14:12:00.988+0000] {processor.py:830} INFO - Processing file /opt/airflow/dags/stock_pipeline_dag.py for tasks to queue
[2025-09-06T14:12:01.000+0000] {logging_mixin.py:188} INFO - [2025-09-06T14:12:00.998+0000] {dagbag.py:545} INFO - Filling up the DagBag from /opt/airflow/dags/stock_pipeline_dag.py
[2025-09-06T14:12:01.156+0000] {processor.py:840} INFO - DAG(s) 'stock_fetch_dag' retrieved from /opt/airflow/dags/stock_pipeline_dag.py
[2025-09-06T14:12:01.287+0000] {logging_mixin.py:188} INFO - [2025-09-06T14:12:01.286+0000] {dag.py:3096} INFO - Sync 1 DAGs
[2025-09-06T14:12:01.349+0000] {logging_mixin.py:188} INFO - [2025-09-06T14:12:01.348+0000] {dag.py:3954} INFO - Setting next_dagrun for stock_fetch_dag to 2025-09-06 13:00:00+00:00, run_after=2025-09-06 14:00:00+00:00
[2025-09-06T14:12:01.409+0000] {processor.py:183} INFO - Processing /opt/airflow/dags/stock_pipeline_dag.py took 0.467 seconds
[2025-09-06T14:12:31.975+0000] {processor.py:161} INFO - Started process (PID=409) to work on /opt/airflow/dags/stock_pipeline_dag.py
[2025-09-06T14:12:31.981+0000] {processor.py:830} INFO - Processing file /opt/airflow/dags/stock_pipeline_dag.py for tasks to queue
[2025-09-06T14:12:31.998+0000] {logging_mixin.py:188} INFO - [2025-09-06T14:12:31.995+0000] {dagbag.py:545} INFO - Filling up the DagBag from /opt/airflow/dags/stock_pipeline_dag.py
[2025-09-06T14:12:32.135+0000] {processor.py:840} INFO - DAG(s) 'stock_fetch_dag' retrieved from /opt/airflow/dags/stock_pipeline_dag.py
[2025-09-06T14:12:32.221+0000] {logging_mixin.py:188} INFO - [2025-09-06T14:12:32.220+0000] {dag.py:3096} INFO - Sync 1 DAGs
[2025-09-06T14:12:32.316+0000] {logging_mixin.py:188} INFO - [2025-09-06T14:12:32.315+0000] {dag.py:3954} INFO - Setting next_dagrun for stock_fetch_dag to 2025-09-06 13:00:00+00:00, run_after=2025-09-06 14:00:00+00:00
[2025-09-06T14:12:32.414+0000] {processor.py:183} INFO - Processing /opt/airflow/dags/stock_pipeline_dag.py took 0.474 seconds
[2025-09-06T14:13:03.009+0000] {processor.py:161} INFO - Started process (PID=414) to work on /opt/airflow/dags/stock_pipeline_dag.py
[2025-09-06T14:13:03.014+0000] {processor.py:830} INFO - Processing file /opt/airflow/dags/stock_pipeline_dag.py for tasks to queue
[2025-09-06T14:13:03.021+0000] {logging_mixin.py:188} INFO - [2025-09-06T14:13:03.020+0000] {dagbag.py:545} INFO - Filling up the DagBag from /opt/airflow/dags/stock_pipeline_dag.py
[2025-09-06T14:13:03.147+0000] {processor.py:840} INFO - DAG(s) 'stock_fetch_dag' retrieved from /opt/airflow/dags/stock_pipeline_dag.py
[2025-09-06T14:13:03.265+0000] {logging_mixin.py:188} INFO - [2025-09-06T14:13:03.265+0000] {dag.py:3096} INFO - Sync 1 DAGs
[2025-09-06T14:13:03.362+0000] {logging_mixin.py:188} INFO - [2025-09-06T14:13:03.361+0000] {dag.py:3954} INFO - Setting next_dagrun for stock_fetch_dag to 2025-09-06 13:00:00+00:00, run_after=2025-09-06 14:00:00+00:00
[2025-09-06T14:13:03.436+0000] {processor.py:183} INFO - Processing /opt/airflow/dags/stock_pipeline_dag.py took 0.454 seconds
[2025-09-06T14:13:33.833+0000] {processor.py:161} INFO - Started process (PID=419) to work on /opt/airflow/dags/stock_pipeline_dag.py
[2025-09-06T14:13:33.836+0000] {processor.py:830} INFO - Processing file /opt/airflow/dags/stock_pipeline_dag.py for tasks to queue
[2025-09-06T14:13:33.844+0000] {logging_mixin.py:188} INFO - [2025-09-06T14:13:33.843+0000] {dagbag.py:545} INFO - Filling up the DagBag from /opt/airflow/dags/stock_pipeline_dag.py
[2025-09-06T14:13:33.948+0000] {processor.py:840} INFO - DAG(s) 'stock_fetch_dag' retrieved from /opt/airflow/dags/stock_pipeline_dag.py
[2025-09-06T14:13:34.082+0000] {logging_mixin.py:188} INFO - [2025-09-06T14:13:34.081+0000] {dag.py:3096} INFO - Sync 1 DAGs
[2025-09-06T14:13:34.190+0000] {logging_mixin.py:188} INFO - [2025-09-06T14:13:34.190+0000] {dag.py:3954} INFO - Setting next_dagrun for stock_fetch_dag to 2025-09-06 13:00:00+00:00, run_after=2025-09-06 14:00:00+00:00
[2025-09-06T14:13:34.277+0000] {processor.py:183} INFO - Processing /opt/airflow/dags/stock_pipeline_dag.py took 0.469 seconds
[2025-09-06T14:14:04.896+0000] {processor.py:161} INFO - Started process (PID=424) to work on /opt/airflow/dags/stock_pipeline_dag.py
[2025-09-06T14:14:04.901+0000] {processor.py:830} INFO - Processing file /opt/airflow/dags/stock_pipeline_dag.py for tasks to queue
[2025-09-06T14:14:04.914+0000] {logging_mixin.py:188} INFO - [2025-09-06T14:14:04.912+0000] {dagbag.py:545} INFO - Filling up the DagBag from /opt/airflow/dags/stock_pipeline_dag.py
[2025-09-06T14:14:05.074+0000] {processor.py:840} INFO - DAG(s) 'stock_fetch_dag' retrieved from /opt/airflow/dags/stock_pipeline_dag.py
[2025-09-06T14:14:05.212+0000] {logging_mixin.py:188} INFO - [2025-09-06T14:14:05.211+0000] {dag.py:3096} INFO - Sync 1 DAGs
[2025-09-06T14:14:05.327+0000] {logging_mixin.py:188} INFO - [2025-09-06T14:14:05.326+0000] {dag.py:3954} INFO - Setting next_dagrun for stock_fetch_dag to 2025-09-06 13:00:00+00:00, run_after=2025-09-06 14:00:00+00:00
[2025-09-06T14:14:05.412+0000] {processor.py:183} INFO - Processing /opt/airflow/dags/stock_pipeline_dag.py took 0.548 seconds
[2025-09-06T14:14:35.838+0000] {processor.py:161} INFO - Started process (PID=429) to work on /opt/airflow/dags/stock_pipeline_dag.py
[2025-09-06T14:14:35.842+0000] {processor.py:830} INFO - Processing file /opt/airflow/dags/stock_pipeline_dag.py for tasks to queue
[2025-09-06T14:14:35.853+0000] {logging_mixin.py:188} INFO - [2025-09-06T14:14:35.851+0000] {dagbag.py:545} INFO - Filling up the DagBag from /opt/airflow/dags/stock_pipeline_dag.py
[2025-09-06T14:14:36.000+0000] {processor.py:840} INFO - DAG(s) 'stock_fetch_dag' retrieved from /opt/airflow/dags/stock_pipeline_dag.py
[2025-09-06T14:14:36.121+0000] {logging_mixin.py:188} INFO - [2025-09-06T14:14:36.120+0000] {dag.py:3096} INFO - Sync 1 DAGs
[2025-09-06T14:14:36.228+0000] {logging_mixin.py:188} INFO - [2025-09-06T14:14:36.227+0000] {dag.py:3954} INFO - Setting next_dagrun for stock_fetch_dag to 2025-09-06 13:00:00+00:00, run_after=2025-09-06 14:00:00+00:00
[2025-09-06T14:14:36.283+0000] {processor.py:183} INFO - Processing /opt/airflow/dags/stock_pipeline_dag.py took 0.471 seconds
[2025-09-06T14:15:06.864+0000] {processor.py:161} INFO - Started process (PID=434) to work on /opt/airflow/dags/stock_pipeline_dag.py
[2025-09-06T14:15:06.869+0000] {processor.py:830} INFO - Processing file /opt/airflow/dags/stock_pipeline_dag.py for tasks to queue
[2025-09-06T14:15:06.890+0000] {logging_mixin.py:188} INFO - [2025-09-06T14:15:06.889+0000] {dagbag.py:545} INFO - Filling up the DagBag from /opt/airflow/dags/stock_pipeline_dag.py
[2025-09-06T14:15:07.041+0000] {processor.py:840} INFO - DAG(s) 'stock_fetch_dag' retrieved from /opt/airflow/dags/stock_pipeline_dag.py
[2025-09-06T14:15:07.170+0000] {logging_mixin.py:188} INFO - [2025-09-06T14:15:07.169+0000] {dag.py:3096} INFO - Sync 1 DAGs
[2025-09-06T14:15:07.244+0000] {logging_mixin.py:188} INFO - [2025-09-06T14:15:07.244+0000] {dag.py:3954} INFO - Setting next_dagrun for stock_fetch_dag to 2025-09-06 13:00:00+00:00, run_after=2025-09-06 14:00:00+00:00
[2025-09-06T14:15:07.303+0000] {processor.py:183} INFO - Processing /opt/airflow/dags/stock_pipeline_dag.py took 0.472 seconds
[2025-09-06T14:15:37.892+0000] {processor.py:161} INFO - Started process (PID=439) to work on /opt/airflow/dags/stock_pipeline_dag.py
[2025-09-06T14:15:37.896+0000] {processor.py:830} INFO - Processing file /opt/airflow/dags/stock_pipeline_dag.py for tasks to queue
[2025-09-06T14:15:37.904+0000] {logging_mixin.py:188} INFO - [2025-09-06T14:15:37.902+0000] {dagbag.py:545} INFO - Filling up the DagBag from /opt/airflow/dags/stock_pipeline_dag.py
[2025-09-06T14:15:38.037+0000] {processor.py:840} INFO - DAG(s) 'stock_fetch_dag' retrieved from /opt/airflow/dags/stock_pipeline_dag.py
[2025-09-06T14:15:38.139+0000] {logging_mixin.py:188} INFO - [2025-09-06T14:15:38.138+0000] {dag.py:3096} INFO - Sync 1 DAGs
[2025-09-06T14:15:38.193+0000] {logging_mixin.py:188} INFO - [2025-09-06T14:15:38.192+0000] {dag.py:3954} INFO - Setting next_dagrun for stock_fetch_dag to 2025-09-06 13:00:00+00:00, run_after=2025-09-06 14:00:00+00:00
[2025-09-06T14:15:38.233+0000] {processor.py:183} INFO - Processing /opt/airflow/dags/stock_pipeline_dag.py took 0.373 seconds
[2025-09-06T14:16:08.446+0000] {processor.py:161} INFO - Started process (PID=444) to work on /opt/airflow/dags/stock_pipeline_dag.py
[2025-09-06T14:16:08.451+0000] {processor.py:830} INFO - Processing file /opt/airflow/dags/stock_pipeline_dag.py for tasks to queue
[2025-09-06T14:16:08.466+0000] {logging_mixin.py:188} INFO - [2025-09-06T14:16:08.464+0000] {dagbag.py:545} INFO - Filling up the DagBag from /opt/airflow/dags/stock_pipeline_dag.py
[2025-09-06T14:16:08.625+0000] {processor.py:840} INFO - DAG(s) 'stock_fetch_dag' retrieved from /opt/airflow/dags/stock_pipeline_dag.py
[2025-09-06T14:16:08.746+0000] {logging_mixin.py:188} INFO - [2025-09-06T14:16:08.745+0000] {dag.py:3096} INFO - Sync 1 DAGs
[2025-09-06T14:16:08.858+0000] {logging_mixin.py:188} INFO - [2025-09-06T14:16:08.857+0000] {dag.py:3954} INFO - Setting next_dagrun for stock_fetch_dag to 2025-09-06 13:00:00+00:00, run_after=2025-09-06 14:00:00+00:00
[2025-09-06T14:16:08.943+0000] {processor.py:183} INFO - Processing /opt/airflow/dags/stock_pipeline_dag.py took 0.534 seconds
[2025-09-06T14:16:39.263+0000] {processor.py:161} INFO - Started process (PID=449) to work on /opt/airflow/dags/stock_pipeline_dag.py
[2025-09-06T14:16:39.270+0000] {processor.py:830} INFO - Processing file /opt/airflow/dags/stock_pipeline_dag.py for tasks to queue
[2025-09-06T14:16:39.278+0000] {logging_mixin.py:188} INFO - [2025-09-06T14:16:39.277+0000] {dagbag.py:545} INFO - Filling up the DagBag from /opt/airflow/dags/stock_pipeline_dag.py
[2025-09-06T14:16:39.432+0000] {processor.py:840} INFO - DAG(s) 'stock_fetch_dag' retrieved from /opt/airflow/dags/stock_pipeline_dag.py
[2025-09-06T14:16:39.556+0000] {logging_mixin.py:188} INFO - [2025-09-06T14:16:39.555+0000] {dag.py:3096} INFO - Sync 1 DAGs
[2025-09-06T14:16:39.614+0000] {logging_mixin.py:188} INFO - [2025-09-06T14:16:39.614+0000] {dag.py:3954} INFO - Setting next_dagrun for stock_fetch_dag to 2025-09-06 13:00:00+00:00, run_after=2025-09-06 14:00:00+00:00
[2025-09-06T14:16:39.676+0000] {processor.py:183} INFO - Processing /opt/airflow/dags/stock_pipeline_dag.py took 0.441 seconds
[2025-09-06T14:17:10.021+0000] {processor.py:161} INFO - Started process (PID=454) to work on /opt/airflow/dags/stock_pipeline_dag.py
[2025-09-06T14:17:10.025+0000] {processor.py:830} INFO - Processing file /opt/airflow/dags/stock_pipeline_dag.py for tasks to queue
[2025-09-06T14:17:10.033+0000] {logging_mixin.py:188} INFO - [2025-09-06T14:17:10.032+0000] {dagbag.py:545} INFO - Filling up the DagBag from /opt/airflow/dags/stock_pipeline_dag.py
[2025-09-06T14:17:10.181+0000] {processor.py:840} INFO - DAG(s) 'stock_fetch_dag' retrieved from /opt/airflow/dags/stock_pipeline_dag.py
[2025-09-06T14:17:10.293+0000] {logging_mixin.py:188} INFO - [2025-09-06T14:17:10.293+0000] {dag.py:3096} INFO - Sync 1 DAGs
[2025-09-06T14:17:10.343+0000] {logging_mixin.py:188} INFO - [2025-09-06T14:17:10.342+0000] {dag.py:3954} INFO - Setting next_dagrun for stock_fetch_dag to 2025-09-06 13:00:00+00:00, run_after=2025-09-06 14:00:00+00:00
[2025-09-06T14:17:10.398+0000] {processor.py:183} INFO - Processing /opt/airflow/dags/stock_pipeline_dag.py took 0.409 seconds
[2025-09-06T14:17:40.749+0000] {processor.py:161} INFO - Started process (PID=459) to work on /opt/airflow/dags/stock_pipeline_dag.py
[2025-09-06T14:17:40.754+0000] {processor.py:830} INFO - Processing file /opt/airflow/dags/stock_pipeline_dag.py for tasks to queue
[2025-09-06T14:17:40.762+0000] {logging_mixin.py:188} INFO - [2025-09-06T14:17:40.761+0000] {dagbag.py:545} INFO - Filling up the DagBag from /opt/airflow/dags/stock_pipeline_dag.py
[2025-09-06T14:17:40.917+0000] {processor.py:840} INFO - DAG(s) 'stock_fetch_dag' retrieved from /opt/airflow/dags/stock_pipeline_dag.py
[2025-09-06T14:17:41.055+0000] {logging_mixin.py:188} INFO - [2025-09-06T14:17:41.054+0000] {dag.py:3096} INFO - Sync 1 DAGs
[2025-09-06T14:17:41.154+0000] {logging_mixin.py:188} INFO - [2025-09-06T14:17:41.154+0000] {dag.py:3954} INFO - Setting next_dagrun for stock_fetch_dag to 2025-09-06 13:00:00+00:00, run_after=2025-09-06 14:00:00+00:00
[2025-09-06T14:17:41.205+0000] {processor.py:183} INFO - Processing /opt/airflow/dags/stock_pipeline_dag.py took 0.486 seconds
[2025-09-06T14:18:11.604+0000] {processor.py:161} INFO - Started process (PID=464) to work on /opt/airflow/dags/stock_pipeline_dag.py
[2025-09-06T14:18:11.608+0000] {processor.py:830} INFO - Processing file /opt/airflow/dags/stock_pipeline_dag.py for tasks to queue
[2025-09-06T14:18:11.618+0000] {logging_mixin.py:188} INFO - [2025-09-06T14:18:11.616+0000] {dagbag.py:545} INFO - Filling up the DagBag from /opt/airflow/dags/stock_pipeline_dag.py
[2025-09-06T14:18:11.772+0000] {processor.py:840} INFO - DAG(s) 'stock_fetch_dag' retrieved from /opt/airflow/dags/stock_pipeline_dag.py
[2025-09-06T14:18:11.889+0000] {logging_mixin.py:188} INFO - [2025-09-06T14:18:11.888+0000] {dag.py:3096} INFO - Sync 1 DAGs
[2025-09-06T14:18:11.961+0000] {logging_mixin.py:188} INFO - [2025-09-06T14:18:11.960+0000] {dag.py:3954} INFO - Setting next_dagrun for stock_fetch_dag to 2025-09-06 13:00:00+00:00, run_after=2025-09-06 14:00:00+00:00
[2025-09-06T14:18:12.021+0000] {processor.py:183} INFO - Processing /opt/airflow/dags/stock_pipeline_dag.py took 0.452 seconds
[2025-09-06T14:18:42.168+0000] {processor.py:161} INFO - Started process (PID=469) to work on /opt/airflow/dags/stock_pipeline_dag.py
[2025-09-06T14:18:42.171+0000] {processor.py:830} INFO - Processing file /opt/airflow/dags/stock_pipeline_dag.py for tasks to queue
[2025-09-06T14:18:42.177+0000] {logging_mixin.py:188} INFO - [2025-09-06T14:18:42.176+0000] {dagbag.py:545} INFO - Filling up the DagBag from /opt/airflow/dags/stock_pipeline_dag.py
[2025-09-06T14:18:42.254+0000] {processor.py:840} INFO - DAG(s) 'stock_fetch_dag' retrieved from /opt/airflow/dags/stock_pipeline_dag.py
[2025-09-06T14:18:42.332+0000] {logging_mixin.py:188} INFO - [2025-09-06T14:18:42.331+0000] {dag.py:3096} INFO - Sync 1 DAGs
[2025-09-06T14:18:42.398+0000] {logging_mixin.py:188} INFO - [2025-09-06T14:18:42.397+0000] {dag.py:3954} INFO - Setting next_dagrun for stock_fetch_dag to 2025-09-06 13:00:00+00:00, run_after=2025-09-06 14:00:00+00:00
[2025-09-06T14:18:42.456+0000] {processor.py:183} INFO - Processing /opt/airflow/dags/stock_pipeline_dag.py took 0.306 seconds
[2025-09-06T14:19:13.039+0000] {processor.py:161} INFO - Started process (PID=474) to work on /opt/airflow/dags/stock_pipeline_dag.py
[2025-09-06T14:19:13.044+0000] {processor.py:830} INFO - Processing file /opt/airflow/dags/stock_pipeline_dag.py for tasks to queue
[2025-09-06T14:19:13.054+0000] {logging_mixin.py:188} INFO - [2025-09-06T14:19:13.052+0000] {dagbag.py:545} INFO - Filling up the DagBag from /opt/airflow/dags/stock_pipeline_dag.py
[2025-09-06T14:19:13.220+0000] {processor.py:840} INFO - DAG(s) 'stock_fetch_dag' retrieved from /opt/airflow/dags/stock_pipeline_dag.py
[2025-09-06T14:19:13.287+0000] {logging_mixin.py:188} INFO - [2025-09-06T14:19:13.286+0000] {dag.py:3096} INFO - Sync 1 DAGs
[2025-09-06T14:19:13.331+0000] {logging_mixin.py:188} INFO - [2025-09-06T14:19:13.331+0000] {dag.py:3954} INFO - Setting next_dagrun for stock_fetch_dag to 2025-09-06 13:00:00+00:00, run_after=2025-09-06 14:00:00+00:00
[2025-09-06T14:19:13.395+0000] {processor.py:183} INFO - Processing /opt/airflow/dags/stock_pipeline_dag.py took 0.386 seconds
[2025-09-06T14:19:43.523+0000] {processor.py:161} INFO - Started process (PID=479) to work on /opt/airflow/dags/stock_pipeline_dag.py
[2025-09-06T14:19:43.525+0000] {processor.py:830} INFO - Processing file /opt/airflow/dags/stock_pipeline_dag.py for tasks to queue
[2025-09-06T14:19:43.530+0000] {logging_mixin.py:188} INFO - [2025-09-06T14:19:43.529+0000] {dagbag.py:545} INFO - Filling up the DagBag from /opt/airflow/dags/stock_pipeline_dag.py
[2025-09-06T14:19:43.612+0000] {processor.py:840} INFO - DAG(s) 'stock_fetch_dag' retrieved from /opt/airflow/dags/stock_pipeline_dag.py
[2025-09-06T14:19:43.680+0000] {logging_mixin.py:188} INFO - [2025-09-06T14:19:43.680+0000] {dag.py:3096} INFO - Sync 1 DAGs
[2025-09-06T14:19:43.727+0000] {logging_mixin.py:188} INFO - [2025-09-06T14:19:43.726+0000] {dag.py:3954} INFO - Setting next_dagrun for stock_fetch_dag to 2025-09-06 13:00:00+00:00, run_after=2025-09-06 14:00:00+00:00
[2025-09-06T14:19:43.778+0000] {processor.py:183} INFO - Processing /opt/airflow/dags/stock_pipeline_dag.py took 0.271 seconds
[2025-09-06T14:20:14.000+0000] {processor.py:161} INFO - Started process (PID=484) to work on /opt/airflow/dags/stock_pipeline_dag.py
[2025-09-06T14:20:14.005+0000] {processor.py:830} INFO - Processing file /opt/airflow/dags/stock_pipeline_dag.py for tasks to queue
[2025-09-06T14:20:14.015+0000] {logging_mixin.py:188} INFO - [2025-09-06T14:20:14.013+0000] {dagbag.py:545} INFO - Filling up the DagBag from /opt/airflow/dags/stock_pipeline_dag.py
[2025-09-06T14:20:14.169+0000] {processor.py:840} INFO - DAG(s) 'stock_fetch_dag' retrieved from /opt/airflow/dags/stock_pipeline_dag.py
[2025-09-06T14:20:14.292+0000] {logging_mixin.py:188} INFO - [2025-09-06T14:20:14.292+0000] {dag.py:3096} INFO - Sync 1 DAGs
[2025-09-06T14:20:14.350+0000] {logging_mixin.py:188} INFO - [2025-09-06T14:20:14.350+0000] {dag.py:3954} INFO - Setting next_dagrun for stock_fetch_dag to 2025-09-06 13:00:00+00:00, run_after=2025-09-06 14:00:00+00:00
[2025-09-06T14:20:14.402+0000] {processor.py:183} INFO - Processing /opt/airflow/dags/stock_pipeline_dag.py took 0.433 seconds
[2025-09-06T14:20:44.751+0000] {processor.py:161} INFO - Started process (PID=489) to work on /opt/airflow/dags/stock_pipeline_dag.py
[2025-09-06T14:20:44.756+0000] {processor.py:830} INFO - Processing file /opt/airflow/dags/stock_pipeline_dag.py for tasks to queue
[2025-09-06T14:20:44.764+0000] {logging_mixin.py:188} INFO - [2025-09-06T14:20:44.762+0000] {dagbag.py:545} INFO - Filling up the DagBag from /opt/airflow/dags/stock_pipeline_dag.py
[2025-09-06T14:20:44.913+0000] {processor.py:840} INFO - DAG(s) 'stock_fetch_dag' retrieved from /opt/airflow/dags/stock_pipeline_dag.py
[2025-09-06T14:20:45.035+0000] {logging_mixin.py:188} INFO - [2025-09-06T14:20:45.034+0000] {dag.py:3096} INFO - Sync 1 DAGs
[2025-09-06T14:20:45.100+0000] {logging_mixin.py:188} INFO - [2025-09-06T14:20:45.099+0000] {dag.py:3954} INFO - Setting next_dagrun for stock_fetch_dag to 2025-09-06 13:00:00+00:00, run_after=2025-09-06 14:00:00+00:00
[2025-09-06T14:20:45.152+0000] {processor.py:183} INFO - Processing /opt/airflow/dags/stock_pipeline_dag.py took 0.429 seconds
[2025-09-06T14:21:15.425+0000] {processor.py:161} INFO - Started process (PID=494) to work on /opt/airflow/dags/stock_pipeline_dag.py
[2025-09-06T14:21:15.430+0000] {processor.py:830} INFO - Processing file /opt/airflow/dags/stock_pipeline_dag.py for tasks to queue
[2025-09-06T14:21:15.438+0000] {logging_mixin.py:188} INFO - [2025-09-06T14:21:15.437+0000] {dagbag.py:545} INFO - Filling up the DagBag from /opt/airflow/dags/stock_pipeline_dag.py
[2025-09-06T14:21:15.591+0000] {processor.py:840} INFO - DAG(s) 'stock_fetch_dag' retrieved from /opt/airflow/dags/stock_pipeline_dag.py
[2025-09-06T14:21:15.707+0000] {logging_mixin.py:188} INFO - [2025-09-06T14:21:15.706+0000] {dag.py:3096} INFO - Sync 1 DAGs
[2025-09-06T14:21:15.744+0000] {logging_mixin.py:188} INFO - [2025-09-06T14:21:15.744+0000] {dag.py:3954} INFO - Setting next_dagrun for stock_fetch_dag to 2025-09-06 13:00:00+00:00, run_after=2025-09-06 14:00:00+00:00
[2025-09-06T14:21:15.779+0000] {processor.py:183} INFO - Processing /opt/airflow/dags/stock_pipeline_dag.py took 0.383 seconds
[2025-09-06T14:21:46.150+0000] {processor.py:161} INFO - Started process (PID=499) to work on /opt/airflow/dags/stock_pipeline_dag.py
[2025-09-06T14:21:46.152+0000] {processor.py:830} INFO - Processing file /opt/airflow/dags/stock_pipeline_dag.py for tasks to queue
[2025-09-06T14:21:46.157+0000] {logging_mixin.py:188} INFO - [2025-09-06T14:21:46.156+0000] {dagbag.py:545} INFO - Filling up the DagBag from /opt/airflow/dags/stock_pipeline_dag.py
[2025-09-06T14:21:46.237+0000] {processor.py:840} INFO - DAG(s) 'stock_fetch_dag' retrieved from /opt/airflow/dags/stock_pipeline_dag.py
[2025-09-06T14:21:46.302+0000] {logging_mixin.py:188} INFO - [2025-09-06T14:21:46.301+0000] {dag.py:3096} INFO - Sync 1 DAGs
[2025-09-06T14:21:46.352+0000] {logging_mixin.py:188} INFO - [2025-09-06T14:21:46.351+0000] {dag.py:3954} INFO - Setting next_dagrun for stock_fetch_dag to 2025-09-06 13:00:00+00:00, run_after=2025-09-06 14:00:00+00:00
[2025-09-06T14:21:46.403+0000] {processor.py:183} INFO - Processing /opt/airflow/dags/stock_pipeline_dag.py took 0.267 seconds
[2025-09-06T14:22:16.813+0000] {processor.py:161} INFO - Started process (PID=504) to work on /opt/airflow/dags/stock_pipeline_dag.py
[2025-09-06T14:22:16.817+0000] {processor.py:830} INFO - Processing file /opt/airflow/dags/stock_pipeline_dag.py for tasks to queue
[2025-09-06T14:22:16.825+0000] {logging_mixin.py:188} INFO - [2025-09-06T14:22:16.824+0000] {dagbag.py:545} INFO - Filling up the DagBag from /opt/airflow/dags/stock_pipeline_dag.py
[2025-09-06T14:22:16.970+0000] {processor.py:840} INFO - DAG(s) 'stock_fetch_dag' retrieved from /opt/airflow/dags/stock_pipeline_dag.py
[2025-09-06T14:22:17.082+0000] {logging_mixin.py:188} INFO - [2025-09-06T14:22:17.081+0000] {dag.py:3096} INFO - Sync 1 DAGs
[2025-09-06T14:22:17.122+0000] {logging_mixin.py:188} INFO - [2025-09-06T14:22:17.122+0000] {dag.py:3954} INFO - Setting next_dagrun for stock_fetch_dag to 2025-09-06 13:00:00+00:00, run_after=2025-09-06 14:00:00+00:00
[2025-09-06T14:22:17.175+0000] {processor.py:183} INFO - Processing /opt/airflow/dags/stock_pipeline_dag.py took 0.392 seconds
[2025-09-06T14:22:47.586+0000] {processor.py:161} INFO - Started process (PID=509) to work on /opt/airflow/dags/stock_pipeline_dag.py
[2025-09-06T14:22:47.591+0000] {processor.py:830} INFO - Processing file /opt/airflow/dags/stock_pipeline_dag.py for tasks to queue
[2025-09-06T14:22:47.599+0000] {logging_mixin.py:188} INFO - [2025-09-06T14:22:47.597+0000] {dagbag.py:545} INFO - Filling up the DagBag from /opt/airflow/dags/stock_pipeline_dag.py
[2025-09-06T14:22:47.746+0000] {processor.py:840} INFO - DAG(s) 'stock_fetch_dag' retrieved from /opt/airflow/dags/stock_pipeline_dag.py
[2025-09-06T14:22:47.906+0000] {logging_mixin.py:188} INFO - [2025-09-06T14:22:47.904+0000] {dag.py:3096} INFO - Sync 1 DAGs
[2025-09-06T14:22:48.013+0000] {logging_mixin.py:188} INFO - [2025-09-06T14:22:48.012+0000] {dag.py:3954} INFO - Setting next_dagrun for stock_fetch_dag to 2025-09-06 13:00:00+00:00, run_after=2025-09-06 14:00:00+00:00
[2025-09-06T14:22:48.141+0000] {processor.py:183} INFO - Processing /opt/airflow/dags/stock_pipeline_dag.py took 0.582 seconds
[2025-09-06T14:23:18.740+0000] {processor.py:161} INFO - Started process (PID=514) to work on /opt/airflow/dags/stock_pipeline_dag.py
[2025-09-06T14:23:18.744+0000] {processor.py:830} INFO - Processing file /opt/airflow/dags/stock_pipeline_dag.py for tasks to queue
[2025-09-06T14:23:18.752+0000] {logging_mixin.py:188} INFO - [2025-09-06T14:23:18.751+0000] {dagbag.py:545} INFO - Filling up the DagBag from /opt/airflow/dags/stock_pipeline_dag.py
[2025-09-06T14:23:18.886+0000] {processor.py:840} INFO - DAG(s) 'stock_fetch_dag' retrieved from /opt/airflow/dags/stock_pipeline_dag.py
[2025-09-06T14:23:19.002+0000] {logging_mixin.py:188} INFO - [2025-09-06T14:23:19.001+0000] {dag.py:3096} INFO - Sync 1 DAGs
[2025-09-06T14:23:19.122+0000] {logging_mixin.py:188} INFO - [2025-09-06T14:23:19.121+0000] {dag.py:3954} INFO - Setting next_dagrun for stock_fetch_dag to 2025-09-06 13:00:00+00:00, run_after=2025-09-06 14:00:00+00:00
[2025-09-06T14:23:19.207+0000] {processor.py:183} INFO - Processing /opt/airflow/dags/stock_pipeline_dag.py took 0.494 seconds
[2025-09-06T14:23:49.639+0000] {processor.py:161} INFO - Started process (PID=519) to work on /opt/airflow/dags/stock_pipeline_dag.py
[2025-09-06T14:23:49.643+0000] {processor.py:830} INFO - Processing file /opt/airflow/dags/stock_pipeline_dag.py for tasks to queue
[2025-09-06T14:23:49.651+0000] {logging_mixin.py:188} INFO - [2025-09-06T14:23:49.649+0000] {dagbag.py:545} INFO - Filling up the DagBag from /opt/airflow/dags/stock_pipeline_dag.py
[2025-09-06T14:23:49.795+0000] {processor.py:840} INFO - DAG(s) 'stock_fetch_dag' retrieved from /opt/airflow/dags/stock_pipeline_dag.py
[2025-09-06T14:23:49.913+0000] {logging_mixin.py:188} INFO - [2025-09-06T14:23:49.912+0000] {dag.py:3096} INFO - Sync 1 DAGs
[2025-09-06T14:23:49.980+0000] {logging_mixin.py:188} INFO - [2025-09-06T14:23:49.979+0000] {dag.py:3954} INFO - Setting next_dagrun for stock_fetch_dag to 2025-09-06 13:00:00+00:00, run_after=2025-09-06 14:00:00+00:00
[2025-09-06T14:23:50.037+0000] {processor.py:183} INFO - Processing /opt/airflow/dags/stock_pipeline_dag.py took 0.425 seconds
[2025-09-06T14:24:20.263+0000] {processor.py:161} INFO - Started process (PID=524) to work on /opt/airflow/dags/stock_pipeline_dag.py
[2025-09-06T14:24:20.269+0000] {processor.py:830} INFO - Processing file /opt/airflow/dags/stock_pipeline_dag.py for tasks to queue
[2025-09-06T14:24:20.279+0000] {logging_mixin.py:188} INFO - [2025-09-06T14:24:20.277+0000] {dagbag.py:545} INFO - Filling up the DagBag from /opt/airflow/dags/stock_pipeline_dag.py
[2025-09-06T14:24:20.478+0000] {processor.py:840} INFO - DAG(s) 'stock_fetch_dag' retrieved from /opt/airflow/dags/stock_pipeline_dag.py
[2025-09-06T14:24:20.633+0000] {logging_mixin.py:188} INFO - [2025-09-06T14:24:20.632+0000] {dag.py:3096} INFO - Sync 1 DAGs
[2025-09-06T14:24:20.757+0000] {logging_mixin.py:188} INFO - [2025-09-06T14:24:20.756+0000] {dag.py:3954} INFO - Setting next_dagrun for stock_fetch_dag to 2025-09-06 13:00:00+00:00, run_after=2025-09-06 14:00:00+00:00
[2025-09-06T14:24:20.839+0000] {processor.py:183} INFO - Processing /opt/airflow/dags/stock_pipeline_dag.py took 0.611 seconds
[2025-09-06T14:24:51.152+0000] {processor.py:161} INFO - Started process (PID=529) to work on /opt/airflow/dags/stock_pipeline_dag.py
[2025-09-06T14:24:51.156+0000] {processor.py:830} INFO - Processing file /opt/airflow/dags/stock_pipeline_dag.py for tasks to queue
[2025-09-06T14:24:51.164+0000] {logging_mixin.py:188} INFO - [2025-09-06T14:24:51.162+0000] {dagbag.py:545} INFO - Filling up the DagBag from /opt/airflow/dags/stock_pipeline_dag.py
[2025-09-06T14:24:51.311+0000] {processor.py:840} INFO - DAG(s) 'stock_fetch_dag' retrieved from /opt/airflow/dags/stock_pipeline_dag.py
[2025-09-06T14:24:51.419+0000] {logging_mixin.py:188} INFO - [2025-09-06T14:24:51.419+0000] {dag.py:3096} INFO - Sync 1 DAGs
[2025-09-06T14:24:51.457+0000] {logging_mixin.py:188} INFO - [2025-09-06T14:24:51.457+0000] {dag.py:3954} INFO - Setting next_dagrun for stock_fetch_dag to 2025-09-06 13:00:00+00:00, run_after=2025-09-06 14:00:00+00:00
[2025-09-06T14:24:51.501+0000] {processor.py:183} INFO - Processing /opt/airflow/dags/stock_pipeline_dag.py took 0.378 seconds
[2025-09-06T14:25:21.875+0000] {processor.py:161} INFO - Started process (PID=534) to work on /opt/airflow/dags/stock_pipeline_dag.py
[2025-09-06T14:25:21.881+0000] {processor.py:830} INFO - Processing file /opt/airflow/dags/stock_pipeline_dag.py for tasks to queue
[2025-09-06T14:25:21.893+0000] {logging_mixin.py:188} INFO - [2025-09-06T14:25:21.891+0000] {dagbag.py:545} INFO - Filling up the DagBag from /opt/airflow/dags/stock_pipeline_dag.py
[2025-09-06T14:25:22.053+0000] {processor.py:840} INFO - DAG(s) 'stock_fetch_dag' retrieved from /opt/airflow/dags/stock_pipeline_dag.py
[2025-09-06T14:25:22.152+0000] {logging_mixin.py:188} INFO - [2025-09-06T14:25:22.151+0000] {dag.py:3096} INFO - Sync 1 DAGs
[2025-09-06T14:25:22.226+0000] {logging_mixin.py:188} INFO - [2025-09-06T14:25:22.226+0000] {dag.py:3954} INFO - Setting next_dagrun for stock_fetch_dag to 2025-09-06 13:00:00+00:00, run_after=2025-09-06 14:00:00+00:00
[2025-09-06T14:25:22.292+0000] {processor.py:183} INFO - Processing /opt/airflow/dags/stock_pipeline_dag.py took 0.461 seconds
[2025-09-06T14:25:52.567+0000] {processor.py:161} INFO - Started process (PID=539) to work on /opt/airflow/dags/stock_pipeline_dag.py
[2025-09-06T14:25:52.570+0000] {processor.py:830} INFO - Processing file /opt/airflow/dags/stock_pipeline_dag.py for tasks to queue
[2025-09-06T14:25:52.576+0000] {logging_mixin.py:188} INFO - [2025-09-06T14:25:52.574+0000] {dagbag.py:545} INFO - Filling up the DagBag from /opt/airflow/dags/stock_pipeline_dag.py
[2025-09-06T14:25:52.666+0000] {processor.py:840} INFO - DAG(s) 'stock_fetch_dag' retrieved from /opt/airflow/dags/stock_pipeline_dag.py
[2025-09-06T14:25:52.753+0000] {logging_mixin.py:188} INFO - [2025-09-06T14:25:52.753+0000] {dag.py:3096} INFO - Sync 1 DAGs
[2025-09-06T14:25:52.841+0000] {logging_mixin.py:188} INFO - [2025-09-06T14:25:52.840+0000] {dag.py:3954} INFO - Setting next_dagrun for stock_fetch_dag to 2025-09-06 13:00:00+00:00, run_after=2025-09-06 14:00:00+00:00
[2025-09-06T14:25:52.950+0000] {processor.py:183} INFO - Processing /opt/airflow/dags/stock_pipeline_dag.py took 0.405 seconds
[2025-09-06T14:26:23.385+0000] {processor.py:161} INFO - Started process (PID=544) to work on /opt/airflow/dags/stock_pipeline_dag.py
[2025-09-06T14:26:23.389+0000] {processor.py:830} INFO - Processing file /opt/airflow/dags/stock_pipeline_dag.py for tasks to queue
[2025-09-06T14:26:23.398+0000] {logging_mixin.py:188} INFO - [2025-09-06T14:26:23.396+0000] {dagbag.py:545} INFO - Filling up the DagBag from /opt/airflow/dags/stock_pipeline_dag.py
[2025-09-06T14:26:23.524+0000] {processor.py:840} INFO - DAG(s) 'stock_fetch_dag' retrieved from /opt/airflow/dags/stock_pipeline_dag.py
[2025-09-06T14:26:23.595+0000] {logging_mixin.py:188} INFO - [2025-09-06T14:26:23.595+0000] {dag.py:3096} INFO - Sync 1 DAGs
[2025-09-06T14:26:23.657+0000] {logging_mixin.py:188} INFO - [2025-09-06T14:26:23.656+0000] {dag.py:3954} INFO - Setting next_dagrun for stock_fetch_dag to 2025-09-06 13:00:00+00:00, run_after=2025-09-06 14:00:00+00:00
[2025-09-06T14:26:23.708+0000] {processor.py:183} INFO - Processing /opt/airflow/dags/stock_pipeline_dag.py took 0.351 seconds
[2025-09-06T14:26:54.030+0000] {processor.py:161} INFO - Started process (PID=549) to work on /opt/airflow/dags/stock_pipeline_dag.py
[2025-09-06T14:26:54.034+0000] {processor.py:830} INFO - Processing file /opt/airflow/dags/stock_pipeline_dag.py for tasks to queue
[2025-09-06T14:26:54.045+0000] {logging_mixin.py:188} INFO - [2025-09-06T14:26:54.043+0000] {dagbag.py:545} INFO - Filling up the DagBag from /opt/airflow/dags/stock_pipeline_dag.py
[2025-09-06T14:26:54.186+0000] {processor.py:840} INFO - DAG(s) 'stock_fetch_dag' retrieved from /opt/airflow/dags/stock_pipeline_dag.py
[2025-09-06T14:26:54.303+0000] {logging_mixin.py:188} INFO - [2025-09-06T14:26:54.302+0000] {dag.py:3096} INFO - Sync 1 DAGs
[2025-09-06T14:26:54.403+0000] {logging_mixin.py:188} INFO - [2025-09-06T14:26:54.402+0000] {dag.py:3954} INFO - Setting next_dagrun for stock_fetch_dag to 2025-09-06 13:00:00+00:00, run_after=2025-09-06 14:00:00+00:00
[2025-09-06T14:26:54.481+0000] {processor.py:183} INFO - Processing /opt/airflow/dags/stock_pipeline_dag.py took 0.478 seconds
[2025-09-06T14:27:24.756+0000] {processor.py:161} INFO - Started process (PID=554) to work on /opt/airflow/dags/stock_pipeline_dag.py
[2025-09-06T14:27:24.761+0000] {processor.py:830} INFO - Processing file /opt/airflow/dags/stock_pipeline_dag.py for tasks to queue
[2025-09-06T14:27:24.771+0000] {logging_mixin.py:188} INFO - [2025-09-06T14:27:24.770+0000] {dagbag.py:545} INFO - Filling up the DagBag from /opt/airflow/dags/stock_pipeline_dag.py
[2025-09-06T14:27:24.931+0000] {processor.py:840} INFO - DAG(s) 'stock_fetch_dag' retrieved from /opt/airflow/dags/stock_pipeline_dag.py
[2025-09-06T14:27:25.079+0000] {logging_mixin.py:188} INFO - [2025-09-06T14:27:25.078+0000] {dag.py:3096} INFO - Sync 1 DAGs
[2025-09-06T14:27:25.201+0000] {logging_mixin.py:188} INFO - [2025-09-06T14:27:25.199+0000] {dag.py:3954} INFO - Setting next_dagrun for stock_fetch_dag to 2025-09-06 13:00:00+00:00, run_after=2025-09-06 14:00:00+00:00
[2025-09-06T14:27:25.298+0000] {processor.py:183} INFO - Processing /opt/airflow/dags/stock_pipeline_dag.py took 0.582 seconds
[2025-09-06T14:27:55.758+0000] {processor.py:161} INFO - Started process (PID=559) to work on /opt/airflow/dags/stock_pipeline_dag.py
[2025-09-06T14:27:55.762+0000] {processor.py:830} INFO - Processing file /opt/airflow/dags/stock_pipeline_dag.py for tasks to queue
[2025-09-06T14:27:55.770+0000] {logging_mixin.py:188} INFO - [2025-09-06T14:27:55.769+0000] {dagbag.py:545} INFO - Filling up the DagBag from /opt/airflow/dags/stock_pipeline_dag.py
[2025-09-06T14:27:55.928+0000] {processor.py:840} INFO - DAG(s) 'stock_fetch_dag' retrieved from /opt/airflow/dags/stock_pipeline_dag.py
[2025-09-06T14:27:56.016+0000] {logging_mixin.py:188} INFO - [2025-09-06T14:27:56.015+0000] {dag.py:3096} INFO - Sync 1 DAGs
[2025-09-06T14:27:56.090+0000] {logging_mixin.py:188} INFO - [2025-09-06T14:27:56.089+0000] {dag.py:3954} INFO - Setting next_dagrun for stock_fetch_dag to 2025-09-06 13:00:00+00:00, run_after=2025-09-06 14:00:00+00:00
[2025-09-06T14:27:56.152+0000] {processor.py:183} INFO - Processing /opt/airflow/dags/stock_pipeline_dag.py took 0.425 seconds
[2025-09-06T14:28:26.743+0000] {processor.py:161} INFO - Started process (PID=564) to work on /opt/airflow/dags/stock_pipeline_dag.py
[2025-09-06T14:28:26.750+0000] {processor.py:830} INFO - Processing file /opt/airflow/dags/stock_pipeline_dag.py for tasks to queue
[2025-09-06T14:28:26.761+0000] {logging_mixin.py:188} INFO - [2025-09-06T14:28:26.758+0000] {dagbag.py:545} INFO - Filling up the DagBag from /opt/airflow/dags/stock_pipeline_dag.py
[2025-09-06T14:28:26.918+0000] {processor.py:840} INFO - DAG(s) 'stock_fetch_dag' retrieved from /opt/airflow/dags/stock_pipeline_dag.py
[2025-09-06T14:28:27.069+0000] {logging_mixin.py:188} INFO - [2025-09-06T14:28:27.068+0000] {dag.py:3096} INFO - Sync 1 DAGs
[2025-09-06T14:28:27.204+0000] {logging_mixin.py:188} INFO - [2025-09-06T14:28:27.203+0000] {dag.py:3954} INFO - Setting next_dagrun for stock_fetch_dag to 2025-09-06 13:00:00+00:00, run_after=2025-09-06 14:00:00+00:00
[2025-09-06T14:28:27.314+0000] {processor.py:183} INFO - Processing /opt/airflow/dags/stock_pipeline_dag.py took 0.612 seconds
[2025-09-06T14:28:57.769+0000] {processor.py:161} INFO - Started process (PID=569) to work on /opt/airflow/dags/stock_pipeline_dag.py
[2025-09-06T14:28:57.774+0000] {processor.py:830} INFO - Processing file /opt/airflow/dags/stock_pipeline_dag.py for tasks to queue
[2025-09-06T14:28:57.783+0000] {logging_mixin.py:188} INFO - [2025-09-06T14:28:57.781+0000] {dagbag.py:545} INFO - Filling up the DagBag from /opt/airflow/dags/stock_pipeline_dag.py
[2025-09-06T14:28:57.922+0000] {processor.py:840} INFO - DAG(s) 'stock_fetch_dag' retrieved from /opt/airflow/dags/stock_pipeline_dag.py
[2025-09-06T14:28:58.044+0000] {logging_mixin.py:188} INFO - [2025-09-06T14:28:58.044+0000] {dag.py:3096} INFO - Sync 1 DAGs
[2025-09-06T14:28:58.096+0000] {logging_mixin.py:188} INFO - [2025-09-06T14:28:58.095+0000] {dag.py:3954} INFO - Setting next_dagrun for stock_fetch_dag to 2025-09-06 13:00:00+00:00, run_after=2025-09-06 14:00:00+00:00
[2025-09-06T14:28:58.150+0000] {processor.py:183} INFO - Processing /opt/airflow/dags/stock_pipeline_dag.py took 0.414 seconds
[2025-09-06T14:29:28.724+0000] {processor.py:161} INFO - Started process (PID=574) to work on /opt/airflow/dags/stock_pipeline_dag.py
[2025-09-06T14:29:28.728+0000] {processor.py:830} INFO - Processing file /opt/airflow/dags/stock_pipeline_dag.py for tasks to queue
[2025-09-06T14:29:28.737+0000] {logging_mixin.py:188} INFO - [2025-09-06T14:29:28.735+0000] {dagbag.py:545} INFO - Filling up the DagBag from /opt/airflow/dags/stock_pipeline_dag.py
[2025-09-06T14:29:28.891+0000] {processor.py:840} INFO - DAG(s) 'stock_fetch_dag' retrieved from /opt/airflow/dags/stock_pipeline_dag.py
[2025-09-06T14:29:28.961+0000] {logging_mixin.py:188} INFO - [2025-09-06T14:29:28.960+0000] {dag.py:3096} INFO - Sync 1 DAGs
[2025-09-06T14:29:29.019+0000] {logging_mixin.py:188} INFO - [2025-09-06T14:29:29.018+0000] {dag.py:3954} INFO - Setting next_dagrun for stock_fetch_dag to 2025-09-06 13:00:00+00:00, run_after=2025-09-06 14:00:00+00:00
[2025-09-06T14:29:29.068+0000] {processor.py:183} INFO - Processing /opt/airflow/dags/stock_pipeline_dag.py took 0.376 seconds
[2025-09-06T14:29:59.745+0000] {processor.py:161} INFO - Started process (PID=579) to work on /opt/airflow/dags/stock_pipeline_dag.py
[2025-09-06T14:29:59.751+0000] {processor.py:830} INFO - Processing file /opt/airflow/dags/stock_pipeline_dag.py for tasks to queue
[2025-09-06T14:29:59.763+0000] {logging_mixin.py:188} INFO - [2025-09-06T14:29:59.761+0000] {dagbag.py:545} INFO - Filling up the DagBag from /opt/airflow/dags/stock_pipeline_dag.py
[2025-09-06T14:29:59.942+0000] {processor.py:840} INFO - DAG(s) 'stock_fetch_dag' retrieved from /opt/airflow/dags/stock_pipeline_dag.py
[2025-09-06T14:30:00.132+0000] {logging_mixin.py:188} INFO - [2025-09-06T14:30:00.131+0000] {dag.py:3096} INFO - Sync 1 DAGs
[2025-09-06T14:30:00.233+0000] {logging_mixin.py:188} INFO - [2025-09-06T14:30:00.232+0000] {dag.py:3954} INFO - Setting next_dagrun for stock_fetch_dag to 2025-09-06 13:00:00+00:00, run_after=2025-09-06 14:00:00+00:00
[2025-09-06T14:30:00.297+0000] {processor.py:183} INFO - Processing /opt/airflow/dags/stock_pipeline_dag.py took 0.600 seconds
[2025-09-06T14:30:30.644+0000] {processor.py:161} INFO - Started process (PID=584) to work on /opt/airflow/dags/stock_pipeline_dag.py
[2025-09-06T14:30:30.647+0000] {processor.py:830} INFO - Processing file /opt/airflow/dags/stock_pipeline_dag.py for tasks to queue
[2025-09-06T14:30:30.654+0000] {logging_mixin.py:188} INFO - [2025-09-06T14:30:30.653+0000] {dagbag.py:545} INFO - Filling up the DagBag from /opt/airflow/dags/stock_pipeline_dag.py
[2025-09-06T14:30:30.793+0000] {processor.py:840} INFO - DAG(s) 'stock_fetch_dag' retrieved from /opt/airflow/dags/stock_pipeline_dag.py
[2025-09-06T14:30:30.910+0000] {logging_mixin.py:188} INFO - [2025-09-06T14:30:30.909+0000] {dag.py:3096} INFO - Sync 1 DAGs
[2025-09-06T14:30:30.966+0000] {logging_mixin.py:188} INFO - [2025-09-06T14:30:30.965+0000] {dag.py:3954} INFO - Setting next_dagrun for stock_fetch_dag to 2025-09-06 13:00:00+00:00, run_after=2025-09-06 14:00:00+00:00
[2025-09-06T14:30:31.018+0000] {processor.py:183} INFO - Processing /opt/airflow/dags/stock_pipeline_dag.py took 0.400 seconds
[2025-09-06T14:31:01.387+0000] {processor.py:161} INFO - Started process (PID=589) to work on /opt/airflow/dags/stock_pipeline_dag.py
[2025-09-06T14:31:01.391+0000] {processor.py:830} INFO - Processing file /opt/airflow/dags/stock_pipeline_dag.py for tasks to queue
[2025-09-06T14:31:01.399+0000] {logging_mixin.py:188} INFO - [2025-09-06T14:31:01.397+0000] {dagbag.py:545} INFO - Filling up the DagBag from /opt/airflow/dags/stock_pipeline_dag.py
[2025-09-06T14:31:01.550+0000] {processor.py:840} INFO - DAG(s) 'stock_fetch_dag' retrieved from /opt/airflow/dags/stock_pipeline_dag.py
[2025-09-06T14:31:01.683+0000] {logging_mixin.py:188} INFO - [2025-09-06T14:31:01.682+0000] {dag.py:3096} INFO - Sync 1 DAGs
[2025-09-06T14:31:01.785+0000] {logging_mixin.py:188} INFO - [2025-09-06T14:31:01.784+0000] {dag.py:3954} INFO - Setting next_dagrun for stock_fetch_dag to 2025-09-06 13:00:00+00:00, run_after=2025-09-06 14:00:00+00:00
[2025-09-06T14:31:01.873+0000] {processor.py:183} INFO - Processing /opt/airflow/dags/stock_pipeline_dag.py took 0.517 seconds
[2025-09-06T14:31:32.411+0000] {processor.py:161} INFO - Started process (PID=594) to work on /opt/airflow/dags/stock_pipeline_dag.py
[2025-09-06T14:31:32.413+0000] {processor.py:830} INFO - Processing file /opt/airflow/dags/stock_pipeline_dag.py for tasks to queue
[2025-09-06T14:31:32.418+0000] {logging_mixin.py:188} INFO - [2025-09-06T14:31:32.417+0000] {dagbag.py:545} INFO - Filling up the DagBag from /opt/airflow/dags/stock_pipeline_dag.py
[2025-09-06T14:31:32.503+0000] {processor.py:840} INFO - DAG(s) 'stock_fetch_dag' retrieved from /opt/airflow/dags/stock_pipeline_dag.py
[2025-09-06T14:31:32.574+0000] {logging_mixin.py:188} INFO - [2025-09-06T14:31:32.574+0000] {dag.py:3096} INFO - Sync 1 DAGs
[2025-09-06T14:31:32.625+0000] {logging_mixin.py:188} INFO - [2025-09-06T14:31:32.625+0000] {dag.py:3954} INFO - Setting next_dagrun for stock_fetch_dag to 2025-09-06 13:00:00+00:00, run_after=2025-09-06 14:00:00+00:00
[2025-09-06T14:31:32.677+0000] {processor.py:183} INFO - Processing /opt/airflow/dags/stock_pipeline_dag.py took 0.282 seconds
[2025-09-06T14:32:02.935+0000] {processor.py:161} INFO - Started process (PID=599) to work on /opt/airflow/dags/stock_pipeline_dag.py
[2025-09-06T14:32:02.939+0000] {processor.py:830} INFO - Processing file /opt/airflow/dags/stock_pipeline_dag.py for tasks to queue
[2025-09-06T14:32:02.947+0000] {logging_mixin.py:188} INFO - [2025-09-06T14:32:02.945+0000] {dagbag.py:545} INFO - Filling up the DagBag from /opt/airflow/dags/stock_pipeline_dag.py
[2025-09-06T14:32:03.093+0000] {processor.py:840} INFO - DAG(s) 'stock_fetch_dag' retrieved from /opt/airflow/dags/stock_pipeline_dag.py
[2025-09-06T14:32:03.214+0000] {logging_mixin.py:188} INFO - [2025-09-06T14:32:03.213+0000] {dag.py:3096} INFO - Sync 1 DAGs
[2025-09-06T14:32:03.316+0000] {logging_mixin.py:188} INFO - [2025-09-06T14:32:03.315+0000] {dag.py:3954} INFO - Setting next_dagrun for stock_fetch_dag to 2025-09-06 13:00:00+00:00, run_after=2025-09-06 14:00:00+00:00
[2025-09-06T14:32:03.403+0000] {processor.py:183} INFO - Processing /opt/airflow/dags/stock_pipeline_dag.py took 0.496 seconds
[2025-09-06T14:32:33.849+0000] {processor.py:161} INFO - Started process (PID=604) to work on /opt/airflow/dags/stock_pipeline_dag.py
[2025-09-06T14:32:33.852+0000] {processor.py:830} INFO - Processing file /opt/airflow/dags/stock_pipeline_dag.py for tasks to queue
[2025-09-06T14:32:33.858+0000] {logging_mixin.py:188} INFO - [2025-09-06T14:32:33.857+0000] {dagbag.py:545} INFO - Filling up the DagBag from /opt/airflow/dags/stock_pipeline_dag.py
[2025-09-06T14:32:33.945+0000] {processor.py:840} INFO - DAG(s) 'stock_fetch_dag' retrieved from /opt/airflow/dags/stock_pipeline_dag.py
[2025-09-06T14:32:34.019+0000] {logging_mixin.py:188} INFO - [2025-09-06T14:32:34.019+0000] {dag.py:3096} INFO - Sync 1 DAGs
[2025-09-06T14:32:34.080+0000] {logging_mixin.py:188} INFO - [2025-09-06T14:32:34.079+0000] {dag.py:3954} INFO - Setting next_dagrun for stock_fetch_dag to 2025-09-06 13:00:00+00:00, run_after=2025-09-06 14:00:00+00:00
[2025-09-06T14:32:34.133+0000] {processor.py:183} INFO - Processing /opt/airflow/dags/stock_pipeline_dag.py took 0.304 seconds
[2025-09-06T14:33:04.385+0000] {processor.py:161} INFO - Started process (PID=609) to work on /opt/airflow/dags/stock_pipeline_dag.py
[2025-09-06T14:33:04.389+0000] {processor.py:830} INFO - Processing file /opt/airflow/dags/stock_pipeline_dag.py for tasks to queue
[2025-09-06T14:33:04.397+0000] {logging_mixin.py:188} INFO - [2025-09-06T14:33:04.396+0000] {dagbag.py:545} INFO - Filling up the DagBag from /opt/airflow/dags/stock_pipeline_dag.py
[2025-09-06T14:33:04.524+0000] {processor.py:840} INFO - DAG(s) 'stock_fetch_dag' retrieved from /opt/airflow/dags/stock_pipeline_dag.py
[2025-09-06T14:33:04.605+0000] {logging_mixin.py:188} INFO - [2025-09-06T14:33:04.605+0000] {dag.py:3096} INFO - Sync 1 DAGs
[2025-09-06T14:33:04.661+0000] {logging_mixin.py:188} INFO - [2025-09-06T14:33:04.660+0000] {dag.py:3954} INFO - Setting next_dagrun for stock_fetch_dag to 2025-09-06 13:00:00+00:00, run_after=2025-09-06 14:00:00+00:00
[2025-09-06T14:33:04.714+0000] {processor.py:183} INFO - Processing /opt/airflow/dags/stock_pipeline_dag.py took 0.357 seconds
[2025-09-06T14:33:35.058+0000] {processor.py:161} INFO - Started process (PID=614) to work on /opt/airflow/dags/stock_pipeline_dag.py
[2025-09-06T14:33:35.062+0000] {processor.py:830} INFO - Processing file /opt/airflow/dags/stock_pipeline_dag.py for tasks to queue
[2025-09-06T14:33:35.068+0000] {logging_mixin.py:188} INFO - [2025-09-06T14:33:35.066+0000] {dagbag.py:545} INFO - Filling up the DagBag from /opt/airflow/dags/stock_pipeline_dag.py
[2025-09-06T14:33:35.171+0000] {processor.py:840} INFO - DAG(s) 'stock_fetch_dag' retrieved from /opt/airflow/dags/stock_pipeline_dag.py
[2025-09-06T14:33:35.262+0000] {logging_mixin.py:188} INFO - [2025-09-06T14:33:35.261+0000] {dag.py:3096} INFO - Sync 1 DAGs
[2025-09-06T14:33:35.338+0000] {logging_mixin.py:188} INFO - [2025-09-06T14:33:35.337+0000] {dag.py:3954} INFO - Setting next_dagrun for stock_fetch_dag to 2025-09-06 13:00:00+00:00, run_after=2025-09-06 14:00:00+00:00
[2025-09-06T14:33:35.408+0000] {processor.py:183} INFO - Processing /opt/airflow/dags/stock_pipeline_dag.py took 0.373 seconds
[2025-09-06T14:34:05.915+0000] {processor.py:161} INFO - Started process (PID=619) to work on /opt/airflow/dags/stock_pipeline_dag.py
[2025-09-06T14:34:05.919+0000] {processor.py:830} INFO - Processing file /opt/airflow/dags/stock_pipeline_dag.py for tasks to queue
[2025-09-06T14:34:05.927+0000] {logging_mixin.py:188} INFO - [2025-09-06T14:34:05.926+0000] {dagbag.py:545} INFO - Filling up the DagBag from /opt/airflow/dags/stock_pipeline_dag.py
[2025-09-06T14:34:06.072+0000] {processor.py:840} INFO - DAG(s) 'stock_fetch_dag' retrieved from /opt/airflow/dags/stock_pipeline_dag.py
[2025-09-06T14:34:06.182+0000] {logging_mixin.py:188} INFO - [2025-09-06T14:34:06.182+0000] {dag.py:3096} INFO - Sync 1 DAGs
[2025-09-06T14:34:06.219+0000] {logging_mixin.py:188} INFO - [2025-09-06T14:34:06.218+0000] {dag.py:3954} INFO - Setting next_dagrun for stock_fetch_dag to 2025-09-06 13:00:00+00:00, run_after=2025-09-06 14:00:00+00:00
[2025-09-06T14:34:06.263+0000] {processor.py:183} INFO - Processing /opt/airflow/dags/stock_pipeline_dag.py took 0.375 seconds
[2025-09-06T14:34:36.783+0000] {processor.py:161} INFO - Started process (PID=624) to work on /opt/airflow/dags/stock_pipeline_dag.py
[2025-09-06T14:34:36.787+0000] {processor.py:830} INFO - Processing file /opt/airflow/dags/stock_pipeline_dag.py for tasks to queue
[2025-09-06T14:34:36.794+0000] {logging_mixin.py:188} INFO - [2025-09-06T14:34:36.793+0000] {dagbag.py:545} INFO - Filling up the DagBag from /opt/airflow/dags/stock_pipeline_dag.py
[2025-09-06T14:34:36.923+0000] {processor.py:840} INFO - DAG(s) 'stock_fetch_dag' retrieved from /opt/airflow/dags/stock_pipeline_dag.py
[2025-09-06T14:34:37.030+0000] {logging_mixin.py:188} INFO - [2025-09-06T14:34:37.030+0000] {dag.py:3096} INFO - Sync 1 DAGs
[2025-09-06T14:34:37.082+0000] {logging_mixin.py:188} INFO - [2025-09-06T14:34:37.082+0000] {dag.py:3954} INFO - Setting next_dagrun for stock_fetch_dag to 2025-09-06 13:00:00+00:00, run_after=2025-09-06 14:00:00+00:00
[2025-09-06T14:34:37.144+0000] {processor.py:183} INFO - Processing /opt/airflow/dags/stock_pipeline_dag.py took 0.386 seconds
[2025-09-06T14:35:07.690+0000] {processor.py:161} INFO - Started process (PID=629) to work on /opt/airflow/dags/stock_pipeline_dag.py
[2025-09-06T14:35:07.695+0000] {processor.py:830} INFO - Processing file /opt/airflow/dags/stock_pipeline_dag.py for tasks to queue
[2025-09-06T14:35:07.703+0000] {logging_mixin.py:188} INFO - [2025-09-06T14:35:07.701+0000] {dagbag.py:545} INFO - Filling up the DagBag from /opt/airflow/dags/stock_pipeline_dag.py
[2025-09-06T14:35:07.832+0000] {processor.py:840} INFO - DAG(s) 'stock_fetch_dag' retrieved from /opt/airflow/dags/stock_pipeline_dag.py
[2025-09-06T14:35:07.939+0000] {logging_mixin.py:188} INFO - [2025-09-06T14:35:07.938+0000] {dag.py:3096} INFO - Sync 1 DAGs
[2025-09-06T14:35:08.028+0000] {logging_mixin.py:188} INFO - [2025-09-06T14:35:08.028+0000] {dag.py:3954} INFO - Setting next_dagrun for stock_fetch_dag to 2025-09-06 13:00:00+00:00, run_after=2025-09-06 14:00:00+00:00
[2025-09-06T14:35:08.103+0000] {processor.py:183} INFO - Processing /opt/airflow/dags/stock_pipeline_dag.py took 0.441 seconds
[2025-09-06T14:35:38.646+0000] {processor.py:161} INFO - Started process (PID=634) to work on /opt/airflow/dags/stock_pipeline_dag.py
[2025-09-06T14:35:38.651+0000] {processor.py:830} INFO - Processing file /opt/airflow/dags/stock_pipeline_dag.py for tasks to queue
[2025-09-06T14:35:38.661+0000] {logging_mixin.py:188} INFO - [2025-09-06T14:35:38.659+0000] {dagbag.py:545} INFO - Filling up the DagBag from /opt/airflow/dags/stock_pipeline_dag.py
[2025-09-06T14:35:38.818+0000] {processor.py:840} INFO - DAG(s) 'stock_fetch_dag' retrieved from /opt/airflow/dags/stock_pipeline_dag.py
[2025-09-06T14:35:38.931+0000] {logging_mixin.py:188} INFO - [2025-09-06T14:35:38.930+0000] {dag.py:3096} INFO - Sync 1 DAGs
[2025-09-06T14:35:39.020+0000] {logging_mixin.py:188} INFO - [2025-09-06T14:35:39.019+0000] {dag.py:3954} INFO - Setting next_dagrun for stock_fetch_dag to 2025-09-06 13:00:00+00:00, run_after=2025-09-06 14:00:00+00:00
[2025-09-06T14:35:39.095+0000] {processor.py:183} INFO - Processing /opt/airflow/dags/stock_pipeline_dag.py took 0.482 seconds
[2025-09-06T14:36:09.695+0000] {processor.py:161} INFO - Started process (PID=639) to work on /opt/airflow/dags/stock_pipeline_dag.py
[2025-09-06T14:36:09.699+0000] {processor.py:830} INFO - Processing file /opt/airflow/dags/stock_pipeline_dag.py for tasks to queue
[2025-09-06T14:36:09.707+0000] {logging_mixin.py:188} INFO - [2025-09-06T14:36:09.706+0000] {dagbag.py:545} INFO - Filling up the DagBag from /opt/airflow/dags/stock_pipeline_dag.py
[2025-09-06T14:36:09.853+0000] {processor.py:840} INFO - DAG(s) 'stock_fetch_dag' retrieved from /opt/airflow/dags/stock_pipeline_dag.py
[2025-09-06T14:36:09.979+0000] {logging_mixin.py:188} INFO - [2025-09-06T14:36:09.978+0000] {dag.py:3096} INFO - Sync 1 DAGs
[2025-09-06T14:36:10.077+0000] {logging_mixin.py:188} INFO - [2025-09-06T14:36:10.076+0000] {dag.py:3954} INFO - Setting next_dagrun for stock_fetch_dag to 2025-09-06 13:00:00+00:00, run_after=2025-09-06 14:00:00+00:00
[2025-09-06T14:36:10.161+0000] {processor.py:183} INFO - Processing /opt/airflow/dags/stock_pipeline_dag.py took 0.493 seconds
[2025-09-06T14:36:40.546+0000] {processor.py:161} INFO - Started process (PID=644) to work on /opt/airflow/dags/stock_pipeline_dag.py
[2025-09-06T14:36:40.551+0000] {processor.py:830} INFO - Processing file /opt/airflow/dags/stock_pipeline_dag.py for tasks to queue
[2025-09-06T14:36:40.561+0000] {logging_mixin.py:188} INFO - [2025-09-06T14:36:40.558+0000] {dagbag.py:545} INFO - Filling up the DagBag from /opt/airflow/dags/stock_pipeline_dag.py
[2025-09-06T14:36:40.717+0000] {processor.py:840} INFO - DAG(s) 'stock_fetch_dag' retrieved from /opt/airflow/dags/stock_pipeline_dag.py
[2025-09-06T14:36:40.849+0000] {logging_mixin.py:188} INFO - [2025-09-06T14:36:40.849+0000] {dag.py:3096} INFO - Sync 1 DAGs
[2025-09-06T14:36:40.902+0000] {logging_mixin.py:188} INFO - [2025-09-06T14:36:40.902+0000] {dag.py:3954} INFO - Setting next_dagrun for stock_fetch_dag to 2025-09-06 13:00:00+00:00, run_after=2025-09-06 14:00:00+00:00
[2025-09-06T14:36:40.961+0000] {processor.py:183} INFO - Processing /opt/airflow/dags/stock_pipeline_dag.py took 0.451 seconds
[2025-09-06T14:42:18.532+0000] {processor.py:161} INFO - Started process (PID=649) to work on /opt/airflow/dags/stock_pipeline_dag.py
[2025-09-06T14:42:18.534+0000] {processor.py:830} INFO - Processing file /opt/airflow/dags/stock_pipeline_dag.py for tasks to queue
[2025-09-06T14:42:18.539+0000] {logging_mixin.py:188} INFO - [2025-09-06T14:42:18.538+0000] {dagbag.py:545} INFO - Filling up the DagBag from /opt/airflow/dags/stock_pipeline_dag.py
[2025-09-06T14:42:18.606+0000] {processor.py:840} INFO - DAG(s) 'stock_fetch_dag' retrieved from /opt/airflow/dags/stock_pipeline_dag.py
[2025-09-06T14:42:18.683+0000] {logging_mixin.py:188} INFO - [2025-09-06T14:42:18.683+0000] {dag.py:3096} INFO - Sync 1 DAGs
[2025-09-06T14:42:18.765+0000] {logging_mixin.py:188} INFO - [2025-09-06T14:42:18.764+0000] {dag.py:3954} INFO - Setting next_dagrun for stock_fetch_dag to 2025-09-06 13:00:00+00:00, run_after=2025-09-06 14:00:00+00:00
[2025-09-06T14:42:18.822+0000] {processor.py:183} INFO - Processing /opt/airflow/dags/stock_pipeline_dag.py took 0.308 seconds
