[2025-09-06T12:52:15.499+0000] {manager.py:470} INFO - Processing files using up to 2 processes at a time 
[2025-09-06T12:52:15.502+0000] {manager.py:471} INFO - Process each file at most once every 30 seconds
[2025-09-06T12:52:15.505+0000] {manager.py:472} INFO - Checking for new files in /opt/airflow/dags every 300 seconds
[2025-09-06T12:52:15.508+0000] {manager.py:737} INFO - Searching for files in /opt/airflow/dags
[2025-09-06T12:52:15.533+0000] {manager.py:740} INFO - There are 1 files in /opt/airflow/dags
[2025-09-06T12:52:15.768+0000] {manager.py:878} INFO - 
================================================================================
DAG File Processing Stats

File Path                                  PID  Runtime      # DAGs    # Errors  Last Runtime    Last Run
---------------------------------------  -----  ---------  --------  ----------  --------------  ----------
/opt/airflow/dags/stock_pipeline_dag.py    164  0.09s             0           0
================================================================================
[2025-09-06T12:52:46.005+0000] {manager.py:878} INFO - 
================================================================================
DAG File Processing Stats

File Path                                PID    Runtime      # DAGs    # Errors  Last Runtime    Last Run
---------------------------------------  -----  ---------  --------  ----------  --------------  -------------------
/opt/airflow/dags/stock_pipeline_dag.py                           1           0  1.10s           2025-09-06T12:52:16
================================================================================
[2025-09-06T12:53:16.428+0000] {manager.py:878} INFO - 
================================================================================
DAG File Processing Stats

File Path                                PID    Runtime      # DAGs    # Errors  Last Runtime    Last Run
---------------------------------------  -----  ---------  --------  ----------  --------------  -------------------
/opt/airflow/dags/stock_pipeline_dag.py                           1           0  0.42s           2025-09-06T12:52:47
================================================================================
[2025-09-06T12:53:46.784+0000] {manager.py:878} INFO - 
================================================================================
DAG File Processing Stats

File Path                                PID    Runtime      # DAGs    # Errors  Last Runtime    Last Run
---------------------------------------  -----  ---------  --------  ----------  --------------  -------------------
/opt/airflow/dags/stock_pipeline_dag.py                           1           0  0.53s           2025-09-06T12:53:18
================================================================================
[2025-09-06T12:54:16.808+0000] {manager.py:878} INFO - 
================================================================================
DAG File Processing Stats

File Path                                PID    Runtime      # DAGs    # Errors  Last Runtime    Last Run
---------------------------------------  -----  ---------  --------  ----------  --------------  -------------------
/opt/airflow/dags/stock_pipeline_dag.py                           1           0  0.59s           2025-09-06T12:53:49
================================================================================
[2025-09-06T12:54:47.241+0000] {manager.py:878} INFO - 
================================================================================
DAG File Processing Stats

File Path                                PID    Runtime      # DAGs    # Errors  Last Runtime    Last Run
---------------------------------------  -----  ---------  --------  ----------  --------------  -------------------
/opt/airflow/dags/stock_pipeline_dag.py                           1           0  0.60s           2025-09-06T12:54:20
================================================================================
[2025-09-06T12:55:17.570+0000] {manager.py:878} INFO - 
================================================================================
DAG File Processing Stats

File Path                                PID    Runtime      # DAGs    # Errors  Last Runtime    Last Run
---------------------------------------  -----  ---------  --------  ----------  --------------  -------------------
/opt/airflow/dags/stock_pipeline_dag.py                           1           0  0.70s           2025-09-06T12:54:51
================================================================================
[2025-09-06T12:55:47.584+0000] {manager.py:878} INFO - 
================================================================================
DAG File Processing Stats

File Path                                PID    Runtime      # DAGs    # Errors  Last Runtime    Last Run
---------------------------------------  -----  ---------  --------  ----------  --------------  -------------------
/opt/airflow/dags/stock_pipeline_dag.py                           1           0  0.59s           2025-09-06T12:55:22
================================================================================
[2025-09-06T12:56:18.045+0000] {manager.py:878} INFO - 
================================================================================
DAG File Processing Stats

File Path                                PID    Runtime      # DAGs    # Errors  Last Runtime    Last Run
---------------------------------------  -----  ---------  --------  ----------  --------------  -------------------
/opt/airflow/dags/stock_pipeline_dag.py                           1           0  1.03s           2025-09-06T12:55:53
================================================================================
[2025-09-06T12:56:48.341+0000] {manager.py:878} INFO - 
================================================================================
DAG File Processing Stats

File Path                                PID    Runtime      # DAGs    # Errors  Last Runtime    Last Run
---------------------------------------  -----  ---------  --------  ----------  --------------  -------------------
/opt/airflow/dags/stock_pipeline_dag.py                           1           0  0.55s           2025-09-06T12:56:24
================================================================================
[2025-09-06T12:57:15.778+0000] {manager.py:737} INFO - Searching for files in /opt/airflow/dags
[2025-09-06T12:57:15.890+0000] {manager.py:740} INFO - There are 1 files in /opt/airflow/dags
[2025-09-06T12:57:19.000+0000] {manager.py:878} INFO - 
================================================================================
DAG File Processing Stats

File Path                                PID    Runtime      # DAGs    # Errors  Last Runtime    Last Run
---------------------------------------  -----  ---------  --------  ----------  --------------  -------------------
/opt/airflow/dags/stock_pipeline_dag.py                           1           0  0.65s           2025-09-06T12:56:55
================================================================================
[2025-09-06T12:57:49.174+0000] {manager.py:878} INFO - 
================================================================================
DAG File Processing Stats

File Path                                PID    Runtime      # DAGs    # Errors  Last Runtime    Last Run
---------------------------------------  -----  ---------  --------  ----------  --------------  -------------------
/opt/airflow/dags/stock_pipeline_dag.py                           1           0  0.78s           2025-09-06T12:57:26
================================================================================
[2025-09-06T12:58:19.393+0000] {manager.py:878} INFO - 
================================================================================
DAG File Processing Stats

File Path                                PID    Runtime      # DAGs    # Errors  Last Runtime    Last Run
---------------------------------------  -----  ---------  --------  ----------  --------------  -------------------
/opt/airflow/dags/stock_pipeline_dag.py                           1           0  0.57s           2025-09-06T12:57:58
================================================================================
[2025-09-06T12:58:49.468+0000] {manager.py:878} INFO - 
================================================================================
DAG File Processing Stats

File Path                                PID    Runtime      # DAGs    # Errors  Last Runtime    Last Run
---------------------------------------  -----  ---------  --------  ----------  --------------  -------------------
/opt/airflow/dags/stock_pipeline_dag.py                           1           0  0.71s           2025-09-06T12:58:29
================================================================================
[2025-09-06T12:59:19.812+0000] {manager.py:878} INFO - 
================================================================================
DAG File Processing Stats

File Path                                PID    Runtime      # DAGs    # Errors  Last Runtime    Last Run
---------------------------------------  -----  ---------  --------  ----------  --------------  -------------------
/opt/airflow/dags/stock_pipeline_dag.py                           1           0  0.34s           2025-09-06T12:58:59
================================================================================
[2025-09-06T12:59:20.122+0000] {manager.py:452} INFO - Exiting gracefully upon receiving signal 15
[2025-09-06T12:59:42.239+0000] {manager.py:470} INFO - Processing files using up to 2 processes at a time 
[2025-09-06T12:59:42.241+0000] {manager.py:471} INFO - Process each file at most once every 30 seconds
[2025-09-06T12:59:42.243+0000] {manager.py:472} INFO - Checking for new files in /opt/airflow/dags every 300 seconds
[2025-09-06T12:59:42.245+0000] {manager.py:737} INFO - Searching for files in /opt/airflow/dags
[2025-09-06T12:59:42.289+0000] {manager.py:740} INFO - There are 1 files in /opt/airflow/dags
[2025-09-06T12:59:42.509+0000] {manager.py:878} INFO - 
================================================================================
DAG File Processing Stats

File Path                                  PID  Runtime      # DAGs    # Errors  Last Runtime    Last Run
---------------------------------------  -----  ---------  --------  ----------  --------------  ----------
/opt/airflow/dags/stock_pipeline_dag.py    164  0.11s             0           0
================================================================================
[2025-09-06T13:00:12.858+0000] {manager.py:878} INFO - 
================================================================================
DAG File Processing Stats

File Path                                PID    Runtime      # DAGs    # Errors  Last Runtime    Last Run
---------------------------------------  -----  ---------  --------  ----------  --------------  -------------------
/opt/airflow/dags/stock_pipeline_dag.py                           1           0  0.54s           2025-09-06T12:59:42
================================================================================
[2025-09-06T13:00:43.242+0000] {manager.py:878} INFO - 
================================================================================
DAG File Processing Stats

File Path                                PID    Runtime      # DAGs    # Errors  Last Runtime    Last Run
---------------------------------------  -----  ---------  --------  ----------  --------------  -------------------
/opt/airflow/dags/stock_pipeline_dag.py                           1           0  0.45s           2025-09-06T13:00:13
================================================================================
[2025-09-06T13:01:13.681+0000] {manager.py:878} INFO - 
================================================================================
DAG File Processing Stats

File Path                                PID    Runtime      # DAGs    # Errors  Last Runtime    Last Run
---------------------------------------  -----  ---------  --------  ----------  --------------  -------------------
/opt/airflow/dags/stock_pipeline_dag.py                           1           0  0.52s           2025-09-06T13:00:44
================================================================================
[2025-09-06T13:01:44.141+0000] {manager.py:878} INFO - 
================================================================================
DAG File Processing Stats

File Path                                PID    Runtime      # DAGs    # Errors  Last Runtime    Last Run
---------------------------------------  -----  ---------  --------  ----------  --------------  -------------------
/opt/airflow/dags/stock_pipeline_dag.py                           1           0  0.73s           2025-09-06T13:01:15
================================================================================
[2025-09-06T13:02:14.367+0000] {manager.py:878} INFO - 
================================================================================
DAG File Processing Stats

File Path                                PID    Runtime      # DAGs    # Errors  Last Runtime    Last Run
---------------------------------------  -----  ---------  --------  ----------  --------------  -------------------
/opt/airflow/dags/stock_pipeline_dag.py                           1           0  0.77s           2025-09-06T13:01:46
================================================================================
[2025-09-06T13:02:44.648+0000] {manager.py:878} INFO - 
================================================================================
DAG File Processing Stats

File Path                                PID    Runtime      # DAGs    # Errors  Last Runtime    Last Run
---------------------------------------  -----  ---------  --------  ----------  --------------  -------------------
/opt/airflow/dags/stock_pipeline_dag.py                           1           0  0.74s           2025-09-06T13:02:18
================================================================================
[2025-09-06T13:03:15.077+0000] {manager.py:878} INFO - 
================================================================================
DAG File Processing Stats

File Path                                PID    Runtime      # DAGs    # Errors  Last Runtime    Last Run
---------------------------------------  -----  ---------  --------  ----------  --------------  -------------------
/opt/airflow/dags/stock_pipeline_dag.py                           1           0  0.83s           2025-09-06T13:02:49
================================================================================
[2025-09-06T13:03:45.472+0000] {manager.py:878} INFO - 
================================================================================
DAG File Processing Stats

File Path                                PID    Runtime      # DAGs    # Errors  Last Runtime    Last Run
---------------------------------------  -----  ---------  --------  ----------  --------------  -------------------
/opt/airflow/dags/stock_pipeline_dag.py                           1           0  0.44s           2025-09-06T13:03:20
================================================================================
[2025-09-06T13:04:15.778+0000] {manager.py:878} INFO - 
================================================================================
DAG File Processing Stats

File Path                                PID    Runtime      # DAGs    # Errors  Last Runtime    Last Run
---------------------------------------  -----  ---------  --------  ----------  --------------  -------------------
/opt/airflow/dags/stock_pipeline_dag.py                           1           0  0.84s           2025-09-06T13:03:51
================================================================================
[2025-09-06T13:04:42.375+0000] {manager.py:737} INFO - Searching for files in /opt/airflow/dags
[2025-09-06T13:04:42.489+0000] {manager.py:740} INFO - There are 1 files in /opt/airflow/dags
[2025-09-06T13:04:46.219+0000] {manager.py:878} INFO - 
================================================================================
DAG File Processing Stats

File Path                                PID    Runtime      # DAGs    # Errors  Last Runtime    Last Run
---------------------------------------  -----  ---------  --------  ----------  --------------  -------------------
/opt/airflow/dags/stock_pipeline_dag.py                           1           0  1.50s           2025-09-06T13:04:23
================================================================================
[2025-09-06T13:05:16.355+0000] {manager.py:878} INFO - 
================================================================================
DAG File Processing Stats

File Path                                PID    Runtime      # DAGs    # Errors  Last Runtime    Last Run
---------------------------------------  -----  ---------  --------  ----------  --------------  -------------------
/opt/airflow/dags/stock_pipeline_dag.py                           1           0  0.77s           2025-09-06T13:04:54
================================================================================
[2025-09-06T13:05:46.612+0000] {manager.py:878} INFO - 
================================================================================
DAG File Processing Stats

File Path                                PID    Runtime      # DAGs    # Errors  Last Runtime    Last Run
---------------------------------------  -----  ---------  --------  ----------  --------------  -------------------
/opt/airflow/dags/stock_pipeline_dag.py                           1           0  0.63s           2025-09-06T13:05:25
================================================================================
[2025-09-06T13:06:17.041+0000] {manager.py:878} INFO - 
================================================================================
DAG File Processing Stats

File Path                                PID    Runtime      # DAGs    # Errors  Last Runtime    Last Run
---------------------------------------  -----  ---------  --------  ----------  --------------  -------------------
/opt/airflow/dags/stock_pipeline_dag.py                           1           0  0.72s           2025-09-06T13:05:56
================================================================================
[2025-09-06T13:06:47.949+0000] {manager.py:878} INFO - 
================================================================================
DAG File Processing Stats

File Path                                PID    Runtime      # DAGs    # Errors  Last Runtime    Last Run
---------------------------------------  -----  ---------  --------  ----------  --------------  -------------------
/opt/airflow/dags/stock_pipeline_dag.py                           1           0  0.47s           2025-09-06T13:06:26
================================================================================
[2025-09-06T13:07:18.407+0000] {manager.py:878} INFO - 
================================================================================
DAG File Processing Stats

File Path                                PID    Runtime      # DAGs    # Errors  Last Runtime    Last Run
---------------------------------------  -----  ---------  --------  ----------  --------------  -------------------
/opt/airflow/dags/stock_pipeline_dag.py                           1           0  0.54s           2025-09-06T13:06:57
================================================================================
[2025-09-06T13:07:48.812+0000] {manager.py:878} INFO - 
================================================================================
DAG File Processing Stats

File Path                                PID    Runtime      # DAGs    # Errors  Last Runtime    Last Run
---------------------------------------  -----  ---------  --------  ----------  --------------  -------------------
/opt/airflow/dags/stock_pipeline_dag.py                           1           0  0.52s           2025-09-06T13:07:28
================================================================================
[2025-09-06T13:08:19.285+0000] {manager.py:878} INFO - 
================================================================================
DAG File Processing Stats

File Path                                PID    Runtime      # DAGs    # Errors  Last Runtime    Last Run
---------------------------------------  -----  ---------  --------  ----------  --------------  -------------------
/opt/airflow/dags/stock_pipeline_dag.py                           1           0  0.52s           2025-09-06T13:07:59
================================================================================
[2025-09-06T13:08:49.622+0000] {manager.py:878} INFO - 
================================================================================
DAG File Processing Stats

File Path                                PID    Runtime      # DAGs    # Errors  Last Runtime    Last Run
---------------------------------------  -----  ---------  --------  ----------  --------------  -------------------
/opt/airflow/dags/stock_pipeline_dag.py                           1           0  0.42s           2025-09-06T13:08:30
================================================================================
[2025-09-06T13:09:20.032+0000] {manager.py:878} INFO - 
================================================================================
DAG File Processing Stats

File Path                                PID    Runtime      # DAGs    # Errors  Last Runtime    Last Run
---------------------------------------  -----  ---------  --------  ----------  --------------  -------------------
/opt/airflow/dags/stock_pipeline_dag.py                           1           0  0.63s           2025-09-06T13:09:01
================================================================================
[2025-09-06T13:09:42.567+0000] {manager.py:737} INFO - Searching for files in /opt/airflow/dags
[2025-09-06T13:09:42.680+0000] {manager.py:740} INFO - There are 1 files in /opt/airflow/dags
[2025-09-06T13:09:50.855+0000] {manager.py:878} INFO - 
================================================================================
DAG File Processing Stats

File Path                                PID    Runtime      # DAGs    # Errors  Last Runtime    Last Run
---------------------------------------  -----  ---------  --------  ----------  --------------  -------------------
/opt/airflow/dags/stock_pipeline_dag.py                           1           0  0.33s           2025-09-06T13:09:31
================================================================================
[2025-09-06T13:10:20.896+0000] {manager.py:878} INFO - 
================================================================================
DAG File Processing Stats

File Path                                PID    Runtime      # DAGs    # Errors  Last Runtime    Last Run
---------------------------------------  -----  ---------  --------  ----------  --------------  -------------------
/opt/airflow/dags/stock_pipeline_dag.py                           1           0  0.60s           2025-09-06T13:10:02
================================================================================
[2025-09-06T13:10:51.733+0000] {manager.py:878} INFO - 
================================================================================
DAG File Processing Stats

File Path                                PID    Runtime      # DAGs    # Errors  Last Runtime    Last Run
---------------------------------------  -----  ---------  --------  ----------  --------------  -------------------
/opt/airflow/dags/stock_pipeline_dag.py                           1           0  0.50s           2025-09-06T13:10:33
================================================================================
[2025-09-06T13:11:22.229+0000] {manager.py:878} INFO - 
================================================================================
DAG File Processing Stats

File Path                                PID    Runtime      # DAGs    # Errors  Last Runtime    Last Run
---------------------------------------  -----  ---------  --------  ----------  --------------  -------------------
/opt/airflow/dags/stock_pipeline_dag.py                           1           0  0.56s           2025-09-06T13:11:04
================================================================================
[2025-09-06T13:11:52.611+0000] {manager.py:878} INFO - 
================================================================================
DAG File Processing Stats

File Path                                PID    Runtime      # DAGs    # Errors  Last Runtime    Last Run
---------------------------------------  -----  ---------  --------  ----------  --------------  -------------------
/opt/airflow/dags/stock_pipeline_dag.py                           1           0  0.48s           2025-09-06T13:11:35
================================================================================
[2025-09-06T13:12:22.678+0000] {manager.py:878} INFO - 
================================================================================
DAG File Processing Stats

File Path                                PID    Runtime      # DAGs    # Errors  Last Runtime    Last Run
---------------------------------------  -----  ---------  --------  ----------  --------------  -------------------
/opt/airflow/dags/stock_pipeline_dag.py                           1           0  0.64s           2025-09-06T13:12:06
================================================================================
[2025-09-06T13:12:53.047+0000] {manager.py:878} INFO - 
================================================================================
DAG File Processing Stats

File Path                                PID    Runtime      # DAGs    # Errors  Last Runtime    Last Run
---------------------------------------  -----  ---------  --------  ----------  --------------  -------------------
/opt/airflow/dags/stock_pipeline_dag.py                           1           0  0.51s           2025-09-06T13:12:37
================================================================================
[2025-09-06T13:13:23.456+0000] {manager.py:878} INFO - 
================================================================================
DAG File Processing Stats

File Path                                PID    Runtime      # DAGs    # Errors  Last Runtime    Last Run
---------------------------------------  -----  ---------  --------  ----------  --------------  -------------------
/opt/airflow/dags/stock_pipeline_dag.py                           1           0  0.55s           2025-09-06T13:13:08
================================================================================
[2025-09-06T13:13:53.957+0000] {manager.py:878} INFO - 
================================================================================
DAG File Processing Stats

File Path                                PID    Runtime      # DAGs    # Errors  Last Runtime    Last Run
---------------------------------------  -----  ---------  --------  ----------  --------------  -------------------
/opt/airflow/dags/stock_pipeline_dag.py                           1           0  0.50s           2025-09-06T13:13:39
================================================================================
[2025-09-06T13:14:24.733+0000] {manager.py:878} INFO - 
================================================================================
DAG File Processing Stats

File Path                                PID    Runtime      # DAGs    # Errors  Last Runtime    Last Run
---------------------------------------  -----  ---------  --------  ----------  --------------  -------------------
/opt/airflow/dags/stock_pipeline_dag.py                           1           0  0.70s           2025-09-06T13:14:10
================================================================================
[2025-09-06T13:14:42.651+0000] {manager.py:737} INFO - Searching for files in /opt/airflow/dags
[2025-09-06T13:14:42.773+0000] {manager.py:740} INFO - There are 1 files in /opt/airflow/dags
[2025-09-06T13:14:54.985+0000] {manager.py:878} INFO - 
================================================================================
DAG File Processing Stats

File Path                                PID    Runtime      # DAGs    # Errors  Last Runtime    Last Run
---------------------------------------  -----  ---------  --------  ----------  --------------  -------------------
/opt/airflow/dags/stock_pipeline_dag.py                           1           0  0.61s           2025-09-06T13:14:41
================================================================================
[2025-09-06T13:15:24.999+0000] {manager.py:878} INFO - 
================================================================================
DAG File Processing Stats

File Path                                PID    Runtime      # DAGs    # Errors  Last Runtime    Last Run
---------------------------------------  -----  ---------  --------  ----------  --------------  -------------------
/opt/airflow/dags/stock_pipeline_dag.py                           1           0  0.57s           2025-09-06T13:15:12
================================================================================
[2025-09-06T13:15:55.477+0000] {manager.py:878} INFO - 
================================================================================
DAG File Processing Stats

File Path                                PID    Runtime      # DAGs    # Errors  Last Runtime    Last Run
---------------------------------------  -----  ---------  --------  ----------  --------------  -------------------
/opt/airflow/dags/stock_pipeline_dag.py                           1           0  0.65s           2025-09-06T13:15:43
================================================================================
[2025-09-06T13:16:25.540+0000] {manager.py:878} INFO - 
================================================================================
DAG File Processing Stats

File Path                                PID    Runtime      # DAGs    # Errors  Last Runtime    Last Run
---------------------------------------  -----  ---------  --------  ----------  --------------  -------------------
/opt/airflow/dags/stock_pipeline_dag.py                           1           0  0.60s           2025-09-06T13:16:14
================================================================================
[2025-09-06T13:16:55.999+0000] {manager.py:878} INFO - 
================================================================================
DAG File Processing Stats

File Path                                PID    Runtime      # DAGs    # Errors  Last Runtime    Last Run
---------------------------------------  -----  ---------  --------  ----------  --------------  -------------------
/opt/airflow/dags/stock_pipeline_dag.py                           1           0  0.50s           2025-09-06T13:16:45
================================================================================
[2025-09-06T13:17:26.431+0000] {manager.py:878} INFO - 
================================================================================
DAG File Processing Stats

File Path                                PID    Runtime      # DAGs    # Errors  Last Runtime    Last Run
---------------------------------------  -----  ---------  --------  ----------  --------------  -------------------
/opt/airflow/dags/stock_pipeline_dag.py                           1           0  0.60s           2025-09-06T13:17:16
================================================================================
[2025-09-06T13:17:56.938+0000] {manager.py:878} INFO - 
================================================================================
DAG File Processing Stats

File Path                                PID    Runtime      # DAGs    # Errors  Last Runtime    Last Run
---------------------------------------  -----  ---------  --------  ----------  --------------  -------------------
/opt/airflow/dags/stock_pipeline_dag.py                           1           0  0.51s           2025-09-06T13:17:47
================================================================================
[2025-09-06T13:18:27.345+0000] {manager.py:878} INFO - 
================================================================================
DAG File Processing Stats

File Path                                PID    Runtime      # DAGs    # Errors  Last Runtime    Last Run
---------------------------------------  -----  ---------  --------  ----------  --------------  -------------------
/opt/airflow/dags/stock_pipeline_dag.py                           1           0  0.51s           2025-09-06T13:18:18
================================================================================
[2025-09-06T13:18:57.770+0000] {manager.py:878} INFO - 
================================================================================
DAG File Processing Stats

File Path                                PID    Runtime      # DAGs    # Errors  Last Runtime    Last Run
---------------------------------------  -----  ---------  --------  ----------  --------------  -------------------
/opt/airflow/dags/stock_pipeline_dag.py                           1           0  0.32s           2025-09-06T13:18:48
================================================================================
[2025-09-06T13:19:28.438+0000] {manager.py:878} INFO - 
================================================================================
DAG File Processing Stats

File Path                                PID    Runtime      # DAGs    # Errors  Last Runtime    Last Run
---------------------------------------  -----  ---------  --------  ----------  --------------  -------------------
/opt/airflow/dags/stock_pipeline_dag.py                           1           0  0.38s           2025-09-06T13:19:19
================================================================================
[2025-09-06T13:19:42.691+0000] {manager.py:737} INFO - Searching for files in /opt/airflow/dags
[2025-09-06T13:19:42.800+0000] {manager.py:740} INFO - There are 1 files in /opt/airflow/dags
[2025-09-06T13:19:59.031+0000] {manager.py:878} INFO - 
================================================================================
DAG File Processing Stats

File Path                                PID    Runtime      # DAGs    # Errors  Last Runtime    Last Run
---------------------------------------  -----  ---------  --------  ----------  --------------  -------------------
/opt/airflow/dags/stock_pipeline_dag.py                           1           0  0.46s           2025-09-06T13:19:50
================================================================================
[2025-09-06T13:20:29.647+0000] {manager.py:878} INFO - 
================================================================================
DAG File Processing Stats

File Path                                PID    Runtime      # DAGs    # Errors  Last Runtime    Last Run
---------------------------------------  -----  ---------  --------  ----------  --------------  -------------------
/opt/airflow/dags/stock_pipeline_dag.py                           1           0  0.55s           2025-09-06T13:20:20
================================================================================
[2025-09-06T13:20:59.690+0000] {manager.py:878} INFO - 
================================================================================
DAG File Processing Stats

File Path                                PID    Runtime      # DAGs    # Errors  Last Runtime    Last Run
---------------------------------------  -----  ---------  --------  ----------  --------------  -------------------
/opt/airflow/dags/stock_pipeline_dag.py                           1           0  0.59s           2025-09-06T13:20:51
================================================================================
[2025-09-06T13:21:30.081+0000] {manager.py:878} INFO - 
================================================================================
DAG File Processing Stats

File Path                                PID    Runtime      # DAGs    # Errors  Last Runtime    Last Run
---------------------------------------  -----  ---------  --------  ----------  --------------  -------------------
/opt/airflow/dags/stock_pipeline_dag.py                           1           0  0.46s           2025-09-06T13:21:22
================================================================================
[2025-09-06T13:22:00.689+0000] {manager.py:878} INFO - 
================================================================================
DAG File Processing Stats

File Path                                PID    Runtime      # DAGs    # Errors  Last Runtime    Last Run
---------------------------------------  -----  ---------  --------  ----------  --------------  -------------------
/opt/airflow/dags/stock_pipeline_dag.py                           1           0  0.49s           2025-09-06T13:21:52
================================================================================
[2025-09-06T13:24:42.133+0000] {manager.py:878} INFO - 
================================================================================
DAG File Processing Stats

File Path                                PID    Runtime      # DAGs    # Errors  Last Runtime    Last Run
---------------------------------------  -----  ---------  --------  ----------  --------------  -------------------
/opt/airflow/dags/stock_pipeline_dag.py                           1           0  0.68s           2025-09-06T13:24:31
================================================================================
[2025-09-06T13:24:43.150+0000] {manager.py:737} INFO - Searching for files in /opt/airflow/dags
[2025-09-06T13:24:43.284+0000] {manager.py:740} INFO - There are 1 files in /opt/airflow/dags
[2025-09-06T13:25:12.510+0000] {manager.py:878} INFO - 
================================================================================
DAG File Processing Stats

File Path                                PID    Runtime      # DAGs    # Errors  Last Runtime    Last Run
---------------------------------------  -----  ---------  --------  ----------  --------------  -------------------
/opt/airflow/dags/stock_pipeline_dag.py                           1           0  0.66s           2025-09-06T13:25:03
================================================================================
[2025-09-06T13:25:42.680+0000] {manager.py:878} INFO - 
================================================================================
DAG File Processing Stats

File Path                                PID    Runtime      # DAGs    # Errors  Last Runtime    Last Run
---------------------------------------  -----  ---------  --------  ----------  --------------  -------------------
/opt/airflow/dags/stock_pipeline_dag.py                           1           0  0.68s           2025-09-06T13:25:34
================================================================================
[2025-09-06T13:26:13.244+0000] {manager.py:878} INFO - 
================================================================================
DAG File Processing Stats

File Path                                PID    Runtime      # DAGs    # Errors  Last Runtime    Last Run
---------------------------------------  -----  ---------  --------  ----------  --------------  -------------------
/opt/airflow/dags/stock_pipeline_dag.py                           1           0  0.56s           2025-09-06T13:26:05
================================================================================
[2025-09-06T13:26:43.281+0000] {manager.py:878} INFO - 
================================================================================
DAG File Processing Stats

File Path                                PID    Runtime      # DAGs    # Errors  Last Runtime    Last Run
---------------------------------------  -----  ---------  --------  ----------  --------------  -------------------
/opt/airflow/dags/stock_pipeline_dag.py                           1           0  0.56s           2025-09-06T13:26:36
================================================================================
[2025-09-06T13:27:13.769+0000] {manager.py:878} INFO - 
================================================================================
DAG File Processing Stats

File Path                                PID    Runtime      # DAGs    # Errors  Last Runtime    Last Run
---------------------------------------  -----  ---------  --------  ----------  --------------  -------------------
/opt/airflow/dags/stock_pipeline_dag.py                           1           0  0.59s           2025-09-06T13:27:06
================================================================================
[2025-09-06T13:27:43.821+0000] {manager.py:878} INFO - 
================================================================================
DAG File Processing Stats

File Path                                PID    Runtime      # DAGs    # Errors  Last Runtime    Last Run
---------------------------------------  -----  ---------  --------  ----------  --------------  -------------------
/opt/airflow/dags/stock_pipeline_dag.py                           1           0  0.56s           2025-09-06T13:27:37
================================================================================
[2025-09-06T13:28:14.266+0000] {manager.py:878} INFO - 
================================================================================
DAG File Processing Stats

File Path                                PID    Runtime      # DAGs    # Errors  Last Runtime    Last Run
---------------------------------------  -----  ---------  --------  ----------  --------------  -------------------
/opt/airflow/dags/stock_pipeline_dag.py                           1           0  0.52s           2025-09-06T13:28:08
================================================================================
[2025-09-06T13:28:44.865+0000] {manager.py:878} INFO - 
================================================================================
DAG File Processing Stats

File Path                                PID    Runtime      # DAGs    # Errors  Last Runtime    Last Run
---------------------------------------  -----  ---------  --------  ----------  --------------  -------------------
/opt/airflow/dags/stock_pipeline_dag.py                           1           0  0.39s           2025-09-06T13:28:39
================================================================================
[2025-09-06T13:29:14.886+0000] {manager.py:878} INFO - 
================================================================================
DAG File Processing Stats

File Path                                PID    Runtime      # DAGs    # Errors  Last Runtime    Last Run
---------------------------------------  -----  ---------  --------  ----------  --------------  -------------------
/opt/airflow/dags/stock_pipeline_dag.py                           1           0  0.50s           2025-09-06T13:29:09
================================================================================
[2025-09-06T13:29:43.325+0000] {manager.py:737} INFO - Searching for files in /opt/airflow/dags
[2025-09-06T13:29:43.484+0000] {manager.py:740} INFO - There are 1 files in /opt/airflow/dags
[2025-09-06T13:29:45.594+0000] {manager.py:878} INFO - 
================================================================================
DAG File Processing Stats

File Path                                PID    Runtime      # DAGs    # Errors  Last Runtime    Last Run
---------------------------------------  -----  ---------  --------  ----------  --------------  -------------------
/opt/airflow/dags/stock_pipeline_dag.py                           1           0  0.75s           2025-09-06T13:29:40
================================================================================
[2025-09-06T13:30:15.766+0000] {manager.py:878} INFO - 
================================================================================
DAG File Processing Stats

File Path                                PID    Runtime      # DAGs    # Errors  Last Runtime    Last Run
---------------------------------------  -----  ---------  --------  ----------  --------------  -------------------
/opt/airflow/dags/stock_pipeline_dag.py                           1           0  0.70s           2025-09-06T13:30:11
================================================================================
[2025-09-06T13:30:46.234+0000] {manager.py:878} INFO - 
================================================================================
DAG File Processing Stats

File Path                                PID    Runtime      # DAGs    # Errors  Last Runtime    Last Run
---------------------------------------  -----  ---------  --------  ----------  --------------  -------------------
/opt/airflow/dags/stock_pipeline_dag.py                           1           0  0.61s           2025-09-06T13:30:42
================================================================================
[2025-09-06T13:31:16.264+0000] {manager.py:878} INFO - 
================================================================================
DAG File Processing Stats

File Path                                PID    Runtime      # DAGs    # Errors  Last Runtime    Last Run
---------------------------------------  -----  ---------  --------  ----------  --------------  -------------------
/opt/airflow/dags/stock_pipeline_dag.py                           1           0  0.59s           2025-09-06T13:31:13
================================================================================
[2025-09-06T13:31:46.690+0000] {manager.py:878} INFO - 
================================================================================
DAG File Processing Stats

File Path                                PID    Runtime      # DAGs    # Errors  Last Runtime    Last Run
---------------------------------------  -----  ---------  --------  ----------  --------------  -------------------
/opt/airflow/dags/stock_pipeline_dag.py                           1           0  0.52s           2025-09-06T13:31:43
================================================================================
[2025-09-06T13:32:16.770+0000] {manager.py:878} INFO - 
================================================================================
DAG File Processing Stats

File Path                                PID    Runtime      # DAGs    # Errors  Last Runtime    Last Run
---------------------------------------  -----  ---------  --------  ----------  --------------  -------------------
/opt/airflow/dags/stock_pipeline_dag.py                           1           0  0.55s           2025-09-06T13:32:14
================================================================================
[2025-09-06T13:32:47.208+0000] {manager.py:878} INFO - 
================================================================================
DAG File Processing Stats

File Path                                PID    Runtime      # DAGs    # Errors  Last Runtime    Last Run
---------------------------------------  -----  ---------  --------  ----------  --------------  -------------------
/opt/airflow/dags/stock_pipeline_dag.py                           1           0  0.55s           2025-09-06T13:32:45
================================================================================
[2025-09-06T13:33:17.220+0000] {manager.py:878} INFO - 
================================================================================
DAG File Processing Stats

File Path                                PID    Runtime      # DAGs    # Errors  Last Runtime    Last Run
---------------------------------------  -----  ---------  --------  ----------  --------------  -------------------
/opt/airflow/dags/stock_pipeline_dag.py                           1           0  0.57s           2025-09-06T13:33:16
================================================================================
[2025-09-06T13:33:47.332+0000] {manager.py:878} INFO - 
================================================================================
DAG File Processing Stats

File Path                                PID    Runtime      # DAGs    # Errors  Last Runtime    Last Run
---------------------------------------  -----  ---------  --------  ----------  --------------  -------------------
/opt/airflow/dags/stock_pipeline_dag.py                           1           0  0.63s           2025-09-06T13:33:47
================================================================================
[2025-09-06T13:34:17.661+0000] {manager.py:878} INFO - 
================================================================================
DAG File Processing Stats

File Path                                  PID  Runtime      # DAGs    # Errors  Last Runtime    Last Run
---------------------------------------  -----  ---------  --------  ----------  --------------  -------------------
/opt/airflow/dags/stock_pipeline_dag.py    479  0.01s             1           0  0.63s           2025-09-06T13:33:47
================================================================================
[2025-09-06T13:34:43.480+0000] {manager.py:737} INFO - Searching for files in /opt/airflow/dags
[2025-09-06T13:34:43.571+0000] {manager.py:740} INFO - There are 1 files in /opt/airflow/dags
[2025-09-06T13:34:47.666+0000] {manager.py:878} INFO - 
================================================================================
DAG File Processing Stats

File Path                                PID    Runtime      # DAGs    # Errors  Last Runtime    Last Run
---------------------------------------  -----  ---------  --------  ----------  --------------  -------------------
/opt/airflow/dags/stock_pipeline_dag.py                           1           0  0.48s           2025-09-06T13:34:18
================================================================================
[2025-09-06T13:35:18.044+0000] {manager.py:878} INFO - 
================================================================================
DAG File Processing Stats

File Path                                PID    Runtime      # DAGs    # Errors  Last Runtime    Last Run
---------------------------------------  -----  ---------  --------  ----------  --------------  -------------------
/opt/airflow/dags/stock_pipeline_dag.py                           1           0  0.37s           2025-09-06T13:34:48
================================================================================
[2025-09-06T13:35:48.641+0000] {manager.py:878} INFO - 
================================================================================
DAG File Processing Stats

File Path                                PID    Runtime      # DAGs    # Errors  Last Runtime    Last Run
---------------------------------------  -----  ---------  --------  ----------  --------------  -------------------
/opt/airflow/dags/stock_pipeline_dag.py                           1           0  0.64s           2025-09-06T13:35:19
================================================================================
[2025-09-06T13:36:19.205+0000] {manager.py:878} INFO - 
================================================================================
DAG File Processing Stats

File Path                                PID    Runtime      # DAGs    # Errors  Last Runtime    Last Run
---------------------------------------  -----  ---------  --------  ----------  --------------  -------------------
/opt/airflow/dags/stock_pipeline_dag.py                           1           0  0.49s           2025-09-06T13:35:50
================================================================================
[2025-09-06T13:36:50.094+0000] {manager.py:878} INFO - 
================================================================================
DAG File Processing Stats

File Path                                PID    Runtime      # DAGs    # Errors  Last Runtime    Last Run
---------------------------------------  -----  ---------  --------  ----------  --------------  -------------------
/opt/airflow/dags/stock_pipeline_dag.py                           1           0  0.49s           2025-09-06T13:36:20
================================================================================
[2025-09-06T13:37:20.279+0000] {manager.py:878} INFO - 
================================================================================
DAG File Processing Stats

File Path                                PID    Runtime      # DAGs    # Errors  Last Runtime    Last Run
---------------------------------------  -----  ---------  --------  ----------  --------------  -------------------
/opt/airflow/dags/stock_pipeline_dag.py                           1           0  0.66s           2025-09-06T13:36:51
================================================================================
[2025-09-06T13:37:50.400+0000] {manager.py:878} INFO - 
================================================================================
DAG File Processing Stats

File Path                                PID    Runtime      # DAGs    # Errors  Last Runtime    Last Run
---------------------------------------  -----  ---------  --------  ----------  --------------  -------------------
/opt/airflow/dags/stock_pipeline_dag.py                           1           0  0.64s           2025-09-06T13:37:22
================================================================================
[2025-09-06T13:38:20.814+0000] {manager.py:878} INFO - 
================================================================================
DAG File Processing Stats

File Path                                PID    Runtime      # DAGs    # Errors  Last Runtime    Last Run
---------------------------------------  -----  ---------  --------  ----------  --------------  -------------------
/opt/airflow/dags/stock_pipeline_dag.py                           1           0  0.57s           2025-09-06T13:37:53
================================================================================
[2025-09-06T13:38:50.888+0000] {manager.py:878} INFO - 
================================================================================
DAG File Processing Stats

File Path                                PID    Runtime      # DAGs    # Errors  Last Runtime    Last Run
---------------------------------------  -----  ---------  --------  ----------  --------------  -------------------
/opt/airflow/dags/stock_pipeline_dag.py                           1           0  0.57s           2025-09-06T13:38:24
================================================================================
[2025-09-06T13:39:21.355+0000] {manager.py:878} INFO - 
================================================================================
DAG File Processing Stats

File Path                                PID    Runtime      # DAGs    # Errors  Last Runtime    Last Run
---------------------------------------  -----  ---------  --------  ----------  --------------  -------------------
/opt/airflow/dags/stock_pipeline_dag.py                           1           0  0.65s           2025-09-06T13:38:55
================================================================================
[2025-09-06T13:39:43.869+0000] {manager.py:737} INFO - Searching for files in /opt/airflow/dags
[2025-09-06T13:39:43.974+0000] {manager.py:740} INFO - There are 1 files in /opt/airflow/dags
[2025-09-06T13:39:52.129+0000] {manager.py:878} INFO - 
================================================================================
DAG File Processing Stats

File Path                                PID    Runtime      # DAGs    # Errors  Last Runtime    Last Run
---------------------------------------  -----  ---------  --------  ----------  --------------  -------------------
/opt/airflow/dags/stock_pipeline_dag.py                           1           0  0.50s           2025-09-06T13:39:25
================================================================================
[2025-09-06T13:40:22.677+0000] {manager.py:878} INFO - 
================================================================================
DAG File Processing Stats

File Path                                PID    Runtime      # DAGs    # Errors  Last Runtime    Last Run
---------------------------------------  -----  ---------  --------  ----------  --------------  -------------------
/opt/airflow/dags/stock_pipeline_dag.py                           1           0  0.48s           2025-09-06T13:39:56
================================================================================
[2025-09-06T13:40:52.787+0000] {manager.py:878} INFO - 
================================================================================
DAG File Processing Stats

File Path                                PID    Runtime      # DAGs    # Errors  Last Runtime    Last Run
---------------------------------------  -----  ---------  --------  ----------  --------------  -------------------
/opt/airflow/dags/stock_pipeline_dag.py                           1           0  0.66s           2025-09-06T13:40:27
================================================================================
[2025-09-06T13:41:23.242+0000] {manager.py:878} INFO - 
================================================================================
DAG File Processing Stats

File Path                                PID    Runtime      # DAGs    # Errors  Last Runtime    Last Run
---------------------------------------  -----  ---------  --------  ----------  --------------  -------------------
/opt/airflow/dags/stock_pipeline_dag.py                           1           0  0.55s           2025-09-06T13:40:58
================================================================================
[2025-09-06T13:41:53.285+0000] {manager.py:878} INFO - 
================================================================================
DAG File Processing Stats

File Path                                PID    Runtime      # DAGs    # Errors  Last Runtime    Last Run
---------------------------------------  -----  ---------  --------  ----------  --------------  -------------------
/opt/airflow/dags/stock_pipeline_dag.py                           1           0  0.59s           2025-09-06T13:41:28
================================================================================
[2025-09-06T13:42:23.733+0000] {manager.py:878} INFO - 
================================================================================
DAG File Processing Stats

File Path                                PID    Runtime      # DAGs    # Errors  Last Runtime    Last Run
---------------------------------------  -----  ---------  --------  ----------  --------------  -------------------
/opt/airflow/dags/stock_pipeline_dag.py                           1           0  0.65s           2025-09-06T13:41:59
================================================================================
[2025-09-06T13:42:54.207+0000] {manager.py:878} INFO - 
================================================================================
DAG File Processing Stats

File Path                                PID    Runtime      # DAGs    # Errors  Last Runtime    Last Run
---------------------------------------  -----  ---------  --------  ----------  --------------  -------------------
/opt/airflow/dags/stock_pipeline_dag.py                           1           0  0.34s           2025-09-06T13:42:30
================================================================================
[2025-09-06T13:43:24.990+0000] {manager.py:878} INFO - 
================================================================================
DAG File Processing Stats

File Path                                PID    Runtime      # DAGs    # Errors  Last Runtime    Last Run
---------------------------------------  -----  ---------  --------  ----------  --------------  -------------------
/opt/airflow/dags/stock_pipeline_dag.py                           1           0  0.49s           2025-09-06T13:43:00
================================================================================
[2025-09-06T13:43:55.592+0000] {manager.py:878} INFO - 
================================================================================
DAG File Processing Stats

File Path                                PID    Runtime      # DAGs    # Errors  Last Runtime    Last Run
---------------------------------------  -----  ---------  --------  ----------  --------------  -------------------
/opt/airflow/dags/stock_pipeline_dag.py                           1           0  0.34s           2025-09-06T13:43:31
================================================================================
[2025-09-06T13:44:26.237+0000] {manager.py:878} INFO - 
================================================================================
DAG File Processing Stats

File Path                                PID    Runtime      # DAGs    # Errors  Last Runtime    Last Run
---------------------------------------  -----  ---------  --------  ----------  --------------  -------------------
/opt/airflow/dags/stock_pipeline_dag.py                           1           0  0.52s           2025-09-06T13:44:02
================================================================================
[2025-09-06T13:44:44.121+0000] {manager.py:737} INFO - Searching for files in /opt/airflow/dags
[2025-09-06T13:44:44.215+0000] {manager.py:740} INFO - There are 1 files in /opt/airflow/dags
[2025-09-06T13:44:56.421+0000] {manager.py:878} INFO - 
================================================================================
DAG File Processing Stats

File Path                                PID    Runtime      # DAGs    # Errors  Last Runtime    Last Run
---------------------------------------  -----  ---------  --------  ----------  --------------  -------------------
/opt/airflow/dags/stock_pipeline_dag.py                           1           0  0.62s           2025-09-06T13:44:32
================================================================================
[2025-09-06T13:45:26.940+0000] {manager.py:878} INFO - 
================================================================================
DAG File Processing Stats

File Path                                PID    Runtime      # DAGs    # Errors  Last Runtime    Last Run
---------------------------------------  -----  ---------  --------  ----------  --------------  -------------------
/opt/airflow/dags/stock_pipeline_dag.py                           1           0  0.53s           2025-09-06T13:45:03
================================================================================
[2025-09-06T13:45:57.486+0000] {manager.py:878} INFO - 
================================================================================
DAG File Processing Stats

File Path                                PID    Runtime      # DAGs    # Errors  Last Runtime    Last Run
---------------------------------------  -----  ---------  --------  ----------  --------------  -------------------
/opt/airflow/dags/stock_pipeline_dag.py                           1           0  0.66s           2025-09-06T13:45:44
================================================================================
[2025-09-06T13:46:27.529+0000] {manager.py:878} INFO - 
================================================================================
DAG File Processing Stats

File Path                                PID    Runtime      # DAGs    # Errors  Last Runtime    Last Run
---------------------------------------  -----  ---------  --------  ----------  --------------  -------------------
/opt/airflow/dags/stock_pipeline_dag.py                           1           0  0.58s           2025-09-06T13:46:15
================================================================================
[2025-09-06T13:46:33.179+0000] {manager.py:452} INFO - Exiting gracefully upon receiving signal 15
[2025-09-06T13:47:18.182+0000] {manager.py:470} INFO - Processing files using up to 2 processes at a time 
[2025-09-06T13:47:18.185+0000] {manager.py:471} INFO - Process each file at most once every 30 seconds
[2025-09-06T13:47:18.188+0000] {manager.py:472} INFO - Checking for new files in /opt/airflow/dags every 300 seconds
[2025-09-06T13:47:18.191+0000] {manager.py:737} INFO - Searching for files in /opt/airflow/dags
[2025-09-06T13:47:18.253+0000] {manager.py:740} INFO - There are 1 files in /opt/airflow/dags
[2025-09-06T13:47:18.497+0000] {manager.py:878} INFO - 
================================================================================
DAG File Processing Stats

File Path                                  PID  Runtime      # DAGs    # Errors  Last Runtime    Last Run
---------------------------------------  -----  ---------  --------  ----------  --------------  ----------
/opt/airflow/dags/stock_pipeline_dag.py    164  0.10s             0           0
================================================================================
[2025-09-06T13:47:48.749+0000] {manager.py:878} INFO - 
================================================================================
DAG File Processing Stats

File Path                                PID    Runtime      # DAGs    # Errors  Last Runtime    Last Run
---------------------------------------  -----  ---------  --------  ----------  --------------  -------------------
/opt/airflow/dags/stock_pipeline_dag.py                           1           0  0.43s           2025-09-06T13:47:18
================================================================================
[2025-09-06T13:48:18.972+0000] {manager.py:878} INFO - 
================================================================================
DAG File Processing Stats

File Path                                PID    Runtime      # DAGs    # Errors  Last Runtime    Last Run
---------------------------------------  -----  ---------  --------  ----------  --------------  -------------------
/opt/airflow/dags/stock_pipeline_dag.py                           1           0  0.45s           2025-09-06T13:47:49
================================================================================
[2025-09-06T13:48:48.980+0000] {manager.py:878} INFO - 
================================================================================
DAG File Processing Stats

File Path                                PID    Runtime      # DAGs    # Errors  Last Runtime    Last Run
---------------------------------------  -----  ---------  --------  ----------  --------------  -------------------
/opt/airflow/dags/stock_pipeline_dag.py                           1           0  0.58s           2025-09-06T13:48:20
================================================================================
[2025-09-06T13:49:19.434+0000] {manager.py:878} INFO - 
================================================================================
DAG File Processing Stats

File Path                                PID    Runtime      # DAGs    # Errors  Last Runtime    Last Run
---------------------------------------  -----  ---------  --------  ----------  --------------  -------------------
/opt/airflow/dags/stock_pipeline_dag.py                           1           0  0.36s           2025-09-06T13:48:51
================================================================================
[2025-09-06T13:49:49.507+0000] {manager.py:878} INFO - 
================================================================================
DAG File Processing Stats

File Path                                PID    Runtime      # DAGs    # Errors  Last Runtime    Last Run
---------------------------------------  -----  ---------  --------  ----------  --------------  -------------------
/opt/airflow/dags/stock_pipeline_dag.py                           1           0  0.62s           2025-09-06T13:49:22
================================================================================
[2025-09-06T13:50:19.927+0000] {manager.py:878} INFO - 
================================================================================
DAG File Processing Stats

File Path                                PID    Runtime      # DAGs    # Errors  Last Runtime    Last Run
---------------------------------------  -----  ---------  --------  ----------  --------------  -------------------
/opt/airflow/dags/stock_pipeline_dag.py                           1           0  0.73s           2025-09-06T13:49:52
================================================================================
[2025-09-06T13:50:50.356+0000] {manager.py:878} INFO - 
================================================================================
DAG File Processing Stats

File Path                                PID    Runtime      # DAGs    # Errors  Last Runtime    Last Run
---------------------------------------  -----  ---------  --------  ----------  --------------  -------------------
/opt/airflow/dags/stock_pipeline_dag.py                           1           0  0.79s           2025-09-06T13:50:24
================================================================================
[2025-09-06T13:51:20.630+0000] {manager.py:878} INFO - 
================================================================================
DAG File Processing Stats

File Path                                PID    Runtime      # DAGs    # Errors  Last Runtime    Last Run
---------------------------------------  -----  ---------  --------  ----------  --------------  -------------------
/opt/airflow/dags/stock_pipeline_dag.py                           1           0  0.81s           2025-09-06T13:50:55
================================================================================
[2025-09-06T13:51:50.989+0000] {manager.py:878} INFO - 
================================================================================
DAG File Processing Stats

File Path                                PID    Runtime      # DAGs    # Errors  Last Runtime    Last Run
---------------------------------------  -----  ---------  --------  ----------  --------------  -------------------
/opt/airflow/dags/stock_pipeline_dag.py                           1           0  0.60s           2025-09-06T13:51:26
================================================================================
[2025-09-06T13:52:18.359+0000] {manager.py:737} INFO - Searching for files in /opt/airflow/dags
[2025-09-06T13:52:18.492+0000] {manager.py:740} INFO - There are 1 files in /opt/airflow/dags
[2025-09-06T13:52:21.597+0000] {manager.py:878} INFO - 
================================================================================
DAG File Processing Stats

File Path                                PID    Runtime      # DAGs    # Errors  Last Runtime    Last Run
---------------------------------------  -----  ---------  --------  ----------  --------------  -------------------
/opt/airflow/dags/stock_pipeline_dag.py                           1           0  0.62s           2025-09-06T13:51:57
================================================================================
[2025-09-06T13:52:51.665+0000] {manager.py:878} INFO - 
================================================================================
DAG File Processing Stats

File Path                                PID    Runtime      # DAGs    # Errors  Last Runtime    Last Run
---------------------------------------  -----  ---------  --------  ----------  --------------  -------------------
/opt/airflow/dags/stock_pipeline_dag.py                           1           0  0.58s           2025-09-06T13:52:28
================================================================================
[2025-09-06T13:53:21.691+0000] {manager.py:878} INFO - 
================================================================================
DAG File Processing Stats

File Path                                PID    Runtime      # DAGs    # Errors  Last Runtime    Last Run
---------------------------------------  -----  ---------  --------  ----------  --------------  -------------------
/opt/airflow/dags/stock_pipeline_dag.py                           1           0  0.58s           2025-09-06T13:52:59
================================================================================
[2025-09-06T13:53:52.125+0000] {manager.py:878} INFO - 
================================================================================
DAG File Processing Stats

File Path                                PID    Runtime      # DAGs    # Errors  Last Runtime    Last Run
---------------------------------------  -----  ---------  --------  ----------  --------------  -------------------
/opt/airflow/dags/stock_pipeline_dag.py                           1           0  0.55s           2025-09-06T13:53:30
================================================================================
[2025-09-06T13:54:22.138+0000] {manager.py:878} INFO - 
================================================================================
DAG File Processing Stats

File Path                                PID    Runtime      # DAGs    # Errors  Last Runtime    Last Run
---------------------------------------  -----  ---------  --------  ----------  --------------  -------------------
/opt/airflow/dags/stock_pipeline_dag.py                           1           0  0.58s           2025-09-06T13:54:00
================================================================================
[2025-09-06T13:54:52.578+0000] {manager.py:878} INFO - 
================================================================================
DAG File Processing Stats

File Path                                PID    Runtime      # DAGs    # Errors  Last Runtime    Last Run
---------------------------------------  -----  ---------  --------  ----------  --------------  -------------------
/opt/airflow/dags/stock_pipeline_dag.py                           1           0  0.76s           2025-09-06T13:54:31
================================================================================
[2025-09-06T13:55:24.412+0000] {manager.py:878} INFO - 
================================================================================
DAG File Processing Stats

File Path                                PID    Runtime      # DAGs    # Errors  Last Runtime    Last Run
---------------------------------------  -----  ---------  --------  ----------  --------------  -------------------
/opt/airflow/dags/stock_pipeline_dag.py                           1           0  0.36s           2025-09-06T13:55:02
================================================================================
[2025-09-06T13:55:54.727+0000] {manager.py:878} INFO - 
================================================================================
DAG File Processing Stats

File Path                                PID    Runtime      # DAGs    # Errors  Last Runtime    Last Run
---------------------------------------  -----  ---------  --------  ----------  --------------  -------------------
/opt/airflow/dags/stock_pipeline_dag.py                           1           0  0.68s           2025-09-06T13:55:33
================================================================================
[2025-09-06T13:56:24.880+0000] {manager.py:878} INFO - 
================================================================================
DAG File Processing Stats

File Path                                PID    Runtime      # DAGs    # Errors  Last Runtime    Last Run
---------------------------------------  -----  ---------  --------  ----------  --------------  -------------------
/opt/airflow/dags/stock_pipeline_dag.py                           1           0  0.70s           2025-09-06T13:56:04
================================================================================
[2025-09-06T13:56:54.883+0000] {manager.py:878} INFO - 
================================================================================
DAG File Processing Stats

File Path                                PID    Runtime      # DAGs    # Errors  Last Runtime    Last Run
---------------------------------------  -----  ---------  --------  ----------  --------------  -------------------
/opt/airflow/dags/stock_pipeline_dag.py                           1           0  0.56s           2025-09-06T13:56:35
================================================================================
[2025-09-06T13:57:18.898+0000] {manager.py:737} INFO - Searching for files in /opt/airflow/dags
[2025-09-06T13:57:19.014+0000] {manager.py:740} INFO - There are 1 files in /opt/airflow/dags
[2025-09-06T13:57:25.147+0000] {manager.py:878} INFO - 
================================================================================
DAG File Processing Stats

File Path                                PID    Runtime      # DAGs    # Errors  Last Runtime    Last Run
---------------------------------------  -----  ---------  --------  ----------  --------------  -------------------
/opt/airflow/dags/stock_pipeline_dag.py                           1           0  0.60s           2025-09-06T13:57:06
================================================================================
[2025-09-06T13:57:55.819+0000] {manager.py:878} INFO - 
================================================================================
DAG File Processing Stats

File Path                                PID    Runtime      # DAGs    # Errors  Last Runtime    Last Run
---------------------------------------  -----  ---------  --------  ----------  --------------  -------------------
/opt/airflow/dags/stock_pipeline_dag.py                           1           0  0.40s           2025-09-06T13:57:37
================================================================================
[2025-09-06T13:58:25.871+0000] {manager.py:878} INFO - 
================================================================================
DAG File Processing Stats

File Path                                PID    Runtime      # DAGs    # Errors  Last Runtime    Last Run
---------------------------------------  -----  ---------  --------  ----------  --------------  -------------------
/opt/airflow/dags/stock_pipeline_dag.py                           1           0  0.60s           2025-09-06T13:58:08
================================================================================
[2025-09-06T13:58:56.311+0000] {manager.py:878} INFO - 
================================================================================
DAG File Processing Stats

File Path                                PID    Runtime      # DAGs    # Errors  Last Runtime    Last Run
---------------------------------------  -----  ---------  --------  ----------  --------------  -------------------
/opt/airflow/dags/stock_pipeline_dag.py                           1           0  0.31s           2025-09-06T13:58:39
================================================================================
[2025-09-06T13:59:27.045+0000] {manager.py:878} INFO - 
================================================================================
DAG File Processing Stats

File Path                                PID    Runtime      # DAGs    # Errors  Last Runtime    Last Run
---------------------------------------  -----  ---------  --------  ----------  --------------  -------------------
/opt/airflow/dags/stock_pipeline_dag.py                           1           0  0.51s           2025-09-06T13:59:10
================================================================================
[2025-09-06T13:59:57.070+0000] {manager.py:878} INFO - 
================================================================================
DAG File Processing Stats

File Path                                PID    Runtime      # DAGs    # Errors  Last Runtime    Last Run
---------------------------------------  -----  ---------  --------  ----------  --------------  -------------------
/opt/airflow/dags/stock_pipeline_dag.py                           1           0  0.58s           2025-09-06T13:59:40
================================================================================
[2025-09-06T14:00:27.514+0000] {manager.py:878} INFO - 
================================================================================
DAG File Processing Stats

File Path                                PID    Runtime      # DAGs    # Errors  Last Runtime    Last Run
---------------------------------------  -----  ---------  --------  ----------  --------------  -------------------
/opt/airflow/dags/stock_pipeline_dag.py                           1           0  0.62s           2025-09-06T14:00:11
================================================================================
[2025-09-06T14:00:57.572+0000] {manager.py:878} INFO - 
================================================================================
DAG File Processing Stats

File Path                                PID    Runtime      # DAGs    # Errors  Last Runtime    Last Run
---------------------------------------  -----  ---------  --------  ----------  --------------  -------------------
/opt/airflow/dags/stock_pipeline_dag.py                           1           0  0.60s           2025-09-06T14:00:42
================================================================================
[2025-09-06T14:01:27.979+0000] {manager.py:878} INFO - 
================================================================================
DAG File Processing Stats

File Path                                PID    Runtime      # DAGs    # Errors  Last Runtime    Last Run
---------------------------------------  -----  ---------  --------  ----------  --------------  -------------------
/opt/airflow/dags/stock_pipeline_dag.py                           1           0  0.51s           2025-09-06T14:01:12
================================================================================
[2025-09-06T14:01:57.998+0000] {manager.py:878} INFO - 
================================================================================
DAG File Processing Stats

File Path                                PID    Runtime      # DAGs    # Errors  Last Runtime    Last Run
---------------------------------------  -----  ---------  --------  ----------  --------------  -------------------
/opt/airflow/dags/stock_pipeline_dag.py                           1           0  0.56s           2025-09-06T14:01:43
================================================================================
[2025-09-06T14:02:19.789+0000] {manager.py:737} INFO - Searching for files in /opt/airflow/dags
[2025-09-06T14:02:19.901+0000] {manager.py:740} INFO - There are 1 files in /opt/airflow/dags
[2025-09-06T14:02:28.072+0000] {manager.py:878} INFO - 
================================================================================
DAG File Processing Stats

File Path                                PID    Runtime      # DAGs    # Errors  Last Runtime    Last Run
---------------------------------------  -----  ---------  --------  ----------  --------------  -------------------
/opt/airflow/dags/stock_pipeline_dag.py                           1           0  0.54s           2025-09-06T14:02:14
================================================================================
[2025-09-06T14:02:58.567+0000] {manager.py:878} INFO - 
================================================================================
DAG File Processing Stats

File Path                                PID    Runtime      # DAGs    # Errors  Last Runtime    Last Run
---------------------------------------  -----  ---------  --------  ----------  --------------  -------------------
/opt/airflow/dags/stock_pipeline_dag.py                           1           0  0.49s           2025-09-06T14:02:45
================================================================================
[2025-09-06T14:03:28.998+0000] {manager.py:878} INFO - 
================================================================================
DAG File Processing Stats

File Path                                PID    Runtime      # DAGs    # Errors  Last Runtime    Last Run
---------------------------------------  -----  ---------  --------  ----------  --------------  -------------------
/opt/airflow/dags/stock_pipeline_dag.py                           1           0  0.48s           2025-09-06T14:03:16
================================================================================
[2025-09-06T14:03:59.428+0000] {manager.py:878} INFO - 
================================================================================
DAG File Processing Stats

File Path                                PID    Runtime      # DAGs    # Errors  Last Runtime    Last Run
---------------------------------------  -----  ---------  --------  ----------  --------------  -------------------
/opt/airflow/dags/stock_pipeline_dag.py                           1           0  0.34s           2025-09-06T14:03:47
================================================================================
[2025-09-06T14:04:29.471+0000] {manager.py:878} INFO - 
================================================================================
DAG File Processing Stats

File Path                                PID    Runtime      # DAGs    # Errors  Last Runtime    Last Run
---------------------------------------  -----  ---------  --------  ----------  --------------  -------------------
/opt/airflow/dags/stock_pipeline_dag.py                           1           0  0.57s           2025-09-06T14:04:18
================================================================================
[2025-09-06T14:04:59.872+0000] {manager.py:878} INFO - 
================================================================================
DAG File Processing Stats

File Path                                PID    Runtime      # DAGs    # Errors  Last Runtime    Last Run
---------------------------------------  -----  ---------  --------  ----------  --------------  -------------------
/opt/airflow/dags/stock_pipeline_dag.py                           1           0  0.40s           2025-09-06T14:04:48
================================================================================
[2025-09-06T14:05:29.931+0000] {manager.py:878} INFO - 
================================================================================
DAG File Processing Stats

File Path                                PID    Runtime      # DAGs    # Errors  Last Runtime    Last Run
---------------------------------------  -----  ---------  --------  ----------  --------------  -------------------
/opt/airflow/dags/stock_pipeline_dag.py                           1           0  0.61s           2025-09-06T14:05:19
================================================================================
[2025-09-06T14:06:00.373+0000] {manager.py:878} INFO - 
================================================================================
DAG File Processing Stats

File Path                                PID    Runtime      # DAGs    # Errors  Last Runtime    Last Run
---------------------------------------  -----  ---------  --------  ----------  --------------  -------------------
/opt/airflow/dags/stock_pipeline_dag.py                           1           0  0.38s           2025-09-06T14:05:50
================================================================================
[2025-09-06T14:06:30.455+0000] {manager.py:878} INFO - 
================================================================================
DAG File Processing Stats

File Path                                PID    Runtime      # DAGs    # Errors  Last Runtime    Last Run
---------------------------------------  -----  ---------  --------  ----------  --------------  -------------------
/opt/airflow/dags/stock_pipeline_dag.py                           1           0  0.62s           2025-09-06T14:06:21
================================================================================
[2025-09-06T14:07:00.895+0000] {manager.py:878} INFO - 
================================================================================
DAG File Processing Stats

File Path                                PID    Runtime      # DAGs    # Errors  Last Runtime    Last Run
---------------------------------------  -----  ---------  --------  ----------  --------------  -------------------
/opt/airflow/dags/stock_pipeline_dag.py                           1           0  0.64s           2025-09-06T14:06:52
================================================================================
[2025-09-06T14:07:20.144+0000] {manager.py:737} INFO - Searching for files in /opt/airflow/dags
[2025-09-06T14:07:20.276+0000] {manager.py:740} INFO - There are 1 files in /opt/airflow/dags
[2025-09-06T14:07:30.959+0000] {manager.py:878} INFO - 
================================================================================
DAG File Processing Stats

File Path                                PID    Runtime      # DAGs    # Errors  Last Runtime    Last Run
---------------------------------------  -----  ---------  --------  ----------  --------------  -------------------
/opt/airflow/dags/stock_pipeline_dag.py                           1           0  0.46s           2025-09-06T14:07:22
================================================================================
[2025-09-06T14:08:01.368+0000] {manager.py:878} INFO - 
================================================================================
DAG File Processing Stats

File Path                                PID    Runtime      # DAGs    # Errors  Last Runtime    Last Run
---------------------------------------  -----  ---------  --------  ----------  --------------  -------------------
/opt/airflow/dags/stock_pipeline_dag.py                           1           0  0.61s           2025-09-06T14:07:53
================================================================================
[2025-09-06T14:08:32.122+0000] {manager.py:878} INFO - 
================================================================================
DAG File Processing Stats

File Path                                PID    Runtime      # DAGs    # Errors  Last Runtime    Last Run
---------------------------------------  -----  ---------  --------  ----------  --------------  -------------------
/opt/airflow/dags/stock_pipeline_dag.py                           1           0  0.56s           2025-09-06T14:08:24
================================================================================
[2025-09-06T14:09:02.227+0000] {manager.py:878} INFO - 
================================================================================
DAG File Processing Stats

File Path                                PID    Runtime      # DAGs    # Errors  Last Runtime    Last Run
---------------------------------------  -----  ---------  --------  ----------  --------------  -------------------
/opt/airflow/dags/stock_pipeline_dag.py                           1           0  0.63s           2025-09-06T14:08:55
================================================================================
[2025-09-06T14:09:32.692+0000] {manager.py:878} INFO - 
================================================================================
DAG File Processing Stats

File Path                                PID    Runtime      # DAGs    # Errors  Last Runtime    Last Run
---------------------------------------  -----  ---------  --------  ----------  --------------  -------------------
/opt/airflow/dags/stock_pipeline_dag.py                           1           0  0.53s           2025-09-06T14:09:26
================================================================================
[2025-09-06T14:10:03.121+0000] {manager.py:878} INFO - 
================================================================================
DAG File Processing Stats

File Path                                PID    Runtime      # DAGs    # Errors  Last Runtime    Last Run
---------------------------------------  -----  ---------  --------  ----------  --------------  -------------------
/opt/airflow/dags/stock_pipeline_dag.py                           1           0  0.60s           2025-09-06T14:09:57
================================================================================
[2025-09-06T14:10:33.242+0000] {manager.py:878} INFO - 
================================================================================
DAG File Processing Stats

File Path                                PID    Runtime      # DAGs    # Errors  Last Runtime    Last Run
---------------------------------------  -----  ---------  --------  ----------  --------------  -------------------
/opt/airflow/dags/stock_pipeline_dag.py                           1           0  0.64s           2025-09-06T14:10:28
================================================================================
[2025-09-06T14:11:03.319+0000] {manager.py:878} INFO - 
================================================================================
DAG File Processing Stats

File Path                                PID    Runtime      # DAGs    # Errors  Last Runtime    Last Run
---------------------------------------  -----  ---------  --------  ----------  --------------  -------------------
/opt/airflow/dags/stock_pipeline_dag.py                           1           0  0.61s           2025-09-06T14:10:59
================================================================================
[2025-09-06T14:11:33.368+0000] {manager.py:878} INFO - 
================================================================================
DAG File Processing Stats

File Path                                PID    Runtime      # DAGs    # Errors  Last Runtime    Last Run
---------------------------------------  -----  ---------  --------  ----------  --------------  -------------------
/opt/airflow/dags/stock_pipeline_dag.py                           1           0  0.79s           2025-09-06T14:11:30
================================================================================
[2025-09-06T14:12:03.475+0000] {manager.py:878} INFO - 
================================================================================
DAG File Processing Stats

File Path                                PID    Runtime      # DAGs    # Errors  Last Runtime    Last Run
---------------------------------------  -----  ---------  --------  ----------  --------------  -------------------
/opt/airflow/dags/stock_pipeline_dag.py                           1           0  0.59s           2025-09-06T14:12:01
================================================================================
[2025-09-06T14:12:20.503+0000] {manager.py:737} INFO - Searching for files in /opt/airflow/dags
[2025-09-06T14:12:20.601+0000] {manager.py:740} INFO - There are 1 files in /opt/airflow/dags
[2025-09-06T14:12:33.926+0000] {manager.py:878} INFO - 
================================================================================
DAG File Processing Stats

File Path                                PID    Runtime      # DAGs    # Errors  Last Runtime    Last Run
---------------------------------------  -----  ---------  --------  ----------  --------------  -------------------
/opt/airflow/dags/stock_pipeline_dag.py                           1           0  0.61s           2025-09-06T14:12:32
================================================================================
[2025-09-06T14:13:04.344+0000] {manager.py:878} INFO - 
================================================================================
DAG File Processing Stats

File Path                                PID    Runtime      # DAGs    # Errors  Last Runtime    Last Run
---------------------------------------  -----  ---------  --------  ----------  --------------  -------------------
/opt/airflow/dags/stock_pipeline_dag.py                           1           0  0.56s           2025-09-06T14:13:03
================================================================================
[2025-09-06T14:13:34.870+0000] {manager.py:878} INFO - 
================================================================================
DAG File Processing Stats

File Path                                PID    Runtime      # DAGs    # Errors  Last Runtime    Last Run
---------------------------------------  -----  ---------  --------  ----------  --------------  -------------------
/opt/airflow/dags/stock_pipeline_dag.py                           1           0  0.56s           2025-09-06T14:13:34
================================================================================
[2025-09-06T14:14:05.279+0000] {manager.py:878} INFO - 
================================================================================
DAG File Processing Stats

File Path                                  PID  Runtime      # DAGs    # Errors  Last Runtime    Last Run
---------------------------------------  -----  ---------  --------  ----------  --------------  -------------------
/opt/airflow/dags/stock_pipeline_dag.py    424  0.51s             1           0  0.56s           2025-09-06T14:13:34
================================================================================
[2025-09-06T14:14:35.744+0000] {manager.py:878} INFO - 
================================================================================
DAG File Processing Stats

File Path                                  PID  Runtime      # DAGs    # Errors  Last Runtime    Last Run
---------------------------------------  -----  ---------  --------  ----------  --------------  -------------------
/opt/airflow/dags/stock_pipeline_dag.py    429  0.02s             1           0  0.68s           2025-09-06T14:14:05
================================================================================
[2025-09-06T14:15:06.266+0000] {manager.py:878} INFO - 
================================================================================
DAG File Processing Stats

File Path                                PID    Runtime      # DAGs    # Errors  Last Runtime    Last Run
---------------------------------------  -----  ---------  --------  ----------  --------------  -------------------
/opt/airflow/dags/stock_pipeline_dag.py                           1           0  0.58s           2025-09-06T14:14:36
================================================================================
[2025-09-06T14:15:36.699+0000] {manager.py:878} INFO - 
================================================================================
DAG File Processing Stats

File Path                                PID    Runtime      # DAGs    # Errors  Last Runtime    Last Run
---------------------------------------  -----  ---------  --------  ----------  --------------  -------------------
/opt/airflow/dags/stock_pipeline_dag.py                           1           0  0.58s           2025-09-06T14:15:07
================================================================================
[2025-09-06T14:16:07.240+0000] {manager.py:878} INFO - 
================================================================================
DAG File Processing Stats

File Path                                PID    Runtime      # DAGs    # Errors  Last Runtime    Last Run
---------------------------------------  -----  ---------  --------  ----------  --------------  -------------------
/opt/airflow/dags/stock_pipeline_dag.py                           1           0  0.48s           2025-09-06T14:15:38
================================================================================
[2025-09-06T14:16:37.376+0000] {manager.py:878} INFO - 
================================================================================
DAG File Processing Stats

File Path                                PID    Runtime      # DAGs    # Errors  Last Runtime    Last Run
---------------------------------------  -----  ---------  --------  ----------  --------------  -------------------
/opt/airflow/dags/stock_pipeline_dag.py                           1           0  0.68s           2025-09-06T14:16:08
================================================================================
[2025-09-06T14:17:07.833+0000] {manager.py:878} INFO - 
================================================================================
DAG File Processing Stats

File Path                                PID    Runtime      # DAGs    # Errors  Last Runtime    Last Run
---------------------------------------  -----  ---------  --------  ----------  --------------  -------------------
/opt/airflow/dags/stock_pipeline_dag.py                           1           0  0.55s           2025-09-06T14:16:39
================================================================================
[2025-09-06T14:17:20.581+0000] {manager.py:737} INFO - Searching for files in /opt/airflow/dags
[2025-09-06T14:17:20.696+0000] {manager.py:740} INFO - There are 1 files in /opt/airflow/dags
[2025-09-06T14:17:37.977+0000] {manager.py:878} INFO - 
================================================================================
DAG File Processing Stats

File Path                                PID    Runtime      # DAGs    # Errors  Last Runtime    Last Run
---------------------------------------  -----  ---------  --------  ----------  --------------  -------------------
/opt/airflow/dags/stock_pipeline_dag.py                           1           0  0.51s           2025-09-06T14:17:10
================================================================================
[2025-09-06T14:18:08.392+0000] {manager.py:878} INFO - 
================================================================================
DAG File Processing Stats

File Path                                PID    Runtime      # DAGs    # Errors  Last Runtime    Last Run
---------------------------------------  -----  ---------  --------  ----------  --------------  -------------------
/opt/airflow/dags/stock_pipeline_dag.py                           1           0  0.60s           2025-09-06T14:17:41
================================================================================
[2025-09-06T14:18:39.044+0000] {manager.py:878} INFO - 
================================================================================
DAG File Processing Stats

File Path                                PID    Runtime      # DAGs    # Errors  Last Runtime    Last Run
---------------------------------------  -----  ---------  --------  ----------  --------------  -------------------
/opt/airflow/dags/stock_pipeline_dag.py                           1           0  0.56s           2025-09-06T14:18:12
================================================================================
[2025-09-06T14:19:09.832+0000] {manager.py:878} INFO - 
================================================================================
DAG File Processing Stats

File Path                                PID    Runtime      # DAGs    # Errors  Last Runtime    Last Run
---------------------------------------  -----  ---------  --------  ----------  --------------  -------------------
/opt/airflow/dags/stock_pipeline_dag.py                           1           0  0.38s           2025-09-06T14:18:42
================================================================================
[2025-09-06T14:19:40.393+0000] {manager.py:878} INFO - 
================================================================================
DAG File Processing Stats

File Path                                PID    Runtime      # DAGs    # Errors  Last Runtime    Last Run
---------------------------------------  -----  ---------  --------  ----------  --------------  -------------------
/opt/airflow/dags/stock_pipeline_dag.py                           1           0  0.50s           2025-09-06T14:19:13
================================================================================
[2025-09-06T14:20:10.796+0000] {manager.py:878} INFO - 
================================================================================
DAG File Processing Stats

File Path                                PID    Runtime      # DAGs    # Errors  Last Runtime    Last Run
---------------------------------------  -----  ---------  --------  ----------  --------------  -------------------
/opt/airflow/dags/stock_pipeline_dag.py                           1           0  0.34s           2025-09-06T14:19:43
================================================================================
[2025-09-06T14:20:41.564+0000] {manager.py:878} INFO - 
================================================================================
DAG File Processing Stats

File Path                                PID    Runtime      # DAGs    # Errors  Last Runtime    Last Run
---------------------------------------  -----  ---------  --------  ----------  --------------  -------------------
/opt/airflow/dags/stock_pipeline_dag.py                           1           0  0.54s           2025-09-06T14:20:14
================================================================================
[2025-09-06T14:21:12.221+0000] {manager.py:878} INFO - 
================================================================================
DAG File Processing Stats

File Path                                PID    Runtime      # DAGs    # Errors  Last Runtime    Last Run
---------------------------------------  -----  ---------  --------  ----------  --------------  -------------------
/opt/airflow/dags/stock_pipeline_dag.py                           1           0  0.53s           2025-09-06T14:20:45
================================================================================
[2025-09-06T14:21:43.023+0000] {manager.py:878} INFO - 
================================================================================
DAG File Processing Stats

File Path                                PID    Runtime      # DAGs    # Errors  Last Runtime    Last Run
---------------------------------------  -----  ---------  --------  ----------  --------------  -------------------
/opt/airflow/dags/stock_pipeline_dag.py                           1           0  0.49s           2025-09-06T14:21:15
================================================================================
[2025-09-06T14:22:13.616+0000] {manager.py:878} INFO - 
================================================================================
DAG File Processing Stats

File Path                                PID    Runtime      # DAGs    # Errors  Last Runtime    Last Run
---------------------------------------  -----  ---------  --------  ----------  --------------  -------------------
/opt/airflow/dags/stock_pipeline_dag.py                           1           0  0.33s           2025-09-06T14:21:46
================================================================================
[2025-09-06T14:22:20.896+0000] {manager.py:737} INFO - Searching for files in /opt/airflow/dags
[2025-09-06T14:22:21.009+0000] {manager.py:740} INFO - There are 1 files in /opt/airflow/dags
[2025-09-06T14:22:44.393+0000] {manager.py:878} INFO - 
================================================================================
DAG File Processing Stats

File Path                                PID    Runtime      # DAGs    # Errors  Last Runtime    Last Run
---------------------------------------  -----  ---------  --------  ----------  --------------  -------------------
/opt/airflow/dags/stock_pipeline_dag.py                           1           0  0.51s           2025-09-06T14:22:17
================================================================================
[2025-09-06T14:23:14.535+0000] {manager.py:878} INFO - 
================================================================================
DAG File Processing Stats

File Path                                PID    Runtime      # DAGs    # Errors  Last Runtime    Last Run
---------------------------------------  -----  ---------  --------  ----------  --------------  -------------------
/opt/airflow/dags/stock_pipeline_dag.py                           1           0  0.70s           2025-09-06T14:22:48
================================================================================
[2025-09-06T14:23:44.593+0000] {manager.py:878} INFO - 
================================================================================
DAG File Processing Stats

File Path                                PID    Runtime      # DAGs    # Errors  Last Runtime    Last Run
---------------------------------------  -----  ---------  --------  ----------  --------------  -------------------
/opt/airflow/dags/stock_pipeline_dag.py                           1           0  0.61s           2025-09-06T14:23:19
================================================================================
[2025-09-06T14:24:15.021+0000] {manager.py:878} INFO - 
================================================================================
DAG File Processing Stats

File Path                                PID    Runtime      # DAGs    # Errors  Last Runtime    Last Run
---------------------------------------  -----  ---------  --------  ----------  --------------  -------------------
/opt/airflow/dags/stock_pipeline_dag.py                           1           0  0.59s           2025-09-06T14:23:50
================================================================================
[2025-09-06T14:24:45.212+0000] {manager.py:878} INFO - 
================================================================================
DAG File Processing Stats

File Path                                PID    Runtime      # DAGs    # Errors  Last Runtime    Last Run
---------------------------------------  -----  ---------  --------  ----------  --------------  -------------------
/opt/airflow/dags/stock_pipeline_dag.py                           1           0  0.73s           2025-09-06T14:24:20
================================================================================
[2025-09-06T14:25:15.610+0000] {manager.py:878} INFO - 
================================================================================
DAG File Processing Stats

File Path                                PID    Runtime      # DAGs    # Errors  Last Runtime    Last Run
---------------------------------------  -----  ---------  --------  ----------  --------------  -------------------
/opt/airflow/dags/stock_pipeline_dag.py                           1           0  0.48s           2025-09-06T14:24:51
================================================================================
[2025-09-06T14:25:45.685+0000] {manager.py:878} INFO - 
================================================================================
DAG File Processing Stats

File Path                                PID    Runtime      # DAGs    # Errors  Last Runtime    Last Run
---------------------------------------  -----  ---------  --------  ----------  --------------  -------------------
/opt/airflow/dags/stock_pipeline_dag.py                           1           0  0.58s           2025-09-06T14:25:22
================================================================================
[2025-09-06T14:26:16.132+0000] {manager.py:878} INFO - 
================================================================================
DAG File Processing Stats

File Path                                PID    Runtime      # DAGs    # Errors  Last Runtime    Last Run
---------------------------------------  -----  ---------  --------  ----------  --------------  -------------------
/opt/airflow/dags/stock_pipeline_dag.py                           1           0  0.55s           2025-09-06T14:25:52
================================================================================
[2025-09-06T14:26:46.781+0000] {manager.py:878} INFO - 
================================================================================
DAG File Processing Stats

File Path                                PID    Runtime      # DAGs    # Errors  Last Runtime    Last Run
---------------------------------------  -----  ---------  --------  ----------  --------------  -------------------
/opt/airflow/dags/stock_pipeline_dag.py                           1           0  0.46s           2025-09-06T14:26:23
================================================================================
[2025-09-06T14:27:16.837+0000] {manager.py:878} INFO - 
================================================================================
DAG File Processing Stats

File Path                                PID    Runtime      # DAGs    # Errors  Last Runtime    Last Run
---------------------------------------  -----  ---------  --------  ----------  --------------  -------------------
/opt/airflow/dags/stock_pipeline_dag.py                           1           0  0.59s           2025-09-06T14:26:54
================================================================================
[2025-09-06T14:27:20.898+0000] {manager.py:737} INFO - Searching for files in /opt/airflow/dags
[2025-09-06T14:27:21.021+0000] {manager.py:740} INFO - There are 1 files in /opt/airflow/dags
[2025-09-06T14:27:47.483+0000] {manager.py:878} INFO - 
================================================================================
DAG File Processing Stats

File Path                                PID    Runtime      # DAGs    # Errors  Last Runtime    Last Run
---------------------------------------  -----  ---------  --------  ----------  --------------  -------------------
/opt/airflow/dags/stock_pipeline_dag.py                           1           0  0.71s           2025-09-06T14:27:25
================================================================================
[2025-09-06T14:28:18.083+0000] {manager.py:878} INFO - 
================================================================================
DAG File Processing Stats

File Path                                PID    Runtime      # DAGs    # Errors  Last Runtime    Last Run
---------------------------------------  -----  ---------  --------  ----------  --------------  -------------------
/opt/airflow/dags/stock_pipeline_dag.py                           1           0  0.54s           2025-09-06T14:27:56
================================================================================
[2025-09-06T14:28:48.499+0000] {manager.py:878} INFO - 
================================================================================
DAG File Processing Stats

File Path                                PID    Runtime      # DAGs    # Errors  Last Runtime    Last Run
---------------------------------------  -----  ---------  --------  ----------  --------------  -------------------
/opt/airflow/dags/stock_pipeline_dag.py                           1           0  0.75s           2025-09-06T14:28:27
================================================================================
[2025-09-06T14:29:19.028+0000] {manager.py:878} INFO - 
================================================================================
DAG File Processing Stats

File Path                                PID    Runtime      # DAGs    # Errors  Last Runtime    Last Run
---------------------------------------  -----  ---------  --------  ----------  --------------  -------------------
/opt/airflow/dags/stock_pipeline_dag.py                           1           0  0.52s           2025-09-06T14:28:58
================================================================================
[2025-09-06T14:29:49.403+0000] {manager.py:878} INFO - 
================================================================================
DAG File Processing Stats

File Path                                PID    Runtime      # DAGs    # Errors  Last Runtime    Last Run
---------------------------------------  -----  ---------  --------  ----------  --------------  -------------------
/opt/airflow/dags/stock_pipeline_dag.py                           1           0  0.49s           2025-09-06T14:29:29
================================================================================
[2025-09-06T14:30:19.623+0000] {manager.py:878} INFO - 
================================================================================
DAG File Processing Stats

File Path                                PID    Runtime      # DAGs    # Errors  Last Runtime    Last Run
---------------------------------------  -----  ---------  --------  ----------  --------------  -------------------
/opt/airflow/dags/stock_pipeline_dag.py                           1           0  0.74s           2025-09-06T14:30:00
================================================================================
[2025-09-06T14:30:50.061+0000] {manager.py:878} INFO - 
================================================================================
DAG File Processing Stats

File Path                                PID    Runtime      # DAGs    # Errors  Last Runtime    Last Run
---------------------------------------  -----  ---------  --------  ----------  --------------  -------------------
/opt/airflow/dags/stock_pipeline_dag.py                           1           0  0.51s           2025-09-06T14:30:31
================================================================================
[2025-09-06T14:31:20.170+0000] {manager.py:878} INFO - 
================================================================================
DAG File Processing Stats

File Path                                PID    Runtime      # DAGs    # Errors  Last Runtime    Last Run
---------------------------------------  -----  ---------  --------  ----------  --------------  -------------------
/opt/airflow/dags/stock_pipeline_dag.py                           1           0  0.65s           2025-09-06T14:31:01
================================================================================
[2025-09-06T14:31:50.613+0000] {manager.py:878} INFO - 
================================================================================
DAG File Processing Stats

File Path                                PID    Runtime      # DAGs    # Errors  Last Runtime    Last Run
---------------------------------------  -----  ---------  --------  ----------  --------------  -------------------
/opt/airflow/dags/stock_pipeline_dag.py                           1           0  0.35s           2025-09-06T14:31:32
================================================================================
[2025-09-06T14:32:20.691+0000] {manager.py:878} INFO - 
================================================================================
DAG File Processing Stats

File Path                                PID    Runtime      # DAGs    # Errors  Last Runtime    Last Run
---------------------------------------  -----  ---------  --------  ----------  --------------  -------------------
/opt/airflow/dags/stock_pipeline_dag.py                           1           0  0.61s           2025-09-06T14:32:03
================================================================================
[2025-09-06T14:32:21.359+0000] {manager.py:737} INFO - Searching for files in /opt/airflow/dags
[2025-09-06T14:32:21.474+0000] {manager.py:740} INFO - There are 1 files in /opt/airflow/dags
[2025-09-06T14:32:51.069+0000] {manager.py:878} INFO - 
================================================================================
DAG File Processing Stats

File Path                                PID    Runtime      # DAGs    # Errors  Last Runtime    Last Run
---------------------------------------  -----  ---------  --------  ----------  --------------  -------------------
/opt/airflow/dags/stock_pipeline_dag.py                           1           0  0.42s           2025-09-06T14:32:34
================================================================================
[2025-09-06T14:33:21.777+0000] {manager.py:878} INFO - 
================================================================================
DAG File Processing Stats

File Path                                PID    Runtime      # DAGs    # Errors  Last Runtime    Last Run
---------------------------------------  -----  ---------  --------  ----------  --------------  -------------------
/opt/airflow/dags/stock_pipeline_dag.py                           1           0  0.45s           2025-09-06T14:33:04
================================================================================
[2025-09-06T14:33:52.268+0000] {manager.py:878} INFO - 
================================================================================
DAG File Processing Stats

File Path                                PID    Runtime      # DAGs    # Errors  Last Runtime    Last Run
---------------------------------------  -----  ---------  --------  ----------  --------------  -------------------
/opt/airflow/dags/stock_pipeline_dag.py                           1           0  0.48s           2025-09-06T14:33:35
================================================================================
[2025-09-06T14:34:22.478+0000] {manager.py:878} INFO - 
================================================================================
DAG File Processing Stats

File Path                                PID    Runtime      # DAGs    # Errors  Last Runtime    Last Run
---------------------------------------  -----  ---------  --------  ----------  --------------  -------------------
/opt/airflow/dags/stock_pipeline_dag.py                           1           0  0.48s           2025-09-06T14:34:06
================================================================================
[2025-09-06T14:34:52.882+0000] {manager.py:878} INFO - 
================================================================================
DAG File Processing Stats

File Path                                PID    Runtime      # DAGs    # Errors  Last Runtime    Last Run
---------------------------------------  -----  ---------  --------  ----------  --------------  -------------------
/opt/airflow/dags/stock_pipeline_dag.py                           1           0  0.49s           2025-09-06T14:34:37
================================================================================
[2025-09-06T14:35:23.287+0000] {manager.py:878} INFO - 
================================================================================
DAG File Processing Stats

File Path                                PID    Runtime      # DAGs    # Errors  Last Runtime    Last Run
---------------------------------------  -----  ---------  --------  ----------  --------------  -------------------
/opt/airflow/dags/stock_pipeline_dag.py                           1           0  0.55s           2025-09-06T14:35:08
================================================================================
[2025-09-06T14:35:53.314+0000] {manager.py:878} INFO - 
================================================================================
DAG File Processing Stats

File Path                                PID    Runtime      # DAGs    # Errors  Last Runtime    Last Run
---------------------------------------  -----  ---------  --------  ----------  --------------  -------------------
/opt/airflow/dags/stock_pipeline_dag.py                           1           0  0.60s           2025-09-06T14:35:39
================================================================================
[2025-09-06T14:36:23.380+0000] {manager.py:878} INFO - 
================================================================================
DAG File Processing Stats

File Path                                PID    Runtime      # DAGs    # Errors  Last Runtime    Last Run
---------------------------------------  -----  ---------  --------  ----------  --------------  -------------------
/opt/airflow/dags/stock_pipeline_dag.py                           1           0  0.62s           2025-09-06T14:36:10
================================================================================
[2025-09-06T14:36:53.785+0000] {manager.py:878} INFO - 
================================================================================
DAG File Processing Stats

File Path                                PID    Runtime      # DAGs    # Errors  Last Runtime    Last Run
---------------------------------------  -----  ---------  --------  ----------  --------------  -------------------
/opt/airflow/dags/stock_pipeline_dag.py                           1           0  0.56s           2025-09-06T14:36:40
================================================================================
[2025-09-06T14:42:18.305+0000] {manager.py:737} INFO - Searching for files in /opt/airflow/dags
[2025-09-06T14:42:18.398+0000] {manager.py:740} INFO - There are 1 files in /opt/airflow/dags
[2025-09-07T06:47:08.950+0000] {manager.py:470} INFO - Processing files using up to 2 processes at a time 
[2025-09-07T06:47:08.952+0000] {manager.py:471} INFO - Process each file at most once every 30 seconds
[2025-09-07T06:47:08.953+0000] {manager.py:472} INFO - Checking for new files in /opt/airflow/dags every 300 seconds
[2025-09-07T06:47:08.954+0000] {manager.py:737} INFO - Searching for files in /opt/airflow/dags
[2025-09-07T06:47:08.994+0000] {manager.py:740} INFO - There are 1 files in /opt/airflow/dags
[2025-09-07T06:47:09.154+0000] {manager.py:878} INFO - 
================================================================================
DAG File Processing Stats

File Path                                  PID  Runtime      # DAGs    # Errors  Last Runtime    Last Run
---------------------------------------  -----  ---------  --------  ----------  --------------  ----------
/opt/airflow/dags/stock_pipeline_dag.py    164  0.07s             0           0
================================================================================
[2025-09-07T06:47:39.409+0000] {manager.py:878} INFO - 
================================================================================
DAG File Processing Stats

File Path                                  PID  Runtime      # DAGs    # Errors  Last Runtime    Last Run
---------------------------------------  -----  ---------  --------  ----------  --------------  -------------------
/opt/airflow/dags/stock_pipeline_dag.py    169  0.00s             1           0  0.31s           2025-09-07T06:47:09
================================================================================
[2025-09-07T06:48:09.679+0000] {manager.py:878} INFO - 
================================================================================
DAG File Processing Stats

File Path                                  PID  Runtime      # DAGs    # Errors  Last Runtime    Last Run
---------------------------------------  -----  ---------  --------  ----------  --------------  -------------------
/opt/airflow/dags/stock_pipeline_dag.py    174  0.00s             1           0  0.17s           2025-09-07T06:47:39
================================================================================
[2025-09-07T06:48:40.005+0000] {manager.py:878} INFO - 
================================================================================
DAG File Processing Stats

File Path                                  PID  Runtime      # DAGs    # Errors  Last Runtime    Last Run
---------------------------------------  -----  ---------  --------  ----------  --------------  -------------------
/opt/airflow/dags/stock_pipeline_dag.py    179  0.01s             1           0  0.16s           2025-09-07T06:48:09
================================================================================
[2025-09-07T06:49:10.314+0000] {manager.py:878} INFO - 
================================================================================
DAG File Processing Stats

File Path                                  PID  Runtime      # DAGs    # Errors  Last Runtime    Last Run
---------------------------------------  -----  ---------  --------  ----------  --------------  -------------------
/opt/airflow/dags/stock_pipeline_dag.py    184  0.00s             1           0  0.15s           2025-09-07T06:48:40
================================================================================
[2025-09-07T06:49:40.732+0000] {manager.py:878} INFO - 
================================================================================
DAG File Processing Stats

File Path                                  PID  Runtime      # DAGs    # Errors  Last Runtime    Last Run
---------------------------------------  -----  ---------  --------  ----------  --------------  -------------------
/opt/airflow/dags/stock_pipeline_dag.py    189  0.00s             1           0  0.15s           2025-09-07T06:49:10
================================================================================
[2025-09-07T06:50:11.031+0000] {manager.py:878} INFO - 
================================================================================
DAG File Processing Stats

File Path                                  PID  Runtime      # DAGs    # Errors  Last Runtime    Last Run
---------------------------------------  -----  ---------  --------  ----------  --------------  -------------------
/opt/airflow/dags/stock_pipeline_dag.py    194  0.00s             1           0  0.13s           2025-09-07T06:49:40
================================================================================
[2025-09-07T06:50:41.389+0000] {manager.py:878} INFO - 
================================================================================
DAG File Processing Stats

File Path                                  PID  Runtime      # DAGs    # Errors  Last Runtime    Last Run
---------------------------------------  -----  ---------  --------  ----------  --------------  -------------------
/opt/airflow/dags/stock_pipeline_dag.py    199  0.00s             1           0  0.13s           2025-09-07T06:50:11
================================================================================
[2025-09-07T06:51:11.589+0000] {manager.py:878} INFO - 
================================================================================
DAG File Processing Stats

File Path                                  PID  Runtime      # DAGs    # Errors  Last Runtime    Last Run
---------------------------------------  -----  ---------  --------  ----------  --------------  -------------------
/opt/airflow/dags/stock_pipeline_dag.py    204  0.00s             1           0  0.14s           2025-09-07T06:50:41
================================================================================
[2025-09-07T06:51:42.037+0000] {manager.py:878} INFO - 
================================================================================
DAG File Processing Stats

File Path                                  PID  Runtime      # DAGs    # Errors  Last Runtime    Last Run
---------------------------------------  -----  ---------  --------  ----------  --------------  -------------------
/opt/airflow/dags/stock_pipeline_dag.py    209  0.00s             1           0  0.28s           2025-09-07T06:51:11
================================================================================
[2025-09-07T06:52:09.306+0000] {manager.py:737} INFO - Searching for files in /opt/airflow/dags
[2025-09-07T06:52:09.328+0000] {manager.py:740} INFO - There are 1 files in /opt/airflow/dags
[2025-09-07T06:52:12.365+0000] {manager.py:878} INFO - 
================================================================================
DAG File Processing Stats

File Path                                  PID  Runtime      # DAGs    # Errors  Last Runtime    Last Run
---------------------------------------  -----  ---------  --------  ----------  --------------  -------------------
/opt/airflow/dags/stock_pipeline_dag.py    214  0.00s             1           0  0.27s           2025-09-07T06:51:42
================================================================================
[2025-09-07T06:52:42.718+0000] {manager.py:878} INFO - 
================================================================================
DAG File Processing Stats

File Path                                  PID  Runtime      # DAGs    # Errors  Last Runtime    Last Run
---------------------------------------  -----  ---------  --------  ----------  --------------  -------------------
/opt/airflow/dags/stock_pipeline_dag.py    219  0.01s             1           0  0.28s           2025-09-07T06:52:12
================================================================================
[2025-09-07T06:53:13.157+0000] {manager.py:878} INFO - 
================================================================================
DAG File Processing Stats

File Path                                  PID  Runtime      # DAGs    # Errors  Last Runtime    Last Run
---------------------------------------  -----  ---------  --------  ----------  --------------  -------------------
/opt/airflow/dags/stock_pipeline_dag.py    224  0.01s             1           0  0.30s           2025-09-07T06:52:43
================================================================================
[2025-09-07T06:53:43.377+0000] {manager.py:878} INFO - 
================================================================================
DAG File Processing Stats

File Path                                  PID  Runtime      # DAGs    # Errors  Last Runtime    Last Run
---------------------------------------  -----  ---------  --------  ----------  --------------  -------------------
/opt/airflow/dags/stock_pipeline_dag.py    229  0.00s             1           0  0.18s           2025-09-07T06:53:13
================================================================================
[2025-09-07T06:54:13.794+0000] {manager.py:878} INFO - 
================================================================================
DAG File Processing Stats

File Path                                  PID  Runtime      # DAGs    # Errors  Last Runtime    Last Run
---------------------------------------  -----  ---------  --------  ----------  --------------  -------------------
/opt/airflow/dags/stock_pipeline_dag.py    234  0.00s             1           0  0.14s           2025-09-07T06:53:43
================================================================================
[2025-09-07T06:54:44.107+0000] {manager.py:878} INFO - 
================================================================================
DAG File Processing Stats

File Path                                  PID  Runtime      # DAGs    # Errors  Last Runtime    Last Run
---------------------------------------  -----  ---------  --------  ----------  --------------  -------------------
/opt/airflow/dags/stock_pipeline_dag.py    239  0.00s             1           0  0.15s           2025-09-07T06:54:13
================================================================================
[2025-09-07T06:55:14.438+0000] {manager.py:878} INFO - 
================================================================================
DAG File Processing Stats

File Path                                  PID  Runtime      # DAGs    # Errors  Last Runtime    Last Run
---------------------------------------  -----  ---------  --------  ----------  --------------  -------------------
/opt/airflow/dags/stock_pipeline_dag.py    244  0.00s             1           0  0.14s           2025-09-07T06:54:44
================================================================================
[2025-09-07T06:55:44.752+0000] {manager.py:878} INFO - 
================================================================================
DAG File Processing Stats

File Path                                  PID  Runtime      # DAGs    # Errors  Last Runtime    Last Run
---------------------------------------  -----  ---------  --------  ----------  --------------  -------------------
/opt/airflow/dags/stock_pipeline_dag.py    249  0.00s             1           0  0.13s           2025-09-07T06:55:14
================================================================================
[2025-09-07T06:56:15.020+0000] {manager.py:878} INFO - 
================================================================================
DAG File Processing Stats

File Path                                  PID  Runtime      # DAGs    # Errors  Last Runtime    Last Run
---------------------------------------  -----  ---------  --------  ----------  --------------  -------------------
/opt/airflow/dags/stock_pipeline_dag.py    254  0.00s             1           0  0.13s           2025-09-07T06:55:44
================================================================================
[2025-09-07T06:56:45.313+0000] {manager.py:878} INFO - 
================================================================================
DAG File Processing Stats

File Path                                  PID  Runtime      # DAGs    # Errors  Last Runtime    Last Run
---------------------------------------  -----  ---------  --------  ----------  --------------  -------------------
/opt/airflow/dags/stock_pipeline_dag.py    259  0.00s             1           0  0.14s           2025-09-07T06:56:15
================================================================================
[2025-09-07T06:57:09.618+0000] {manager.py:737} INFO - Searching for files in /opt/airflow/dags
[2025-09-07T06:57:09.646+0000] {manager.py:740} INFO - There are 1 files in /opt/airflow/dags
[2025-09-07T06:57:15.720+0000] {manager.py:878} INFO - 
================================================================================
DAG File Processing Stats

File Path                                  PID  Runtime      # DAGs    # Errors  Last Runtime    Last Run
---------------------------------------  -----  ---------  --------  ----------  --------------  -------------------
/opt/airflow/dags/stock_pipeline_dag.py    264  0.00s             1           0  0.14s           2025-09-07T06:56:45
================================================================================
[2025-09-07T06:57:46.025+0000] {manager.py:878} INFO - 
================================================================================
DAG File Processing Stats

File Path                                  PID  Runtime      # DAGs    # Errors  Last Runtime    Last Run
---------------------------------------  -----  ---------  --------  ----------  --------------  -------------------
/opt/airflow/dags/stock_pipeline_dag.py    269  0.00s             1           0  0.17s           2025-09-07T06:57:15
================================================================================
[2025-09-07T06:58:16.478+0000] {manager.py:878} INFO - 
================================================================================
DAG File Processing Stats

File Path                                  PID  Runtime      # DAGs    # Errors  Last Runtime    Last Run
---------------------------------------  -----  ---------  --------  ----------  --------------  -------------------
/opt/airflow/dags/stock_pipeline_dag.py    274  0.00s             1           0  0.16s           2025-09-07T06:57:46
================================================================================
[2025-09-07T06:58:46.853+0000] {manager.py:878} INFO - 
================================================================================
DAG File Processing Stats

File Path                                  PID  Runtime      # DAGs    # Errors  Last Runtime    Last Run
---------------------------------------  -----  ---------  --------  ----------  --------------  -------------------
/opt/airflow/dags/stock_pipeline_dag.py    279  0.00s             1           0  0.13s           2025-09-07T06:58:16
================================================================================
[2025-09-07T06:59:17.325+0000] {manager.py:878} INFO - 
================================================================================
DAG File Processing Stats

File Path                                  PID  Runtime      # DAGs    # Errors  Last Runtime    Last Run
---------------------------------------  -----  ---------  --------  ----------  --------------  -------------------
/opt/airflow/dags/stock_pipeline_dag.py    284  0.01s             1           0  0.14s           2025-09-07T06:58:46
================================================================================
[2025-09-07T06:59:47.626+0000] {manager.py:878} INFO - 
================================================================================
DAG File Processing Stats

File Path                                  PID  Runtime      # DAGs    # Errors  Last Runtime    Last Run
---------------------------------------  -----  ---------  --------  ----------  --------------  -------------------
/opt/airflow/dags/stock_pipeline_dag.py    289  0.00s             1           0  0.15s           2025-09-07T06:59:17
================================================================================
[2025-09-07T07:00:17.976+0000] {manager.py:878} INFO - 
================================================================================
DAG File Processing Stats

File Path                                  PID  Runtime      # DAGs    # Errors  Last Runtime    Last Run
---------------------------------------  -----  ---------  --------  ----------  --------------  -------------------
/opt/airflow/dags/stock_pipeline_dag.py    294  0.00s             1           0  0.15s           2025-09-07T06:59:47
================================================================================
[2025-09-07T07:00:48.333+0000] {manager.py:878} INFO - 
================================================================================
DAG File Processing Stats

File Path                                  PID  Runtime      # DAGs    # Errors  Last Runtime    Last Run
---------------------------------------  -----  ---------  --------  ----------  --------------  -------------------
/opt/airflow/dags/stock_pipeline_dag.py    299  0.01s             1           0  0.14s           2025-09-07T07:00:18
================================================================================
[2025-09-07T07:01:18.688+0000] {manager.py:878} INFO - 
================================================================================
DAG File Processing Stats

File Path                                  PID  Runtime      # DAGs    # Errors  Last Runtime    Last Run
---------------------------------------  -----  ---------  --------  ----------  --------------  -------------------
/opt/airflow/dags/stock_pipeline_dag.py    304  0.00s             1           0  0.16s           2025-09-07T07:00:48
================================================================================
[2025-09-07T07:01:49.045+0000] {manager.py:878} INFO - 
================================================================================
DAG File Processing Stats

File Path                                  PID  Runtime      # DAGs    # Errors  Last Runtime    Last Run
---------------------------------------  -----  ---------  --------  ----------  --------------  -------------------
/opt/airflow/dags/stock_pipeline_dag.py    309  0.01s             1           0  0.14s           2025-09-07T07:01:18
================================================================================
[2025-09-07T07:02:10.240+0000] {manager.py:737} INFO - Searching for files in /opt/airflow/dags
[2025-09-07T07:02:10.260+0000] {manager.py:740} INFO - There are 1 files in /opt/airflow/dags
[2025-09-07T07:02:19.331+0000] {manager.py:878} INFO - 
================================================================================
DAG File Processing Stats

File Path                                  PID  Runtime      # DAGs    # Errors  Last Runtime    Last Run
---------------------------------------  -----  ---------  --------  ----------  --------------  -------------------
/opt/airflow/dags/stock_pipeline_dag.py    314  0.00s             1           0  0.16s           2025-09-07T07:01:49
================================================================================
[2025-09-07T07:02:49.733+0000] {manager.py:878} INFO - 
================================================================================
DAG File Processing Stats

File Path                                  PID  Runtime      # DAGs    # Errors  Last Runtime    Last Run
---------------------------------------  -----  ---------  --------  ----------  --------------  -------------------
/opt/airflow/dags/stock_pipeline_dag.py    319  0.01s             1           0  0.16s           2025-09-07T07:02:19
================================================================================
[2025-09-07T07:03:20.075+0000] {manager.py:878} INFO - 
================================================================================
DAG File Processing Stats

File Path                                  PID  Runtime      # DAGs    # Errors  Last Runtime    Last Run
---------------------------------------  -----  ---------  --------  ----------  --------------  -------------------
/opt/airflow/dags/stock_pipeline_dag.py    324  0.00s             1           0  0.16s           2025-09-07T07:02:49
================================================================================
[2025-09-07T07:03:50.468+0000] {manager.py:878} INFO - 
================================================================================
DAG File Processing Stats

File Path                                  PID  Runtime      # DAGs    # Errors  Last Runtime    Last Run
---------------------------------------  -----  ---------  --------  ----------  --------------  -------------------
/opt/airflow/dags/stock_pipeline_dag.py    329  0.01s             1           0  0.14s           2025-09-07T07:03:20
================================================================================
[2025-09-07T07:04:20.871+0000] {manager.py:878} INFO - 
================================================================================
DAG File Processing Stats

File Path                                  PID  Runtime      # DAGs    # Errors  Last Runtime    Last Run
---------------------------------------  -----  ---------  --------  ----------  --------------  -------------------
/opt/airflow/dags/stock_pipeline_dag.py    334  0.01s             1           0  0.17s           2025-09-07T07:03:50
================================================================================
[2025-09-07T07:04:51.114+0000] {manager.py:878} INFO - 
================================================================================
DAG File Processing Stats

File Path                                  PID  Runtime      # DAGs    # Errors  Last Runtime    Last Run
---------------------------------------  -----  ---------  --------  ----------  --------------  -------------------
/opt/airflow/dags/stock_pipeline_dag.py    339  0.00s             1           0  0.19s           2025-09-07T07:04:21
================================================================================
[2025-09-07T07:05:21.566+0000] {manager.py:878} INFO - 
================================================================================
DAG File Processing Stats

File Path                                PID    Runtime      # DAGs    # Errors  Last Runtime    Last Run
---------------------------------------  -----  ---------  --------  ----------  --------------  -------------------
/opt/airflow/dags/stock_pipeline_dag.py                           1           0  0.47s           2025-09-07T07:05:06
================================================================================
[2025-09-07T07:05:52.271+0000] {manager.py:878} INFO - 
================================================================================
DAG File Processing Stats

File Path                                PID    Runtime      # DAGs    # Errors  Last Runtime    Last Run
---------------------------------------  -----  ---------  --------  ----------  --------------  -------------------
/opt/airflow/dags/stock_pipeline_dag.py                           1           0  0.14s           2025-09-07T07:05:37
================================================================================
[2025-09-07T07:06:22.726+0000] {manager.py:878} INFO - 
================================================================================
DAG File Processing Stats

File Path                                PID    Runtime      # DAGs    # Errors  Last Runtime    Last Run
---------------------------------------  -----  ---------  --------  ----------  --------------  -------------------
/opt/airflow/dags/stock_pipeline_dag.py                           1           0  0.14s           2025-09-07T07:06:07
================================================================================
[2025-09-07T07:06:41.709+0000] {manager.py:452} INFO - Exiting gracefully upon receiving signal 15
[2025-09-07T07:09:53.616+0000] {manager.py:470} INFO - Processing files using up to 2 processes at a time 
[2025-09-07T07:09:53.617+0000] {manager.py:471} INFO - Process each file at most once every 30 seconds
[2025-09-07T07:09:53.618+0000] {manager.py:472} INFO - Checking for new files in /opt/airflow/dags every 300 seconds
[2025-09-07T07:09:53.619+0000] {manager.py:737} INFO - Searching for files in /opt/airflow/dags
[2025-09-07T07:09:53.636+0000] {manager.py:740} INFO - There are 1 files in /opt/airflow/dags
[2025-09-07T07:09:53.735+0000] {manager.py:878} INFO - 
================================================================================
DAG File Processing Stats

File Path                                  PID  Runtime      # DAGs    # Errors  Last Runtime    Last Run
---------------------------------------  -----  ---------  --------  ----------  --------------  ----------
/opt/airflow/dags/stock_pipeline_dag.py    164  0.04s             0           0
================================================================================
[2025-09-07T07:10:01.371+0000] {manager.py:452} INFO - Exiting gracefully upon receiving signal 15
[2025-09-07T07:10:10.202+0000] {manager.py:470} INFO - Processing files using up to 2 processes at a time 
[2025-09-07T07:10:10.204+0000] {manager.py:471} INFO - Process each file at most once every 30 seconds
[2025-09-07T07:10:10.205+0000] {manager.py:472} INFO - Checking for new files in /opt/airflow/dags every 300 seconds
[2025-09-07T07:10:10.206+0000] {manager.py:737} INFO - Searching for files in /opt/airflow/dags
[2025-09-07T07:10:10.222+0000] {manager.py:740} INFO - There are 1 files in /opt/airflow/dags
[2025-09-07T07:10:10.295+0000] {manager.py:878} INFO - 
================================================================================
DAG File Processing Stats

File Path                                  PID  Runtime      # DAGs    # Errors  Last Runtime    Last Run
---------------------------------------  -----  ---------  --------  ----------  --------------  ----------
/opt/airflow/dags/stock_pipeline_dag.py    133  0.03s             0           0
================================================================================
[2025-09-07T07:10:11.266+0000] {manager.py:452} INFO - Exiting gracefully upon receiving signal 15
[2025-09-07T07:10:20.545+0000] {manager.py:470} INFO - Processing files using up to 2 processes at a time 
[2025-09-07T07:10:20.546+0000] {manager.py:471} INFO - Process each file at most once every 30 seconds
[2025-09-07T07:10:20.547+0000] {manager.py:472} INFO - Checking for new files in /opt/airflow/dags every 300 seconds
[2025-09-07T07:10:20.549+0000] {manager.py:737} INFO - Searching for files in /opt/airflow/dags
[2025-09-07T07:10:20.566+0000] {manager.py:740} INFO - There are 1 files in /opt/airflow/dags
[2025-09-07T07:10:20.651+0000] {manager.py:878} INFO - 
================================================================================
DAG File Processing Stats

File Path                                  PID  Runtime      # DAGs    # Errors  Last Runtime    Last Run
---------------------------------------  -----  ---------  --------  ----------  --------------  ----------
/opt/airflow/dags/stock_pipeline_dag.py    165  0.04s             0           0
================================================================================
[2025-09-07T07:10:50.896+0000] {manager.py:878} INFO - 
================================================================================
DAG File Processing Stats

File Path                                  PID  Runtime      # DAGs    # Errors  Last Runtime    Last Run
---------------------------------------  -----  ---------  --------  ----------  --------------  -------------------
/opt/airflow/dags/stock_pipeline_dag.py    170  0.00s             1           0  0.15s           2025-09-07T07:10:20
================================================================================
[2025-09-07T07:11:21.228+0000] {manager.py:878} INFO - 
================================================================================
DAG File Processing Stats

File Path                                  PID  Runtime      # DAGs    # Errors  Last Runtime    Last Run
---------------------------------------  -----  ---------  --------  ----------  --------------  -------------------
/opt/airflow/dags/stock_pipeline_dag.py    175  0.00s             1           0  0.15s           2025-09-07T07:10:51
================================================================================
[2025-09-07T07:11:31.127+0000] {manager.py:452} INFO - Exiting gracefully upon receiving signal 15
[2025-09-07T07:11:41.207+0000] {manager.py:470} INFO - Processing files using up to 2 processes at a time 
[2025-09-07T07:11:41.208+0000] {manager.py:471} INFO - Process each file at most once every 30 seconds
[2025-09-07T07:11:41.209+0000] {manager.py:472} INFO - Checking for new files in /opt/airflow/dags every 300 seconds
[2025-09-07T07:11:41.210+0000] {manager.py:737} INFO - Searching for files in /opt/airflow/dags
[2025-09-07T07:11:41.223+0000] {manager.py:740} INFO - There are 1 files in /opt/airflow/dags
[2025-09-07T07:11:41.309+0000] {manager.py:878} INFO - 
================================================================================
DAG File Processing Stats

File Path                                  PID  Runtime      # DAGs    # Errors  Last Runtime    Last Run
---------------------------------------  -----  ---------  --------  ----------  --------------  ----------
/opt/airflow/dags/stock_pipeline_dag.py    164  0.04s             0           0
================================================================================
[2025-09-07T07:11:47.358+0000] {manager.py:452} INFO - Exiting gracefully upon receiving signal 15
[2025-09-07T08:05:26.150+0000] {manager.py:470} INFO - Processing files using up to 2 processes at a time 
[2025-09-07T08:05:26.152+0000] {manager.py:471} INFO - Process each file at most once every 30 seconds
[2025-09-07T08:05:26.153+0000] {manager.py:472} INFO - Checking for new files in /opt/airflow/dags every 300 seconds
[2025-09-07T08:05:26.154+0000] {manager.py:737} INFO - Searching for files in /opt/airflow/dags
[2025-09-07T08:05:26.172+0000] {manager.py:740} INFO - There are 1 files in /opt/airflow/dags
[2025-09-07T08:05:26.343+0000] {manager.py:878} INFO - 
================================================================================
DAG File Processing Stats

File Path                                  PID  Runtime      # DAGs    # Errors  Last Runtime    Last Run
---------------------------------------  -----  ---------  --------  ----------  --------------  ----------
/opt/airflow/dags/stock_pipeline_dag.py    164  0.04s             0           0
================================================================================
[2025-09-07T08:05:56.584+0000] {manager.py:878} INFO - 
================================================================================
DAG File Processing Stats

File Path                                PID    Runtime      # DAGs    # Errors  Last Runtime    Last Run
---------------------------------------  -----  ---------  --------  ----------  --------------  -------------------
/opt/airflow/dags/stock_pipeline_dag.py                           1           0  0.61s           2025-09-07T08:05:26
================================================================================
[2025-09-07T08:06:27.389+0000] {manager.py:878} INFO - 
================================================================================
DAG File Processing Stats

File Path                                  PID  Runtime      # DAGs    # Errors  Last Runtime    Last Run
---------------------------------------  -----  ---------  --------  ----------  --------------  -------------------
/opt/airflow/dags/stock_pipeline_dag.py    174  0.01s             1           0  0.17s           2025-09-07T08:05:57
================================================================================
[2025-09-07T08:06:57.818+0000] {manager.py:878} INFO - 
================================================================================
DAG File Processing Stats

File Path                                  PID  Runtime      # DAGs    # Errors  Last Runtime    Last Run
---------------------------------------  -----  ---------  --------  ----------  --------------  -------------------
/opt/airflow/dags/stock_pipeline_dag.py    179  0.01s             1           0  0.19s           2025-09-07T08:06:27
================================================================================
[2025-09-07T08:07:28.207+0000] {manager.py:878} INFO - 
================================================================================
DAG File Processing Stats

File Path                                  PID  Runtime      # DAGs    # Errors  Last Runtime    Last Run
---------------------------------------  -----  ---------  --------  ----------  --------------  -------------------
/opt/airflow/dags/stock_pipeline_dag.py    184  0.01s             1           0  0.16s           2025-09-07T08:06:57
================================================================================
[2025-09-07T08:07:58.544+0000] {manager.py:878} INFO - 
================================================================================
DAG File Processing Stats

File Path                                PID    Runtime      # DAGs    # Errors  Last Runtime    Last Run
---------------------------------------  -----  ---------  --------  ----------  --------------  -------------------
/opt/airflow/dags/stock_pipeline_dag.py                           1           0  0.36s           2025-09-07T08:07:28
================================================================================
[2025-09-07T08:08:29.171+0000] {manager.py:878} INFO - 
================================================================================
DAG File Processing Stats

File Path                                PID    Runtime      # DAGs    # Errors  Last Runtime    Last Run
---------------------------------------  -----  ---------  --------  ----------  --------------  -------------------
/opt/airflow/dags/stock_pipeline_dag.py                           1           0  0.31s           2025-09-07T08:07:59
================================================================================
[2025-09-07T08:08:59.734+0000] {manager.py:878} INFO - 
================================================================================
DAG File Processing Stats

File Path                                PID    Runtime      # DAGs    # Errors  Last Runtime    Last Run
---------------------------------------  -----  ---------  --------  ----------  --------------  -------------------
/opt/airflow/dags/stock_pipeline_dag.py                           1           0  0.39s           2025-09-07T08:08:29
================================================================================
[2025-09-07T08:09:30.492+0000] {manager.py:878} INFO - 
================================================================================
DAG File Processing Stats

File Path                                  PID  Runtime      # DAGs    # Errors  Last Runtime    Last Run
---------------------------------------  -----  ---------  --------  ----------  --------------  -------------------
/opt/airflow/dags/stock_pipeline_dag.py    204  0.01s             1           0  0.30s           2025-09-07T08:09:00
================================================================================
[2025-09-07T08:10:01.204+0000] {manager.py:878} INFO - 
================================================================================
DAG File Processing Stats

File Path                                  PID  Runtime      # DAGs    # Errors  Last Runtime    Last Run
---------------------------------------  -----  ---------  --------  ----------  --------------  -------------------
/opt/airflow/dags/stock_pipeline_dag.py    209  0.01s             1           0  0.32s           2025-09-07T08:09:30
================================================================================
[2025-09-07T08:10:26.450+0000] {manager.py:737} INFO - Searching for files in /opt/airflow/dags
[2025-09-07T08:10:26.479+0000] {manager.py:740} INFO - There are 1 files in /opt/airflow/dags
[2025-09-07T08:10:31.581+0000] {manager.py:878} INFO - 
================================================================================
DAG File Processing Stats

File Path                                  PID  Runtime      # DAGs    # Errors  Last Runtime    Last Run
---------------------------------------  -----  ---------  --------  ----------  --------------  -------------------
/opt/airflow/dags/stock_pipeline_dag.py    214  0.00s             1           0  0.17s           2025-09-07T08:10:01
================================================================================
[2025-09-07T08:11:01.946+0000] {manager.py:878} INFO - 
================================================================================
DAG File Processing Stats

File Path                                  PID  Runtime      # DAGs    # Errors  Last Runtime    Last Run
---------------------------------------  -----  ---------  --------  ----------  --------------  -------------------
/opt/airflow/dags/stock_pipeline_dag.py    219  0.01s             1           0  0.17s           2025-09-07T08:10:31
================================================================================
[2025-09-07T08:11:32.303+0000] {manager.py:878} INFO - 
================================================================================
DAG File Processing Stats

File Path                                  PID  Runtime      # DAGs    # Errors  Last Runtime    Last Run
---------------------------------------  -----  ---------  --------  ----------  --------------  -------------------
/opt/airflow/dags/stock_pipeline_dag.py    224  0.01s             1           0  0.16s           2025-09-07T08:11:02
================================================================================
[2025-09-07T08:12:02.698+0000] {manager.py:878} INFO - 
================================================================================
DAG File Processing Stats

File Path                                  PID  Runtime      # DAGs    # Errors  Last Runtime    Last Run
---------------------------------------  -----  ---------  --------  ----------  --------------  -------------------
/opt/airflow/dags/stock_pipeline_dag.py    229  0.01s             1           0  0.18s           2025-09-07T08:11:32
================================================================================
[2025-09-07T08:12:33.164+0000] {manager.py:878} INFO - 
================================================================================
DAG File Processing Stats

File Path                                  PID  Runtime      # DAGs    # Errors  Last Runtime    Last Run
---------------------------------------  -----  ---------  --------  ----------  --------------  -------------------
/opt/airflow/dags/stock_pipeline_dag.py    234  0.00s             1           0  0.16s           2025-09-07T08:12:02
================================================================================
[2025-09-07T08:13:03.505+0000] {manager.py:878} INFO - 
================================================================================
DAG File Processing Stats

File Path                                  PID  Runtime      # DAGs    # Errors  Last Runtime    Last Run
---------------------------------------  -----  ---------  --------  ----------  --------------  -------------------
/opt/airflow/dags/stock_pipeline_dag.py    239  0.00s             1           0  0.15s           2025-09-07T08:12:33
================================================================================
[2025-09-07T08:13:33.860+0000] {manager.py:878} INFO - 
================================================================================
DAG File Processing Stats

File Path                                  PID  Runtime      # DAGs    # Errors  Last Runtime    Last Run
---------------------------------------  -----  ---------  --------  ----------  --------------  -------------------
/opt/airflow/dags/stock_pipeline_dag.py    244  0.00s             1           0  0.16s           2025-09-07T08:13:03
================================================================================
[2025-09-07T08:14:04.251+0000] {manager.py:878} INFO - 
================================================================================
DAG File Processing Stats

File Path                                  PID  Runtime      # DAGs    # Errors  Last Runtime    Last Run
---------------------------------------  -----  ---------  --------  ----------  --------------  -------------------
/opt/airflow/dags/stock_pipeline_dag.py    249  0.01s             1           0  0.15s           2025-09-07T08:13:34
================================================================================
[2025-09-07T08:14:34.581+0000] {manager.py:878} INFO - 
================================================================================
DAG File Processing Stats

File Path                                  PID  Runtime      # DAGs    # Errors  Last Runtime    Last Run
---------------------------------------  -----  ---------  --------  ----------  --------------  -------------------
/opt/airflow/dags/stock_pipeline_dag.py    254  0.00s             1           0  0.18s           2025-09-07T08:14:04
================================================================================
[2025-09-07T08:15:05.101+0000] {manager.py:878} INFO - 
================================================================================
DAG File Processing Stats

File Path                                  PID  Runtime      # DAGs    # Errors  Last Runtime    Last Run
---------------------------------------  -----  ---------  --------  ----------  --------------  -------------------
/opt/airflow/dags/stock_pipeline_dag.py    259  0.01s             1           0  0.15s           2025-09-07T08:14:34
================================================================================
[2025-09-07T08:15:27.303+0000] {manager.py:737} INFO - Searching for files in /opt/airflow/dags
[2025-09-07T08:15:27.326+0000] {manager.py:740} INFO - There are 1 files in /opt/airflow/dags
[2025-09-07T08:15:35.436+0000] {manager.py:878} INFO - 
================================================================================
DAG File Processing Stats

File Path                                  PID  Runtime      # DAGs    # Errors  Last Runtime    Last Run
---------------------------------------  -----  ---------  --------  ----------  --------------  -------------------
/opt/airflow/dags/stock_pipeline_dag.py    264  0.01s             1           0  0.17s           2025-09-07T08:15:05
================================================================================
[2025-09-07T08:16:05.994+0000] {manager.py:878} INFO - 
================================================================================
DAG File Processing Stats

File Path                                PID    Runtime      # DAGs    # Errors  Last Runtime    Last Run
---------------------------------------  -----  ---------  --------  ----------  --------------  -------------------
/opt/airflow/dags/stock_pipeline_dag.py                           1           0  0.27s           2025-09-07T08:15:46
================================================================================
[2025-09-07T08:16:36.309+0000] {manager.py:878} INFO - 
================================================================================
DAG File Processing Stats

File Path                                PID    Runtime      # DAGs    # Errors  Last Runtime    Last Run
---------------------------------------  -----  ---------  --------  ----------  --------------  -------------------
/opt/airflow/dags/stock_pipeline_dag.py                           1           0  0.15s           2025-09-07T08:16:16
================================================================================
[2025-09-07T08:17:06.717+0000] {manager.py:878} INFO - 
================================================================================
DAG File Processing Stats

File Path                                PID    Runtime      # DAGs    # Errors  Last Runtime    Last Run
---------------------------------------  -----  ---------  --------  ----------  --------------  -------------------
/opt/airflow/dags/stock_pipeline_dag.py                           1           0  0.17s           2025-09-07T08:16:46
================================================================================
[2025-09-07T08:17:37.180+0000] {manager.py:878} INFO - 
================================================================================
DAG File Processing Stats

File Path                                PID    Runtime      # DAGs    # Errors  Last Runtime    Last Run
---------------------------------------  -----  ---------  --------  ----------  --------------  -------------------
/opt/airflow/dags/stock_pipeline_dag.py                           1           0  0.17s           2025-09-07T08:17:17
================================================================================
[2025-09-07T08:18:07.599+0000] {manager.py:878} INFO - 
================================================================================
DAG File Processing Stats

File Path                                PID    Runtime      # DAGs    # Errors  Last Runtime    Last Run
---------------------------------------  -----  ---------  --------  ----------  --------------  -------------------
/opt/airflow/dags/stock_pipeline_dag.py                           1           0  0.15s           2025-09-07T08:17:47
================================================================================
[2025-09-07T08:18:37.997+0000] {manager.py:878} INFO - 
================================================================================
DAG File Processing Stats

File Path                                PID    Runtime      # DAGs    # Errors  Last Runtime    Last Run
---------------------------------------  -----  ---------  --------  ----------  --------------  -------------------
/opt/airflow/dags/stock_pipeline_dag.py                           1           0  0.17s           2025-09-07T08:18:17
================================================================================
[2025-09-07T08:19:08.416+0000] {manager.py:878} INFO - 
================================================================================
DAG File Processing Stats

File Path                                PID    Runtime      # DAGs    # Errors  Last Runtime    Last Run
---------------------------------------  -----  ---------  --------  ----------  --------------  -------------------
/opt/airflow/dags/stock_pipeline_dag.py                           1           0  0.15s           2025-09-07T08:18:48
================================================================================
[2025-09-07T08:19:38.748+0000] {manager.py:878} INFO - 
================================================================================
DAG File Processing Stats

File Path                                PID    Runtime      # DAGs    # Errors  Last Runtime    Last Run
---------------------------------------  -----  ---------  --------  ----------  --------------  -------------------
/opt/airflow/dags/stock_pipeline_dag.py                           1           0  0.15s           2025-09-07T08:19:18
================================================================================
[2025-09-07T08:20:09.174+0000] {manager.py:878} INFO - 
================================================================================
DAG File Processing Stats

File Path                                PID    Runtime      # DAGs    # Errors  Last Runtime    Last Run
---------------------------------------  -----  ---------  --------  ----------  --------------  -------------------
/opt/airflow/dags/stock_pipeline_dag.py                           1           0  0.16s           2025-09-07T08:19:49
================================================================================
[2025-09-07T08:20:27.456+0000] {manager.py:737} INFO - Searching for files in /opt/airflow/dags
[2025-09-07T08:20:27.488+0000] {manager.py:740} INFO - There are 1 files in /opt/airflow/dags
[2025-09-07T08:20:39.623+0000] {manager.py:878} INFO - 
================================================================================
DAG File Processing Stats

File Path                                PID    Runtime      # DAGs    # Errors  Last Runtime    Last Run
---------------------------------------  -----  ---------  --------  ----------  --------------  -------------------
/opt/airflow/dags/stock_pipeline_dag.py                           1           0  0.16s           2025-09-07T08:20:19
================================================================================
[2025-09-07T08:21:09.989+0000] {manager.py:878} INFO - 
================================================================================
DAG File Processing Stats

File Path                                PID    Runtime      # DAGs    # Errors  Last Runtime    Last Run
---------------------------------------  -----  ---------  --------  ----------  --------------  -------------------
/opt/airflow/dags/stock_pipeline_dag.py                           1           0  0.16s           2025-09-07T08:20:49
================================================================================
[2025-09-07T08:21:40.491+0000] {manager.py:878} INFO - 
================================================================================
DAG File Processing Stats

File Path                                PID    Runtime      # DAGs    # Errors  Last Runtime    Last Run
---------------------------------------  -----  ---------  --------  ----------  --------------  -------------------
/opt/airflow/dags/stock_pipeline_dag.py                           1           0  0.17s           2025-09-07T08:21:20
================================================================================
[2025-09-07T08:22:10.927+0000] {manager.py:878} INFO - 
================================================================================
DAG File Processing Stats

File Path                                PID    Runtime      # DAGs    # Errors  Last Runtime    Last Run
---------------------------------------  -----  ---------  --------  ----------  --------------  -------------------
/opt/airflow/dags/stock_pipeline_dag.py                           1           0  0.16s           2025-09-07T08:21:50
================================================================================
[2025-09-07T08:22:41.366+0000] {manager.py:878} INFO - 
================================================================================
DAG File Processing Stats

File Path                                PID    Runtime      # DAGs    # Errors  Last Runtime    Last Run
---------------------------------------  -----  ---------  --------  ----------  --------------  -------------------
/opt/airflow/dags/stock_pipeline_dag.py                           1           0  0.16s           2025-09-07T08:22:21
================================================================================
[2025-09-07T08:23:11.789+0000] {manager.py:878} INFO - 
================================================================================
DAG File Processing Stats

File Path                                PID    Runtime      # DAGs    # Errors  Last Runtime    Last Run
---------------------------------------  -----  ---------  --------  ----------  --------------  -------------------
/opt/airflow/dags/stock_pipeline_dag.py                           1           0  0.15s           2025-09-07T08:22:51
================================================================================
[2025-09-07T08:23:42.272+0000] {manager.py:878} INFO - 
================================================================================
DAG File Processing Stats

File Path                                PID    Runtime      # DAGs    # Errors  Last Runtime    Last Run
---------------------------------------  -----  ---------  --------  ----------  --------------  -------------------
/opt/airflow/dags/stock_pipeline_dag.py                           1           0  0.17s           2025-09-07T08:23:22
================================================================================
[2025-09-07T08:24:12.607+0000] {manager.py:878} INFO - 
================================================================================
DAG File Processing Stats

File Path                                PID    Runtime      # DAGs    # Errors  Last Runtime    Last Run
---------------------------------------  -----  ---------  --------  ----------  --------------  -------------------
/opt/airflow/dags/stock_pipeline_dag.py                           1           0  0.16s           2025-09-07T08:23:52
================================================================================
[2025-09-07T08:24:42.916+0000] {manager.py:878} INFO - 
================================================================================
DAG File Processing Stats

File Path                                PID    Runtime      # DAGs    # Errors  Last Runtime    Last Run
---------------------------------------  -----  ---------  --------  ----------  --------------  -------------------
/opt/airflow/dags/stock_pipeline_dag.py                           1           0  0.15s           2025-09-07T08:24:22
================================================================================
[2025-09-07T08:25:13.277+0000] {manager.py:878} INFO - 
================================================================================
DAG File Processing Stats

File Path                                PID    Runtime      # DAGs    # Errors  Last Runtime    Last Run
---------------------------------------  -----  ---------  --------  ----------  --------------  -------------------
/opt/airflow/dags/stock_pipeline_dag.py                           1           0  0.15s           2025-09-07T08:24:53
================================================================================
[2025-09-07T08:25:27.530+0000] {manager.py:737} INFO - Searching for files in /opt/airflow/dags
[2025-09-07T08:25:27.614+0000] {manager.py:740} INFO - There are 1 files in /opt/airflow/dags
[2025-09-07T08:25:43.828+0000] {manager.py:878} INFO - 
================================================================================
DAG File Processing Stats

File Path                                PID    Runtime      # DAGs    # Errors  Last Runtime    Last Run
---------------------------------------  -----  ---------  --------  ----------  --------------  -------------------
/opt/airflow/dags/stock_pipeline_dag.py                           1           0  0.16s           2025-09-07T08:25:23
================================================================================
[2025-09-07T08:26:14.245+0000] {manager.py:878} INFO - 
================================================================================
DAG File Processing Stats

File Path                                PID    Runtime      # DAGs    # Errors  Last Runtime    Last Run
---------------------------------------  -----  ---------  --------  ----------  --------------  -------------------
/opt/airflow/dags/stock_pipeline_dag.py                           1           0  0.17s           2025-09-07T08:25:54
================================================================================
[2025-09-07T08:26:44.626+0000] {manager.py:878} INFO - 
================================================================================
DAG File Processing Stats

File Path                                PID    Runtime      # DAGs    # Errors  Last Runtime    Last Run
---------------------------------------  -----  ---------  --------  ----------  --------------  -------------------
/opt/airflow/dags/stock_pipeline_dag.py                           1           0  0.19s           2025-09-07T08:26:24
================================================================================
[2025-09-07T08:27:15.120+0000] {manager.py:878} INFO - 
================================================================================
DAG File Processing Stats

File Path                                PID    Runtime      # DAGs    # Errors  Last Runtime    Last Run
---------------------------------------  -----  ---------  --------  ----------  --------------  -------------------
/opt/airflow/dags/stock_pipeline_dag.py                           1           0  0.15s           2025-09-07T08:26:54
================================================================================
[2025-09-07T08:27:45.452+0000] {manager.py:878} INFO - 
================================================================================
DAG File Processing Stats

File Path                                PID    Runtime      # DAGs    # Errors  Last Runtime    Last Run
---------------------------------------  -----  ---------  --------  ----------  --------------  -------------------
/opt/airflow/dags/stock_pipeline_dag.py                           1           0  0.15s           2025-09-07T08:27:25
================================================================================
[2025-09-07T08:28:15.858+0000] {manager.py:878} INFO - 
================================================================================
DAG File Processing Stats

File Path                                PID    Runtime      # DAGs    # Errors  Last Runtime    Last Run
---------------------------------------  -----  ---------  --------  ----------  --------------  -------------------
/opt/airflow/dags/stock_pipeline_dag.py                           1           0  0.15s           2025-09-07T08:27:55
================================================================================
[2025-09-07T08:28:46.225+0000] {manager.py:878} INFO - 
================================================================================
DAG File Processing Stats

File Path                                PID    Runtime      # DAGs    # Errors  Last Runtime    Last Run
---------------------------------------  -----  ---------  --------  ----------  --------------  -------------------
/opt/airflow/dags/stock_pipeline_dag.py                           1           0  0.16s           2025-09-07T08:28:26
================================================================================
[2025-09-07T08:29:16.525+0000] {manager.py:878} INFO - 
================================================================================
DAG File Processing Stats

File Path                                PID    Runtime      # DAGs    # Errors  Last Runtime    Last Run
---------------------------------------  -----  ---------  --------  ----------  --------------  -------------------
/opt/airflow/dags/stock_pipeline_dag.py                           1           0  0.15s           2025-09-07T08:28:56
================================================================================
[2025-09-07T08:29:46.911+0000] {manager.py:878} INFO - 
================================================================================
DAG File Processing Stats

File Path                                PID    Runtime      # DAGs    # Errors  Last Runtime    Last Run
---------------------------------------  -----  ---------  --------  ----------  --------------  -------------------
/opt/airflow/dags/stock_pipeline_dag.py                           1           0  0.16s           2025-09-07T08:29:26
================================================================================
[2025-09-07T08:30:17.372+0000] {manager.py:878} INFO - 
================================================================================
DAG File Processing Stats

File Path                                PID    Runtime      # DAGs    # Errors  Last Runtime    Last Run
---------------------------------------  -----  ---------  --------  ----------  --------------  -------------------
/opt/airflow/dags/stock_pipeline_dag.py                           1           0  0.15s           2025-09-07T08:29:57
================================================================================
[2025-09-07T08:30:27.532+0000] {manager.py:737} INFO - Searching for files in /opt/airflow/dags
[2025-09-07T08:30:27.549+0000] {manager.py:740} INFO - There are 1 files in /opt/airflow/dags
[2025-09-07T08:30:47.852+0000] {manager.py:878} INFO - 
================================================================================
DAG File Processing Stats

File Path                                PID    Runtime      # DAGs    # Errors  Last Runtime    Last Run
---------------------------------------  -----  ---------  --------  ----------  --------------  -------------------
/opt/airflow/dags/stock_pipeline_dag.py                           1           0  0.14s           2025-09-07T08:30:27
================================================================================
[2025-09-07T08:31:18.180+0000] {manager.py:878} INFO - 
================================================================================
DAG File Processing Stats

File Path                                PID    Runtime      # DAGs    # Errors  Last Runtime    Last Run
---------------------------------------  -----  ---------  --------  ----------  --------------  -------------------
/opt/airflow/dags/stock_pipeline_dag.py                           1           0  0.14s           2025-09-07T08:30:58
================================================================================
[2025-09-07T08:31:48.675+0000] {manager.py:878} INFO - 
================================================================================
DAG File Processing Stats

File Path                                PID    Runtime      # DAGs    # Errors  Last Runtime    Last Run
---------------------------------------  -----  ---------  --------  ----------  --------------  -------------------
/opt/airflow/dags/stock_pipeline_dag.py                           1           0  0.17s           2025-09-07T08:31:28
================================================================================
[2025-09-07T08:32:19.077+0000] {manager.py:878} INFO - 
================================================================================
DAG File Processing Stats

File Path                                PID    Runtime      # DAGs    # Errors  Last Runtime    Last Run
---------------------------------------  -----  ---------  --------  ----------  --------------  -------------------
/opt/airflow/dags/stock_pipeline_dag.py                           1           0  0.19s           2025-09-07T08:31:58
================================================================================
[2025-09-07T08:32:49.531+0000] {manager.py:878} INFO - 
================================================================================
DAG File Processing Stats

File Path                                PID    Runtime      # DAGs    # Errors  Last Runtime    Last Run
---------------------------------------  -----  ---------  --------  ----------  --------------  -------------------
/opt/airflow/dags/stock_pipeline_dag.py                           1           0  0.16s           2025-09-07T08:32:29
================================================================================
[2025-09-07T08:33:19.930+0000] {manager.py:878} INFO - 
================================================================================
DAG File Processing Stats

File Path                                PID    Runtime      # DAGs    # Errors  Last Runtime    Last Run
---------------------------------------  -----  ---------  --------  ----------  --------------  -------------------
/opt/airflow/dags/stock_pipeline_dag.py                           1           0  0.14s           2025-09-07T08:32:59
================================================================================
[2025-09-07T08:33:50.415+0000] {manager.py:878} INFO - 
================================================================================
DAG File Processing Stats

File Path                                PID    Runtime      # DAGs    # Errors  Last Runtime    Last Run
---------------------------------------  -----  ---------  --------  ----------  --------------  -------------------
/opt/airflow/dags/stock_pipeline_dag.py                           1           0  0.16s           2025-09-07T08:33:30
================================================================================
[2025-09-07T08:34:20.879+0000] {manager.py:878} INFO - 
================================================================================
DAG File Processing Stats

File Path                                PID    Runtime      # DAGs    # Errors  Last Runtime    Last Run
---------------------------------------  -----  ---------  --------  ----------  --------------  -------------------
/opt/airflow/dags/stock_pipeline_dag.py                           1           0  0.14s           2025-09-07T08:34:00
================================================================================
[2025-09-07T08:34:51.329+0000] {manager.py:878} INFO - 
================================================================================
DAG File Processing Stats

File Path                                PID    Runtime      # DAGs    # Errors  Last Runtime    Last Run
---------------------------------------  -----  ---------  --------  ----------  --------------  -------------------
/opt/airflow/dags/stock_pipeline_dag.py                           1           0  0.16s           2025-09-07T08:34:31
================================================================================
[2025-09-07T08:35:21.725+0000] {manager.py:878} INFO - 
================================================================================
DAG File Processing Stats

File Path                                PID    Runtime      # DAGs    # Errors  Last Runtime    Last Run
---------------------------------------  -----  ---------  --------  ----------  --------------  -------------------
/opt/airflow/dags/stock_pipeline_dag.py                           1           0  0.13s           2025-09-07T08:35:01
================================================================================
[2025-09-07T08:35:27.820+0000] {manager.py:737} INFO - Searching for files in /opt/airflow/dags
[2025-09-07T08:35:27.923+0000] {manager.py:740} INFO - There are 1 files in /opt/airflow/dags
[2025-09-07T08:35:52.330+0000] {manager.py:878} INFO - 
================================================================================
DAG File Processing Stats

File Path                                PID    Runtime      # DAGs    # Errors  Last Runtime    Last Run
---------------------------------------  -----  ---------  --------  ----------  --------------  -------------------
/opt/airflow/dags/stock_pipeline_dag.py                           1           0  0.16s           2025-09-07T08:35:32
================================================================================
[2025-09-07T08:36:22.682+0000] {manager.py:878} INFO - 
================================================================================
DAG File Processing Stats

File Path                                PID    Runtime      # DAGs    # Errors  Last Runtime    Last Run
---------------------------------------  -----  ---------  --------  ----------  --------------  -------------------
/opt/airflow/dags/stock_pipeline_dag.py                           1           0  0.15s           2025-09-07T08:36:02
================================================================================
[2025-09-07T08:36:53.145+0000] {manager.py:878} INFO - 
================================================================================
DAG File Processing Stats

File Path                                PID    Runtime      # DAGs    # Errors  Last Runtime    Last Run
---------------------------------------  -----  ---------  --------  ----------  --------------  -------------------
/opt/airflow/dags/stock_pipeline_dag.py                           1           0  0.15s           2025-09-07T08:36:32
================================================================================
[2025-09-07T08:37:23.526+0000] {manager.py:878} INFO - 
================================================================================
DAG File Processing Stats

File Path                                PID    Runtime      # DAGs    # Errors  Last Runtime    Last Run
---------------------------------------  -----  ---------  --------  ----------  --------------  -------------------
/opt/airflow/dags/stock_pipeline_dag.py                           1           0  0.16s           2025-09-07T08:37:03
================================================================================
[2025-09-07T08:37:54.046+0000] {manager.py:878} INFO - 
================================================================================
DAG File Processing Stats

File Path                                PID    Runtime      # DAGs    # Errors  Last Runtime    Last Run
---------------------------------------  -----  ---------  --------  ----------  --------------  -------------------
/opt/airflow/dags/stock_pipeline_dag.py                           1           0  0.15s           2025-09-07T08:37:33
================================================================================
[2025-09-07T08:38:24.380+0000] {manager.py:878} INFO - 
================================================================================
DAG File Processing Stats

File Path                                PID    Runtime      # DAGs    # Errors  Last Runtime    Last Run
---------------------------------------  -----  ---------  --------  ----------  --------------  -------------------
/opt/airflow/dags/stock_pipeline_dag.py                           1           0  0.14s           2025-09-07T08:38:04
================================================================================
[2025-09-07T08:38:54.805+0000] {manager.py:878} INFO - 
================================================================================
DAG File Processing Stats

File Path                                PID    Runtime      # DAGs    # Errors  Last Runtime    Last Run
---------------------------------------  -----  ---------  --------  ----------  --------------  -------------------
/opt/airflow/dags/stock_pipeline_dag.py                           1           0  0.15s           2025-09-07T08:38:34
================================================================================
[2025-09-07T08:39:25.165+0000] {manager.py:878} INFO - 
================================================================================
DAG File Processing Stats

File Path                                PID    Runtime      # DAGs    # Errors  Last Runtime    Last Run
---------------------------------------  -----  ---------  --------  ----------  --------------  -------------------
/opt/airflow/dags/stock_pipeline_dag.py                           1           0  0.15s           2025-09-07T08:39:05
================================================================================
[2025-09-07T08:39:55.607+0000] {manager.py:878} INFO - 
================================================================================
DAG File Processing Stats

File Path                                PID    Runtime      # DAGs    # Errors  Last Runtime    Last Run
---------------------------------------  -----  ---------  --------  ----------  --------------  -------------------
/opt/airflow/dags/stock_pipeline_dag.py                           1           0  0.17s           2025-09-07T08:39:35
================================================================================
[2025-09-07T08:40:26.019+0000] {manager.py:878} INFO - 
================================================================================
DAG File Processing Stats

File Path                                PID    Runtime      # DAGs    # Errors  Last Runtime    Last Run
---------------------------------------  -----  ---------  --------  ----------  --------------  -------------------
/opt/airflow/dags/stock_pipeline_dag.py                           1           0  0.15s           2025-09-07T08:40:05
================================================================================
[2025-09-07T08:40:28.031+0000] {manager.py:737} INFO - Searching for files in /opt/airflow/dags
[2025-09-07T08:40:28.051+0000] {manager.py:740} INFO - There are 1 files in /opt/airflow/dags
[2025-09-07T08:40:56.409+0000] {manager.py:878} INFO - 
================================================================================
DAG File Processing Stats

File Path                                PID    Runtime      # DAGs    # Errors  Last Runtime    Last Run
---------------------------------------  -----  ---------  --------  ----------  --------------  -------------------
/opt/airflow/dags/stock_pipeline_dag.py                           1           0  0.15s           2025-09-07T08:40:36
================================================================================
[2025-09-07T08:41:26.889+0000] {manager.py:878} INFO - 
================================================================================
DAG File Processing Stats

File Path                                PID    Runtime      # DAGs    # Errors  Last Runtime    Last Run
---------------------------------------  -----  ---------  --------  ----------  --------------  -------------------
/opt/airflow/dags/stock_pipeline_dag.py                           1           0  0.15s           2025-09-07T08:41:06
================================================================================
[2025-09-07T08:41:57.311+0000] {manager.py:878} INFO - 
================================================================================
DAG File Processing Stats

File Path                                PID    Runtime      # DAGs    # Errors  Last Runtime    Last Run
---------------------------------------  -----  ---------  --------  ----------  --------------  -------------------
/opt/airflow/dags/stock_pipeline_dag.py                           1           0  0.15s           2025-09-07T08:41:37
================================================================================
[2025-09-07T08:42:27.687+0000] {manager.py:878} INFO - 
================================================================================
DAG File Processing Stats

File Path                                PID    Runtime      # DAGs    # Errors  Last Runtime    Last Run
---------------------------------------  -----  ---------  --------  ----------  --------------  -------------------
/opt/airflow/dags/stock_pipeline_dag.py                           1           0  0.14s           2025-09-07T08:42:07
================================================================================
[2025-09-07T08:42:58.140+0000] {manager.py:878} INFO - 
================================================================================
DAG File Processing Stats

File Path                                PID    Runtime      # DAGs    # Errors  Last Runtime    Last Run
---------------------------------------  -----  ---------  --------  ----------  --------------  -------------------
/opt/airflow/dags/stock_pipeline_dag.py                           1           0  0.16s           2025-09-07T08:42:38
================================================================================
[2025-09-07T08:43:28.538+0000] {manager.py:878} INFO - 
================================================================================
DAG File Processing Stats

File Path                                PID    Runtime      # DAGs    # Errors  Last Runtime    Last Run
---------------------------------------  -----  ---------  --------  ----------  --------------  -------------------
/opt/airflow/dags/stock_pipeline_dag.py                           1           0  0.14s           2025-09-07T08:43:08
================================================================================
[2025-09-07T08:43:58.916+0000] {manager.py:878} INFO - 
================================================================================
DAG File Processing Stats

File Path                                PID    Runtime      # DAGs    # Errors  Last Runtime    Last Run
---------------------------------------  -----  ---------  --------  ----------  --------------  -------------------
/opt/airflow/dags/stock_pipeline_dag.py                           1           0  0.14s           2025-09-07T08:43:38
================================================================================
[2025-09-07T08:44:29.288+0000] {manager.py:878} INFO - 
================================================================================
DAG File Processing Stats

File Path                                PID    Runtime      # DAGs    # Errors  Last Runtime    Last Run
---------------------------------------  -----  ---------  --------  ----------  --------------  -------------------
/opt/airflow/dags/stock_pipeline_dag.py                           1           0  0.14s           2025-09-07T08:44:09
================================================================================
[2025-09-07T08:44:59.653+0000] {manager.py:878} INFO - 
================================================================================
DAG File Processing Stats

File Path                                PID    Runtime      # DAGs    # Errors  Last Runtime    Last Run
---------------------------------------  -----  ---------  --------  ----------  --------------  -------------------
/opt/airflow/dags/stock_pipeline_dag.py                           1           0  0.14s           2025-09-07T08:44:39
================================================================================
[2025-09-07T08:45:28.098+0000] {manager.py:737} INFO - Searching for files in /opt/airflow/dags
[2025-09-07T08:45:28.170+0000] {manager.py:740} INFO - There are 1 files in /opt/airflow/dags
[2025-09-07T08:45:30.047+0000] {manager.py:878} INFO - 
================================================================================
DAG File Processing Stats

File Path                                PID    Runtime      # DAGs    # Errors  Last Runtime    Last Run
---------------------------------------  -----  ---------  --------  ----------  --------------  -------------------
/opt/airflow/dags/stock_pipeline_dag.py                           1           0  0.16s           2025-09-07T08:45:09
================================================================================
[2025-09-07T08:46:00.479+0000] {manager.py:878} INFO - 
================================================================================
DAG File Processing Stats

File Path                                PID    Runtime      # DAGs    # Errors  Last Runtime    Last Run
---------------------------------------  -----  ---------  --------  ----------  --------------  -------------------
/opt/airflow/dags/stock_pipeline_dag.py                           1           0  0.16s           2025-09-07T08:45:40
================================================================================
[2025-09-07T08:46:30.836+0000] {manager.py:878} INFO - 
================================================================================
DAG File Processing Stats

File Path                                PID    Runtime      # DAGs    # Errors  Last Runtime    Last Run
---------------------------------------  -----  ---------  --------  ----------  --------------  -------------------
/opt/airflow/dags/stock_pipeline_dag.py                           1           0  0.17s           2025-09-07T08:46:10
================================================================================
[2025-09-07T08:47:01.197+0000] {manager.py:878} INFO - 
================================================================================
DAG File Processing Stats

File Path                                PID    Runtime      # DAGs    # Errors  Last Runtime    Last Run
---------------------------------------  -----  ---------  --------  ----------  --------------  -------------------
/opt/airflow/dags/stock_pipeline_dag.py                           1           0  0.15s           2025-09-07T08:46:41
================================================================================
[2025-09-07T08:47:31.615+0000] {manager.py:878} INFO - 
================================================================================
DAG File Processing Stats

File Path                                PID    Runtime      # DAGs    # Errors  Last Runtime    Last Run
---------------------------------------  -----  ---------  --------  ----------  --------------  -------------------
/opt/airflow/dags/stock_pipeline_dag.py                           1           0  0.15s           2025-09-07T08:47:11
================================================================================
[2025-09-07T08:48:02.000+0000] {manager.py:878} INFO - 
================================================================================
DAG File Processing Stats

File Path                                PID    Runtime      # DAGs    # Errors  Last Runtime    Last Run
---------------------------------------  -----  ---------  --------  ----------  --------------  -------------------
/opt/airflow/dags/stock_pipeline_dag.py                           1           0  0.15s           2025-09-07T08:47:41
================================================================================
[2025-09-07T08:48:32.386+0000] {manager.py:878} INFO - 
================================================================================
DAG File Processing Stats

File Path                                PID    Runtime      # DAGs    # Errors  Last Runtime    Last Run
---------------------------------------  -----  ---------  --------  ----------  --------------  -------------------
/opt/airflow/dags/stock_pipeline_dag.py                           1           0  0.15s           2025-09-07T08:48:12
================================================================================
[2025-09-07T08:49:02.868+0000] {manager.py:878} INFO - 
================================================================================
DAG File Processing Stats

File Path                                PID    Runtime      # DAGs    # Errors  Last Runtime    Last Run
---------------------------------------  -----  ---------  --------  ----------  --------------  -------------------
/opt/airflow/dags/stock_pipeline_dag.py                           1           0  0.14s           2025-09-07T08:48:42
================================================================================
[2025-09-07T08:49:33.313+0000] {manager.py:878} INFO - 
================================================================================
DAG File Processing Stats

File Path                                PID    Runtime      # DAGs    # Errors  Last Runtime    Last Run
---------------------------------------  -----  ---------  --------  ----------  --------------  -------------------
/opt/airflow/dags/stock_pipeline_dag.py                           1           0  0.16s           2025-09-07T08:49:13
================================================================================
[2025-09-07T08:50:03.779+0000] {manager.py:878} INFO - 
================================================================================
DAG File Processing Stats

File Path                                PID    Runtime      # DAGs    # Errors  Last Runtime    Last Run
---------------------------------------  -----  ---------  --------  ----------  --------------  -------------------
/opt/airflow/dags/stock_pipeline_dag.py                           1           0  0.14s           2025-09-07T08:49:43
================================================================================
[2025-09-07T08:50:28.109+0000] {manager.py:737} INFO - Searching for files in /opt/airflow/dags
[2025-09-07T08:50:28.145+0000] {manager.py:740} INFO - There are 1 files in /opt/airflow/dags
[2025-09-07T08:50:34.243+0000] {manager.py:878} INFO - 
================================================================================
DAG File Processing Stats

File Path                                PID    Runtime      # DAGs    # Errors  Last Runtime    Last Run
---------------------------------------  -----  ---------  --------  ----------  --------------  -------------------
/opt/airflow/dags/stock_pipeline_dag.py                           1           0  0.20s           2025-09-07T08:50:14
================================================================================
[2025-09-07T08:51:04.680+0000] {manager.py:878} INFO - 
================================================================================
DAG File Processing Stats

File Path                                PID    Runtime      # DAGs    # Errors  Last Runtime    Last Run
---------------------------------------  -----  ---------  --------  ----------  --------------  -------------------
/opt/airflow/dags/stock_pipeline_dag.py                           1           0  0.17s           2025-09-07T08:50:44
================================================================================
[2025-09-07T08:51:35.101+0000] {manager.py:878} INFO - 
================================================================================
DAG File Processing Stats

File Path                                PID    Runtime      # DAGs    # Errors  Last Runtime    Last Run
---------------------------------------  -----  ---------  --------  ----------  --------------  -------------------
/opt/airflow/dags/stock_pipeline_dag.py                           1           0  0.15s           2025-09-07T08:51:14
================================================================================
[2025-09-07T08:52:05.448+0000] {manager.py:878} INFO - 
================================================================================
DAG File Processing Stats

File Path                                PID    Runtime      # DAGs    # Errors  Last Runtime    Last Run
---------------------------------------  -----  ---------  --------  ----------  --------------  -------------------
/opt/airflow/dags/stock_pipeline_dag.py                           1           0  0.15s           2025-09-07T08:51:45
================================================================================
[2025-09-07T08:52:35.882+0000] {manager.py:878} INFO - 
================================================================================
DAG File Processing Stats

File Path                                PID    Runtime      # DAGs    # Errors  Last Runtime    Last Run
---------------------------------------  -----  ---------  --------  ----------  --------------  -------------------
/opt/airflow/dags/stock_pipeline_dag.py                           1           0  0.16s           2025-09-07T08:52:15
================================================================================
[2025-09-07T08:53:06.346+0000] {manager.py:878} INFO - 
================================================================================
DAG File Processing Stats

File Path                                PID    Runtime      # DAGs    # Errors  Last Runtime    Last Run
---------------------------------------  -----  ---------  --------  ----------  --------------  -------------------
/opt/airflow/dags/stock_pipeline_dag.py                           1           0  0.16s           2025-09-07T08:52:46
================================================================================
[2025-09-07T08:53:36.795+0000] {manager.py:878} INFO - 
================================================================================
DAG File Processing Stats

File Path                                PID    Runtime      # DAGs    # Errors  Last Runtime    Last Run
---------------------------------------  -----  ---------  --------  ----------  --------------  -------------------
/opt/airflow/dags/stock_pipeline_dag.py                           1           0  0.16s           2025-09-07T08:53:16
================================================================================
[2025-09-07T08:54:07.170+0000] {manager.py:878} INFO - 
================================================================================
DAG File Processing Stats

File Path                                PID    Runtime      # DAGs    # Errors  Last Runtime    Last Run
---------------------------------------  -----  ---------  --------  ----------  --------------  -------------------
/opt/airflow/dags/stock_pipeline_dag.py                           1           0  0.14s           2025-09-07T08:53:47
================================================================================
[2025-09-07T08:54:37.669+0000] {manager.py:878} INFO - 
================================================================================
DAG File Processing Stats

File Path                                PID    Runtime      # DAGs    # Errors  Last Runtime    Last Run
---------------------------------------  -----  ---------  --------  ----------  --------------  -------------------
/opt/airflow/dags/stock_pipeline_dag.py                           1           0  0.16s           2025-09-07T08:54:27
================================================================================
[2025-09-07T08:55:08.103+0000] {manager.py:878} INFO - 
================================================================================
DAG File Processing Stats

File Path                                PID    Runtime      # DAGs    # Errors  Last Runtime    Last Run
---------------------------------------  -----  ---------  --------  ----------  --------------  -------------------
/opt/airflow/dags/stock_pipeline_dag.py                           1           0  0.16s           2025-09-07T08:54:58
================================================================================
[2025-09-07T08:55:28.313+0000] {manager.py:737} INFO - Searching for files in /opt/airflow/dags
[2025-09-07T08:55:28.342+0000] {manager.py:740} INFO - There are 1 files in /opt/airflow/dags
[2025-09-07T08:55:38.469+0000] {manager.py:878} INFO - 
================================================================================
DAG File Processing Stats

File Path                                PID    Runtime      # DAGs    # Errors  Last Runtime    Last Run
---------------------------------------  -----  ---------  --------  ----------  --------------  -------------------
/opt/airflow/dags/stock_pipeline_dag.py                           1           0  0.16s           2025-09-07T08:55:28
================================================================================
[2025-09-07T08:56:08.862+0000] {manager.py:878} INFO - 
================================================================================
DAG File Processing Stats

File Path                                PID    Runtime      # DAGs    # Errors  Last Runtime    Last Run
---------------------------------------  -----  ---------  --------  ----------  --------------  -------------------
/opt/airflow/dags/stock_pipeline_dag.py                           1           0  0.15s           2025-09-07T08:55:58
================================================================================
[2025-09-07T08:56:39.251+0000] {manager.py:878} INFO - 
================================================================================
DAG File Processing Stats

File Path                                PID    Runtime      # DAGs    # Errors  Last Runtime    Last Run
---------------------------------------  -----  ---------  --------  ----------  --------------  -------------------
/opt/airflow/dags/stock_pipeline_dag.py                           1           0  0.16s           2025-09-07T08:56:29
================================================================================
[2025-09-07T08:57:09.611+0000] {manager.py:878} INFO - 
================================================================================
DAG File Processing Stats

File Path                                PID    Runtime      # DAGs    # Errors  Last Runtime    Last Run
---------------------------------------  -----  ---------  --------  ----------  --------------  -------------------
/opt/airflow/dags/stock_pipeline_dag.py                           1           0  0.16s           2025-09-07T08:56:59
================================================================================
[2025-09-07T08:57:40.095+0000] {manager.py:878} INFO - 
================================================================================
DAG File Processing Stats

File Path                                PID    Runtime      # DAGs    # Errors  Last Runtime    Last Run
---------------------------------------  -----  ---------  --------  ----------  --------------  -------------------
/opt/airflow/dags/stock_pipeline_dag.py                           1           0  0.16s           2025-09-07T08:57:30
================================================================================
[2025-09-07T08:58:10.451+0000] {manager.py:878} INFO - 
================================================================================
DAG File Processing Stats

File Path                                PID    Runtime      # DAGs    # Errors  Last Runtime    Last Run
---------------------------------------  -----  ---------  --------  ----------  --------------  -------------------
/opt/airflow/dags/stock_pipeline_dag.py                           1           0  0.14s           2025-09-07T08:58:00
================================================================================
[2025-09-07T08:58:40.866+0000] {manager.py:878} INFO - 
================================================================================
DAG File Processing Stats

File Path                                PID    Runtime      # DAGs    # Errors  Last Runtime    Last Run
---------------------------------------  -----  ---------  --------  ----------  --------------  -------------------
/opt/airflow/dags/stock_pipeline_dag.py                           1           0  0.15s           2025-09-07T08:58:30
================================================================================
[2025-09-07T08:59:11.336+0000] {manager.py:878} INFO - 
================================================================================
DAG File Processing Stats

File Path                                PID    Runtime      # DAGs    # Errors  Last Runtime    Last Run
---------------------------------------  -----  ---------  --------  ----------  --------------  -------------------
/opt/airflow/dags/stock_pipeline_dag.py                           1           0  0.15s           2025-09-07T08:59:01
================================================================================
[2025-09-07T08:59:41.772+0000] {manager.py:878} INFO - 
================================================================================
DAG File Processing Stats

File Path                                PID    Runtime      # DAGs    # Errors  Last Runtime    Last Run
---------------------------------------  -----  ---------  --------  ----------  --------------  -------------------
/opt/airflow/dags/stock_pipeline_dag.py                           1           0  0.17s           2025-09-07T08:59:31
================================================================================
[2025-09-07T09:00:12.201+0000] {manager.py:878} INFO - 
================================================================================
DAG File Processing Stats

File Path                                PID    Runtime      # DAGs    # Errors  Last Runtime    Last Run
---------------------------------------  -----  ---------  --------  ----------  --------------  -------------------
/opt/airflow/dags/stock_pipeline_dag.py                           1           0  0.16s           2025-09-07T09:00:02
================================================================================
[2025-09-07T09:00:28.342+0000] {manager.py:737} INFO - Searching for files in /opt/airflow/dags
[2025-09-07T09:00:28.419+0000] {manager.py:740} INFO - There are 1 files in /opt/airflow/dags
[2025-09-07T09:00:42.586+0000] {manager.py:878} INFO - 
================================================================================
DAG File Processing Stats

File Path                                PID    Runtime      # DAGs    # Errors  Last Runtime    Last Run
---------------------------------------  -----  ---------  --------  ----------  --------------  -------------------
/opt/airflow/dags/stock_pipeline_dag.py                           1           0  0.15s           2025-09-07T09:00:32
================================================================================
[2025-09-07T09:01:13.001+0000] {manager.py:878} INFO - 
================================================================================
DAG File Processing Stats

File Path                                PID    Runtime      # DAGs    # Errors  Last Runtime    Last Run
---------------------------------------  -----  ---------  --------  ----------  --------------  -------------------
/opt/airflow/dags/stock_pipeline_dag.py                           1           0  0.14s           2025-09-07T09:01:02
================================================================================
[2025-09-07T09:01:43.281+0000] {manager.py:878} INFO - 
================================================================================
DAG File Processing Stats

File Path                                PID    Runtime      # DAGs    # Errors  Last Runtime    Last Run
---------------------------------------  -----  ---------  --------  ----------  --------------  -------------------
/opt/airflow/dags/stock_pipeline_dag.py                           1           0  0.15s           2025-09-07T09:01:33
================================================================================
[2025-09-07T09:02:13.705+0000] {manager.py:878} INFO - 
================================================================================
DAG File Processing Stats

File Path                                PID    Runtime      # DAGs    # Errors  Last Runtime    Last Run
---------------------------------------  -----  ---------  --------  ----------  --------------  -------------------
/opt/airflow/dags/stock_pipeline_dag.py                           1           0  0.13s           2025-09-07T09:02:03
================================================================================
[2025-09-07T09:02:44.034+0000] {manager.py:878} INFO - 
================================================================================
DAG File Processing Stats

File Path                                PID    Runtime      # DAGs    # Errors  Last Runtime    Last Run
---------------------------------------  -----  ---------  --------  ----------  --------------  -------------------
/opt/airflow/dags/stock_pipeline_dag.py                           1           0  0.18s           2025-09-07T09:02:34
================================================================================
[2025-09-07T09:03:14.465+0000] {manager.py:878} INFO - 
================================================================================
DAG File Processing Stats

File Path                                PID    Runtime      # DAGs    # Errors  Last Runtime    Last Run
---------------------------------------  -----  ---------  --------  ----------  --------------  -------------------
/opt/airflow/dags/stock_pipeline_dag.py                           1           0  0.15s           2025-09-07T09:03:04
================================================================================
[2025-09-07T09:03:44.774+0000] {manager.py:878} INFO - 
================================================================================
DAG File Processing Stats

File Path                                PID    Runtime      # DAGs    # Errors  Last Runtime    Last Run
---------------------------------------  -----  ---------  --------  ----------  --------------  -------------------
/opt/airflow/dags/stock_pipeline_dag.py                           1           0  0.15s           2025-09-07T09:03:34
================================================================================
[2025-09-07T09:04:15.159+0000] {manager.py:878} INFO - 
================================================================================
DAG File Processing Stats

File Path                                PID    Runtime      # DAGs    # Errors  Last Runtime    Last Run
---------------------------------------  -----  ---------  --------  ----------  --------------  -------------------
/opt/airflow/dags/stock_pipeline_dag.py                           1           0  0.17s           2025-09-07T09:04:05
================================================================================
[2025-09-07T09:04:45.555+0000] {manager.py:878} INFO - 
================================================================================
DAG File Processing Stats

File Path                                PID    Runtime      # DAGs    # Errors  Last Runtime    Last Run
---------------------------------------  -----  ---------  --------  ----------  --------------  -------------------
/opt/airflow/dags/stock_pipeline_dag.py                           1           0  0.15s           2025-09-07T09:04:35
================================================================================
[2025-09-07T09:05:15.898+0000] {manager.py:878} INFO - 
================================================================================
DAG File Processing Stats

File Path                                PID    Runtime      # DAGs    # Errors  Last Runtime    Last Run
---------------------------------------  -----  ---------  --------  ----------  --------------  -------------------
/opt/airflow/dags/stock_pipeline_dag.py                           1           0  0.16s           2025-09-07T09:05:05
================================================================================
[2025-09-07T09:05:29.039+0000] {manager.py:737} INFO - Searching for files in /opt/airflow/dags
[2025-09-07T09:05:29.104+0000] {manager.py:740} INFO - There are 1 files in /opt/airflow/dags
[2025-09-07T09:05:46.355+0000] {manager.py:878} INFO - 
================================================================================
DAG File Processing Stats

File Path                                PID    Runtime      # DAGs    # Errors  Last Runtime    Last Run
---------------------------------------  -----  ---------  --------  ----------  --------------  -------------------
/opt/airflow/dags/stock_pipeline_dag.py                           1           0  0.16s           2025-09-07T09:05:36
================================================================================
[2025-09-07T09:06:16.758+0000] {manager.py:878} INFO - 
================================================================================
DAG File Processing Stats

File Path                                PID    Runtime      # DAGs    # Errors  Last Runtime    Last Run
---------------------------------------  -----  ---------  --------  ----------  --------------  -------------------
/opt/airflow/dags/stock_pipeline_dag.py                           1           0  0.15s           2025-09-07T09:06:06
================================================================================
[2025-09-07T09:06:47.125+0000] {manager.py:878} INFO - 
================================================================================
DAG File Processing Stats

File Path                                PID    Runtime      # DAGs    # Errors  Last Runtime    Last Run
---------------------------------------  -----  ---------  --------  ----------  --------------  -------------------
/opt/airflow/dags/stock_pipeline_dag.py                           1           0  0.14s           2025-09-07T09:06:37
================================================================================
[2025-09-07T09:07:17.481+0000] {manager.py:878} INFO - 
================================================================================
DAG File Processing Stats

File Path                                PID    Runtime      # DAGs    # Errors  Last Runtime    Last Run
---------------------------------------  -----  ---------  --------  ----------  --------------  -------------------
/opt/airflow/dags/stock_pipeline_dag.py                           1           0  0.15s           2025-09-07T09:07:07
================================================================================
[2025-09-07T09:07:47.799+0000] {manager.py:878} INFO - 
================================================================================
DAG File Processing Stats

File Path                                PID    Runtime      # DAGs    # Errors  Last Runtime    Last Run
---------------------------------------  -----  ---------  --------  ----------  --------------  -------------------
/opt/airflow/dags/stock_pipeline_dag.py                           1           0  0.16s           2025-09-07T09:07:37
================================================================================
[2025-09-07T09:08:18.140+0000] {manager.py:878} INFO - 
================================================================================
DAG File Processing Stats

File Path                                PID    Runtime      # DAGs    # Errors  Last Runtime    Last Run
---------------------------------------  -----  ---------  --------  ----------  --------------  -------------------
/opt/airflow/dags/stock_pipeline_dag.py                           1           0  0.19s           2025-09-07T09:08:08
================================================================================
[2025-09-07T09:08:48.541+0000] {manager.py:878} INFO - 
================================================================================
DAG File Processing Stats

File Path                                PID    Runtime      # DAGs    # Errors  Last Runtime    Last Run
---------------------------------------  -----  ---------  --------  ----------  --------------  -------------------
/opt/airflow/dags/stock_pipeline_dag.py                           1           0  0.15s           2025-09-07T09:08:38
================================================================================
[2025-09-07T09:09:19.062+0000] {manager.py:878} INFO - 
================================================================================
DAG File Processing Stats

File Path                                PID    Runtime      # DAGs    # Errors  Last Runtime    Last Run
---------------------------------------  -----  ---------  --------  ----------  --------------  -------------------
/opt/airflow/dags/stock_pipeline_dag.py                           1           0  0.17s           2025-09-07T09:09:00
================================================================================
[2025-09-07T09:09:49.400+0000] {manager.py:878} INFO - 
================================================================================
DAG File Processing Stats

File Path                                PID    Runtime      # DAGs    # Errors  Last Runtime    Last Run
---------------------------------------  -----  ---------  --------  ----------  --------------  -------------------
/opt/airflow/dags/stock_pipeline_dag.py                           1           0  0.17s           2025-09-07T09:09:31
================================================================================
[2025-09-07T09:10:19.828+0000] {manager.py:878} INFO - 
================================================================================
DAG File Processing Stats

File Path                                PID    Runtime      # DAGs    # Errors  Last Runtime    Last Run
---------------------------------------  -----  ---------  --------  ----------  --------------  -------------------
/opt/airflow/dags/stock_pipeline_dag.py                           1           0  0.18s           2025-09-07T09:10:01
================================================================================
[2025-09-07T09:10:29.928+0000] {manager.py:737} INFO - Searching for files in /opt/airflow/dags
[2025-09-07T09:10:29.955+0000] {manager.py:740} INFO - There are 1 files in /opt/airflow/dags
[2025-09-07T09:10:50.200+0000] {manager.py:878} INFO - 
================================================================================
DAG File Processing Stats

File Path                                PID    Runtime      # DAGs    # Errors  Last Runtime    Last Run
---------------------------------------  -----  ---------  --------  ----------  --------------  -------------------
/opt/airflow/dags/stock_pipeline_dag.py                           1           0  0.16s           2025-09-07T09:10:32
================================================================================
[2025-09-07T09:11:20.503+0000] {manager.py:878} INFO - 
================================================================================
DAG File Processing Stats

File Path                                PID    Runtime      # DAGs    # Errors  Last Runtime    Last Run
---------------------------------------  -----  ---------  --------  ----------  --------------  -------------------
/opt/airflow/dags/stock_pipeline_dag.py                           1           0  0.15s           2025-09-07T09:11:02
================================================================================
[2025-09-07T09:11:50.878+0000] {manager.py:878} INFO - 
================================================================================
DAG File Processing Stats

File Path                                PID    Runtime      # DAGs    # Errors  Last Runtime    Last Run
---------------------------------------  -----  ---------  --------  ----------  --------------  -------------------
/opt/airflow/dags/stock_pipeline_dag.py                           1           0  0.15s           2025-09-07T09:11:32
================================================================================
[2025-09-07T09:12:21.209+0000] {manager.py:878} INFO - 
================================================================================
DAG File Processing Stats

File Path                                PID    Runtime      # DAGs    # Errors  Last Runtime    Last Run
---------------------------------------  -----  ---------  --------  ----------  --------------  -------------------
/opt/airflow/dags/stock_pipeline_dag.py                           1           0  0.18s           2025-09-07T09:12:03
================================================================================
[2025-09-07T09:12:51.692+0000] {manager.py:878} INFO - 
================================================================================
DAG File Processing Stats

File Path                                PID    Runtime      # DAGs    # Errors  Last Runtime    Last Run
---------------------------------------  -----  ---------  --------  ----------  --------------  -------------------
/opt/airflow/dags/stock_pipeline_dag.py                           1           0  0.18s           2025-09-07T09:12:33
================================================================================
[2025-09-07T09:13:22.109+0000] {manager.py:878} INFO - 
================================================================================
DAG File Processing Stats

File Path                                PID    Runtime      # DAGs    # Errors  Last Runtime    Last Run
---------------------------------------  -----  ---------  --------  ----------  --------------  -------------------
/opt/airflow/dags/stock_pipeline_dag.py                           1           0  0.17s           2025-09-07T09:13:04
================================================================================
[2025-09-07T09:13:52.593+0000] {manager.py:878} INFO - 
================================================================================
DAG File Processing Stats

File Path                                PID    Runtime      # DAGs    # Errors  Last Runtime    Last Run
---------------------------------------  -----  ---------  --------  ----------  --------------  -------------------
/opt/airflow/dags/stock_pipeline_dag.py                           1           0  0.18s           2025-09-07T09:13:34
================================================================================
[2025-09-07T09:14:22.990+0000] {manager.py:878} INFO - 
================================================================================
DAG File Processing Stats

File Path                                PID    Runtime      # DAGs    # Errors  Last Runtime    Last Run
---------------------------------------  -----  ---------  --------  ----------  --------------  -------------------
/opt/airflow/dags/stock_pipeline_dag.py                           1           0  0.13s           2025-09-07T09:14:04
================================================================================
[2025-09-07T09:14:53.429+0000] {manager.py:878} INFO - 
================================================================================
DAG File Processing Stats

File Path                                PID    Runtime      # DAGs    # Errors  Last Runtime    Last Run
---------------------------------------  -----  ---------  --------  ----------  --------------  -------------------
/opt/airflow/dags/stock_pipeline_dag.py                           1           0  0.19s           2025-09-07T09:14:35
================================================================================
[2025-09-07T09:15:23.930+0000] {manager.py:878} INFO - 
================================================================================
DAG File Processing Stats

File Path                                PID    Runtime      # DAGs    # Errors  Last Runtime    Last Run
---------------------------------------  -----  ---------  --------  ----------  --------------  -------------------
/opt/airflow/dags/stock_pipeline_dag.py                           1           0  0.19s           2025-09-07T09:15:05
================================================================================
[2025-09-07T09:15:30.006+0000] {manager.py:737} INFO - Searching for files in /opt/airflow/dags
[2025-09-07T09:15:30.025+0000] {manager.py:740} INFO - There are 1 files in /opt/airflow/dags
[2025-09-07T09:15:54.396+0000] {manager.py:878} INFO - 
================================================================================
DAG File Processing Stats

File Path                                PID    Runtime      # DAGs    # Errors  Last Runtime    Last Run
---------------------------------------  -----  ---------  --------  ----------  --------------  -------------------
/opt/airflow/dags/stock_pipeline_dag.py                           1           0  0.18s           2025-09-07T09:15:36
================================================================================
[2025-09-07T09:16:24.446+0000] {manager.py:878} INFO - 
================================================================================
DAG File Processing Stats

File Path                                PID    Runtime      # DAGs    # Errors  Last Runtime    Last Run
---------------------------------------  -----  ---------  --------  ----------  --------------  -------------------
/opt/airflow/dags/stock_pipeline_dag.py                           1           0  0.60s           2025-09-07T09:16:07
================================================================================
[2025-09-07T09:16:54.577+0000] {manager.py:878} INFO - 
================================================================================
DAG File Processing Stats

File Path                                PID    Runtime      # DAGs    # Errors  Last Runtime    Last Run
---------------------------------------  -----  ---------  --------  ----------  --------------  -------------------
/opt/airflow/dags/stock_pipeline_dag.py                           1           0  0.67s           2025-09-07T09:16:38
================================================================================
[2025-09-07T09:17:25.033+0000] {manager.py:878} INFO - 
================================================================================
DAG File Processing Stats

File Path                                PID    Runtime      # DAGs    # Errors  Last Runtime    Last Run
---------------------------------------  -----  ---------  --------  ----------  --------------  -------------------
/opt/airflow/dags/stock_pipeline_dag.py                           1           0  0.55s           2025-09-07T09:17:09
================================================================================
[2025-09-07T09:17:55.822+0000] {manager.py:878} INFO - 
================================================================================
DAG File Processing Stats

File Path                                PID    Runtime      # DAGs    # Errors  Last Runtime    Last Run
---------------------------------------  -----  ---------  --------  ----------  --------------  -------------------
/opt/airflow/dags/stock_pipeline_dag.py                           1           0  0.50s           2025-09-07T09:17:39
================================================================================
[2025-09-07T09:18:25.963+0000] {manager.py:878} INFO - 
================================================================================
DAG File Processing Stats

File Path                                PID    Runtime      # DAGs    # Errors  Last Runtime    Last Run
---------------------------------------  -----  ---------  --------  ----------  --------------  -------------------
/opt/airflow/dags/stock_pipeline_dag.py                           1           0  0.66s           2025-09-07T09:18:10
================================================================================
[2025-09-07T09:18:56.047+0000] {manager.py:878} INFO - 
================================================================================
DAG File Processing Stats

File Path                                PID    Runtime      # DAGs    # Errors  Last Runtime    Last Run
---------------------------------------  -----  ---------  --------  ----------  --------------  -------------------
/opt/airflow/dags/stock_pipeline_dag.py                           1           0  0.63s           2025-09-07T09:18:41
================================================================================
[2025-09-07T09:19:26.419+0000] {manager.py:878} INFO - 
================================================================================
DAG File Processing Stats

File Path                                PID    Runtime      # DAGs    # Errors  Last Runtime    Last Run
---------------------------------------  -----  ---------  --------  ----------  --------------  -------------------
/opt/airflow/dags/stock_pipeline_dag.py                           1           0  0.38s           2025-09-07T09:19:12
================================================================================
[2025-09-07T09:19:56.968+0000] {manager.py:878} INFO - 
================================================================================
DAG File Processing Stats

File Path                                PID    Runtime      # DAGs    # Errors  Last Runtime    Last Run
---------------------------------------  -----  ---------  --------  ----------  --------------  -------------------
/opt/airflow/dags/stock_pipeline_dag.py                           1           0  0.27s           2025-09-07T09:19:42
================================================================================
[2025-09-07T09:20:26.985+0000] {manager.py:878} INFO - 
================================================================================
DAG File Processing Stats

File Path                                PID    Runtime      # DAGs    # Errors  Last Runtime    Last Run
---------------------------------------  -----  ---------  --------  ----------  --------------  -------------------
/opt/airflow/dags/stock_pipeline_dag.py                           1           0  0.59s           2025-09-07T09:20:13
================================================================================
[2025-09-07T09:20:30.022+0000] {manager.py:737} INFO - Searching for files in /opt/airflow/dags
[2025-09-07T09:20:30.137+0000] {manager.py:740} INFO - There are 1 files in /opt/airflow/dags
[2025-09-07T09:20:57.104+0000] {manager.py:878} INFO - 
================================================================================
DAG File Processing Stats

File Path                                PID    Runtime      # DAGs    # Errors  Last Runtime    Last Run
---------------------------------------  -----  ---------  --------  ----------  --------------  -------------------
/opt/airflow/dags/stock_pipeline_dag.py                           1           0  0.59s           2025-09-07T09:20:44
================================================================================
[2025-09-07T09:21:27.503+0000] {manager.py:878} INFO - 
================================================================================
DAG File Processing Stats

File Path                                PID    Runtime      # DAGs    # Errors  Last Runtime    Last Run
---------------------------------------  -----  ---------  --------  ----------  --------------  -------------------
/opt/airflow/dags/stock_pipeline_dag.py                           1           0  0.40s           2025-09-07T09:21:15
================================================================================
[2025-09-07T09:21:57.907+0000] {manager.py:878} INFO - 
================================================================================
DAG File Processing Stats

File Path                                PID    Runtime      # DAGs    # Errors  Last Runtime    Last Run
---------------------------------------  -----  ---------  --------  ----------  --------------  -------------------
/opt/airflow/dags/stock_pipeline_dag.py                           1           0  0.29s           2025-09-07T09:21:46
================================================================================
[2025-09-07T09:22:28.069+0000] {manager.py:878} INFO - 
================================================================================
DAG File Processing Stats

File Path                                PID    Runtime      # DAGs    # Errors  Last Runtime    Last Run
---------------------------------------  -----  ---------  --------  ----------  --------------  -------------------
/opt/airflow/dags/stock_pipeline_dag.py                           1           0  0.70s           2025-09-07T09:22:16
================================================================================
[2025-09-07T09:22:58.512+0000] {manager.py:878} INFO - 
================================================================================
DAG File Processing Stats

File Path                                PID    Runtime      # DAGs    # Errors  Last Runtime    Last Run
---------------------------------------  -----  ---------  --------  ----------  --------------  -------------------
/opt/airflow/dags/stock_pipeline_dag.py                           1           0  0.55s           2025-09-07T09:22:47
================================================================================
[2025-09-07T09:23:29.127+0000] {manager.py:878} INFO - 
================================================================================
DAG File Processing Stats

File Path                                PID    Runtime      # DAGs    # Errors  Last Runtime    Last Run
---------------------------------------  -----  ---------  --------  ----------  --------------  -------------------
/opt/airflow/dags/stock_pipeline_dag.py                           1           0  0.42s           2025-09-07T09:23:18
================================================================================
[2025-09-07T09:23:59.853+0000] {manager.py:878} INFO - 
================================================================================
DAG File Processing Stats

File Path                                PID    Runtime      # DAGs    # Errors  Last Runtime    Last Run
---------------------------------------  -----  ---------  --------  ----------  --------------  -------------------
/opt/airflow/dags/stock_pipeline_dag.py                           1           0  0.39s           2025-09-07T09:23:48
================================================================================
[2025-09-07T09:24:30.453+0000] {manager.py:878} INFO - 
================================================================================
DAG File Processing Stats

File Path                                PID    Runtime      # DAGs    # Errors  Last Runtime    Last Run
---------------------------------------  -----  ---------  --------  ----------  --------------  -------------------
/opt/airflow/dags/stock_pipeline_dag.py                           1           0  0.43s           2025-09-07T09:24:19
================================================================================
[2025-09-07T09:25:01.196+0000] {manager.py:878} INFO - 
================================================================================
DAG File Processing Stats

File Path                                PID    Runtime      # DAGs    # Errors  Last Runtime    Last Run
---------------------------------------  -----  ---------  --------  ----------  --------------  -------------------
/opt/airflow/dags/stock_pipeline_dag.py                           1           0  0.32s           2025-09-07T09:24:50
================================================================================
[2025-09-07T09:25:30.146+0000] {manager.py:737} INFO - Searching for files in /opt/airflow/dags
[2025-09-07T09:25:30.279+0000] {manager.py:740} INFO - There are 1 files in /opt/airflow/dags
[2025-09-07T09:25:31.378+0000] {manager.py:878} INFO - 
================================================================================
DAG File Processing Stats

File Path                                PID    Runtime      # DAGs    # Errors  Last Runtime    Last Run
---------------------------------------  -----  ---------  --------  ----------  --------------  -------------------
/opt/airflow/dags/stock_pipeline_dag.py                           1           0  0.48s           2025-09-07T09:25:21
================================================================================
[2025-09-07T09:26:01.392+0000] {manager.py:878} INFO - 
================================================================================
DAG File Processing Stats

File Path                                PID    Runtime      # DAGs    # Errors  Last Runtime    Last Run
---------------------------------------  -----  ---------  --------  ----------  --------------  -------------------
/opt/airflow/dags/stock_pipeline_dag.py                           1           0  0.58s           2025-09-07T09:25:52
================================================================================
[2025-09-07T09:26:31.760+0000] {manager.py:878} INFO - 
================================================================================
DAG File Processing Stats

File Path                                PID    Runtime      # DAGs    # Errors  Last Runtime    Last Run
---------------------------------------  -----  ---------  --------  ----------  --------------  -------------------
/opt/airflow/dags/stock_pipeline_dag.py                           1           0  0.48s           2025-09-07T09:26:22
================================================================================
[2025-09-07T09:27:02.390+0000] {manager.py:878} INFO - 
================================================================================
DAG File Processing Stats

File Path                                PID    Runtime      # DAGs    # Errors  Last Runtime    Last Run
---------------------------------------  -----  ---------  --------  ----------  --------------  -------------------
/opt/airflow/dags/stock_pipeline_dag.py                           1           0  0.51s           2025-09-07T09:26:53
================================================================================
[2025-09-07T09:27:33.052+0000] {manager.py:878} INFO - 
================================================================================
DAG File Processing Stats

File Path                                PID    Runtime      # DAGs    # Errors  Last Runtime    Last Run
---------------------------------------  -----  ---------  --------  ----------  --------------  -------------------
/opt/airflow/dags/stock_pipeline_dag.py                           1           0  0.32s           2025-09-07T09:27:24
================================================================================
[2025-09-07T09:28:03.107+0000] {manager.py:878} INFO - 
================================================================================
DAG File Processing Stats

File Path                                PID    Runtime      # DAGs    # Errors  Last Runtime    Last Run
---------------------------------------  -----  ---------  --------  ----------  --------------  -------------------
/opt/airflow/dags/stock_pipeline_dag.py                           1           0  0.62s           2025-09-07T09:27:54
================================================================================
[2025-09-07T09:28:33.524+0000] {manager.py:878} INFO - 
================================================================================
DAG File Processing Stats

File Path                                PID    Runtime      # DAGs    # Errors  Last Runtime    Last Run
---------------------------------------  -----  ---------  --------  ----------  --------------  -------------------
/opt/airflow/dags/stock_pipeline_dag.py                           1           0  0.28s           2025-09-07T09:28:25
================================================================================
[2025-09-07T09:29:03.668+0000] {manager.py:878} INFO - 
================================================================================
DAG File Processing Stats

File Path                                PID    Runtime      # DAGs    # Errors  Last Runtime    Last Run
---------------------------------------  -----  ---------  --------  ----------  --------------  -------------------
/opt/airflow/dags/stock_pipeline_dag.py                           1           0  0.64s           2025-09-07T09:28:56
================================================================================
[2025-09-07T09:29:33.994+0000] {manager.py:878} INFO - 
================================================================================
DAG File Processing Stats

File Path                                PID    Runtime      # DAGs    # Errors  Last Runtime    Last Run
---------------------------------------  -----  ---------  --------  ----------  --------------  -------------------
/opt/airflow/dags/stock_pipeline_dag.py                           1           0  0.30s           2025-09-07T09:29:27
================================================================================
[2025-09-07T09:30:04.109+0000] {manager.py:878} INFO - 
================================================================================
DAG File Processing Stats

File Path                                PID    Runtime      # DAGs    # Errors  Last Runtime    Last Run
---------------------------------------  -----  ---------  --------  ----------  --------------  -------------------
/opt/airflow/dags/stock_pipeline_dag.py                           1           0  0.70s           2025-09-07T09:29:46
================================================================================
[2025-09-07T09:30:30.451+0000] {manager.py:737} INFO - Searching for files in /opt/airflow/dags
[2025-09-07T09:30:30.546+0000] {manager.py:740} INFO - There are 1 files in /opt/airflow/dags
[2025-09-07T09:30:34.674+0000] {manager.py:878} INFO - 
================================================================================
DAG File Processing Stats

File Path                                PID    Runtime      # DAGs    # Errors  Last Runtime    Last Run
---------------------------------------  -----  ---------  --------  ----------  --------------  -------------------
/opt/airflow/dags/stock_pipeline_dag.py                           1           0  0.61s           2025-09-07T09:30:17
================================================================================
[2025-09-07T09:31:04.844+0000] {manager.py:878} INFO - 
================================================================================
DAG File Processing Stats

File Path                                PID    Runtime      # DAGs    # Errors  Last Runtime    Last Run
---------------------------------------  -----  ---------  --------  ----------  --------------  -------------------
/opt/airflow/dags/stock_pipeline_dag.py                           1           0  0.64s           2025-09-07T09:30:57
================================================================================
[2025-09-07T09:31:35.378+0000] {manager.py:878} INFO - 
================================================================================
DAG File Processing Stats

File Path                                PID    Runtime      # DAGs    # Errors  Last Runtime    Last Run
---------------------------------------  -----  ---------  --------  ----------  --------------  -------------------
/opt/airflow/dags/stock_pipeline_dag.py                           1           0  0.55s           2025-09-07T09:31:28
================================================================================
[2025-09-07T09:32:05.458+0000] {manager.py:878} INFO - 
================================================================================
DAG File Processing Stats

File Path                                PID    Runtime      # DAGs    # Errors  Last Runtime    Last Run
---------------------------------------  -----  ---------  --------  ----------  --------------  -------------------
/opt/airflow/dags/stock_pipeline_dag.py                           1           0  0.57s           2025-09-07T09:31:59
================================================================================
[2025-09-07T09:32:35.908+0000] {manager.py:878} INFO - 
================================================================================
DAG File Processing Stats

File Path                                PID    Runtime      # DAGs    # Errors  Last Runtime    Last Run
---------------------------------------  -----  ---------  --------  ----------  --------------  -------------------
/opt/airflow/dags/stock_pipeline_dag.py                           1           0  0.40s           2025-09-07T09:32:29
================================================================================
[2025-09-07T09:33:06.354+0000] {manager.py:878} INFO - 
================================================================================
DAG File Processing Stats

File Path                                PID    Runtime      # DAGs    # Errors  Last Runtime    Last Run
---------------------------------------  -----  ---------  --------  ----------  --------------  -------------------
/opt/airflow/dags/stock_pipeline_dag.py                           1           0  0.36s           2025-09-07T09:33:00
================================================================================
[2025-09-07T09:33:37.032+0000] {manager.py:878} INFO - 
================================================================================
DAG File Processing Stats

File Path                                PID    Runtime      # DAGs    # Errors  Last Runtime    Last Run
---------------------------------------  -----  ---------  --------  ----------  --------------  -------------------
/opt/airflow/dags/stock_pipeline_dag.py                           1           0  0.32s           2025-09-07T09:33:31
================================================================================
[2025-09-07T09:34:07.047+0000] {manager.py:878} INFO - 
================================================================================
DAG File Processing Stats

File Path                                PID    Runtime      # DAGs    # Errors  Last Runtime    Last Run
---------------------------------------  -----  ---------  --------  ----------  --------------  -------------------
/opt/airflow/dags/stock_pipeline_dag.py                           1           0  0.33s           2025-09-07T09:34:01
================================================================================
[2025-09-07T09:34:37.440+0000] {manager.py:878} INFO - 
================================================================================
DAG File Processing Stats

File Path                                PID    Runtime      # DAGs    # Errors  Last Runtime    Last Run
---------------------------------------  -----  ---------  --------  ----------  --------------  -------------------
/opt/airflow/dags/stock_pipeline_dag.py                           1           0  0.61s           2025-09-07T09:34:29
================================================================================
[2025-09-07T09:35:08.222+0000] {manager.py:878} INFO - 
================================================================================
DAG File Processing Stats

File Path                                PID    Runtime      # DAGs    # Errors  Last Runtime    Last Run
---------------------------------------  -----  ---------  --------  ----------  --------------  -------------------
/opt/airflow/dags/stock_pipeline_dag.py                           1           0  0.47s           2025-09-07T09:35:00
================================================================================
[2025-09-07T09:35:30.538+0000] {manager.py:737} INFO - Searching for files in /opt/airflow/dags
[2025-09-07T09:35:30.587+0000] {manager.py:740} INFO - There are 1 files in /opt/airflow/dags
[2025-09-07T09:35:38.804+0000] {manager.py:878} INFO - 
================================================================================
DAG File Processing Stats

File Path                                PID    Runtime      # DAGs    # Errors  Last Runtime    Last Run
---------------------------------------  -----  ---------  --------  ----------  --------------  -------------------
/opt/airflow/dags/stock_pipeline_dag.py                           1           0  0.35s           2025-09-07T09:35:30
================================================================================
[2025-09-07T09:36:09.426+0000] {manager.py:878} INFO - 
================================================================================
DAG File Processing Stats

File Path                                PID    Runtime      # DAGs    # Errors  Last Runtime    Last Run
---------------------------------------  -----  ---------  --------  ----------  --------------  -------------------
/opt/airflow/dags/stock_pipeline_dag.py                           1           0  0.29s           2025-09-07T09:36:01
================================================================================
[2025-09-07T09:36:39.927+0000] {manager.py:878} INFO - 
================================================================================
DAG File Processing Stats

File Path                                PID    Runtime      # DAGs    # Errors  Last Runtime    Last Run
---------------------------------------  -----  ---------  --------  ----------  --------------  -------------------
/opt/airflow/dags/stock_pipeline_dag.py                           1           0  0.55s           2025-09-07T09:36:32
================================================================================
[2025-09-07T09:37:10.345+0000] {manager.py:878} INFO - 
================================================================================
DAG File Processing Stats

File Path                                PID    Runtime      # DAGs    # Errors  Last Runtime    Last Run
---------------------------------------  -----  ---------  --------  ----------  --------------  -------------------
/opt/airflow/dags/stock_pipeline_dag.py                           1           0  0.48s           2025-09-07T09:37:03
================================================================================
[2025-09-07T09:37:40.774+0000] {manager.py:878} INFO - 
================================================================================
DAG File Processing Stats

File Path                                PID    Runtime      # DAGs    # Errors  Last Runtime    Last Run
---------------------------------------  -----  ---------  --------  ----------  --------------  -------------------
/opt/airflow/dags/stock_pipeline_dag.py                           1           0  0.30s           2025-09-07T09:37:33
================================================================================
[2025-09-07T09:38:11.391+0000] {manager.py:878} INFO - 
================================================================================
DAG File Processing Stats

File Path                                PID    Runtime      # DAGs    # Errors  Last Runtime    Last Run
---------------------------------------  -----  ---------  --------  ----------  --------------  -------------------
/opt/airflow/dags/stock_pipeline_dag.py                           1           0  0.31s           2025-09-07T09:38:04
================================================================================
[2025-09-07T09:38:41.599+0000] {manager.py:878} INFO - 
================================================================================
DAG File Processing Stats

File Path                                PID    Runtime      # DAGs    # Errors  Last Runtime    Last Run
---------------------------------------  -----  ---------  --------  ----------  --------------  -------------------
/opt/airflow/dags/stock_pipeline_dag.py                           1           0  0.73s           2025-09-07T09:38:35
================================================================================
[2025-09-07T09:39:12.362+0000] {manager.py:878} INFO - 
================================================================================
DAG File Processing Stats

File Path                                PID    Runtime      # DAGs    # Errors  Last Runtime    Last Run
---------------------------------------  -----  ---------  --------  ----------  --------------  -------------------
/opt/airflow/dags/stock_pipeline_dag.py                           1           0  0.38s           2025-09-07T09:39:06
================================================================================
[2025-09-07T09:39:42.831+0000] {manager.py:878} INFO - 
================================================================================
DAG File Processing Stats

File Path                                PID    Runtime      # DAGs    # Errors  Last Runtime    Last Run
---------------------------------------  -----  ---------  --------  ----------  --------------  -------------------
/opt/airflow/dags/stock_pipeline_dag.py                           1           0  0.64s           2025-09-07T09:39:37
================================================================================
[2025-09-07T09:40:13.000+0000] {manager.py:878} INFO - 
================================================================================
DAG File Processing Stats

File Path                                PID    Runtime      # DAGs    # Errors  Last Runtime    Last Run
---------------------------------------  -----  ---------  --------  ----------  --------------  -------------------
/opt/airflow/dags/stock_pipeline_dag.py                           1           0  0.30s           2025-09-07T09:40:07
================================================================================
[2025-09-07T09:40:30.956+0000] {manager.py:737} INFO - Searching for files in /opt/airflow/dags
[2025-09-07T09:40:31.084+0000] {manager.py:740} INFO - There are 1 files in /opt/airflow/dags
[2025-09-07T09:40:43.445+0000] {manager.py:878} INFO - 
================================================================================
DAG File Processing Stats

File Path                                PID    Runtime      # DAGs    # Errors  Last Runtime    Last Run
---------------------------------------  -----  ---------  --------  ----------  --------------  -------------------
/opt/airflow/dags/stock_pipeline_dag.py                           1           0  0.56s           2025-09-07T09:40:38
================================================================================
[2025-09-07T09:41:13.721+0000] {manager.py:878} INFO - 
================================================================================
DAG File Processing Stats

File Path                                PID    Runtime      # DAGs    # Errors  Last Runtime    Last Run
---------------------------------------  -----  ---------  --------  ----------  --------------  -------------------
/opt/airflow/dags/stock_pipeline_dag.py                           1           0  0.37s           2025-09-07T09:40:49
================================================================================
[2025-09-07T09:42:05.697+0000] {manager.py:470} INFO - Processing files using up to 2 processes at a time 
[2025-09-07T09:42:05.700+0000] {manager.py:471} INFO - Process each file at most once every 30 seconds
[2025-09-07T09:42:05.702+0000] {manager.py:472} INFO - Checking for new files in /opt/airflow/dags every 300 seconds
[2025-09-07T09:42:05.704+0000] {manager.py:737} INFO - Searching for files in /opt/airflow/dags
[2025-09-07T09:42:05.747+0000] {manager.py:740} INFO - There are 1 files in /opt/airflow/dags
[2025-09-07T09:42:06.009+0000] {manager.py:878} INFO - 
================================================================================
DAG File Processing Stats

File Path                                  PID  Runtime      # DAGs    # Errors  Last Runtime    Last Run
---------------------------------------  -----  ---------  --------  ----------  --------------  ----------
/opt/airflow/dags/stock_pipeline_dag.py    165  0.10s             0           0
================================================================================
[2025-09-07T09:42:36.245+0000] {manager.py:878} INFO - 
================================================================================
DAG File Processing Stats

File Path                                PID    Runtime      # DAGs    # Errors  Last Runtime    Last Run
---------------------------------------  -----  ---------  --------  ----------  --------------  -------------------
/opt/airflow/dags/stock_pipeline_dag.py                           1           0  1.83s           2025-09-07T09:42:07
================================================================================
[2025-09-07T09:43:06.614+0000] {manager.py:878} INFO - 
================================================================================
DAG File Processing Stats

File Path                                PID    Runtime      # DAGs    # Errors  Last Runtime    Last Run
---------------------------------------  -----  ---------  --------  ----------  --------------  -------------------
/opt/airflow/dags/stock_pipeline_dag.py                           1           0  0.52s           2025-09-07T09:42:38
================================================================================
[2025-09-07T09:43:37.298+0000] {manager.py:878} INFO - 
================================================================================
DAG File Processing Stats

File Path                                PID    Runtime      # DAGs    # Errors  Last Runtime    Last Run
---------------------------------------  -----  ---------  --------  ----------  --------------  -------------------
/opt/airflow/dags/stock_pipeline_dag.py                           1           0  0.46s           2025-09-07T09:43:09
================================================================================
[2025-09-07T09:44:07.396+0000] {manager.py:878} INFO - 
================================================================================
DAG File Processing Stats

File Path                                PID    Runtime      # DAGs    # Errors  Last Runtime    Last Run
---------------------------------------  -----  ---------  --------  ----------  --------------  -------------------
/opt/airflow/dags/stock_pipeline_dag.py                           1           0  0.66s           2025-09-07T09:43:40
================================================================================
[2025-09-07T09:44:37.618+0000] {manager.py:878} INFO - 
================================================================================
DAG File Processing Stats

File Path                                PID    Runtime      # DAGs    # Errors  Last Runtime    Last Run
---------------------------------------  -----  ---------  --------  ----------  --------------  -------------------
/opt/airflow/dags/stock_pipeline_dag.py                           1           0  0.84s           2025-09-07T09:44:11
================================================================================
[2025-09-07T09:45:07.652+0000] {manager.py:878} INFO - 
================================================================================
DAG File Processing Stats

File Path                                PID    Runtime      # DAGs    # Errors  Last Runtime    Last Run
---------------------------------------  -----  ---------  --------  ----------  --------------  -------------------
/opt/airflow/dags/stock_pipeline_dag.py                           1           0  0.99s           2025-09-07T09:44:42
================================================================================
[2025-09-07T09:45:37.913+0000] {manager.py:878} INFO - 
================================================================================
DAG File Processing Stats

File Path                                PID    Runtime      # DAGs    # Errors  Last Runtime    Last Run
---------------------------------------  -----  ---------  --------  ----------  --------------  -------------------
/opt/airflow/dags/stock_pipeline_dag.py                           1           0  0.50s           2025-09-07T09:45:13
================================================================================
[2025-09-07T09:46:08.399+0000] {manager.py:878} INFO - 
================================================================================
DAG File Processing Stats

File Path                                PID    Runtime      # DAGs    # Errors  Last Runtime    Last Run
---------------------------------------  -----  ---------  --------  ----------  --------------  -------------------
/opt/airflow/dags/stock_pipeline_dag.py                           1           0  0.44s           2025-09-07T09:45:44
================================================================================
[2025-09-07T09:46:38.731+0000] {manager.py:878} INFO - 
================================================================================
DAG File Processing Stats

File Path                                PID    Runtime      # DAGs    # Errors  Last Runtime    Last Run
---------------------------------------  -----  ---------  --------  ----------  --------------  -------------------
/opt/airflow/dags/stock_pipeline_dag.py                           1           0  0.63s           2025-09-07T09:46:15
================================================================================
[2025-09-07T09:47:06.170+0000] {manager.py:737} INFO - Searching for files in /opt/airflow/dags
[2025-09-07T09:47:06.263+0000] {manager.py:740} INFO - There are 1 files in /opt/airflow/dags
[2025-09-07T09:47:09.339+0000] {manager.py:878} INFO - 
================================================================================
DAG File Processing Stats

File Path                                PID    Runtime      # DAGs    # Errors  Last Runtime    Last Run
---------------------------------------  -----  ---------  --------  ----------  --------------  -------------------
/opt/airflow/dags/stock_pipeline_dag.py                           1           0  0.33s           2025-09-07T09:46:46
================================================================================
[2025-09-07T09:47:10.056+0000] {manager.py:452} INFO - Exiting gracefully upon receiving signal 15
[2025-09-07T09:48:02.888+0000] {manager.py:470} INFO - Processing files using up to 2 processes at a time 
[2025-09-07T09:48:02.890+0000] {manager.py:471} INFO - Process each file at most once every 30 seconds
[2025-09-07T09:48:02.892+0000] {manager.py:472} INFO - Checking for new files in /opt/airflow/dags every 300 seconds
[2025-09-07T09:48:02.894+0000] {manager.py:737} INFO - Searching for files in /opt/airflow/dags
[2025-09-07T09:48:02.939+0000] {manager.py:740} INFO - There are 1 files in /opt/airflow/dags
[2025-09-07T09:48:03.181+0000] {manager.py:878} INFO - 
================================================================================
DAG File Processing Stats

File Path                                  PID  Runtime      # DAGs    # Errors  Last Runtime    Last Run
---------------------------------------  -----  ---------  --------  ----------  --------------  ----------
/opt/airflow/dags/stock_pipeline_dag.py    164  0.07s             0           0
================================================================================
[2025-09-07T09:48:33.424+0000] {manager.py:878} INFO - 
================================================================================
DAG File Processing Stats

File Path                                PID    Runtime      # DAGs    # Errors  Last Runtime    Last Run
---------------------------------------  -----  ---------  --------  ----------  --------------  -------------------
/opt/airflow/dags/stock_pipeline_dag.py                           1           0  1.37s           2025-09-07T09:48:04
================================================================================
[2025-09-07T09:49:03.841+0000] {manager.py:878} INFO - 
================================================================================
DAG File Processing Stats

File Path                                PID    Runtime      # DAGs    # Errors  Last Runtime    Last Run
---------------------------------------  -----  ---------  --------  ----------  --------------  -------------------
/opt/airflow/dags/stock_pipeline_dag.py                           1           0  0.69s           2025-09-07T09:48:35
================================================================================
[2025-09-07T09:49:34.475+0000] {manager.py:878} INFO - 
================================================================================
DAG File Processing Stats

File Path                                PID    Runtime      # DAGs    # Errors  Last Runtime    Last Run
---------------------------------------  -----  ---------  --------  ----------  --------------  -------------------
/opt/airflow/dags/stock_pipeline_dag.py                           1           0  0.30s           2025-09-07T09:49:06
================================================================================
[2025-09-07T09:50:04.836+0000] {manager.py:878} INFO - 
================================================================================
DAG File Processing Stats

File Path                                PID    Runtime      # DAGs    # Errors  Last Runtime    Last Run
---------------------------------------  -----  ---------  --------  ----------  --------------  -------------------
/opt/airflow/dags/stock_pipeline_dag.py                           1           0  0.86s           2025-09-07T09:49:37
================================================================================
[2025-09-07T09:50:34.885+0000] {manager.py:878} INFO - 
================================================================================
DAG File Processing Stats

File Path                                PID    Runtime      # DAGs    # Errors  Last Runtime    Last Run
---------------------------------------  -----  ---------  --------  ----------  --------------  -------------------
/opt/airflow/dags/stock_pipeline_dag.py                           1           0  0.71s           2025-09-07T09:50:08
================================================================================
[2025-09-07T09:51:05.600+0000] {manager.py:878} INFO - 
================================================================================
DAG File Processing Stats

File Path                                PID    Runtime      # DAGs    # Errors  Last Runtime    Last Run
---------------------------------------  -----  ---------  --------  ----------  --------------  -------------------
/opt/airflow/dags/stock_pipeline_dag.py                           1           0  0.49s           2025-09-07T09:50:39
================================================================================
[2025-09-07T09:51:35.775+0000] {manager.py:878} INFO - 
================================================================================
DAG File Processing Stats

File Path                                PID    Runtime      # DAGs    # Errors  Last Runtime    Last Run
---------------------------------------  -----  ---------  --------  ----------  --------------  -------------------
/opt/airflow/dags/stock_pipeline_dag.py                           1           0  0.37s           2025-09-07T09:51:10
================================================================================
[2025-09-07T09:52:06.076+0000] {manager.py:878} INFO - 
================================================================================
DAG File Processing Stats

File Path                                PID    Runtime      # DAGs    # Errors  Last Runtime    Last Run
---------------------------------------  -----  ---------  --------  ----------  --------------  -------------------
/opt/airflow/dags/stock_pipeline_dag.py                           1           0  0.30s           2025-09-07T09:51:40
================================================================================
[2025-09-07T09:52:36.496+0000] {manager.py:878} INFO - 
================================================================================
DAG File Processing Stats

File Path                                PID    Runtime      # DAGs    # Errors  Last Runtime    Last Run
---------------------------------------  -----  ---------  --------  ----------  --------------  -------------------
/opt/airflow/dags/stock_pipeline_dag.py                           1           0  0.27s           2025-09-07T09:52:11
================================================================================
[2025-09-07T09:53:03.111+0000] {manager.py:737} INFO - Searching for files in /opt/airflow/dags
[2025-09-07T09:53:03.224+0000] {manager.py:740} INFO - There are 1 files in /opt/airflow/dags
[2025-09-07T09:53:07.369+0000] {manager.py:878} INFO - 
================================================================================
DAG File Processing Stats

File Path                                PID    Runtime      # DAGs    # Errors  Last Runtime    Last Run
---------------------------------------  -----  ---------  --------  ----------  --------------  -------------------
/opt/airflow/dags/stock_pipeline_dag.py                           1           0  0.54s           2025-09-07T09:52:42
================================================================================
[2025-09-07T09:53:37.802+0000] {manager.py:878} INFO - 
================================================================================
DAG File Processing Stats

File Path                                PID    Runtime      # DAGs    # Errors  Last Runtime    Last Run
---------------------------------------  -----  ---------  --------  ----------  --------------  -------------------
/opt/airflow/dags/stock_pipeline_dag.py                           1           0  0.46s           2025-09-07T09:53:12
================================================================================
[2025-09-07T09:54:08.031+0000] {manager.py:878} INFO - 
================================================================================
DAG File Processing Stats

File Path                                PID    Runtime      # DAGs    # Errors  Last Runtime    Last Run
---------------------------------------  -----  ---------  --------  ----------  --------------  -------------------
/opt/airflow/dags/stock_pipeline_dag.py                           1           0  0.44s           2025-09-07T09:53:43
================================================================================
[2025-09-07T09:54:28.773+0000] {manager.py:452} INFO - Exiting gracefully upon receiving signal 15
[2025-09-07T09:55:33.049+0000] {manager.py:470} INFO - Processing files using up to 2 processes at a time 
[2025-09-07T09:55:33.051+0000] {manager.py:471} INFO - Process each file at most once every 30 seconds
[2025-09-07T09:55:33.053+0000] {manager.py:472} INFO - Checking for new files in /opt/airflow/dags every 300 seconds
[2025-09-07T09:55:33.055+0000] {manager.py:737} INFO - Searching for files in /opt/airflow/dags
[2025-09-07T09:55:33.098+0000] {manager.py:740} INFO - There are 1 files in /opt/airflow/dags
[2025-09-07T09:55:33.333+0000] {manager.py:878} INFO - 
================================================================================
DAG File Processing Stats

File Path                                  PID  Runtime      # DAGs    # Errors  Last Runtime    Last Run
---------------------------------------  -----  ---------  --------  ----------  --------------  ----------
/opt/airflow/dags/stock_pipeline_dag.py    164  0.11s             0           0
================================================================================
[2025-09-07T09:56:03.605+0000] {manager.py:878} INFO - 
================================================================================
DAG File Processing Stats

File Path                                  PID  Runtime      # DAGs    # Errors  Last Runtime    Last Run
---------------------------------------  -----  ---------  --------  ----------  --------------  -------------------
/opt/airflow/dags/stock_pipeline_dag.py    169  0.01s             1           0  0.32s           2025-09-07T09:55:33
================================================================================
[2025-09-07T09:56:34.169+0000] {manager.py:878} INFO - 
================================================================================
DAG File Processing Stats

File Path                                PID    Runtime      # DAGs    # Errors  Last Runtime    Last Run
---------------------------------------  -----  ---------  --------  ----------  --------------  -------------------
/opt/airflow/dags/stock_pipeline_dag.py                           1           0  0.60s           2025-09-07T09:56:04
================================================================================
[2025-09-07T09:57:04.483+0000] {manager.py:878} INFO - 
================================================================================
DAG File Processing Stats

File Path                                PID    Runtime      # DAGs    # Errors  Last Runtime    Last Run
---------------------------------------  -----  ---------  --------  ----------  --------------  -------------------
/opt/airflow/dags/stock_pipeline_dag.py                           1           0  0.50s           2025-09-07T09:56:35
================================================================================
[2025-09-07T09:57:35.444+0000] {manager.py:878} INFO - 
================================================================================
DAG File Processing Stats

File Path                                PID    Runtime      # DAGs    # Errors  Last Runtime    Last Run
---------------------------------------  -----  ---------  --------  ----------  --------------  -------------------
/opt/airflow/dags/stock_pipeline_dag.py                           1           0  0.47s           2025-09-07T09:57:06
================================================================================
[2025-09-07T09:58:05.955+0000] {manager.py:878} INFO - 
================================================================================
DAG File Processing Stats

File Path                                PID    Runtime      # DAGs    # Errors  Last Runtime    Last Run
---------------------------------------  -----  ---------  --------  ----------  --------------  -------------------
/opt/airflow/dags/stock_pipeline_dag.py                           1           0  0.41s           2025-09-07T09:57:36
================================================================================
[2025-09-07T09:58:36.045+0000] {manager.py:878} INFO - 
================================================================================
DAG File Processing Stats

File Path                                PID    Runtime      # DAGs    # Errors  Last Runtime    Last Run
---------------------------------------  -----  ---------  --------  ----------  --------------  -------------------
/opt/airflow/dags/stock_pipeline_dag.py                           1           0  0.54s           2025-09-07T09:58:07
================================================================================
[2025-09-07T09:59:06.229+0000] {manager.py:878} INFO - 
================================================================================
DAG File Processing Stats

File Path                                PID    Runtime      # DAGs    # Errors  Last Runtime    Last Run
---------------------------------------  -----  ---------  --------  ----------  --------------  -------------------
/opt/airflow/dags/stock_pipeline_dag.py                           1           0  0.81s           2025-09-07T09:58:38
================================================================================
[2025-09-07T09:59:36.324+0000] {manager.py:878} INFO - 
================================================================================
DAG File Processing Stats

File Path                                PID    Runtime      # DAGs    # Errors  Last Runtime    Last Run
---------------------------------------  -----  ---------  --------  ----------  --------------  -------------------
/opt/airflow/dags/stock_pipeline_dag.py                           1           0  0.68s           2025-09-07T09:59:10
================================================================================
[2025-09-07T10:30:49.999+0000] {manager.py:737} INFO - Searching for files in /opt/airflow/dags
[2025-09-07T10:30:50.071+0000] {manager.py:740} INFO - There are 1 files in /opt/airflow/dags
[2025-09-07T10:31:05.973+0000] {manager.py:878} INFO - 
================================================================================
DAG File Processing Stats

File Path                                PID    Runtime      # DAGs    # Errors  Last Runtime    Last Run
---------------------------------------  -----  ---------  --------  ----------  --------------  -------------------
/opt/airflow/dags/stock_pipeline_dag.py                           1           0  0.40s           2025-09-07T10:30:50
================================================================================
[2025-09-07T10:31:36.344+0000] {manager.py:878} INFO - 
================================================================================
DAG File Processing Stats

File Path                                PID    Runtime      # DAGs    # Errors  Last Runtime    Last Run
---------------------------------------  -----  ---------  --------  ----------  --------------  -------------------
/opt/airflow/dags/stock_pipeline_dag.py                           1           0  0.39s           2025-09-07T10:31:21
================================================================================
[2025-09-07T10:32:06.487+0000] {manager.py:878} INFO - 
================================================================================
DAG File Processing Stats

File Path                                PID    Runtime      # DAGs    # Errors  Last Runtime    Last Run
---------------------------------------  -----  ---------  --------  ----------  --------------  -------------------
/opt/airflow/dags/stock_pipeline_dag.py                           1           0  0.63s           2025-09-07T10:32:01
================================================================================
[2025-09-07T10:32:37.163+0000] {manager.py:878} INFO - 
================================================================================
DAG File Processing Stats

File Path                                PID    Runtime      # DAGs    # Errors  Last Runtime    Last Run
---------------------------------------  -----  ---------  --------  ----------  --------------  -------------------
/opt/airflow/dags/stock_pipeline_dag.py                           1           0  0.47s           2025-09-07T10:32:32
================================================================================
[2025-09-07T10:33:07.173+0000] {manager.py:878} INFO - 
================================================================================
DAG File Processing Stats

File Path                                PID    Runtime      # DAGs    # Errors  Last Runtime    Last Run
---------------------------------------  -----  ---------  --------  ----------  --------------  -------------------
/opt/airflow/dags/stock_pipeline_dag.py                           1           0  0.61s           2025-09-07T10:33:03
================================================================================
[2025-09-07T10:33:37.607+0000] {manager.py:878} INFO - 
================================================================================
DAG File Processing Stats

File Path                                PID    Runtime      # DAGs    # Errors  Last Runtime    Last Run
---------------------------------------  -----  ---------  --------  ----------  --------------  -------------------
/opt/airflow/dags/stock_pipeline_dag.py                           1           0  0.34s           2025-09-07T10:33:33
================================================================================
[2025-09-07T10:34:08.360+0000] {manager.py:878} INFO - 
================================================================================
DAG File Processing Stats

File Path                                PID    Runtime      # DAGs    # Errors  Last Runtime    Last Run
---------------------------------------  -----  ---------  --------  ----------  --------------  -------------------
/opt/airflow/dags/stock_pipeline_dag.py                           1           0  0.36s           2025-09-07T10:34:04
================================================================================
[2025-09-07T10:34:38.805+0000] {manager.py:878} INFO - 
================================================================================
DAG File Processing Stats

File Path                                PID    Runtime      # DAGs    # Errors  Last Runtime    Last Run
---------------------------------------  -----  ---------  --------  ----------  --------------  -------------------
/opt/airflow/dags/stock_pipeline_dag.py                           1           0  0.40s           2025-09-07T10:34:35
================================================================================
[2025-09-07T10:35:09.047+0000] {manager.py:878} INFO - 
================================================================================
DAG File Processing Stats

File Path                                PID    Runtime      # DAGs    # Errors  Last Runtime    Last Run
---------------------------------------  -----  ---------  --------  ----------  --------------  -------------------
/opt/airflow/dags/stock_pipeline_dag.py                           1           0  0.51s           2025-09-07T10:35:06
================================================================================
[2025-09-07T10:35:39.897+0000] {manager.py:878} INFO - 
================================================================================
DAG File Processing Stats

File Path                                PID    Runtime      # DAGs    # Errors  Last Runtime    Last Run
---------------------------------------  -----  ---------  --------  ----------  --------------  -------------------
/opt/airflow/dags/stock_pipeline_dag.py                           1           0  0.60s           2025-09-07T10:35:36
================================================================================
[2025-09-07T10:35:50.033+0000] {manager.py:737} INFO - Searching for files in /opt/airflow/dags
[2025-09-07T10:35:50.150+0000] {manager.py:740} INFO - There are 1 files in /opt/airflow/dags
[2025-09-07T10:36:10.068+0000] {manager.py:878} INFO - 
================================================================================
DAG File Processing Stats

File Path                                PID    Runtime      # DAGs    # Errors  Last Runtime    Last Run
---------------------------------------  -----  ---------  --------  ----------  --------------  -------------------
/opt/airflow/dags/stock_pipeline_dag.py                           1           0  0.52s           2025-09-07T10:36:08
================================================================================
[2025-09-07T10:36:40.096+0000] {manager.py:878} INFO - 
================================================================================
DAG File Processing Stats

File Path                                PID    Runtime      # DAGs    # Errors  Last Runtime    Last Run
---------------------------------------  -----  ---------  --------  ----------  --------------  -------------------
/opt/airflow/dags/stock_pipeline_dag.py                           1           0  0.56s           2025-09-07T10:36:39
================================================================================
[2025-09-07T10:37:10.193+0000] {manager.py:878} INFO - 
================================================================================
DAG File Processing Stats

File Path                                PID    Runtime      # DAGs    # Errors  Last Runtime    Last Run
---------------------------------------  -----  ---------  --------  ----------  --------------  -------------------
/opt/airflow/dags/stock_pipeline_dag.py                           1           0  0.67s           2025-09-07T10:37:10
================================================================================
[2025-09-07T10:37:40.632+0000] {manager.py:878} INFO - 
================================================================================
DAG File Processing Stats

File Path                                  PID  Runtime      # DAGs    # Errors  Last Runtime    Last Run
---------------------------------------  -----  ---------  --------  ----------  --------------  -------------------
/opt/airflow/dags/stock_pipeline_dag.py    279  0.01s             1           0  0.67s           2025-09-07T10:37:10
================================================================================
[2025-09-07T10:38:10.653+0000] {manager.py:878} INFO - 
================================================================================
DAG File Processing Stats

File Path                                PID    Runtime      # DAGs    # Errors  Last Runtime    Last Run
---------------------------------------  -----  ---------  --------  ----------  --------------  -------------------
/opt/airflow/dags/stock_pipeline_dag.py                           1           0  0.50s           2025-09-07T10:37:41
================================================================================
[2025-09-07T10:38:40.970+0000] {manager.py:878} INFO - 
================================================================================
DAG File Processing Stats

File Path                                PID    Runtime      # DAGs    # Errors  Last Runtime    Last Run
---------------------------------------  -----  ---------  --------  ----------  --------------  -------------------
/opt/airflow/dags/stock_pipeline_dag.py                           1           0  0.32s           2025-09-07T10:38:11
================================================================================
[2025-09-07T10:39:11.531+0000] {manager.py:878} INFO - 
================================================================================
DAG File Processing Stats

File Path                                PID    Runtime      # DAGs    # Errors  Last Runtime    Last Run
---------------------------------------  -----  ---------  --------  ----------  --------------  -------------------
/opt/airflow/dags/stock_pipeline_dag.py                           1           0  0.54s           2025-09-07T10:38:42
================================================================================
[2025-09-07T10:39:42.199+0000] {manager.py:878} INFO - 
================================================================================
DAG File Processing Stats

File Path                                PID    Runtime      # DAGs    # Errors  Last Runtime    Last Run
---------------------------------------  -----  ---------  --------  ----------  --------------  -------------------
/opt/airflow/dags/stock_pipeline_dag.py                           1           0  0.32s           2025-09-07T10:39:13
================================================================================
[2025-09-07T10:39:55.783+0000] {manager.py:452} INFO - Exiting gracefully upon receiving signal 15
[2025-09-07T10:40:39.581+0000] {manager.py:470} INFO - Processing files using up to 2 processes at a time 
[2025-09-07T10:40:39.584+0000] {manager.py:471} INFO - Process each file at most once every 30 seconds
[2025-09-07T10:40:39.587+0000] {manager.py:472} INFO - Checking for new files in /opt/airflow/dags every 300 seconds
[2025-09-07T10:40:39.590+0000] {manager.py:737} INFO - Searching for files in /opt/airflow/dags
[2025-09-07T10:40:39.647+0000] {manager.py:740} INFO - There are 1 files in /opt/airflow/dags
[2025-09-07T10:40:39.899+0000] {manager.py:878} INFO - 
================================================================================
DAG File Processing Stats

File Path                                  PID  Runtime      # DAGs    # Errors  Last Runtime    Last Run
---------------------------------------  -----  ---------  --------  ----------  --------------  ----------
/opt/airflow/dags/stock_pipeline_dag.py    163  0.11s             0           0
================================================================================
[2025-09-07T10:41:10.186+0000] {manager.py:878} INFO - 
================================================================================
DAG File Processing Stats

File Path                                PID    Runtime      # DAGs    # Errors  Last Runtime    Last Run
---------------------------------------  -----  ---------  --------  ----------  --------------  -------------------
/opt/airflow/dags/stock_pipeline_dag.py                           1           0  1.53s           2025-09-07T10:40:41
================================================================================
[2025-09-07T10:41:40.351+0000] {manager.py:878} INFO - 
================================================================================
DAG File Processing Stats

File Path                                PID    Runtime      # DAGs    # Errors  Last Runtime    Last Run
---------------------------------------  -----  ---------  --------  ----------  --------------  -------------------
/opt/airflow/dags/stock_pipeline_dag.py                           1           0  0.38s           2025-09-07T10:41:11
================================================================================
[2025-09-07T10:42:10.768+0000] {manager.py:878} INFO - 
================================================================================
DAG File Processing Stats

File Path                                PID    Runtime      # DAGs    # Errors  Last Runtime    Last Run
---------------------------------------  -----  ---------  --------  ----------  --------------  -------------------
/opt/airflow/dags/stock_pipeline_dag.py                           1           0  0.72s           2025-09-07T10:41:42
================================================================================
[2025-09-07T10:42:40.795+0000] {manager.py:878} INFO - 
================================================================================
DAG File Processing Stats

File Path                                PID    Runtime      # DAGs    # Errors  Last Runtime    Last Run
---------------------------------------  -----  ---------  --------  ----------  --------------  -------------------
/opt/airflow/dags/stock_pipeline_dag.py                           1           0  0.61s           2025-09-07T10:42:13
================================================================================
[2025-09-07T10:43:11.218+0000] {manager.py:878} INFO - 
================================================================================
DAG File Processing Stats

File Path                                PID    Runtime      # DAGs    # Errors  Last Runtime    Last Run
---------------------------------------  -----  ---------  --------  ----------  --------------  -------------------
/opt/airflow/dags/stock_pipeline_dag.py                           1           0  0.63s           2025-09-07T10:42:44
================================================================================
[2025-09-07T10:43:41.350+0000] {manager.py:878} INFO - 
================================================================================
DAG File Processing Stats

File Path                                PID    Runtime      # DAGs    # Errors  Last Runtime    Last Run
---------------------------------------  -----  ---------  --------  ----------  --------------  -------------------
/opt/airflow/dags/stock_pipeline_dag.py                           1           0  0.69s           2025-09-07T10:43:15
================================================================================
[2025-09-07T10:44:11.505+0000] {manager.py:878} INFO - 
================================================================================
DAG File Processing Stats

File Path                                PID    Runtime      # DAGs    # Errors  Last Runtime    Last Run
---------------------------------------  -----  ---------  --------  ----------  --------------  -------------------
/opt/airflow/dags/stock_pipeline_dag.py                           1           0  0.48s           2025-09-07T10:43:46
================================================================================
[2025-09-07T10:44:41.866+0000] {manager.py:878} INFO - 
================================================================================
DAG File Processing Stats

File Path                                PID    Runtime      # DAGs    # Errors  Last Runtime    Last Run
---------------------------------------  -----  ---------  --------  ----------  --------------  -------------------
/opt/airflow/dags/stock_pipeline_dag.py                           1           0  0.37s           2025-09-07T10:44:16
================================================================================
[2025-09-07T10:45:12.448+0000] {manager.py:878} INFO - 
================================================================================
DAG File Processing Stats

File Path                                PID    Runtime      # DAGs    # Errors  Last Runtime    Last Run
---------------------------------------  -----  ---------  --------  ----------  --------------  -------------------
/opt/airflow/dags/stock_pipeline_dag.py                           1           0  0.35s           2025-09-07T10:44:47
================================================================================
[2025-09-07T10:45:39.970+0000] {manager.py:737} INFO - Searching for files in /opt/airflow/dags
[2025-09-07T10:45:40.074+0000] {manager.py:740} INFO - There are 1 files in /opt/airflow/dags
[2025-09-07T10:45:43.151+0000] {manager.py:878} INFO - 
================================================================================
DAG File Processing Stats

File Path                                PID    Runtime      # DAGs    # Errors  Last Runtime    Last Run
---------------------------------------  -----  ---------  --------  ----------  --------------  -------------------
/opt/airflow/dags/stock_pipeline_dag.py                           1           0  0.47s           2025-09-07T10:45:18
================================================================================
[2025-09-07T10:46:13.645+0000] {manager.py:878} INFO - 
================================================================================
DAG File Processing Stats

File Path                                PID    Runtime      # DAGs    # Errors  Last Runtime    Last Run
---------------------------------------  -----  ---------  --------  ----------  --------------  -------------------
/opt/airflow/dags/stock_pipeline_dag.py                           1           0  0.59s           2025-09-07T10:45:48
================================================================================
[2025-09-07T10:46:43.930+0000] {manager.py:878} INFO - 
================================================================================
DAG File Processing Stats

File Path                                PID    Runtime      # DAGs    # Errors  Last Runtime    Last Run
---------------------------------------  -----  ---------  --------  ----------  --------------  -------------------
/opt/airflow/dags/stock_pipeline_dag.py                           1           0  0.36s           2025-09-07T10:46:19
================================================================================
[2025-09-07T10:47:14.330+0000] {manager.py:878} INFO - 
================================================================================
DAG File Processing Stats

File Path                                PID    Runtime      # DAGs    # Errors  Last Runtime    Last Run
---------------------------------------  -----  ---------  --------  ----------  --------------  -------------------
/opt/airflow/dags/stock_pipeline_dag.py                           1           0  0.45s           2025-09-07T10:46:50
================================================================================
[2025-09-07T10:47:44.844+0000] {manager.py:878} INFO - 
================================================================================
DAG File Processing Stats

File Path                                PID    Runtime      # DAGs    # Errors  Last Runtime    Last Run
---------------------------------------  -----  ---------  --------  ----------  --------------  -------------------
/opt/airflow/dags/stock_pipeline_dag.py                           1           0  0.32s           2025-09-07T10:47:20
================================================================================
[2025-09-07T10:48:14.920+0000] {manager.py:878} INFO - 
================================================================================
DAG File Processing Stats

File Path                                PID    Runtime      # DAGs    # Errors  Last Runtime    Last Run
---------------------------------------  -----  ---------  --------  ----------  --------------  -------------------
/opt/airflow/dags/stock_pipeline_dag.py                           1           0  0.64s           2025-09-07T10:47:51
================================================================================
[2025-09-07T10:48:45.797+0000] {manager.py:878} INFO - 
================================================================================
DAG File Processing Stats

File Path                                PID    Runtime      # DAGs    # Errors  Last Runtime    Last Run
---------------------------------------  -----  ---------  --------  ----------  --------------  -------------------
/opt/airflow/dags/stock_pipeline_dag.py                           1           0  0.53s           2025-09-07T10:48:22
================================================================================
[2025-09-07T10:49:16.225+0000] {manager.py:878} INFO - 
================================================================================
DAG File Processing Stats

File Path                                PID    Runtime      # DAGs    # Errors  Last Runtime    Last Run
---------------------------------------  -----  ---------  --------  ----------  --------------  -------------------
/opt/airflow/dags/stock_pipeline_dag.py                           1           0  0.28s           2025-09-07T10:48:53
================================================================================
[2025-09-07T10:49:46.775+0000] {manager.py:878} INFO - 
================================================================================
DAG File Processing Stats

File Path                                PID    Runtime      # DAGs    # Errors  Last Runtime    Last Run
---------------------------------------  -----  ---------  --------  ----------  --------------  -------------------
/opt/airflow/dags/stock_pipeline_dag.py                           1           0  0.30s           2025-09-07T10:49:23
================================================================================
[2025-09-07T10:50:16.873+0000] {manager.py:878} INFO - 
================================================================================
DAG File Processing Stats

File Path                                PID    Runtime      # DAGs    # Errors  Last Runtime    Last Run
---------------------------------------  -----  ---------  --------  ----------  --------------  -------------------
/opt/airflow/dags/stock_pipeline_dag.py                           1           0  0.65s           2025-09-07T10:49:54
================================================================================
[2025-09-07T10:50:40.637+0000] {manager.py:737} INFO - Searching for files in /opt/airflow/dags
[2025-09-07T10:50:40.770+0000] {manager.py:740} INFO - There are 1 files in /opt/airflow/dags
[2025-09-07T10:50:46.917+0000] {manager.py:878} INFO - 
================================================================================
DAG File Processing Stats

File Path                                PID    Runtime      # DAGs    # Errors  Last Runtime    Last Run
---------------------------------------  -----  ---------  --------  ----------  --------------  -------------------
/opt/airflow/dags/stock_pipeline_dag.py                           1           0  0.55s           2025-09-07T10:50:25
================================================================================
[2025-09-07T10:51:17.081+0000] {manager.py:878} INFO - 
================================================================================
DAG File Processing Stats

File Path                                PID    Runtime      # DAGs    # Errors  Last Runtime    Last Run
---------------------------------------  -----  ---------  --------  ----------  --------------  -------------------
/opt/airflow/dags/stock_pipeline_dag.py                           1           0  0.67s           2025-09-07T10:50:56
================================================================================
[2025-09-07T10:51:47.907+0000] {manager.py:878} INFO - 
================================================================================
DAG File Processing Stats

File Path                                PID    Runtime      # DAGs    # Errors  Last Runtime    Last Run
---------------------------------------  -----  ---------  --------  ----------  --------------  -------------------
/opt/airflow/dags/stock_pipeline_dag.py                           1           0  0.55s           2025-09-07T10:51:27
================================================================================
[2025-09-07T10:52:18.062+0000] {manager.py:878} INFO - 
================================================================================
DAG File Processing Stats

File Path                                PID    Runtime      # DAGs    # Errors  Last Runtime    Last Run
---------------------------------------  -----  ---------  --------  ----------  --------------  -------------------
/opt/airflow/dags/stock_pipeline_dag.py                           1           0  0.67s           2025-09-07T10:51:58
================================================================================
[2025-09-07T10:52:48.120+0000] {manager.py:878} INFO - 
================================================================================
DAG File Processing Stats

File Path                                PID    Runtime      # DAGs    # Errors  Last Runtime    Last Run
---------------------------------------  -----  ---------  --------  ----------  --------------  -------------------
/opt/airflow/dags/stock_pipeline_dag.py                           1           0  0.64s           2025-09-07T10:52:29
================================================================================
[2025-09-07T10:53:18.541+0000] {manager.py:878} INFO - 
================================================================================
DAG File Processing Stats

File Path                                PID    Runtime      # DAGs    # Errors  Last Runtime    Last Run
---------------------------------------  -----  ---------  --------  ----------  --------------  -------------------
/opt/airflow/dags/stock_pipeline_dag.py                           1           0  0.58s           2025-09-07T10:53:00
================================================================================
[2025-09-07T10:53:48.998+0000] {manager.py:878} INFO - 
================================================================================
DAG File Processing Stats

File Path                                PID    Runtime      # DAGs    # Errors  Last Runtime    Last Run
---------------------------------------  -----  ---------  --------  ----------  --------------  -------------------
/opt/airflow/dags/stock_pipeline_dag.py                           1           0  0.65s           2025-09-07T10:53:31
================================================================================
[2025-09-07T10:54:19.112+0000] {manager.py:878} INFO - 
================================================================================
DAG File Processing Stats

File Path                                PID    Runtime      # DAGs    # Errors  Last Runtime    Last Run
---------------------------------------  -----  ---------  --------  ----------  --------------  -------------------
/opt/airflow/dags/stock_pipeline_dag.py                           1           0  0.62s           2025-09-07T10:54:02
================================================================================
[2025-09-07T10:54:49.578+0000] {manager.py:878} INFO - 
================================================================================
DAG File Processing Stats

File Path                                PID    Runtime      # DAGs    # Errors  Last Runtime    Last Run
---------------------------------------  -----  ---------  --------  ----------  --------------  -------------------
/opt/airflow/dags/stock_pipeline_dag.py                           1           0  0.41s           2025-09-07T10:54:33
================================================================================
[2025-09-07T10:55:19.768+0000] {manager.py:878} INFO - 
================================================================================
DAG File Processing Stats

File Path                                PID    Runtime      # DAGs    # Errors  Last Runtime    Last Run
---------------------------------------  -----  ---------  --------  ----------  --------------  -------------------
/opt/airflow/dags/stock_pipeline_dag.py                           1           0  0.40s           2025-09-07T10:55:04
================================================================================
[2025-09-07T10:55:41.068+0000] {manager.py:737} INFO - Searching for files in /opt/airflow/dags
[2025-09-07T10:55:41.187+0000] {manager.py:740} INFO - There are 1 files in /opt/airflow/dags
[2025-09-07T10:55:50.389+0000] {manager.py:878} INFO - 
================================================================================
DAG File Processing Stats

File Path                                PID    Runtime      # DAGs    # Errors  Last Runtime    Last Run
---------------------------------------  -----  ---------  --------  ----------  --------------  -------------------
/opt/airflow/dags/stock_pipeline_dag.py                           1           0  0.41s           2025-09-07T10:55:35
================================================================================
[2025-09-07T10:56:21.068+0000] {manager.py:878} INFO - 
================================================================================
DAG File Processing Stats

File Path                                PID    Runtime      # DAGs    # Errors  Last Runtime    Last Run
---------------------------------------  -----  ---------  --------  ----------  --------------  -------------------
/opt/airflow/dags/stock_pipeline_dag.py                           1           0  0.43s           2025-09-07T10:56:06
================================================================================
[2025-09-07T10:56:51.114+0000] {manager.py:878} INFO - 
================================================================================
DAG File Processing Stats

File Path                                PID    Runtime      # DAGs    # Errors  Last Runtime    Last Run
---------------------------------------  -----  ---------  --------  ----------  --------------  -------------------
/opt/airflow/dags/stock_pipeline_dag.py                           1           0  0.56s           2025-09-07T10:56:36
================================================================================
[2025-09-07T10:57:21.559+0000] {manager.py:878} INFO - 
================================================================================
DAG File Processing Stats

File Path                                PID    Runtime      # DAGs    # Errors  Last Runtime    Last Run
---------------------------------------  -----  ---------  --------  ----------  --------------  -------------------
/opt/airflow/dags/stock_pipeline_dag.py                           1           0  0.63s           2025-09-07T10:57:07
================================================================================
[2025-09-07T10:57:50.502+0000] {manager.py:452} INFO - Exiting gracefully upon receiving signal 15
[2025-09-07T10:58:48.297+0000] {manager.py:470} INFO - Processing files using up to 2 processes at a time 
[2025-09-07T10:58:48.300+0000] {manager.py:471} INFO - Process each file at most once every 30 seconds
[2025-09-07T10:58:48.305+0000] {manager.py:472} INFO - Checking for new files in /opt/airflow/dags every 300 seconds
[2025-09-07T10:58:48.307+0000] {manager.py:737} INFO - Searching for files in /opt/airflow/dags
[2025-09-07T10:58:48.359+0000] {manager.py:740} INFO - There are 1 files in /opt/airflow/dags
[2025-09-07T10:58:48.589+0000] {manager.py:878} INFO - 
================================================================================
DAG File Processing Stats

File Path                                  PID  Runtime      # DAGs    # Errors  Last Runtime    Last Run
---------------------------------------  -----  ---------  --------  ----------  --------------  ----------
/opt/airflow/dags/stock_pipeline_dag.py    163  0.09s             0           0
================================================================================
[2025-09-07T10:59:18.853+0000] {manager.py:878} INFO - 
================================================================================
DAG File Processing Stats

File Path                                PID    Runtime      # DAGs    # Errors  Last Runtime    Last Run
---------------------------------------  -----  ---------  --------  ----------  --------------  -------------------
/opt/airflow/dags/stock_pipeline_dag.py                           1           0  1.37s           2025-09-07T10:58:49
================================================================================
[2025-09-07T10:59:49.491+0000] {manager.py:878} INFO - 
================================================================================
DAG File Processing Stats

File Path                                PID    Runtime      # DAGs    # Errors  Last Runtime    Last Run
---------------------------------------  -----  ---------  --------  ----------  --------------  -------------------
/opt/airflow/dags/stock_pipeline_dag.py                           1           0  0.44s           2025-09-07T10:59:20
================================================================================
[2025-09-07T11:00:20.131+0000] {manager.py:878} INFO - 
================================================================================
DAG File Processing Stats

File Path                                PID    Runtime      # DAGs    # Errors  Last Runtime    Last Run
---------------------------------------  -----  ---------  --------  ----------  --------------  -------------------
/opt/airflow/dags/stock_pipeline_dag.py                           1           0  0.47s           2025-09-07T10:59:51
================================================================================
[2025-09-07T11:00:50.782+0000] {manager.py:878} INFO - 
================================================================================
DAG File Processing Stats

File Path                                PID    Runtime      # DAGs    # Errors  Last Runtime    Last Run
---------------------------------------  -----  ---------  --------  ----------  --------------  -------------------
/opt/airflow/dags/stock_pipeline_dag.py                           1           0  0.50s           2025-09-07T11:00:21
================================================================================
[2025-09-07T11:01:21.453+0000] {manager.py:878} INFO - 
================================================================================
DAG File Processing Stats

File Path                                PID    Runtime      # DAGs    # Errors  Last Runtime    Last Run
---------------------------------------  -----  ---------  --------  ----------  --------------  -------------------
/opt/airflow/dags/stock_pipeline_dag.py                           1           0  0.60s           2025-09-07T11:00:52
================================================================================
[2025-09-07T11:01:42.276+0000] {manager.py:452} INFO - Exiting gracefully upon receiving signal 15
[2025-09-07T11:24:57.754+0000] {manager.py:470} INFO - Processing files using up to 2 processes at a time 
[2025-09-07T11:24:57.768+0000] {manager.py:471} INFO - Process each file at most once every 30 seconds
[2025-09-07T11:24:57.771+0000] {manager.py:472} INFO - Checking for new files in /opt/airflow/dags every 300 seconds
[2025-09-07T11:24:57.773+0000] {manager.py:737} INFO - Searching for files in /opt/airflow/dags
[2025-09-07T11:24:57.928+0000] {manager.py:740} INFO - There are 1 files in /opt/airflow/dags
[2025-09-07T11:24:58.293+0000] {manager.py:878} INFO - 
================================================================================
DAG File Processing Stats

File Path                                  PID  Runtime      # DAGs    # Errors  Last Runtime    Last Run
---------------------------------------  -----  ---------  --------  ----------  --------------  ----------
/opt/airflow/dags/stock_pipeline_dag.py    164  0.14s             0           0
================================================================================
[2025-09-07T11:25:28.587+0000] {manager.py:878} INFO - 
================================================================================
DAG File Processing Stats

File Path                                PID    Runtime      # DAGs    # Errors  Last Runtime    Last Run
---------------------------------------  -----  ---------  --------  ----------  --------------  -------------------
/opt/airflow/dags/stock_pipeline_dag.py                           1           0  1.67s           2025-09-07T11:24:59
================================================================================
[2025-09-07T11:25:58.733+0000] {manager.py:878} INFO - 
================================================================================
DAG File Processing Stats

File Path                                PID    Runtime      # DAGs    # Errors  Last Runtime    Last Run
---------------------------------------  -----  ---------  --------  ----------  --------------  -------------------
/opt/airflow/dags/stock_pipeline_dag.py                           1           0  0.31s           2025-09-07T11:25:30
================================================================================
[2025-09-07T11:26:29.080+0000] {manager.py:878} INFO - 
================================================================================
DAG File Processing Stats

File Path                                PID    Runtime      # DAGs    # Errors  Last Runtime    Last Run
---------------------------------------  -----  ---------  --------  ----------  --------------  -------------------
/opt/airflow/dags/stock_pipeline_dag.py                           1           0  0.34s           2025-09-07T11:26:00
================================================================================
[2025-09-07T11:26:59.576+0000] {manager.py:878} INFO - 
================================================================================
DAG File Processing Stats

File Path                                PID    Runtime      # DAGs    # Errors  Last Runtime    Last Run
---------------------------------------  -----  ---------  --------  ----------  --------------  -------------------
/opt/airflow/dags/stock_pipeline_dag.py                           1           0  0.52s           2025-09-07T11:26:31
================================================================================
[2025-09-07T11:27:29.925+0000] {manager.py:878} INFO - 
================================================================================
DAG File Processing Stats

File Path                                PID    Runtime      # DAGs    # Errors  Last Runtime    Last Run
---------------------------------------  -----  ---------  --------  ----------  --------------  -------------------
/opt/airflow/dags/stock_pipeline_dag.py                           1           0  0.83s           2025-09-07T11:27:02
================================================================================
[2025-09-07T11:28:00.169+0000] {manager.py:878} INFO - 
================================================================================
DAG File Processing Stats

File Path                                PID    Runtime      # DAGs    # Errors  Last Runtime    Last Run
---------------------------------------  -----  ---------  --------  ----------  --------------  -------------------
/opt/airflow/dags/stock_pipeline_dag.py                           1           0  0.79s           2025-09-07T11:27:33
================================================================================
[2025-09-07T11:28:30.989+0000] {manager.py:878} INFO - 
================================================================================
DAG File Processing Stats

File Path                                PID    Runtime      # DAGs    # Errors  Last Runtime    Last Run
---------------------------------------  -----  ---------  --------  ----------  --------------  -------------------
/opt/airflow/dags/stock_pipeline_dag.py                           1           0  0.38s           2025-09-07T11:28:04
================================================================================
[2025-09-07T11:29:01.601+0000] {manager.py:878} INFO - 
================================================================================
DAG File Processing Stats

File Path                                PID    Runtime      # DAGs    # Errors  Last Runtime    Last Run
---------------------------------------  -----  ---------  --------  ----------  --------------  -------------------
/opt/airflow/dags/stock_pipeline_dag.py                           1           0  0.50s           2025-09-07T11:28:35
================================================================================
[2025-09-07T11:29:31.676+0000] {manager.py:878} INFO - 
================================================================================
DAG File Processing Stats

File Path                                PID    Runtime      # DAGs    # Errors  Last Runtime    Last Run
---------------------------------------  -----  ---------  --------  ----------  --------------  -------------------
/opt/airflow/dags/stock_pipeline_dag.py                           1           0  0.65s           2025-09-07T11:29:06
================================================================================
[2025-09-07T11:29:58.033+0000] {manager.py:737} INFO - Searching for files in /opt/airflow/dags
[2025-09-07T11:29:58.145+0000] {manager.py:740} INFO - There are 1 files in /opt/airflow/dags
[2025-09-07T11:30:02.259+0000] {manager.py:878} INFO - 
================================================================================
DAG File Processing Stats

File Path                                PID    Runtime      # DAGs    # Errors  Last Runtime    Last Run
---------------------------------------  -----  ---------  --------  ----------  --------------  -------------------
/opt/airflow/dags/stock_pipeline_dag.py                           1           0  0.48s           2025-09-07T11:29:36
================================================================================
[2025-09-07T11:30:32.759+0000] {manager.py:878} INFO - 
================================================================================
DAG File Processing Stats

File Path                                PID    Runtime      # DAGs    # Errors  Last Runtime    Last Run
---------------------------------------  -----  ---------  --------  ----------  --------------  -------------------
/opt/airflow/dags/stock_pipeline_dag.py                           1           0  0.45s           2025-09-07T11:30:07
================================================================================
[2025-09-07T11:31:02.898+0000] {manager.py:878} INFO - 
================================================================================
DAG File Processing Stats

File Path                                PID    Runtime      # DAGs    # Errors  Last Runtime    Last Run
---------------------------------------  -----  ---------  --------  ----------  --------------  -------------------
/opt/airflow/dags/stock_pipeline_dag.py                           1           0  0.70s           2025-09-07T11:30:38
================================================================================
[2025-09-07T11:31:33.340+0000] {manager.py:878} INFO - 
================================================================================
DAG File Processing Stats

File Path                                PID    Runtime      # DAGs    # Errors  Last Runtime    Last Run
---------------------------------------  -----  ---------  --------  ----------  --------------  -------------------
/opt/airflow/dags/stock_pipeline_dag.py                           1           0  0.48s           2025-09-07T11:31:09
================================================================================
[2025-09-07T11:32:03.981+0000] {manager.py:878} INFO - 
================================================================================
DAG File Processing Stats

File Path                                PID    Runtime      # DAGs    # Errors  Last Runtime    Last Run
---------------------------------------  -----  ---------  --------  ----------  --------------  -------------------
/opt/airflow/dags/stock_pipeline_dag.py                           1           0  0.48s           2025-09-07T11:31:39
================================================================================
[2025-09-07T11:32:34.656+0000] {manager.py:878} INFO - 
================================================================================
DAG File Processing Stats

File Path                                PID    Runtime      # DAGs    # Errors  Last Runtime    Last Run
---------------------------------------  -----  ---------  --------  ----------  --------------  -------------------
/opt/airflow/dags/stock_pipeline_dag.py                           1           0  0.44s           2025-09-07T11:32:10
================================================================================
[2025-09-07T11:33:05.374+0000] {manager.py:878} INFO - 
================================================================================
DAG File Processing Stats

File Path                                PID    Runtime      # DAGs    # Errors  Last Runtime    Last Run
---------------------------------------  -----  ---------  --------  ----------  --------------  -------------------
/opt/airflow/dags/stock_pipeline_dag.py                           1           0  0.41s           2025-09-07T11:32:41
================================================================================
[2025-09-07T11:33:35.415+0000] {manager.py:878} INFO - 
================================================================================
DAG File Processing Stats

File Path                                PID    Runtime      # DAGs    # Errors  Last Runtime    Last Run
---------------------------------------  -----  ---------  --------  ----------  --------------  -------------------
/opt/airflow/dags/stock_pipeline_dag.py                           1           0  0.55s           2025-09-07T11:33:12
================================================================================
[2025-09-07T11:34:05.825+0000] {manager.py:878} INFO - 
================================================================================
DAG File Processing Stats

File Path                                PID    Runtime      # DAGs    # Errors  Last Runtime    Last Run
---------------------------------------  -----  ---------  --------  ----------  --------------  -------------------
/opt/airflow/dags/stock_pipeline_dag.py                           1           0  3.89s           2025-09-07T11:33:51
================================================================================
[2025-09-07T11:34:36.329+0000] {manager.py:878} INFO - 
================================================================================
DAG File Processing Stats

File Path                                PID    Runtime      # DAGs    # Errors  Last Runtime    Last Run
---------------------------------------  -----  ---------  --------  ----------  --------------  -------------------
/opt/airflow/dags/stock_pipeline_dag.py                           1           0  1.26s           2025-09-07T11:34:23
================================================================================
[2025-09-07T11:34:58.868+0000] {manager.py:737} INFO - Searching for files in /opt/airflow/dags
[2025-09-07T11:34:58.929+0000] {manager.py:740} INFO - There are 1 files in /opt/airflow/dags
[2025-09-07T11:35:07.113+0000] {manager.py:878} INFO - 
================================================================================
DAG File Processing Stats

File Path                                PID    Runtime      # DAGs    # Errors  Last Runtime    Last Run
---------------------------------------  -----  ---------  --------  ----------  --------------  -------------------
/opt/airflow/dags/stock_pipeline_dag.py                           1           0  1.33s           2025-09-07T11:34:54
================================================================================
[2025-09-07T11:35:37.638+0000] {manager.py:878} INFO - 
================================================================================
DAG File Processing Stats

File Path                                PID    Runtime      # DAGs    # Errors  Last Runtime    Last Run
---------------------------------------  -----  ---------  --------  ----------  --------------  -------------------
/opt/airflow/dags/stock_pipeline_dag.py                           1           0  1.21s           2025-09-07T11:35:26
================================================================================
[2025-09-07T11:36:08.091+0000] {manager.py:878} INFO - 
================================================================================
DAG File Processing Stats

File Path                                PID    Runtime      # DAGs    # Errors  Last Runtime    Last Run
---------------------------------------  -----  ---------  --------  ----------  --------------  -------------------
/opt/airflow/dags/stock_pipeline_dag.py                           1           0  1.14s           2025-09-07T11:35:58
================================================================================
[2025-09-07T11:36:38.660+0000] {manager.py:878} INFO - 
================================================================================
DAG File Processing Stats

File Path                                PID    Runtime      # DAGs    # Errors  Last Runtime    Last Run
---------------------------------------  -----  ---------  --------  ----------  --------------  -------------------
/opt/airflow/dags/stock_pipeline_dag.py                           1           0  1.23s           2025-09-07T11:36:29
================================================================================
[2025-09-07T11:37:09.199+0000] {manager.py:878} INFO - 
================================================================================
DAG File Processing Stats

File Path                                PID    Runtime      # DAGs    # Errors  Last Runtime    Last Run
---------------------------------------  -----  ---------  --------  ----------  --------------  -------------------
/opt/airflow/dags/stock_pipeline_dag.py                           1           0  1.23s           2025-09-07T11:37:01
================================================================================
[2025-09-07T11:37:39.550+0000] {manager.py:878} INFO - 
================================================================================
DAG File Processing Stats

File Path                                PID    Runtime      # DAGs    # Errors  Last Runtime    Last Run
---------------------------------------  -----  ---------  --------  ----------  --------------  -------------------
/opt/airflow/dags/stock_pipeline_dag.py                           1           0  1.92s           2025-09-07T11:37:33
================================================================================
[2025-09-07T11:38:10.089+0000] {manager.py:878} INFO - 
================================================================================
DAG File Processing Stats

File Path                                PID    Runtime      # DAGs    # Errors  Last Runtime    Last Run
---------------------------------------  -----  ---------  --------  ----------  --------------  -------------------
/opt/airflow/dags/stock_pipeline_dag.py                           1           0  1.19s           2025-09-07T11:38:05
================================================================================
[2025-09-07T11:38:40.619+0000] {manager.py:878} INFO - 
================================================================================
DAG File Processing Stats

File Path                                PID    Runtime      # DAGs    # Errors  Last Runtime    Last Run
---------------------------------------  -----  ---------  --------  ----------  --------------  -------------------
/opt/airflow/dags/stock_pipeline_dag.py                           1           0  1.22s           2025-09-07T11:38:36
================================================================================
[2025-09-07T11:39:11.211+0000] {manager.py:878} INFO - 
================================================================================
DAG File Processing Stats

File Path                                PID    Runtime      # DAGs    # Errors  Last Runtime    Last Run
---------------------------------------  -----  ---------  --------  ----------  --------------  -------------------
/opt/airflow/dags/stock_pipeline_dag.py                           1           0  1.31s           2025-09-07T11:39:08
================================================================================
[2025-09-07T11:39:41.688+0000] {manager.py:878} INFO - 
================================================================================
DAG File Processing Stats

File Path                                PID    Runtime      # DAGs    # Errors  Last Runtime    Last Run
---------------------------------------  -----  ---------  --------  ----------  --------------  -------------------
/opt/airflow/dags/stock_pipeline_dag.py                           1           0  1.12s           2025-09-07T11:39:39
================================================================================
[2025-09-07T11:39:58.951+0000] {manager.py:737} INFO - Searching for files in /opt/airflow/dags
[2025-09-07T11:39:59.066+0000] {manager.py:740} INFO - There are 1 files in /opt/airflow/dags
[2025-09-07T11:40:11.719+0000] {manager.py:878} INFO - 
================================================================================
DAG File Processing Stats

File Path                                PID    Runtime      # DAGs    # Errors  Last Runtime    Last Run
---------------------------------------  -----  ---------  --------  ----------  --------------  -------------------
/opt/airflow/dags/stock_pipeline_dag.py                           1           0  1.41s           2025-09-07T11:40:11
================================================================================
[2025-09-07T11:40:41.803+0000] {manager.py:878} INFO - 
================================================================================
DAG File Processing Stats

File Path                                  PID  Runtime      # DAGs    # Errors  Last Runtime    Last Run
---------------------------------------  -----  ---------  --------  ----------  --------------  -------------------
/opt/airflow/dags/stock_pipeline_dag.py    338  0.02s             1           0  1.41s           2025-09-07T11:40:11
================================================================================
[2025-09-07T11:41:12.326+0000] {manager.py:878} INFO - 
================================================================================
DAG File Processing Stats

File Path                                PID    Runtime      # DAGs    # Errors  Last Runtime    Last Run
---------------------------------------  -----  ---------  --------  ----------  --------------  -------------------
/opt/airflow/dags/stock_pipeline_dag.py                           1           0  1.22s           2025-09-07T11:41:11
================================================================================
[2025-09-07T11:41:42.843+0000] {manager.py:878} INFO - 
================================================================================
DAG File Processing Stats

File Path                                  PID  Runtime      # DAGs    # Errors  Last Runtime    Last Run
---------------------------------------  -----  ---------  --------  ----------  --------------  -------------------
/opt/airflow/dags/stock_pipeline_dag.py    350  1.02s             1           0  1.22s           2025-09-07T11:41:11
================================================================================
[2025-09-07T11:42:13.261+0000] {manager.py:878} INFO - 
================================================================================
DAG File Processing Stats

File Path                                PID    Runtime      # DAGs    # Errors  Last Runtime    Last Run
---------------------------------------  -----  ---------  --------  ----------  --------------  -------------------
/opt/airflow/dags/stock_pipeline_dag.py                           1           0  1.54s           2025-09-07T11:41:43
================================================================================
[2025-09-07T11:42:43.314+0000] {manager.py:878} INFO - 
================================================================================
DAG File Processing Stats

File Path                                PID    Runtime      # DAGs    # Errors  Last Runtime    Last Run
---------------------------------------  -----  ---------  --------  ----------  --------------  -------------------
/opt/airflow/dags/stock_pipeline_dag.py                           1           0  1.29s           2025-09-07T11:42:14
================================================================================
[2025-09-07T11:43:13.759+0000] {manager.py:878} INFO - 
================================================================================
DAG File Processing Stats

File Path                                PID    Runtime      # DAGs    # Errors  Last Runtime    Last Run
---------------------------------------  -----  ---------  --------  ----------  --------------  -------------------
/opt/airflow/dags/stock_pipeline_dag.py                           1           0  1.35s           2025-09-07T11:42:46
================================================================================
[2025-09-07T11:43:44.243+0000] {manager.py:878} INFO - 
================================================================================
DAG File Processing Stats

File Path                                PID    Runtime      # DAGs    # Errors  Last Runtime    Last Run
---------------------------------------  -----  ---------  --------  ----------  --------------  -------------------
/opt/airflow/dags/stock_pipeline_dag.py                           1           0  1.17s           2025-09-07T11:43:17
================================================================================
[2025-09-07T11:44:14.739+0000] {manager.py:878} INFO - 
================================================================================
DAG File Processing Stats

File Path                                PID    Runtime      # DAGs    # Errors  Last Runtime    Last Run
---------------------------------------  -----  ---------  --------  ----------  --------------  -------------------
/opt/airflow/dags/stock_pipeline_dag.py                           1           0  1.05s           2025-09-07T11:43:49
================================================================================
[2025-09-07T11:44:45.211+0000] {manager.py:878} INFO - 
================================================================================
DAG File Processing Stats

File Path                                PID    Runtime      # DAGs    # Errors  Last Runtime    Last Run
---------------------------------------  -----  ---------  --------  ----------  --------------  -------------------
/opt/airflow/dags/stock_pipeline_dag.py                           1           0  1.27s           2025-09-07T11:44:21
================================================================================
[2025-09-07T11:44:59.587+0000] {manager.py:737} INFO - Searching for files in /opt/airflow/dags
[2025-09-07T11:44:59.722+0000] {manager.py:740} INFO - There are 1 files in /opt/airflow/dags
[2025-09-07T11:45:16.019+0000] {manager.py:878} INFO - 
================================================================================
DAG File Processing Stats

File Path                                PID    Runtime      # DAGs    # Errors  Last Runtime    Last Run
---------------------------------------  -----  ---------  --------  ----------  --------------  -------------------
/opt/airflow/dags/stock_pipeline_dag.py                           1           0  1.30s           2025-09-07T11:44:52
================================================================================
[2025-09-07T11:45:46.475+0000] {manager.py:878} INFO - 
================================================================================
DAG File Processing Stats

File Path                                PID    Runtime      # DAGs    # Errors  Last Runtime    Last Run
---------------------------------------  -----  ---------  --------  ----------  --------------  -------------------
/opt/airflow/dags/stock_pipeline_dag.py                           1           0  1.03s           2025-09-07T11:45:24
================================================================================
[2025-09-07T11:46:16.985+0000] {manager.py:878} INFO - 
================================================================================
DAG File Processing Stats

File Path                                PID    Runtime      # DAGs    # Errors  Last Runtime    Last Run
---------------------------------------  -----  ---------  --------  ----------  --------------  -------------------
/opt/airflow/dags/stock_pipeline_dag.py                           1           0  1.07s           2025-09-07T11:45:55
================================================================================
[2025-09-07T11:46:47.420+0000] {manager.py:878} INFO - 
================================================================================
DAG File Processing Stats

File Path                                PID    Runtime      # DAGs    # Errors  Last Runtime    Last Run
---------------------------------------  -----  ---------  --------  ----------  --------------  -------------------
/opt/airflow/dags/stock_pipeline_dag.py                           1           0  0.96s           2025-09-07T11:46:41
================================================================================
[2025-09-07T11:47:17.912+0000] {manager.py:878} INFO - 
================================================================================
DAG File Processing Stats

File Path                                PID    Runtime      # DAGs    # Errors  Last Runtime    Last Run
---------------------------------------  -----  ---------  --------  ----------  --------------  -------------------
/opt/airflow/dags/stock_pipeline_dag.py                           1           0  1.37s           2025-09-07T11:47:13
================================================================================
[2025-09-07T11:47:48.363+0000] {manager.py:878} INFO - 
================================================================================
DAG File Processing Stats

File Path                                PID    Runtime      # DAGs    # Errors  Last Runtime    Last Run
---------------------------------------  -----  ---------  --------  ----------  --------------  -------------------
/opt/airflow/dags/stock_pipeline_dag.py                           1           0  1.16s           2025-09-07T11:47:44
================================================================================
[2025-09-07T11:48:18.806+0000] {manager.py:878} INFO - 
================================================================================
DAG File Processing Stats

File Path                                PID    Runtime      # DAGs    # Errors  Last Runtime    Last Run
---------------------------------------  -----  ---------  --------  ----------  --------------  -------------------
/opt/airflow/dags/stock_pipeline_dag.py                           1           0  1.03s           2025-09-07T11:48:15
================================================================================
[2025-09-07T11:48:49.278+0000] {manager.py:878} INFO - 
================================================================================
DAG File Processing Stats

File Path                                PID    Runtime      # DAGs    # Errors  Last Runtime    Last Run
---------------------------------------  -----  ---------  --------  ----------  --------------  -------------------
/opt/airflow/dags/stock_pipeline_dag.py                           1           0  1.32s           2025-09-07T11:48:47
================================================================================
[2025-09-07T11:49:19.625+0000] {manager.py:878} INFO - 
================================================================================
DAG File Processing Stats

File Path                                PID    Runtime      # DAGs    # Errors  Last Runtime    Last Run
---------------------------------------  -----  ---------  --------  ----------  --------------  -------------------
/opt/airflow/dags/stock_pipeline_dag.py                           1           0  0.89s           2025-09-07T11:49:18
================================================================================
[2025-09-07T11:49:50.012+0000] {manager.py:878} INFO - 
================================================================================
DAG File Processing Stats

File Path                                PID    Runtime      # DAGs    # Errors  Last Runtime    Last Run
---------------------------------------  -----  ---------  --------  ----------  --------------  -------------------
/opt/airflow/dags/stock_pipeline_dag.py                           1           0  0.98s           2025-09-07T11:49:49
================================================================================
[2025-09-07T11:50:00.133+0000] {manager.py:737} INFO - Searching for files in /opt/airflow/dags
[2025-09-07T11:50:00.248+0000] {manager.py:740} INFO - There are 1 files in /opt/airflow/dags
[2025-09-07T11:50:20.584+0000] {manager.py:878} INFO - 
================================================================================
DAG File Processing Stats

File Path                                  PID  Runtime      # DAGs    # Errors  Last Runtime    Last Run
---------------------------------------  -----  ---------  --------  ----------  --------------  -------------------
/opt/airflow/dags/stock_pipeline_dag.py    455  0.01s             1           0  0.98s           2025-09-07T11:49:49
================================================================================
[2025-09-07T11:50:51.170+0000] {manager.py:878} INFO - 
================================================================================
DAG File Processing Stats

File Path                                PID    Runtime      # DAGs    # Errors  Last Runtime    Last Run
---------------------------------------  -----  ---------  --------  ----------  --------------  -------------------
/opt/airflow/dags/stock_pipeline_dag.py                           1           0  1.30s           2025-09-07T11:50:21
================================================================================
[2025-09-07T11:51:21.634+0000] {manager.py:878} INFO - 
================================================================================
DAG File Processing Stats

File Path                                PID    Runtime      # DAGs    # Errors  Last Runtime    Last Run
---------------------------------------  -----  ---------  --------  ----------  --------------  -------------------
/opt/airflow/dags/stock_pipeline_dag.py                           1           0  1.07s           2025-09-07T11:50:53
================================================================================
[2025-09-07T11:51:52.062+0000] {manager.py:878} INFO - 
================================================================================
DAG File Processing Stats

File Path                                PID    Runtime      # DAGs    # Errors  Last Runtime    Last Run
---------------------------------------  -----  ---------  --------  ----------  --------------  -------------------
/opt/airflow/dags/stock_pipeline_dag.py                           1           0  0.97s           2025-09-07T11:51:24
================================================================================
[2025-09-07T11:52:22.538+0000] {manager.py:878} INFO - 
================================================================================
DAG File Processing Stats

File Path                                PID    Runtime      # DAGs    # Errors  Last Runtime    Last Run
---------------------------------------  -----  ---------  --------  ----------  --------------  -------------------
/opt/airflow/dags/stock_pipeline_dag.py                           1           0  1.41s           2025-09-07T11:51:56
================================================================================
[2025-09-07T11:52:52.976+0000] {manager.py:878} INFO - 
================================================================================
DAG File Processing Stats

File Path                                PID    Runtime      # DAGs    # Errors  Last Runtime    Last Run
---------------------------------------  -----  ---------  --------  ----------  --------------  -------------------
/opt/airflow/dags/stock_pipeline_dag.py                           1           0  1.05s           2025-09-07T11:52:27
================================================================================
[2025-09-07T11:53:23.429+0000] {manager.py:878} INFO - 
================================================================================
DAG File Processing Stats

File Path                                PID    Runtime      # DAGs    # Errors  Last Runtime    Last Run
---------------------------------------  -----  ---------  --------  ----------  --------------  -------------------
/opt/airflow/dags/stock_pipeline_dag.py                           1           0  1.00s           2025-09-07T11:52:59
================================================================================
[2025-09-07T11:53:53.803+0000] {manager.py:878} INFO - 
================================================================================
DAG File Processing Stats

File Path                                PID    Runtime      # DAGs    # Errors  Last Runtime    Last Run
---------------------------------------  -----  ---------  --------  ----------  --------------  -------------------
/opt/airflow/dags/stock_pipeline_dag.py                           1           0  0.93s           2025-09-07T11:53:30
================================================================================
[2025-09-07T11:54:24.350+0000] {manager.py:878} INFO - 
================================================================================
DAG File Processing Stats

File Path                                PID    Runtime      # DAGs    # Errors  Last Runtime    Last Run
---------------------------------------  -----  ---------  --------  ----------  --------------  -------------------
/opt/airflow/dags/stock_pipeline_dag.py                           1           0  1.17s           2025-09-07T11:54:02
================================================================================
[2025-09-07T11:54:54.855+0000] {manager.py:878} INFO - 
================================================================================
DAG File Processing Stats

File Path                                PID    Runtime      # DAGs    # Errors  Last Runtime    Last Run
---------------------------------------  -----  ---------  --------  ----------  --------------  -------------------
/opt/airflow/dags/stock_pipeline_dag.py                           1           0  1.31s           2025-09-07T11:54:33
================================================================================
[2025-09-07T11:55:00.166+0000] {manager.py:737} INFO - Searching for files in /opt/airflow/dags
[2025-09-07T11:55:00.290+0000] {manager.py:740} INFO - There are 1 files in /opt/airflow/dags
[2025-09-07T11:55:25.299+0000] {manager.py:878} INFO - 
================================================================================
DAG File Processing Stats

File Path                                PID    Runtime      # DAGs    # Errors  Last Runtime    Last Run
---------------------------------------  -----  ---------  --------  ----------  --------------  -------------------
/opt/airflow/dags/stock_pipeline_dag.py                           1           0  1.08s           2025-09-07T11:55:05
================================================================================
[2025-09-07T11:55:55.787+0000] {manager.py:878} INFO - 
================================================================================
DAG File Processing Stats

File Path                                PID    Runtime      # DAGs    # Errors  Last Runtime    Last Run
---------------------------------------  -----  ---------  --------  ----------  --------------  -------------------
/opt/airflow/dags/stock_pipeline_dag.py                           1           0  1.28s           2025-09-07T11:55:36
================================================================================
[2025-09-07T11:56:26.244+0000] {manager.py:878} INFO - 
================================================================================
DAG File Processing Stats

File Path                                PID    Runtime      # DAGs    # Errors  Last Runtime    Last Run
---------------------------------------  -----  ---------  --------  ----------  --------------  -------------------
/opt/airflow/dags/stock_pipeline_dag.py                           1           0  1.09s           2025-09-07T11:56:08
================================================================================
[2025-09-07T11:56:56.754+0000] {manager.py:878} INFO - 
================================================================================
DAG File Processing Stats

File Path                                PID    Runtime      # DAGs    # Errors  Last Runtime    Last Run
---------------------------------------  -----  ---------  --------  ----------  --------------  -------------------
/opt/airflow/dags/stock_pipeline_dag.py                           1           0  1.06s           2025-09-07T11:56:39
================================================================================
[2025-09-07T11:57:27.294+0000] {manager.py:878} INFO - 
================================================================================
DAG File Processing Stats

File Path                                PID    Runtime      # DAGs    # Errors  Last Runtime    Last Run
---------------------------------------  -----  ---------  --------  ----------  --------------  -------------------
/opt/airflow/dags/stock_pipeline_dag.py                           1           0  1.11s           2025-09-07T11:57:11
================================================================================
[2025-09-07T11:57:57.819+0000] {manager.py:878} INFO - 
================================================================================
DAG File Processing Stats

File Path                                PID    Runtime      # DAGs    # Errors  Last Runtime    Last Run
---------------------------------------  -----  ---------  --------  ----------  --------------  -------------------
/opt/airflow/dags/stock_pipeline_dag.py                           1           0  1.43s           2025-09-07T11:57:42
================================================================================
[2025-09-07T11:58:27.986+0000] {manager.py:878} INFO - 
================================================================================
DAG File Processing Stats

File Path                                PID    Runtime      # DAGs    # Errors  Last Runtime    Last Run
---------------------------------------  -----  ---------  --------  ----------  --------------  -------------------
/opt/airflow/dags/stock_pipeline_dag.py                           1           0  1.69s           2025-09-07T11:58:14
================================================================================
[2025-09-07T11:58:58.417+0000] {manager.py:878} INFO - 
================================================================================
DAG File Processing Stats

File Path                                PID    Runtime      # DAGs    # Errors  Last Runtime    Last Run
---------------------------------------  -----  ---------  --------  ----------  --------------  -------------------
/opt/airflow/dags/stock_pipeline_dag.py                           1           0  1.60s           2025-09-07T11:58:46
================================================================================
[2025-09-07T11:59:28.877+0000] {manager.py:878} INFO - 
================================================================================
DAG File Processing Stats

File Path                                PID    Runtime      # DAGs    # Errors  Last Runtime    Last Run
---------------------------------------  -----  ---------  --------  ----------  --------------  -------------------
/opt/airflow/dags/stock_pipeline_dag.py                           1           0  1.20s           2025-09-07T11:59:17
================================================================================
[2025-09-07T11:59:59.465+0000] {manager.py:878} INFO - 
================================================================================
DAG File Processing Stats

File Path                                PID    Runtime      # DAGs    # Errors  Last Runtime    Last Run
---------------------------------------  -----  ---------  --------  ----------  --------------  -------------------
/opt/airflow/dags/stock_pipeline_dag.py                           1           0  1.21s           2025-09-07T11:59:49
================================================================================
[2025-09-07T12:00:00.481+0000] {manager.py:737} INFO - Searching for files in /opt/airflow/dags
[2025-09-07T12:00:00.618+0000] {manager.py:740} INFO - There are 1 files in /opt/airflow/dags
[2025-09-07T12:00:30.118+0000] {manager.py:878} INFO - 
================================================================================
DAG File Processing Stats

File Path                                PID    Runtime      # DAGs    # Errors  Last Runtime    Last Run
---------------------------------------  -----  ---------  --------  ----------  --------------  -------------------
/opt/airflow/dags/stock_pipeline_dag.py                           1           0  1.02s           2025-09-07T12:00:20
================================================================================
[2025-09-07T12:01:00.498+0000] {manager.py:878} INFO - 
================================================================================
DAG File Processing Stats

File Path                                PID    Runtime      # DAGs    # Errors  Last Runtime    Last Run
---------------------------------------  -----  ---------  --------  ----------  --------------  -------------------
/opt/airflow/dags/stock_pipeline_dag.py                           1           0  0.92s           2025-09-07T12:00:52
================================================================================
[2025-09-07T12:01:30.885+0000] {manager.py:878} INFO - 
================================================================================
DAG File Processing Stats

File Path                                PID    Runtime      # DAGs    # Errors  Last Runtime    Last Run
---------------------------------------  -----  ---------  --------  ----------  --------------  -------------------
/opt/airflow/dags/stock_pipeline_dag.py                           1           0  0.93s           2025-09-07T12:01:23
================================================================================
[2025-09-07T12:02:01.335+0000] {manager.py:878} INFO - 
================================================================================
DAG File Processing Stats

File Path                                PID    Runtime      # DAGs    # Errors  Last Runtime    Last Run
---------------------------------------  -----  ---------  --------  ----------  --------------  -------------------
/opt/airflow/dags/stock_pipeline_dag.py                           1           0  1.09s           2025-09-07T12:01:55
================================================================================
[2025-09-07T12:02:31.855+0000] {manager.py:878} INFO - 
================================================================================
DAG File Processing Stats

File Path                                PID    Runtime      # DAGs    # Errors  Last Runtime    Last Run
---------------------------------------  -----  ---------  --------  ----------  --------------  -------------------
/opt/airflow/dags/stock_pipeline_dag.py                           1           0  1.07s           2025-09-07T12:02:26
================================================================================
[2025-09-07T12:03:02.335+0000] {manager.py:878} INFO - 
================================================================================
DAG File Processing Stats

File Path                                PID    Runtime      # DAGs    # Errors  Last Runtime    Last Run
---------------------------------------  -----  ---------  --------  ----------  --------------  -------------------
/opt/airflow/dags/stock_pipeline_dag.py                           1           0  1.19s           2025-09-07T12:02:58
================================================================================
[2025-09-07T12:03:32.897+0000] {manager.py:878} INFO - 
================================================================================
DAG File Processing Stats

File Path                                PID    Runtime      # DAGs    # Errors  Last Runtime    Last Run
---------------------------------------  -----  ---------  --------  ----------  --------------  -------------------
/opt/airflow/dags/stock_pipeline_dag.py                           1           0  1.33s           2025-09-07T12:03:30
================================================================================
[2025-09-07T12:04:03.330+0000] {manager.py:878} INFO - 
================================================================================
DAG File Processing Stats

File Path                                PID    Runtime      # DAGs    # Errors  Last Runtime    Last Run
---------------------------------------  -----  ---------  --------  ----------  --------------  -------------------
/opt/airflow/dags/stock_pipeline_dag.py                           1           0  1.07s           2025-09-07T12:04:01
================================================================================
[2025-09-07T12:04:33.444+0000] {manager.py:878} INFO - 
================================================================================
DAG File Processing Stats

File Path                                PID    Runtime      # DAGs    # Errors  Last Runtime    Last Run
---------------------------------------  -----  ---------  --------  ----------  --------------  -------------------
/opt/airflow/dags/stock_pipeline_dag.py                           1           0  1.64s           2025-09-07T12:04:33
================================================================================
[2025-09-07T12:05:00.860+0000] {manager.py:737} INFO - Searching for files in /opt/airflow/dags
[2025-09-07T12:05:00.996+0000] {manager.py:740} INFO - There are 1 files in /opt/airflow/dags
[2025-09-07T12:05:04.141+0000] {manager.py:878} INFO - 
================================================================================
DAG File Processing Stats

File Path                                  PID  Runtime      # DAGs    # Errors  Last Runtime    Last Run
---------------------------------------  -----  ---------  --------  ----------  --------------  -------------------
/opt/airflow/dags/stock_pipeline_dag.py    623  0.01s             1           0  1.64s           2025-09-07T12:04:33
================================================================================
[2025-09-07T12:05:34.574+0000] {manager.py:878} INFO - 
================================================================================
DAG File Processing Stats

File Path                                PID    Runtime      # DAGs    # Errors  Last Runtime    Last Run
---------------------------------------  -----  ---------  --------  ----------  --------------  -------------------
/opt/airflow/dags/stock_pipeline_dag.py                           1           0  1.18s           2025-09-07T12:05:05
================================================================================
[2025-09-07T12:06:05.136+0000] {manager.py:878} INFO - 
================================================================================
DAG File Processing Stats

File Path                                PID    Runtime      # DAGs    # Errors  Last Runtime    Last Run
---------------------------------------  -----  ---------  --------  ----------  --------------  -------------------
/opt/airflow/dags/stock_pipeline_dag.py                           1           0  1.19s           2025-09-07T12:05:36
================================================================================
[2025-09-07T12:06:35.601+0000] {manager.py:878} INFO - 
================================================================================
DAG File Processing Stats

File Path                                PID    Runtime      # DAGs    # Errors  Last Runtime    Last Run
---------------------------------------  -----  ---------  --------  ----------  --------------  -------------------
/opt/airflow/dags/stock_pipeline_dag.py                           1           0  1.05s           2025-09-07T12:06:08
================================================================================
[2025-09-07T12:07:05.867+0000] {manager.py:878} INFO - 
================================================================================
DAG File Processing Stats

File Path                                PID    Runtime      # DAGs    # Errors  Last Runtime    Last Run
---------------------------------------  -----  ---------  --------  ----------  --------------  -------------------
/opt/airflow/dags/stock_pipeline_dag.py                           1           0  1.79s           2025-09-07T12:06:40
================================================================================
[2025-09-07T12:07:36.324+0000] {manager.py:878} INFO - 
================================================================================
DAG File Processing Stats

File Path                                PID    Runtime      # DAGs    # Errors  Last Runtime    Last Run
---------------------------------------  -----  ---------  --------  ----------  --------------  -------------------
/opt/airflow/dags/stock_pipeline_dag.py                           1           0  1.09s           2025-09-07T12:07:12
================================================================================
[2025-09-07T12:08:06.773+0000] {manager.py:878} INFO - 
================================================================================
DAG File Processing Stats

File Path                                PID    Runtime      # DAGs    # Errors  Last Runtime    Last Run
---------------------------------------  -----  ---------  --------  ----------  --------------  -------------------
/opt/airflow/dags/stock_pipeline_dag.py                           1           0  0.99s           2025-09-07T12:07:43
================================================================================
[2025-09-07T12:08:37.210+0000] {manager.py:878} INFO - 
================================================================================
DAG File Processing Stats

File Path                                PID    Runtime      # DAGs    # Errors  Last Runtime    Last Run
---------------------------------------  -----  ---------  --------  ----------  --------------  -------------------
/opt/airflow/dags/stock_pipeline_dag.py                           1           0  0.99s           2025-09-07T12:08:14
================================================================================
[2025-09-07T12:09:07.696+0000] {manager.py:878} INFO - 
================================================================================
DAG File Processing Stats

File Path                                PID    Runtime      # DAGs    # Errors  Last Runtime    Last Run
---------------------------------------  -----  ---------  --------  ----------  --------------  -------------------
/opt/airflow/dags/stock_pipeline_dag.py                           1           0  1.28s           2025-09-07T12:08:46
================================================================================
[2025-09-07T12:09:38.146+0000] {manager.py:878} INFO - 
================================================================================
DAG File Processing Stats

File Path                                PID    Runtime      # DAGs    # Errors  Last Runtime    Last Run
---------------------------------------  -----  ---------  --------  ----------  --------------  -------------------
/opt/airflow/dags/stock_pipeline_dag.py                           1           0  1.07s           2025-09-07T12:09:17
================================================================================
[2025-09-07T12:10:01.518+0000] {manager.py:737} INFO - Searching for files in /opt/airflow/dags
[2025-09-07T12:10:01.655+0000] {manager.py:740} INFO - There are 1 files in /opt/airflow/dags
[2025-09-07T12:10:08.805+0000] {manager.py:878} INFO - 
================================================================================
DAG File Processing Stats

File Path                                PID    Runtime      # DAGs    # Errors  Last Runtime    Last Run
---------------------------------------  -----  ---------  --------  ----------  --------------  -------------------
/opt/airflow/dags/stock_pipeline_dag.py                           1           0  1.02s           2025-09-07T12:09:49
================================================================================
[2025-09-07T12:10:39.329+0000] {manager.py:878} INFO - 
================================================================================
DAG File Processing Stats

File Path                                PID    Runtime      # DAGs    # Errors  Last Runtime    Last Run
---------------------------------------  -----  ---------  --------  ----------  --------------  -------------------
/opt/airflow/dags/stock_pipeline_dag.py                           1           0  1.26s           2025-09-07T12:10:21
================================================================================
[2025-09-07T12:11:09.710+0000] {manager.py:878} INFO - 
================================================================================
DAG File Processing Stats

File Path                                PID    Runtime      # DAGs    # Errors  Last Runtime    Last Run
---------------------------------------  -----  ---------  --------  ----------  --------------  -------------------
/opt/airflow/dags/stock_pipeline_dag.py                           1           0  0.91s           2025-09-07T12:10:52
================================================================================
[2025-09-07T12:11:40.185+0000] {manager.py:878} INFO - 
================================================================================
DAG File Processing Stats

File Path                                PID    Runtime      # DAGs    # Errors  Last Runtime    Last Run
---------------------------------------  -----  ---------  --------  ----------  --------------  -------------------
/opt/airflow/dags/stock_pipeline_dag.py                           1           0  1.13s           2025-09-07T12:11:24
================================================================================
[2025-09-07T12:12:10.666+0000] {manager.py:878} INFO - 
================================================================================
DAG File Processing Stats

File Path                                PID    Runtime      # DAGs    # Errors  Last Runtime    Last Run
---------------------------------------  -----  ---------  --------  ----------  --------------  -------------------
/opt/airflow/dags/stock_pipeline_dag.py                           1           0  1.05s           2025-09-07T12:11:55
================================================================================
[2025-09-07T12:12:41.042+0000] {manager.py:878} INFO - 
================================================================================
DAG File Processing Stats

File Path                                PID    Runtime      # DAGs    # Errors  Last Runtime    Last Run
---------------------------------------  -----  ---------  --------  ----------  --------------  -------------------
/opt/airflow/dags/stock_pipeline_dag.py                           1           0  0.90s           2025-09-07T12:12:26
================================================================================
[2025-09-07T12:13:11.275+0000] {manager.py:878} INFO - 
================================================================================
DAG File Processing Stats

File Path                                PID    Runtime      # DAGs    # Errors  Last Runtime    Last Run
---------------------------------------  -----  ---------  --------  ----------  --------------  -------------------
/opt/airflow/dags/stock_pipeline_dag.py                           1           0  0.90s           2025-09-07T12:12:58
================================================================================
[2025-09-07T12:13:41.610+0000] {manager.py:878} INFO - 
================================================================================
DAG File Processing Stats

File Path                                PID    Runtime      # DAGs    # Errors  Last Runtime    Last Run
---------------------------------------  -----  ---------  --------  ----------  --------------  -------------------
/opt/airflow/dags/stock_pipeline_dag.py                           1           0  1.00s           2025-09-07T12:13:29
================================================================================
[2025-09-07T12:14:11.938+0000] {manager.py:878} INFO - 
================================================================================
DAG File Processing Stats

File Path                                PID    Runtime      # DAGs    # Errors  Last Runtime    Last Run
---------------------------------------  -----  ---------  --------  ----------  --------------  -------------------
/opt/airflow/dags/stock_pipeline_dag.py                           1           0  0.98s           2025-09-07T12:14:00
================================================================================
[2025-09-07T12:14:42.473+0000] {manager.py:878} INFO - 
================================================================================
DAG File Processing Stats

File Path                                PID    Runtime      # DAGs    # Errors  Last Runtime    Last Run
---------------------------------------  -----  ---------  --------  ----------  --------------  -------------------
/opt/airflow/dags/stock_pipeline_dag.py                           1           0  1.35s           2025-09-07T12:14:32
================================================================================
[2025-09-07T12:15:01.737+0000] {manager.py:737} INFO - Searching for files in /opt/airflow/dags
[2025-09-07T12:15:01.878+0000] {manager.py:740} INFO - There are 1 files in /opt/airflow/dags
[2025-09-07T12:15:13.228+0000] {manager.py:878} INFO - 
================================================================================
DAG File Processing Stats

File Path                                PID    Runtime      # DAGs    # Errors  Last Runtime    Last Run
---------------------------------------  -----  ---------  --------  ----------  --------------  -------------------
/opt/airflow/dags/stock_pipeline_dag.py                           1           0  1.22s           2025-09-07T12:15:04
================================================================================
[2025-09-07T12:15:43.770+0000] {manager.py:878} INFO - 
================================================================================
DAG File Processing Stats

File Path                                PID    Runtime      # DAGs    # Errors  Last Runtime    Last Run
---------------------------------------  -----  ---------  --------  ----------  --------------  -------------------
/opt/airflow/dags/stock_pipeline_dag.py                           1           0  1.10s           2025-09-07T12:15:35
================================================================================
[2025-09-07T12:16:14.169+0000] {manager.py:878} INFO - 
================================================================================
DAG File Processing Stats

File Path                                PID    Runtime      # DAGs    # Errors  Last Runtime    Last Run
---------------------------------------  -----  ---------  --------  ----------  --------------  -------------------
/opt/airflow/dags/stock_pipeline_dag.py                           1           0  0.96s           2025-09-07T12:16:07
================================================================================
[2025-09-07T12:16:44.653+0000] {manager.py:878} INFO - 
================================================================================
DAG File Processing Stats

File Path                                PID    Runtime      # DAGs    # Errors  Last Runtime    Last Run
---------------------------------------  -----  ---------  --------  ----------  --------------  -------------------
/opt/airflow/dags/stock_pipeline_dag.py                           1           0  1.14s           2025-09-07T12:16:38
================================================================================
[2025-09-07T12:17:15.074+0000] {manager.py:878} INFO - 
================================================================================
DAG File Processing Stats

File Path                                PID    Runtime      # DAGs    # Errors  Last Runtime    Last Run
---------------------------------------  -----  ---------  --------  ----------  --------------  -------------------
/opt/airflow/dags/stock_pipeline_dag.py                           1           0  0.98s           2025-09-07T12:17:09
================================================================================
[2025-09-07T12:17:45.487+0000] {manager.py:878} INFO - 
================================================================================
DAG File Processing Stats

File Path                                PID    Runtime      # DAGs    # Errors  Last Runtime    Last Run
---------------------------------------  -----  ---------  --------  ----------  --------------  -------------------
/opt/airflow/dags/stock_pipeline_dag.py                           1           0  0.92s           2025-09-07T12:17:41
================================================================================
[2025-09-07T12:18:15.520+0000] {manager.py:878} INFO - 
================================================================================
DAG File Processing Stats

File Path                                PID    Runtime      # DAGs    # Errors  Last Runtime    Last Run
---------------------------------------  -----  ---------  --------  ----------  --------------  -------------------
/opt/airflow/dags/stock_pipeline_dag.py                           1           0  1.61s           2025-09-07T12:18:13
================================================================================
[2025-09-07T12:18:45.844+0000] {manager.py:878} INFO - 
================================================================================
DAG File Processing Stats

File Path                                PID    Runtime      # DAGs    # Errors  Last Runtime    Last Run
---------------------------------------  -----  ---------  --------  ----------  --------------  -------------------
/opt/airflow/dags/stock_pipeline_dag.py                           1           0  0.96s           2025-09-07T12:18:44
================================================================================
[2025-09-07T12:20:32.841+0000] {manager.py:737} INFO - Searching for files in /opt/airflow/dags
[2025-09-07T12:20:32.917+0000] {manager.py:740} INFO - There are 1 files in /opt/airflow/dags
[2025-09-07T12:20:52.909+0000] {manager.py:878} INFO - 
================================================================================
DAG File Processing Stats

File Path                                PID    Runtime      # DAGs    # Errors  Last Runtime    Last Run
---------------------------------------  -----  ---------  --------  ----------  --------------  -------------------
/opt/airflow/dags/stock_pipeline_dag.py                           1           0  1.64s           2025-09-07T12:20:34
================================================================================
[2025-09-07T12:21:23.003+0000] {manager.py:878} INFO - 
================================================================================
DAG File Processing Stats

File Path                                PID    Runtime      # DAGs    # Errors  Last Runtime    Last Run
---------------------------------------  -----  ---------  --------  ----------  --------------  -------------------
/opt/airflow/dags/stock_pipeline_dag.py                           1           0  1.63s           2025-09-07T12:21:06
================================================================================
[2025-09-07T12:21:53.165+0000] {manager.py:878} INFO - 
================================================================================
DAG File Processing Stats

File Path                                PID    Runtime      # DAGs    # Errors  Last Runtime    Last Run
---------------------------------------  -----  ---------  --------  ----------  --------------  -------------------
/opt/airflow/dags/stock_pipeline_dag.py                           1           0  1.94s           2025-09-07T12:21:38
================================================================================
[2025-09-07T12:22:23.503+0000] {manager.py:878} INFO - 
================================================================================
DAG File Processing Stats

File Path                                PID    Runtime      # DAGs    # Errors  Last Runtime    Last Run
---------------------------------------  -----  ---------  --------  ----------  --------------  -------------------
/opt/airflow/dags/stock_pipeline_dag.py                           1           0  1.86s           2025-09-07T12:22:11
================================================================================
[2025-09-07T12:22:53.974+0000] {manager.py:878} INFO - 
================================================================================
DAG File Processing Stats

File Path                                PID    Runtime      # DAGs    # Errors  Last Runtime    Last Run
---------------------------------------  -----  ---------  --------  ----------  --------------  -------------------
/opt/airflow/dags/stock_pipeline_dag.py                           1           0  1.28s           2025-09-07T12:22:43
================================================================================
[2025-09-07T12:23:24.659+0000] {manager.py:878} INFO - 
================================================================================
DAG File Processing Stats

File Path                                PID    Runtime      # DAGs    # Errors  Last Runtime    Last Run
---------------------------------------  -----  ---------  --------  ----------  --------------  -------------------
/opt/airflow/dags/stock_pipeline_dag.py                           1           0  1.32s           2025-09-07T12:23:14
================================================================================
[2025-09-07T12:23:55.172+0000] {manager.py:878} INFO - 
================================================================================
DAG File Processing Stats

File Path                                PID    Runtime      # DAGs    # Errors  Last Runtime    Last Run
---------------------------------------  -----  ---------  --------  ----------  --------------  -------------------
/opt/airflow/dags/stock_pipeline_dag.py                           1           0  1.09s           2025-09-07T12:23:46
================================================================================
[2025-09-07T12:24:25.688+0000] {manager.py:878} INFO - 
================================================================================
DAG File Processing Stats

File Path                                PID    Runtime      # DAGs    # Errors  Last Runtime    Last Run
---------------------------------------  -----  ---------  --------  ----------  --------------  -------------------
/opt/airflow/dags/stock_pipeline_dag.py                           1           0  1.12s           2025-09-07T12:24:17
================================================================================
[2025-09-07T12:24:56.147+0000] {manager.py:878} INFO - 
================================================================================
DAG File Processing Stats

File Path                                PID    Runtime      # DAGs    # Errors  Last Runtime    Last Run
---------------------------------------  -----  ---------  --------  ----------  --------------  -------------------
/opt/airflow/dags/stock_pipeline_dag.py                           1           0  1.09s           2025-09-07T12:24:49
================================================================================
[2025-09-07T12:25:26.488+0000] {manager.py:878} INFO - 
================================================================================
DAG File Processing Stats

File Path                                PID    Runtime      # DAGs    # Errors  Last Runtime    Last Run
---------------------------------------  -----  ---------  --------  ----------  --------------  -------------------
/opt/airflow/dags/stock_pipeline_dag.py                           1           0  0.91s           2025-09-07T12:25:20
================================================================================
[2025-09-07T12:25:33.579+0000] {manager.py:737} INFO - Searching for files in /opt/airflow/dags
[2025-09-07T12:25:33.713+0000] {manager.py:740} INFO - There are 1 files in /opt/airflow/dags
[2025-09-07T12:25:57.091+0000] {manager.py:878} INFO - 
================================================================================
DAG File Processing Stats

File Path                                PID    Runtime      # DAGs    # Errors  Last Runtime    Last Run
---------------------------------------  -----  ---------  --------  ----------  --------------  -------------------
/opt/airflow/dags/stock_pipeline_dag.py                           1           0  1.03s           2025-09-07T12:25:52
================================================================================
[2025-09-07T12:26:27.475+0000] {manager.py:878} INFO - 
================================================================================
DAG File Processing Stats

File Path                                PID    Runtime      # DAGs    # Errors  Last Runtime    Last Run
---------------------------------------  -----  ---------  --------  ----------  --------------  -------------------
/opt/airflow/dags/stock_pipeline_dag.py                           1           0  1.02s           2025-09-07T12:26:23
================================================================================
[2025-09-07T12:26:58.009+0000] {manager.py:878} INFO - 
================================================================================
DAG File Processing Stats

File Path                                PID    Runtime      # DAGs    # Errors  Last Runtime    Last Run
---------------------------------------  -----  ---------  --------  ----------  --------------  -------------------
/opt/airflow/dags/stock_pipeline_dag.py                           1           0  1.37s           2025-09-07T12:26:55
================================================================================
[2025-09-07T12:27:28.615+0000] {manager.py:878} INFO - 
================================================================================
DAG File Processing Stats

File Path                                PID    Runtime      # DAGs    # Errors  Last Runtime    Last Run
---------------------------------------  -----  ---------  --------  ----------  --------------  -------------------
/opt/airflow/dags/stock_pipeline_dag.py                           1           0  1.02s           2025-09-07T12:27:26
================================================================================
[2025-09-07T12:27:58.972+0000] {manager.py:878} INFO - 
================================================================================
DAG File Processing Stats

File Path                                PID    Runtime      # DAGs    # Errors  Last Runtime    Last Run
---------------------------------------  -----  ---------  --------  ----------  --------------  -------------------
/opt/airflow/dags/stock_pipeline_dag.py                           1           0  1.00s           2025-09-07T12:27:57
================================================================================
[2025-09-07T12:28:29.418+0000] {manager.py:878} INFO - 
================================================================================
DAG File Processing Stats

File Path                                  PID  Runtime      # DAGs    # Errors  Last Runtime    Last Run
---------------------------------------  -----  ---------  --------  ----------  --------------  -------------------
/opt/airflow/dags/stock_pipeline_dag.py    875  1.02s             1           0  1.00s           2025-09-07T12:27:57
================================================================================
[2025-09-07T12:28:59.964+0000] {manager.py:878} INFO - 
================================================================================
DAG File Processing Stats

File Path                                  PID  Runtime      # DAGs    # Errors  Last Runtime    Last Run
---------------------------------------  -----  ---------  --------  ----------  --------------  -------------------
/opt/airflow/dags/stock_pipeline_dag.py    881  0.01s             1           0  1.10s           2025-09-07T12:28:29
================================================================================
[2025-09-07T12:29:30.408+0000] {manager.py:878} INFO - 
================================================================================
DAG File Processing Stats

File Path                                PID    Runtime      # DAGs    # Errors  Last Runtime    Last Run
---------------------------------------  -----  ---------  --------  ----------  --------------  -------------------
/opt/airflow/dags/stock_pipeline_dag.py                           1           0  1.07s           2025-09-07T12:29:01
================================================================================
[2025-09-07T12:30:00.742+0000] {manager.py:878} INFO - 
================================================================================
DAG File Processing Stats

File Path                                PID    Runtime      # DAGs    # Errors  Last Runtime    Last Run
---------------------------------------  -----  ---------  --------  ----------  --------------  -------------------
/opt/airflow/dags/stock_pipeline_dag.py                           1           0  0.93s           2025-09-07T12:29:32
================================================================================
[2025-09-07T12:30:31.102+0000] {manager.py:878} INFO - 
================================================================================
DAG File Processing Stats

File Path                                PID    Runtime      # DAGs    # Errors  Last Runtime    Last Run
---------------------------------------  -----  ---------  --------  ----------  --------------  -------------------
/opt/airflow/dags/stock_pipeline_dag.py                           1           0  0.91s           2025-09-07T12:30:03
================================================================================
[2025-09-07T12:30:34.143+0000] {manager.py:737} INFO - Searching for files in /opt/airflow/dags
[2025-09-07T12:30:34.281+0000] {manager.py:740} INFO - There are 1 files in /opt/airflow/dags
[2025-09-07T12:31:01.649+0000] {manager.py:878} INFO - 
================================================================================
DAG File Processing Stats

File Path                                PID    Runtime      # DAGs    # Errors  Last Runtime    Last Run
---------------------------------------  -----  ---------  --------  ----------  --------------  -------------------
/opt/airflow/dags/stock_pipeline_dag.py                           1           0  0.91s           2025-09-07T12:30:35
================================================================================
[2025-09-07T12:31:32.130+0000] {manager.py:878} INFO - 
================================================================================
DAG File Processing Stats

File Path                                PID    Runtime      # DAGs    # Errors  Last Runtime    Last Run
---------------------------------------  -----  ---------  --------  ----------  --------------  -------------------
/opt/airflow/dags/stock_pipeline_dag.py                           1           0  1.07s           2025-09-07T12:31:06
================================================================================
[2025-09-07T12:32:02.593+0000] {manager.py:878} INFO - 
================================================================================
DAG File Processing Stats

File Path                                PID    Runtime      # DAGs    # Errors  Last Runtime    Last Run
---------------------------------------  -----  ---------  --------  ----------  --------------  -------------------
/opt/airflow/dags/stock_pipeline_dag.py                           1           0  1.03s           2025-09-07T12:31:38
================================================================================
[2025-09-07T12:32:33.095+0000] {manager.py:878} INFO - 
================================================================================
DAG File Processing Stats

File Path                                PID    Runtime      # DAGs    # Errors  Last Runtime    Last Run
---------------------------------------  -----  ---------  --------  ----------  --------------  -------------------
/opt/airflow/dags/stock_pipeline_dag.py                           1           0  1.06s           2025-09-07T12:32:09
================================================================================
[2025-09-07T12:33:03.773+0000] {manager.py:878} INFO - 
================================================================================
DAG File Processing Stats

File Path                                PID    Runtime      # DAGs    # Errors  Last Runtime    Last Run
---------------------------------------  -----  ---------  --------  ----------  --------------  -------------------
/opt/airflow/dags/stock_pipeline_dag.py                           1           0  1.26s           2025-09-07T12:32:53
================================================================================
[2025-09-07T12:33:34.385+0000] {manager.py:878} INFO - 
================================================================================
DAG File Processing Stats

File Path                                PID    Runtime      # DAGs    # Errors  Last Runtime    Last Run
---------------------------------------  -----  ---------  --------  ----------  --------------  -------------------
/opt/airflow/dags/stock_pipeline_dag.py                           1           0  1.30s           2025-09-07T12:33:15
================================================================================
[2025-09-07T12:34:04.390+0000] {manager.py:878} INFO - 
================================================================================
DAG File Processing Stats

File Path                                PID    Runtime      # DAGs    # Errors  Last Runtime    Last Run
---------------------------------------  -----  ---------  --------  ----------  --------------  -------------------
/opt/airflow/dags/stock_pipeline_dag.py                           1           0  1.53s           2025-09-07T12:33:47
================================================================================
[2025-09-07T12:34:34.429+0000] {manager.py:878} INFO - 
================================================================================
DAG File Processing Stats

File Path                                PID    Runtime      # DAGs    # Errors  Last Runtime    Last Run
---------------------------------------  -----  ---------  --------  ----------  --------------  -------------------
/opt/airflow/dags/stock_pipeline_dag.py                           1           0  1.63s           2025-09-07T12:34:19
================================================================================
[2025-09-07T12:35:04.900+0000] {manager.py:878} INFO - 
================================================================================
DAG File Processing Stats

File Path                                PID    Runtime      # DAGs    # Errors  Last Runtime    Last Run
---------------------------------------  -----  ---------  --------  ----------  --------------  -------------------
/opt/airflow/dags/stock_pipeline_dag.py                           1           0  1.42s           2025-09-07T12:34:51
================================================================================
[2025-09-07T12:35:34.701+0000] {manager.py:737} INFO - Searching for files in /opt/airflow/dags
[2025-09-07T12:35:34.836+0000] {manager.py:740} INFO - There are 1 files in /opt/airflow/dags
[2025-09-07T12:35:35.900+0000] {manager.py:878} INFO - 
================================================================================
DAG File Processing Stats

File Path                                PID    Runtime      # DAGs    # Errors  Last Runtime    Last Run
---------------------------------------  -----  ---------  --------  ----------  --------------  -------------------
/opt/airflow/dags/stock_pipeline_dag.py                           1           0  1.41s           2025-09-07T12:35:22
================================================================================
[2025-09-07T12:36:06.423+0000] {manager.py:878} INFO - 
================================================================================
DAG File Processing Stats

File Path                                PID    Runtime      # DAGs    # Errors  Last Runtime    Last Run
---------------------------------------  -----  ---------  --------  ----------  --------------  -------------------
/opt/airflow/dags/stock_pipeline_dag.py                           1           0  1.14s           2025-09-07T12:35:54
================================================================================
[2025-09-07T12:36:36.949+0000] {manager.py:878} INFO - 
================================================================================
DAG File Processing Stats

File Path                                PID    Runtime      # DAGs    # Errors  Last Runtime    Last Run
---------------------------------------  -----  ---------  --------  ----------  --------------  -------------------
/opt/airflow/dags/stock_pipeline_dag.py                           1           0  1.18s           2025-09-07T12:36:25
================================================================================
[2025-09-07T12:37:07.381+0000] {manager.py:878} INFO - 
================================================================================
DAG File Processing Stats

File Path                                PID    Runtime      # DAGs    # Errors  Last Runtime    Last Run
---------------------------------------  -----  ---------  --------  ----------  --------------  -------------------
/opt/airflow/dags/stock_pipeline_dag.py                           1           0  1.01s           2025-09-07T12:36:57
================================================================================
[2025-09-07T12:37:37.579+0000] {manager.py:878} INFO - 
================================================================================
DAG File Processing Stats

File Path                                PID    Runtime      # DAGs    # Errors  Last Runtime    Last Run
---------------------------------------  -----  ---------  --------  ----------  --------------  -------------------
/opt/airflow/dags/stock_pipeline_dag.py                           1           0  1.67s           2025-09-07T12:37:29
================================================================================
[2025-09-07T12:38:07.697+0000] {manager.py:878} INFO - 
================================================================================
DAG File Processing Stats

File Path                                PID    Runtime      # DAGs    # Errors  Last Runtime    Last Run
---------------------------------------  -----  ---------  --------  ----------  --------------  -------------------
/opt/airflow/dags/stock_pipeline_dag.py                           1           0  1.67s           2025-09-07T12:37:41
================================================================================
[2025-09-07T12:38:38.151+0000] {manager.py:878} INFO - 
================================================================================
DAG File Processing Stats

File Path                                PID    Runtime      # DAGs    # Errors  Last Runtime    Last Run
---------------------------------------  -----  ---------  --------  ----------  --------------  -------------------
/opt/airflow/dags/stock_pipeline_dag.py                           1           0  1.44s           2025-09-07T12:38:13
================================================================================
[2025-09-07T12:39:08.657+0000] {manager.py:878} INFO - 
================================================================================
DAG File Processing Stats

File Path                                PID    Runtime      # DAGs    # Errors  Last Runtime    Last Run
---------------------------------------  -----  ---------  --------  ----------  --------------  -------------------
/opt/airflow/dags/stock_pipeline_dag.py                           1           0  1.10s           2025-09-07T12:38:44
================================================================================
[2025-09-07T12:39:39.181+0000] {manager.py:878} INFO - 
================================================================================
DAG File Processing Stats

File Path                                PID    Runtime      # DAGs    # Errors  Last Runtime    Last Run
---------------------------------------  -----  ---------  --------  ----------  --------------  -------------------
/opt/airflow/dags/stock_pipeline_dag.py                           1           0  1.27s           2025-09-07T12:39:16
================================================================================
[2025-09-07T12:40:09.662+0000] {manager.py:878} INFO - 
================================================================================
DAG File Processing Stats

File Path                                PID    Runtime      # DAGs    # Errors  Last Runtime    Last Run
---------------------------------------  -----  ---------  --------  ----------  --------------  -------------------
/opt/airflow/dags/stock_pipeline_dag.py                           1           0  1.01s           2025-09-07T12:39:47
================================================================================
[2025-09-07T12:40:35.001+0000] {manager.py:737} INFO - Searching for files in /opt/airflow/dags
[2025-09-07T12:40:35.075+0000] {manager.py:740} INFO - There are 1 files in /opt/airflow/dags
[2025-09-07T12:40:40.166+0000] {manager.py:878} INFO - 
================================================================================
DAG File Processing Stats

File Path                                PID    Runtime      # DAGs    # Errors  Last Runtime    Last Run
---------------------------------------  -----  ---------  --------  ----------  --------------  -------------------
/opt/airflow/dags/stock_pipeline_dag.py                           1           0  1.98s           2025-09-07T12:40:19
================================================================================
[2025-09-07T12:41:10.561+0000] {manager.py:878} INFO - 
================================================================================
DAG File Processing Stats

File Path                                PID    Runtime      # DAGs    # Errors  Last Runtime    Last Run
---------------------------------------  -----  ---------  --------  ----------  --------------  -------------------
/opt/airflow/dags/stock_pipeline_dag.py                           1           0  1.49s           2025-09-07T12:40:51
================================================================================
[2025-09-07T12:41:40.894+0000] {manager.py:878} INFO - 
================================================================================
DAG File Processing Stats

File Path                                PID    Runtime      # DAGs    # Errors  Last Runtime    Last Run
---------------------------------------  -----  ---------  --------  ----------  --------------  -------------------
/opt/airflow/dags/stock_pipeline_dag.py                           1           0  0.94s           2025-09-07T12:41:23
================================================================================
[2025-09-07T12:42:11.718+0000] {manager.py:878} INFO - 
================================================================================
DAG File Processing Stats

File Path                                PID    Runtime      # DAGs    # Errors  Last Runtime    Last Run
---------------------------------------  -----  ---------  --------  ----------  --------------  -------------------
/opt/airflow/dags/stock_pipeline_dag.py                           1           0  1.19s           2025-09-07T12:41:54
================================================================================
[2025-09-07T12:42:42.127+0000] {manager.py:878} INFO - 
================================================================================
DAG File Processing Stats

File Path                                PID    Runtime      # DAGs    # Errors  Last Runtime    Last Run
---------------------------------------  -----  ---------  --------  ----------  --------------  -------------------
/opt/airflow/dags/stock_pipeline_dag.py                           1           0  0.89s           2025-09-07T12:42:25
================================================================================
[2025-09-07T12:43:12.672+0000] {manager.py:878} INFO - 
================================================================================
DAG File Processing Stats

File Path                                PID    Runtime      # DAGs    # Errors  Last Runtime    Last Run
---------------------------------------  -----  ---------  --------  ----------  --------------  -------------------
/opt/airflow/dags/stock_pipeline_dag.py                           1           0  1.18s           2025-09-07T12:42:57
================================================================================
[2025-09-07T12:43:42.781+0000] {manager.py:878} INFO - 
================================================================================
DAG File Processing Stats

File Path                                PID    Runtime      # DAGs    # Errors  Last Runtime    Last Run
---------------------------------------  -----  ---------  --------  ----------  --------------  -------------------
/opt/airflow/dags/stock_pipeline_dag.py                           1           0  1.69s           2025-09-07T12:43:16
================================================================================
[2025-09-07T12:44:13.244+0000] {manager.py:878} INFO - 
================================================================================
DAG File Processing Stats

File Path                                PID    Runtime      # DAGs    # Errors  Last Runtime    Last Run
---------------------------------------  -----  ---------  --------  ----------  --------------  -------------------
/opt/airflow/dags/stock_pipeline_dag.py                           1           0  1.16s           2025-09-07T12:43:48
================================================================================
[2025-09-07T12:44:43.830+0000] {manager.py:878} INFO - 
================================================================================
DAG File Processing Stats

File Path                                PID    Runtime      # DAGs    # Errors  Last Runtime    Last Run
---------------------------------------  -----  ---------  --------  ----------  --------------  -------------------
/opt/airflow/dags/stock_pipeline_dag.py                           1           0  1.28s           2025-09-07T12:44:19
================================================================================
[2025-09-07T12:45:14.114+0000] {manager.py:878} INFO - 
================================================================================
DAG File Processing Stats

File Path                                PID    Runtime      # DAGs    # Errors  Last Runtime    Last Run
---------------------------------------  -----  ---------  --------  ----------  --------------  -------------------
/opt/airflow/dags/stock_pipeline_dag.py                           1           0  0.96s           2025-09-07T12:44:50
================================================================================
[2025-09-07T12:45:35.466+0000] {manager.py:737} INFO - Searching for files in /opt/airflow/dags
[2025-09-07T12:45:35.569+0000] {manager.py:740} INFO - There are 1 files in /opt/airflow/dags
[2025-09-07T12:45:44.713+0000] {manager.py:878} INFO - 
================================================================================
DAG File Processing Stats

File Path                                PID    Runtime      # DAGs    # Errors  Last Runtime    Last Run
---------------------------------------  -----  ---------  --------  ----------  --------------  -------------------
/opt/airflow/dags/stock_pipeline_dag.py                           1           0  1.10s           2025-09-07T12:45:29
================================================================================
[2025-09-07T12:46:15.238+0000] {manager.py:878} INFO - 
================================================================================
DAG File Processing Stats

File Path                                PID    Runtime      # DAGs    # Errors  Last Runtime    Last Run
---------------------------------------  -----  ---------  --------  ----------  --------------  -------------------
/opt/airflow/dags/stock_pipeline_dag.py                           1           0  1.21s           2025-09-07T12:46:01
================================================================================
[2025-09-07T12:46:45.720+0000] {manager.py:878} INFO - 
================================================================================
DAG File Processing Stats

File Path                                PID    Runtime      # DAGs    # Errors  Last Runtime    Last Run
---------------------------------------  -----  ---------  --------  ----------  --------------  -------------------
/opt/airflow/dags/stock_pipeline_dag.py                           1           0  1.04s           2025-09-07T12:46:32
================================================================================
[2025-09-07T12:47:16.006+0000] {manager.py:878} INFO - 
================================================================================
DAG File Processing Stats

File Path                                PID    Runtime      # DAGs    # Errors  Last Runtime    Last Run
---------------------------------------  -----  ---------  --------  ----------  --------------  -------------------
/opt/airflow/dags/stock_pipeline_dag.py                           1           0  0.85s           2025-09-07T12:47:03
================================================================================
[2025-09-07T12:47:46.558+0000] {manager.py:878} INFO - 
================================================================================
DAG File Processing Stats

File Path                                PID    Runtime      # DAGs    # Errors  Last Runtime    Last Run
---------------------------------------  -----  ---------  --------  ----------  --------------  -------------------
/opt/airflow/dags/stock_pipeline_dag.py                           1           0  1.18s           2025-09-07T12:47:35
================================================================================
[2025-09-07T16:42:06.113+0000] {manager.py:470} INFO - Processing files using up to 2 processes at a time 
[2025-09-07T16:42:06.115+0000] {manager.py:471} INFO - Process each file at most once every 30 seconds
[2025-09-07T16:42:06.116+0000] {manager.py:472} INFO - Checking for new files in /opt/airflow/dags every 300 seconds
[2025-09-07T16:42:06.118+0000] {manager.py:737} INFO - Searching for files in /opt/airflow/dags
[2025-09-07T16:42:06.155+0000] {manager.py:740} INFO - There are 1 files in /opt/airflow/dags
[2025-09-07T16:42:06.311+0000] {manager.py:878} INFO - 
================================================================================
DAG File Processing Stats

File Path                                  PID  Runtime      # DAGs    # Errors  Last Runtime    Last Run
---------------------------------------  -----  ---------  --------  ----------  --------------  ----------
/opt/airflow/dags/stock_pipeline_dag.py    164  0.06s             0           0
================================================================================
[2025-09-07T16:42:36.504+0000] {manager.py:878} INFO - 
================================================================================
DAG File Processing Stats

File Path                                PID    Runtime      # DAGs    # Errors  Last Runtime    Last Run
---------------------------------------  -----  ---------  --------  ----------  --------------  -------------------
/opt/airflow/dags/stock_pipeline_dag.py                           1           0  3.64s           2025-09-07T16:42:09
================================================================================
[2025-09-07T16:43:06.759+0000] {manager.py:878} INFO - 
================================================================================
DAG File Processing Stats

File Path                                PID    Runtime      # DAGs    # Errors  Last Runtime    Last Run
---------------------------------------  -----  ---------  --------  ----------  --------------  -------------------
/opt/airflow/dags/stock_pipeline_dag.py                           1           0  0.62s           2025-09-07T16:42:40
================================================================================
[2025-09-07T16:43:36.761+0000] {manager.py:878} INFO - 
================================================================================
DAG File Processing Stats

File Path                                PID    Runtime      # DAGs    # Errors  Last Runtime    Last Run
---------------------------------------  -----  ---------  --------  ----------  --------------  -------------------
/opt/airflow/dags/stock_pipeline_dag.py                           1           0  0.69s           2025-09-07T16:43:11
================================================================================
[2025-09-07T16:44:07.518+0000] {manager.py:878} INFO - 
================================================================================
DAG File Processing Stats

File Path                                PID    Runtime      # DAGs    # Errors  Last Runtime    Last Run
---------------------------------------  -----  ---------  --------  ----------  --------------  -------------------
/opt/airflow/dags/stock_pipeline_dag.py                           1           0  0.64s           2025-09-07T16:43:42
================================================================================
[2025-09-07T16:44:37.972+0000] {manager.py:878} INFO - 
================================================================================
DAG File Processing Stats

File Path                                PID    Runtime      # DAGs    # Errors  Last Runtime    Last Run
---------------------------------------  -----  ---------  --------  ----------  --------------  -------------------
/opt/airflow/dags/stock_pipeline_dag.py                           1           0  0.60s           2025-09-07T16:44:13
================================================================================
[2025-09-07T16:45:08.189+0000] {manager.py:878} INFO - 
================================================================================
DAG File Processing Stats

File Path                                PID    Runtime      # DAGs    # Errors  Last Runtime    Last Run
---------------------------------------  -----  ---------  --------  ----------  --------------  -------------------
/opt/airflow/dags/stock_pipeline_dag.py                           1           0  0.62s           2025-09-07T16:44:44
================================================================================
[2025-09-07T16:45:38.611+0000] {manager.py:878} INFO - 
================================================================================
DAG File Processing Stats

File Path                                PID    Runtime      # DAGs    # Errors  Last Runtime    Last Run
---------------------------------------  -----  ---------  --------  ----------  --------------  -------------------
/opt/airflow/dags/stock_pipeline_dag.py                           1           0  0.60s           2025-09-07T16:45:14
================================================================================
[2025-09-07T16:46:08.898+0000] {manager.py:878} INFO - 
================================================================================
DAG File Processing Stats

File Path                                PID    Runtime      # DAGs    # Errors  Last Runtime    Last Run
---------------------------------------  -----  ---------  --------  ----------  --------------  -------------------
/opt/airflow/dags/stock_pipeline_dag.py                           1           0  0.62s           2025-09-07T16:45:45
================================================================================
[2025-09-07T16:46:39.430+0000] {manager.py:878} INFO - 
================================================================================
DAG File Processing Stats

File Path                                PID    Runtime      # DAGs    # Errors  Last Runtime    Last Run
---------------------------------------  -----  ---------  --------  ----------  --------------  -------------------
/opt/airflow/dags/stock_pipeline_dag.py                           1           0  0.65s           2025-09-07T16:46:16
================================================================================
[2025-09-07T16:47:06.550+0000] {manager.py:737} INFO - Searching for files in /opt/airflow/dags
[2025-09-07T16:47:06.601+0000] {manager.py:740} INFO - There are 1 files in /opt/airflow/dags
[2025-09-07T16:47:09.647+0000] {manager.py:878} INFO - 
================================================================================
DAG File Processing Stats

File Path                                PID    Runtime      # DAGs    # Errors  Last Runtime    Last Run
---------------------------------------  -----  ---------  --------  ----------  --------------  -------------------
/opt/airflow/dags/stock_pipeline_dag.py                           1           0  0.48s           2025-09-07T16:46:47
================================================================================
[2025-09-07T16:47:39.891+0000] {manager.py:878} INFO - 
================================================================================
DAG File Processing Stats

File Path                                PID    Runtime      # DAGs    # Errors  Last Runtime    Last Run
---------------------------------------  -----  ---------  --------  ----------  --------------  -------------------
/opt/airflow/dags/stock_pipeline_dag.py                           1           0  0.45s           2025-09-07T16:47:18
================================================================================
[2025-09-07T16:48:10.076+0000] {manager.py:878} INFO - 
================================================================================
DAG File Processing Stats

File Path                                PID    Runtime      # DAGs    # Errors  Last Runtime    Last Run
---------------------------------------  -----  ---------  --------  ----------  --------------  -------------------
/opt/airflow/dags/stock_pipeline_dag.py                           1           0  0.49s           2025-09-07T16:47:48
================================================================================
[2025-09-07T16:48:40.394+0000] {manager.py:878} INFO - 
================================================================================
DAG File Processing Stats

File Path                                PID    Runtime      # DAGs    # Errors  Last Runtime    Last Run
---------------------------------------  -----  ---------  --------  ----------  --------------  -------------------
/opt/airflow/dags/stock_pipeline_dag.py                           1           0  0.46s           2025-09-07T16:48:19
================================================================================
[2025-09-07T16:49:10.558+0000] {manager.py:878} INFO - 
================================================================================
DAG File Processing Stats

File Path                                PID    Runtime      # DAGs    # Errors  Last Runtime    Last Run
---------------------------------------  -----  ---------  --------  ----------  --------------  -------------------
/opt/airflow/dags/stock_pipeline_dag.py                           1           0  0.47s           2025-09-07T16:49:07
================================================================================
[2025-09-07T16:49:40.834+0000] {manager.py:878} INFO - 
================================================================================
DAG File Processing Stats

File Path                                PID    Runtime      # DAGs    # Errors  Last Runtime    Last Run
---------------------------------------  -----  ---------  --------  ----------  --------------  -------------------
/opt/airflow/dags/stock_pipeline_dag.py                           1           0  0.50s           2025-09-07T16:49:38
================================================================================
[2025-09-07T16:50:11.080+0000] {manager.py:878} INFO - 
================================================================================
DAG File Processing Stats

File Path                                PID    Runtime      # DAGs    # Errors  Last Runtime    Last Run
---------------------------------------  -----  ---------  --------  ----------  --------------  -------------------
/opt/airflow/dags/stock_pipeline_dag.py                           1           0  0.49s           2025-09-07T16:50:09
================================================================================
[2025-09-07T16:50:41.298+0000] {manager.py:878} INFO - 
================================================================================
DAG File Processing Stats

File Path                                PID    Runtime      # DAGs    # Errors  Last Runtime    Last Run
---------------------------------------  -----  ---------  --------  ----------  --------------  -------------------
/opt/airflow/dags/stock_pipeline_dag.py                           1           0  0.48s           2025-09-07T16:50:40
================================================================================
[2025-09-07T16:51:12.080+0000] {manager.py:878} INFO - 
================================================================================
DAG File Processing Stats

File Path                                PID    Runtime      # DAGs    # Errors  Last Runtime    Last Run
---------------------------------------  -----  ---------  --------  ----------  --------------  -------------------
/opt/airflow/dags/stock_pipeline_dag.py                           1           0  0.48s           2025-09-07T16:51:11
================================================================================
[2025-09-07T16:51:42.450+0000] {manager.py:878} INFO - 
================================================================================
DAG File Processing Stats

File Path                                PID    Runtime      # DAGs    # Errors  Last Runtime    Last Run
---------------------------------------  -----  ---------  --------  ----------  --------------  -------------------
/opt/airflow/dags/stock_pipeline_dag.py                           1           0  0.46s           2025-09-07T16:51:41
================================================================================
[2025-09-07T16:52:06.665+0000] {manager.py:737} INFO - Searching for files in /opt/airflow/dags
[2025-09-07T16:52:06.719+0000] {manager.py:740} INFO - There are 1 files in /opt/airflow/dags
[2025-09-07T16:52:12.676+0000] {manager.py:878} INFO - 
================================================================================
DAG File Processing Stats

File Path                                PID    Runtime      # DAGs    # Errors  Last Runtime    Last Run
---------------------------------------  -----  ---------  --------  ----------  --------------  -------------------
/opt/airflow/dags/stock_pipeline_dag.py                           1           0  0.54s           2025-09-07T16:52:12
================================================================================
[2025-09-07T16:52:42.866+0000] {manager.py:878} INFO - 
================================================================================
DAG File Processing Stats

File Path                                  PID  Runtime      # DAGs    # Errors  Last Runtime    Last Run
---------------------------------------  -----  ---------  --------  ----------  --------------  -------------------
/opt/airflow/dags/stock_pipeline_dag.py    290  0.00s             1           0  0.54s           2025-09-07T16:52:12
================================================================================
[2025-09-07T16:53:13.491+0000] {manager.py:878} INFO - 
================================================================================
DAG File Processing Stats

File Path                                  PID  Runtime      # DAGs    # Errors  Last Runtime    Last Run
---------------------------------------  -----  ---------  --------  ----------  --------------  -------------------
/opt/airflow/dags/stock_pipeline_dag.py    296  0.00s             1           0  0.45s           2025-09-07T16:52:43
================================================================================
[2025-09-07T16:53:43.693+0000] {manager.py:878} INFO - 
================================================================================
DAG File Processing Stats

File Path                                PID    Runtime      # DAGs    # Errors  Last Runtime    Last Run
---------------------------------------  -----  ---------  --------  ----------  --------------  -------------------
/opt/airflow/dags/stock_pipeline_dag.py                           1           0  0.48s           2025-09-07T16:53:13
================================================================================
[2025-09-07T16:54:13.831+0000] {manager.py:878} INFO - 
================================================================================
DAG File Processing Stats

File Path                                PID    Runtime      # DAGs    # Errors  Last Runtime    Last Run
---------------------------------------  -----  ---------  --------  ----------  --------------  -------------------
/opt/airflow/dags/stock_pipeline_dag.py                           1           0  0.45s           2025-09-07T16:53:44
================================================================================
[2025-09-07T16:54:44.119+0000] {manager.py:878} INFO - 
================================================================================
DAG File Processing Stats

File Path                                PID    Runtime      # DAGs    # Errors  Last Runtime    Last Run
---------------------------------------  -----  ---------  --------  ----------  --------------  -------------------
/opt/airflow/dags/stock_pipeline_dag.py                           1           0  0.44s           2025-09-07T16:54:15
================================================================================
[2025-09-07T16:55:14.371+0000] {manager.py:878} INFO - 
================================================================================
DAG File Processing Stats

File Path                                PID    Runtime      # DAGs    # Errors  Last Runtime    Last Run
---------------------------------------  -----  ---------  --------  ----------  --------------  -------------------
/opt/airflow/dags/stock_pipeline_dag.py                           1           0  0.49s           2025-09-07T16:54:46
================================================================================
[2025-09-07T16:55:45.111+0000] {manager.py:878} INFO - 
================================================================================
DAG File Processing Stats

File Path                                PID    Runtime      # DAGs    # Errors  Last Runtime    Last Run
---------------------------------------  -----  ---------  --------  ----------  --------------  -------------------
/opt/airflow/dags/stock_pipeline_dag.py                           1           0  0.43s           2025-09-07T16:55:16
================================================================================
[2025-09-07T16:56:15.290+0000] {manager.py:878} INFO - 
================================================================================
DAG File Processing Stats

File Path                                PID    Runtime      # DAGs    # Errors  Last Runtime    Last Run
---------------------------------------  -----  ---------  --------  ----------  --------------  -------------------
/opt/airflow/dags/stock_pipeline_dag.py                           1           0  0.86s           2025-09-07T16:55:47
================================================================================
[2025-09-07T16:56:45.777+0000] {manager.py:878} INFO - 
================================================================================
DAG File Processing Stats

File Path                                PID    Runtime      # DAGs    # Errors  Last Runtime    Last Run
---------------------------------------  -----  ---------  --------  ----------  --------------  -------------------
/opt/airflow/dags/stock_pipeline_dag.py                           1           0  0.48s           2025-09-07T16:56:18
================================================================================
[2025-09-07T16:57:07.213+0000] {manager.py:737} INFO - Searching for files in /opt/airflow/dags
[2025-09-07T16:57:07.237+0000] {manager.py:740} INFO - There are 1 files in /opt/airflow/dags
[2025-09-07T16:57:16.295+0000] {manager.py:878} INFO - 
================================================================================
DAG File Processing Stats

File Path                                PID    Runtime      # DAGs    # Errors  Last Runtime    Last Run
---------------------------------------  -----  ---------  --------  ----------  --------------  -------------------
/opt/airflow/dags/stock_pipeline_dag.py                           1           0  0.41s           2025-09-07T16:56:49
================================================================================
[2025-09-07T16:57:46.361+0000] {manager.py:878} INFO - 
================================================================================
DAG File Processing Stats

File Path                                PID    Runtime      # DAGs    # Errors  Last Runtime    Last Run
---------------------------------------  -----  ---------  --------  ----------  --------------  -------------------
/opt/airflow/dags/stock_pipeline_dag.py                           1           0  0.53s           2025-09-07T16:57:20
================================================================================
[2025-09-07T16:58:17.000+0000] {manager.py:878} INFO - 
================================================================================
DAG File Processing Stats

File Path                                PID    Runtime      # DAGs    # Errors  Last Runtime    Last Run
---------------------------------------  -----  ---------  --------  ----------  --------------  -------------------
/opt/airflow/dags/stock_pipeline_dag.py                           1           0  0.49s           2025-09-07T16:57:50
================================================================================
[2025-09-07T16:58:47.281+0000] {manager.py:878} INFO - 
================================================================================
DAG File Processing Stats

File Path                                PID    Runtime      # DAGs    # Errors  Last Runtime    Last Run
---------------------------------------  -----  ---------  --------  ----------  --------------  -------------------
/opt/airflow/dags/stock_pipeline_dag.py                           1           0  0.52s           2025-09-07T16:58:21
================================================================================
[2025-09-07T16:59:17.558+0000] {manager.py:878} INFO - 
================================================================================
DAG File Processing Stats

File Path                                PID    Runtime      # DAGs    # Errors  Last Runtime    Last Run
---------------------------------------  -----  ---------  --------  ----------  --------------  -------------------
/opt/airflow/dags/stock_pipeline_dag.py                           1           0  0.45s           2025-09-07T16:58:52
================================================================================
[2025-09-07T16:59:47.872+0000] {manager.py:878} INFO - 
================================================================================
DAG File Processing Stats

File Path                                PID    Runtime      # DAGs    # Errors  Last Runtime    Last Run
---------------------------------------  -----  ---------  --------  ----------  --------------  -------------------
/opt/airflow/dags/stock_pipeline_dag.py                           1           0  0.45s           2025-09-07T16:59:23
================================================================================
[2025-09-07T17:00:18.162+0000] {manager.py:878} INFO - 
================================================================================
DAG File Processing Stats

File Path                                PID    Runtime      # DAGs    # Errors  Last Runtime    Last Run
---------------------------------------  -----  ---------  --------  ----------  --------------  -------------------
/opt/airflow/dags/stock_pipeline_dag.py                           1           0  0.44s           2025-09-07T16:59:53
================================================================================
[2025-09-07T17:00:48.508+0000] {manager.py:878} INFO - 
================================================================================
DAG File Processing Stats

File Path                                PID    Runtime      # DAGs    # Errors  Last Runtime    Last Run
---------------------------------------  -----  ---------  --------  ----------  --------------  -------------------
/opt/airflow/dags/stock_pipeline_dag.py                           1           0  0.43s           2025-09-07T17:00:24
================================================================================
[2025-09-07T17:01:18.664+0000] {manager.py:878} INFO - 
================================================================================
DAG File Processing Stats

File Path                                PID    Runtime      # DAGs    # Errors  Last Runtime    Last Run
---------------------------------------  -----  ---------  --------  ----------  --------------  -------------------
/opt/airflow/dags/stock_pipeline_dag.py                           1           0  0.46s           2025-09-07T17:00:55
================================================================================
[2025-09-07T17:01:48.973+0000] {manager.py:878} INFO - 
================================================================================
DAG File Processing Stats

File Path                                PID    Runtime      # DAGs    # Errors  Last Runtime    Last Run
---------------------------------------  -----  ---------  --------  ----------  --------------  -------------------
/opt/airflow/dags/stock_pipeline_dag.py                           1           0  0.46s           2025-09-07T17:01:26
================================================================================
[2025-09-07T17:02:07.597+0000] {manager.py:737} INFO - Searching for files in /opt/airflow/dags
[2025-09-07T17:02:07.622+0000] {manager.py:740} INFO - There are 1 files in /opt/airflow/dags
[2025-09-07T17:02:19.768+0000] {manager.py:878} INFO - 
================================================================================
DAG File Processing Stats

File Path                                PID    Runtime      # DAGs    # Errors  Last Runtime    Last Run
---------------------------------------  -----  ---------  --------  ----------  --------------  -------------------
/opt/airflow/dags/stock_pipeline_dag.py                           1           0  0.53s           2025-09-07T17:02:09
================================================================================
[2025-09-07T17:02:31.451+0000] {manager.py:452} INFO - Exiting gracefully upon receiving signal 15
[2025-09-07T17:02:42.151+0000] {manager.py:470} INFO - Processing files using up to 2 processes at a time 
[2025-09-07T17:02:42.152+0000] {manager.py:471} INFO - Process each file at most once every 30 seconds
[2025-09-07T17:02:42.153+0000] {manager.py:472} INFO - Checking for new files in /opt/airflow/dags every 300 seconds
[2025-09-07T17:02:42.154+0000] {manager.py:737} INFO - Searching for files in /opt/airflow/dags
[2025-09-07T17:02:42.173+0000] {manager.py:740} INFO - There are 1 files in /opt/airflow/dags
[2025-09-07T17:02:42.255+0000] {manager.py:878} INFO - 
================================================================================
DAG File Processing Stats

File Path                                  PID  Runtime      # DAGs    # Errors  Last Runtime    Last Run
---------------------------------------  -----  ---------  --------  ----------  --------------  ----------
/opt/airflow/dags/stock_pipeline_dag.py    164  0.04s             0           0
================================================================================
[2025-09-07T17:03:12.465+0000] {manager.py:878} INFO - 
================================================================================
DAG File Processing Stats

File Path                                PID    Runtime      # DAGs    # Errors  Last Runtime    Last Run
---------------------------------------  -----  ---------  --------  ----------  --------------  -------------------
/opt/airflow/dags/stock_pipeline_dag.py                           1           0  0.64s           2025-09-07T17:02:42
================================================================================
[2025-09-07T17:03:42.728+0000] {manager.py:878} INFO - 
================================================================================
DAG File Processing Stats

File Path                                PID    Runtime      # DAGs    # Errors  Last Runtime    Last Run
---------------------------------------  -----  ---------  --------  ----------  --------------  -------------------
/opt/airflow/dags/stock_pipeline_dag.py                           1           0  0.59s           2025-09-07T17:03:13
================================================================================
[2025-09-07T17:04:12.943+0000] {manager.py:878} INFO - 
================================================================================
DAG File Processing Stats

File Path                                PID    Runtime      # DAGs    # Errors  Last Runtime    Last Run
---------------------------------------  -----  ---------  --------  ----------  --------------  -------------------
/opt/airflow/dags/stock_pipeline_dag.py                           1           0  0.64s           2025-09-07T17:03:44
================================================================================
[2025-09-07T17:04:43.530+0000] {manager.py:878} INFO - 
================================================================================
DAG File Processing Stats

File Path                                PID    Runtime      # DAGs    # Errors  Last Runtime    Last Run
---------------------------------------  -----  ---------  --------  ----------  --------------  -------------------
/opt/airflow/dags/stock_pipeline_dag.py                           1           0  0.62s           2025-09-07T17:04:15
================================================================================
[2025-09-07T17:05:13.745+0000] {manager.py:878} INFO - 
================================================================================
DAG File Processing Stats

File Path                                PID    Runtime      # DAGs    # Errors  Last Runtime    Last Run
---------------------------------------  -----  ---------  --------  ----------  --------------  -------------------
/opt/airflow/dags/stock_pipeline_dag.py                           1           0  0.60s           2025-09-07T17:04:46
================================================================================
[2025-09-07T17:05:44.503+0000] {manager.py:878} INFO - 
================================================================================
DAG File Processing Stats

File Path                                PID    Runtime      # DAGs    # Errors  Last Runtime    Last Run
---------------------------------------  -----  ---------  --------  ----------  --------------  -------------------
/opt/airflow/dags/stock_pipeline_dag.py                           1           0  0.56s           2025-09-07T17:05:17
================================================================================
[2025-09-07T17:06:14.824+0000] {manager.py:878} INFO - 
================================================================================
DAG File Processing Stats

File Path                                PID    Runtime      # DAGs    # Errors  Last Runtime    Last Run
---------------------------------------  -----  ---------  --------  ----------  --------------  -------------------
/opt/airflow/dags/stock_pipeline_dag.py                           1           0  0.59s           2025-09-07T17:05:48
================================================================================
[2025-09-07T17:06:44.835+0000] {manager.py:878} INFO - 
================================================================================
DAG File Processing Stats

File Path                                PID    Runtime      # DAGs    # Errors  Last Runtime    Last Run
---------------------------------------  -----  ---------  --------  ----------  --------------  -------------------
/opt/airflow/dags/stock_pipeline_dag.py                           1           0  0.79s           2025-09-07T17:06:37
================================================================================
[2025-09-07T17:07:15.398+0000] {manager.py:878} INFO - 
================================================================================
DAG File Processing Stats

File Path                                PID    Runtime      # DAGs    # Errors  Last Runtime    Last Run
---------------------------------------  -----  ---------  --------  ----------  --------------  -------------------
/opt/airflow/dags/stock_pipeline_dag.py                           1           0  0.66s           2025-09-07T17:07:04
================================================================================
[2025-09-07T17:07:42.268+0000] {manager.py:737} INFO - Searching for files in /opt/airflow/dags
[2025-09-07T17:07:42.359+0000] {manager.py:740} INFO - There are 1 files in /opt/airflow/dags
[2025-09-07T17:07:45.409+0000] {manager.py:878} INFO - 
================================================================================
DAG File Processing Stats

File Path                                PID    Runtime      # DAGs    # Errors  Last Runtime    Last Run
---------------------------------------  -----  ---------  --------  ----------  --------------  -------------------
/opt/airflow/dags/stock_pipeline_dag.py                           1           0  0.61s           2025-09-07T17:07:28
================================================================================
[2025-09-07T17:07:48.725+0000] {manager.py:452} INFO - Exiting gracefully upon receiving signal 15
[2025-09-07T17:07:59.626+0000] {manager.py:470} INFO - Processing files using up to 2 processes at a time 
[2025-09-07T17:07:59.627+0000] {manager.py:471} INFO - Process each file at most once every 30 seconds
[2025-09-07T17:07:59.628+0000] {manager.py:472} INFO - Checking for new files in /opt/airflow/dags every 300 seconds
[2025-09-07T17:07:59.629+0000] {manager.py:737} INFO - Searching for files in /opt/airflow/dags
[2025-09-07T17:07:59.649+0000] {manager.py:740} INFO - There are 1 files in /opt/airflow/dags
[2025-09-07T17:07:59.737+0000] {manager.py:878} INFO - 
================================================================================
DAG File Processing Stats

File Path                                  PID  Runtime      # DAGs    # Errors  Last Runtime    Last Run
---------------------------------------  -----  ---------  --------  ----------  --------------  ----------
/opt/airflow/dags/stock_pipeline_dag.py    164  0.04s             0           0
================================================================================
[2025-09-07T17:08:29.920+0000] {manager.py:878} INFO - 
================================================================================
DAG File Processing Stats

File Path                                PID    Runtime      # DAGs    # Errors  Last Runtime    Last Run
---------------------------------------  -----  ---------  --------  ----------  --------------  -------------------
/opt/airflow/dags/stock_pipeline_dag.py                           1           0  0.64s           2025-09-07T17:08:00
================================================================================
[2025-09-07T17:09:00.200+0000] {manager.py:878} INFO - 
================================================================================
DAG File Processing Stats

File Path                                PID    Runtime      # DAGs    # Errors  Last Runtime    Last Run
---------------------------------------  -----  ---------  --------  ----------  --------------  -------------------
/opt/airflow/dags/stock_pipeline_dag.py                           1           0  0.65s           2025-09-07T17:08:31
================================================================================
[2025-09-07T17:09:30.488+0000] {manager.py:878} INFO - 
================================================================================
DAG File Processing Stats

File Path                                PID    Runtime      # DAGs    # Errors  Last Runtime    Last Run
---------------------------------------  -----  ---------  --------  ----------  --------------  -------------------
/opt/airflow/dags/stock_pipeline_dag.py                           1           0  0.63s           2025-09-07T17:09:02
================================================================================
[2025-09-07T17:10:01.025+0000] {manager.py:878} INFO - 
================================================================================
DAG File Processing Stats

File Path                                PID    Runtime      # DAGs    # Errors  Last Runtime    Last Run
---------------------------------------  -----  ---------  --------  ----------  --------------  -------------------
/opt/airflow/dags/stock_pipeline_dag.py                           1           0  0.59s           2025-09-07T17:09:33
================================================================================
[2025-09-07T17:10:31.375+0000] {manager.py:878} INFO - 
================================================================================
DAG File Processing Stats

File Path                                PID    Runtime      # DAGs    # Errors  Last Runtime    Last Run
---------------------------------------  -----  ---------  --------  ----------  --------------  -------------------
/opt/airflow/dags/stock_pipeline_dag.py                           1           0  0.71s           2025-09-07T17:10:04
================================================================================
[2025-09-07T17:11:01.705+0000] {manager.py:878} INFO - 
================================================================================
DAG File Processing Stats

File Path                                PID    Runtime      # DAGs    # Errors  Last Runtime    Last Run
---------------------------------------  -----  ---------  --------  ----------  --------------  -------------------
/opt/airflow/dags/stock_pipeline_dag.py                           1           0  0.62s           2025-09-07T17:10:35
================================================================================
[2025-09-07T17:11:31.960+0000] {manager.py:878} INFO - 
================================================================================
DAG File Processing Stats

File Path                                PID    Runtime      # DAGs    # Errors  Last Runtime    Last Run
---------------------------------------  -----  ---------  --------  ----------  --------------  -------------------
/opt/airflow/dags/stock_pipeline_dag.py                           1           0  0.59s           2025-09-07T17:11:05
================================================================================
[2025-09-07T17:12:02.489+0000] {manager.py:878} INFO - 
================================================================================
DAG File Processing Stats

File Path                                PID    Runtime      # DAGs    # Errors  Last Runtime    Last Run
---------------------------------------  -----  ---------  --------  ----------  --------------  -------------------
/opt/airflow/dags/stock_pipeline_dag.py                           1           0  0.61s           2025-09-07T17:11:36
================================================================================
[2025-09-07T17:12:32.788+0000] {manager.py:878} INFO - 
================================================================================
DAG File Processing Stats

File Path                                PID    Runtime      # DAGs    # Errors  Last Runtime    Last Run
---------------------------------------  -----  ---------  --------  ----------  --------------  -------------------
/opt/airflow/dags/stock_pipeline_dag.py                           1           0  0.59s           2025-09-07T17:12:07
================================================================================
[2025-09-07T17:12:59.656+0000] {manager.py:737} INFO - Searching for files in /opt/airflow/dags
[2025-09-07T17:12:59.679+0000] {manager.py:740} INFO - There are 1 files in /opt/airflow/dags
[2025-09-07T17:13:03.452+0000] {manager.py:878} INFO - 
================================================================================
DAG File Processing Stats

File Path                                PID    Runtime      # DAGs    # Errors  Last Runtime    Last Run
---------------------------------------  -----  ---------  --------  ----------  --------------  -------------------
/opt/airflow/dags/stock_pipeline_dag.py                           1           0  0.57s           2025-09-07T17:12:38
================================================================================
[2025-09-07T17:13:34.144+0000] {manager.py:878} INFO - 
================================================================================
DAG File Processing Stats

File Path                                PID    Runtime      # DAGs    # Errors  Last Runtime    Last Run
---------------------------------------  -----  ---------  --------  ----------  --------------  -------------------
/opt/airflow/dags/stock_pipeline_dag.py                           1           0  0.62s           2025-09-07T17:13:09
================================================================================
[2025-09-07T17:14:04.668+0000] {manager.py:878} INFO - 
================================================================================
DAG File Processing Stats

File Path                                PID    Runtime      # DAGs    # Errors  Last Runtime    Last Run
---------------------------------------  -----  ---------  --------  ----------  --------------  -------------------
/opt/airflow/dags/stock_pipeline_dag.py                           1           0  0.47s           2025-09-07T17:13:39
================================================================================
[2025-09-07T17:14:35.204+0000] {manager.py:878} INFO - 
================================================================================
DAG File Processing Stats

File Path                                PID    Runtime      # DAGs    # Errors  Last Runtime    Last Run
---------------------------------------  -----  ---------  --------  ----------  --------------  -------------------
/opt/airflow/dags/stock_pipeline_dag.py                           1           0  0.46s           2025-09-07T17:14:10
================================================================================
[2025-09-07T17:15:05.781+0000] {manager.py:878} INFO - 
================================================================================
DAG File Processing Stats

File Path                                PID    Runtime      # DAGs    # Errors  Last Runtime    Last Run
---------------------------------------  -----  ---------  --------  ----------  --------------  -------------------
/opt/airflow/dags/stock_pipeline_dag.py                           1           0  0.53s           2025-09-07T17:14:39
================================================================================
[2025-09-07T17:15:36.255+0000] {manager.py:878} INFO - 
================================================================================
DAG File Processing Stats

File Path                                PID    Runtime      # DAGs    # Errors  Last Runtime    Last Run
---------------------------------------  -----  ---------  --------  ----------  --------------  -------------------
/opt/airflow/dags/stock_pipeline_dag.py                           1           0  0.46s           2025-09-07T17:15:10
================================================================================
[2025-09-07T17:15:55.485+0000] {manager.py:452} INFO - Exiting gracefully upon receiving signal 15
[2025-09-07T17:16:26.850+0000] {manager.py:470} INFO - Processing files using up to 2 processes at a time 
[2025-09-07T17:16:26.852+0000] {manager.py:471} INFO - Process each file at most once every 30 seconds
[2025-09-07T17:16:26.853+0000] {manager.py:472} INFO - Checking for new files in /opt/airflow/dags every 300 seconds
[2025-09-07T17:16:26.855+0000] {manager.py:737} INFO - Searching for files in /opt/airflow/dags
[2025-09-07T17:16:26.891+0000] {manager.py:740} INFO - There are 1 files in /opt/airflow/dags
[2025-09-07T17:16:27.047+0000] {manager.py:878} INFO - 
================================================================================
DAG File Processing Stats

File Path                                  PID  Runtime      # DAGs    # Errors  Last Runtime    Last Run
---------------------------------------  -----  ---------  --------  ----------  --------------  ----------
/opt/airflow/dags/stock_pipeline_dag.py    164  0.07s             0           0
================================================================================
[2025-09-07T17:16:57.213+0000] {manager.py:878} INFO - 
================================================================================
DAG File Processing Stats

File Path                                PID    Runtime      # DAGs    # Errors  Last Runtime    Last Run
---------------------------------------  -----  ---------  --------  ----------  --------------  -------------------
/opt/airflow/dags/stock_pipeline_dag.py                           1           0  2.52s           2025-09-07T17:16:29
================================================================================
[2025-09-07T17:17:27.538+0000] {manager.py:878} INFO - 
================================================================================
DAG File Processing Stats

File Path                                PID    Runtime      # DAGs    # Errors  Last Runtime    Last Run
---------------------------------------  -----  ---------  --------  ----------  --------------  -------------------
/opt/airflow/dags/stock_pipeline_dag.py                           1           0  0.64s           2025-09-07T17:17:00
================================================================================
[2025-09-07T17:17:57.918+0000] {manager.py:878} INFO - 
================================================================================
DAG File Processing Stats

File Path                                PID    Runtime      # DAGs    # Errors  Last Runtime    Last Run
---------------------------------------  -----  ---------  --------  ----------  --------------  -------------------
/opt/airflow/dags/stock_pipeline_dag.py                           1           0  0.64s           2025-09-07T17:17:31
================================================================================
[2025-09-07T17:18:28.166+0000] {manager.py:878} INFO - 
================================================================================
DAG File Processing Stats

File Path                                PID    Runtime      # DAGs    # Errors  Last Runtime    Last Run
---------------------------------------  -----  ---------  --------  ----------  --------------  -------------------
/opt/airflow/dags/stock_pipeline_dag.py                           1           0  0.60s           2025-09-07T17:18:02
================================================================================
[2025-09-07T17:18:58.694+0000] {manager.py:878} INFO - 
================================================================================
DAG File Processing Stats

File Path                                PID    Runtime      # DAGs    # Errors  Last Runtime    Last Run
---------------------------------------  -----  ---------  --------  ----------  --------------  -------------------
/opt/airflow/dags/stock_pipeline_dag.py                           1           0  0.63s           2025-09-07T17:18:32
================================================================================
[2025-09-07T17:19:28.972+0000] {manager.py:878} INFO - 
================================================================================
DAG File Processing Stats

File Path                                PID    Runtime      # DAGs    # Errors  Last Runtime    Last Run
---------------------------------------  -----  ---------  --------  ----------  --------------  -------------------
/opt/airflow/dags/stock_pipeline_dag.py                           1           0  0.68s           2025-09-07T17:19:03
================================================================================
[2025-09-07T17:19:59.309+0000] {manager.py:878} INFO - 
================================================================================
DAG File Processing Stats

File Path                                PID    Runtime      # DAGs    # Errors  Last Runtime    Last Run
---------------------------------------  -----  ---------  --------  ----------  --------------  -------------------
/opt/airflow/dags/stock_pipeline_dag.py                           1           0  0.65s           2025-09-07T17:19:34
================================================================================
[2025-09-07T17:20:29.659+0000] {manager.py:878} INFO - 
================================================================================
DAG File Processing Stats

File Path                                PID    Runtime      # DAGs    # Errors  Last Runtime    Last Run
---------------------------------------  -----  ---------  --------  ----------  --------------  -------------------
/opt/airflow/dags/stock_pipeline_dag.py                           1           0  0.65s           2025-09-07T17:20:05
================================================================================
[2025-09-07T17:20:42.452+0000] {manager.py:452} INFO - Exiting gracefully upon receiving signal 15
[2025-09-07T17:21:07.263+0000] {manager.py:470} INFO - Processing files using up to 2 processes at a time 
[2025-09-07T17:21:07.265+0000] {manager.py:471} INFO - Process each file at most once every 30 seconds
[2025-09-07T17:21:07.267+0000] {manager.py:472} INFO - Checking for new files in /opt/airflow/dags every 300 seconds
[2025-09-07T17:21:07.268+0000] {manager.py:737} INFO - Searching for files in /opt/airflow/dags
[2025-09-07T17:21:07.307+0000] {manager.py:740} INFO - There are 1 files in /opt/airflow/dags
[2025-09-07T17:21:07.489+0000] {manager.py:878} INFO - 
================================================================================
DAG File Processing Stats

File Path                                  PID  Runtime      # DAGs    # Errors  Last Runtime    Last Run
---------------------------------------  -----  ---------  --------  ----------  --------------  ----------
/opt/airflow/dags/stock_pipeline_dag.py    164  0.08s             0           0
================================================================================
[2025-09-07T17:21:34.043+0000] {manager.py:452} INFO - Exiting gracefully upon receiving signal 15
[2025-09-07T17:21:46.548+0000] {manager.py:470} INFO - Processing files using up to 2 processes at a time 
[2025-09-07T17:21:46.550+0000] {manager.py:471} INFO - Process each file at most once every 30 seconds
[2025-09-07T17:21:46.552+0000] {manager.py:472} INFO - Checking for new files in /opt/airflow/dags every 300 seconds
[2025-09-07T17:21:46.553+0000] {manager.py:737} INFO - Searching for files in /opt/airflow/dags
[2025-09-07T17:21:46.582+0000] {manager.py:740} INFO - There are 1 files in /opt/airflow/dags
[2025-09-07T17:21:46.709+0000] {manager.py:878} INFO - 
================================================================================
DAG File Processing Stats

File Path                                  PID  Runtime      # DAGs    # Errors  Last Runtime    Last Run
---------------------------------------  -----  ---------  --------  ----------  --------------  ----------
/opt/airflow/dags/stock_pipeline_dag.py    164  0.07s             0           0
================================================================================
[2025-09-07T17:22:16.909+0000] {manager.py:878} INFO - 
================================================================================
DAG File Processing Stats

File Path                                PID    Runtime      # DAGs    # Errors  Last Runtime    Last Run
---------------------------------------  -----  ---------  --------  ----------  --------------  -------------------
/opt/airflow/dags/stock_pipeline_dag.py                           1           0  0.71s           2025-09-07T17:21:47
================================================================================
[2025-09-07T17:22:47.140+0000] {manager.py:878} INFO - 
================================================================================
DAG File Processing Stats

File Path                                PID    Runtime      # DAGs    # Errors  Last Runtime    Last Run
---------------------------------------  -----  ---------  --------  ----------  --------------  -------------------
/opt/airflow/dags/stock_pipeline_dag.py                           1           0  0.63s           2025-09-07T17:22:18
================================================================================
[2025-09-07T17:23:17.420+0000] {manager.py:878} INFO - 
================================================================================
DAG File Processing Stats

File Path                                PID    Runtime      # DAGs    # Errors  Last Runtime    Last Run
---------------------------------------  -----  ---------  --------  ----------  --------------  -------------------
/opt/airflow/dags/stock_pipeline_dag.py                           1           0  0.65s           2025-09-07T17:22:49
================================================================================
[2025-09-07T17:23:47.943+0000] {manager.py:878} INFO - 
================================================================================
DAG File Processing Stats

File Path                                PID    Runtime      # DAGs    # Errors  Last Runtime    Last Run
---------------------------------------  -----  ---------  --------  ----------  --------------  -------------------
/opt/airflow/dags/stock_pipeline_dag.py                           1           0  0.52s           2025-09-07T17:23:19
================================================================================
[2025-09-07T17:24:18.093+0000] {manager.py:878} INFO - 
================================================================================
DAG File Processing Stats

File Path                                PID    Runtime      # DAGs    # Errors  Last Runtime    Last Run
---------------------------------------  -----  ---------  --------  ----------  --------------  -------------------
/opt/airflow/dags/stock_pipeline_dag.py                           1           0  0.62s           2025-09-07T17:23:50
================================================================================
[2025-09-07T17:24:48.792+0000] {manager.py:878} INFO - 
================================================================================
DAG File Processing Stats

File Path                                PID    Runtime      # DAGs    # Errors  Last Runtime    Last Run
---------------------------------------  -----  ---------  --------  ----------  --------------  -------------------
/opt/airflow/dags/stock_pipeline_dag.py                           1           0  0.61s           2025-09-07T17:24:21
================================================================================
[2025-09-07T17:25:19.326+0000] {manager.py:878} INFO - 
================================================================================
DAG File Processing Stats

File Path                                PID    Runtime      # DAGs    # Errors  Last Runtime    Last Run
---------------------------------------  -----  ---------  --------  ----------  --------------  -------------------
/opt/airflow/dags/stock_pipeline_dag.py                           1           0  0.58s           2025-09-07T17:24:52
================================================================================
[2025-09-07T17:25:49.515+0000] {manager.py:878} INFO - 
================================================================================
DAG File Processing Stats

File Path                                PID    Runtime      # DAGs    # Errors  Last Runtime    Last Run
---------------------------------------  -----  ---------  --------  ----------  --------------  -------------------
/opt/airflow/dags/stock_pipeline_dag.py                           1           0  0.61s           2025-09-07T17:25:23
================================================================================
[2025-09-07T17:26:20.248+0000] {manager.py:878} INFO - 
================================================================================
DAG File Processing Stats

File Path                                PID    Runtime      # DAGs    # Errors  Last Runtime    Last Run
---------------------------------------  -----  ---------  --------  ----------  --------------  -------------------
/opt/airflow/dags/stock_pipeline_dag.py                           1           0  0.58s           2025-09-07T17:25:54
================================================================================
[2025-09-07T17:26:46.627+0000] {manager.py:737} INFO - Searching for files in /opt/airflow/dags
[2025-09-07T17:26:46.652+0000] {manager.py:740} INFO - There are 1 files in /opt/airflow/dags
[2025-09-07T17:26:50.705+0000] {manager.py:878} INFO - 
================================================================================
DAG File Processing Stats

File Path                                PID    Runtime      # DAGs    # Errors  Last Runtime    Last Run
---------------------------------------  -----  ---------  --------  ----------  --------------  -------------------
/opt/airflow/dags/stock_pipeline_dag.py                           1           0  0.63s           2025-09-07T17:26:24
================================================================================
[2025-09-07T17:27:20.994+0000] {manager.py:878} INFO - 
================================================================================
DAG File Processing Stats

File Path                                PID    Runtime      # DAGs    # Errors  Last Runtime    Last Run
---------------------------------------  -----  ---------  --------  ----------  --------------  -------------------
/opt/airflow/dags/stock_pipeline_dag.py                           1           0  0.59s           2025-09-07T17:26:55
================================================================================
[2025-09-07T17:27:51.050+0000] {manager.py:878} INFO - 
================================================================================
DAG File Processing Stats

File Path                                PID    Runtime      # DAGs    # Errors  Last Runtime    Last Run
---------------------------------------  -----  ---------  --------  ----------  --------------  -------------------
/opt/airflow/dags/stock_pipeline_dag.py                           1           0  0.61s           2025-09-07T17:27:26
================================================================================
[2025-09-07T17:28:13.151+0000] {manager.py:452} INFO - Exiting gracefully upon receiving signal 15
[2025-09-07T17:28:46.384+0000] {manager.py:470} INFO - Processing files using up to 2 processes at a time 
[2025-09-07T17:28:46.387+0000] {manager.py:471} INFO - Process each file at most once every 30 seconds
[2025-09-07T17:28:46.388+0000] {manager.py:472} INFO - Checking for new files in /opt/airflow/dags every 300 seconds
[2025-09-07T17:28:46.390+0000] {manager.py:737} INFO - Searching for files in /opt/airflow/dags
[2025-09-07T17:28:46.427+0000] {manager.py:740} INFO - There are 1 files in /opt/airflow/dags
[2025-09-07T17:28:46.582+0000] {manager.py:878} INFO - 
================================================================================
DAG File Processing Stats

File Path                                  PID  Runtime      # DAGs    # Errors  Last Runtime    Last Run
---------------------------------------  -----  ---------  --------  ----------  --------------  ----------
/opt/airflow/dags/stock_pipeline_dag.py    164  0.06s             0           0
================================================================================
[2025-09-07T17:29:16.779+0000] {manager.py:878} INFO - 
================================================================================
DAG File Processing Stats

File Path                                PID    Runtime      # DAGs    # Errors  Last Runtime    Last Run
---------------------------------------  -----  ---------  --------  ----------  --------------  -------------------
/opt/airflow/dags/stock_pipeline_dag.py                           1           0  2.23s           2025-09-07T17:28:48
================================================================================
[2025-09-07T17:29:47.239+0000] {manager.py:878} INFO - 
================================================================================
DAG File Processing Stats

File Path                                PID    Runtime      # DAGs    # Errors  Last Runtime    Last Run
---------------------------------------  -----  ---------  --------  ----------  --------------  -------------------
/opt/airflow/dags/stock_pipeline_dag.py                           1           0  0.62s           2025-09-07T17:29:19
================================================================================
[2025-09-07T17:30:17.560+0000] {manager.py:878} INFO - 
================================================================================
DAG File Processing Stats

File Path                                PID    Runtime      # DAGs    # Errors  Last Runtime    Last Run
---------------------------------------  -----  ---------  --------  ----------  --------------  -------------------
/opt/airflow/dags/stock_pipeline_dag.py                           1           0  0.72s           2025-09-07T17:29:50
================================================================================
[2025-09-07T17:30:48.056+0000] {manager.py:878} INFO - 
================================================================================
DAG File Processing Stats

File Path                                PID    Runtime      # DAGs    # Errors  Last Runtime    Last Run
---------------------------------------  -----  ---------  --------  ----------  --------------  -------------------
/opt/airflow/dags/stock_pipeline_dag.py                           1           0  0.61s           2025-09-07T17:30:21
================================================================================
[2025-09-07T17:31:18.389+0000] {manager.py:878} INFO - 
================================================================================
DAG File Processing Stats

File Path                                PID    Runtime      # DAGs    # Errors  Last Runtime    Last Run
---------------------------------------  -----  ---------  --------  ----------  --------------  -------------------
/opt/airflow/dags/stock_pipeline_dag.py                           1           0  0.61s           2025-09-07T17:30:52
================================================================================
[2025-09-07T17:31:48.735+0000] {manager.py:878} INFO - 
================================================================================
DAG File Processing Stats

File Path                                PID    Runtime      # DAGs    # Errors  Last Runtime    Last Run
---------------------------------------  -----  ---------  --------  ----------  --------------  -------------------
/opt/airflow/dags/stock_pipeline_dag.py                           1           0  0.61s           2025-09-07T17:31:23
================================================================================
[2025-09-07T17:32:19.166+0000] {manager.py:878} INFO - 
================================================================================
DAG File Processing Stats

File Path                                PID    Runtime      # DAGs    # Errors  Last Runtime    Last Run
---------------------------------------  -----  ---------  --------  ----------  --------------  -------------------
/opt/airflow/dags/stock_pipeline_dag.py                           1           0  0.64s           2025-09-07T17:32:18
================================================================================
[2025-09-07T17:32:30.505+0000] {manager.py:452} INFO - Exiting gracefully upon receiving signal 15
[2025-09-07T17:32:39.481+0000] {manager.py:470} INFO - Processing files using up to 2 processes at a time 
[2025-09-07T17:32:39.483+0000] {manager.py:471} INFO - Process each file at most once every 30 seconds
[2025-09-07T17:32:39.483+0000] {manager.py:472} INFO - Checking for new files in /opt/airflow/dags every 300 seconds
[2025-09-07T17:32:39.484+0000] {manager.py:737} INFO - Searching for files in /opt/airflow/dags
[2025-09-07T17:32:39.504+0000] {manager.py:740} INFO - There are 1 files in /opt/airflow/dags
[2025-09-07T17:32:39.584+0000] {manager.py:878} INFO - 
================================================================================
DAG File Processing Stats

File Path                                  PID  Runtime      # DAGs    # Errors  Last Runtime    Last Run
---------------------------------------  -----  ---------  --------  ----------  --------------  ----------
/opt/airflow/dags/stock_pipeline_dag.py    164  0.04s             0           0
================================================================================
[2025-09-07T17:33:09.827+0000] {manager.py:878} INFO - 
================================================================================
DAG File Processing Stats

File Path                                PID    Runtime      # DAGs    # Errors  Last Runtime    Last Run
---------------------------------------  -----  ---------  --------  ----------  --------------  -------------------
/opt/airflow/dags/stock_pipeline_dag.py                           1           0  0.58s           2025-09-07T17:32:40
================================================================================
[2025-09-07T17:33:40.113+0000] {manager.py:878} INFO - 
================================================================================
DAG File Processing Stats

File Path                                PID    Runtime      # DAGs    # Errors  Last Runtime    Last Run
---------------------------------------  -----  ---------  --------  ----------  --------------  -------------------
/opt/airflow/dags/stock_pipeline_dag.py                           1           0  0.63s           2025-09-07T17:33:11
================================================================================
[2025-09-07T17:34:10.620+0000] {manager.py:878} INFO - 
================================================================================
DAG File Processing Stats

File Path                                PID    Runtime      # DAGs    # Errors  Last Runtime    Last Run
---------------------------------------  -----  ---------  --------  ----------  --------------  -------------------
/opt/airflow/dags/stock_pipeline_dag.py                           1           0  0.66s           2025-09-07T17:33:41
================================================================================
[2025-09-07T17:34:40.928+0000] {manager.py:878} INFO - 
================================================================================
DAG File Processing Stats

File Path                                PID    Runtime      # DAGs    # Errors  Last Runtime    Last Run
---------------------------------------  -----  ---------  --------  ----------  --------------  -------------------
/opt/airflow/dags/stock_pipeline_dag.py                           1           0  0.65s           2025-09-07T17:34:12
================================================================================
[2025-09-07T17:35:11.292+0000] {manager.py:878} INFO - 
================================================================================
DAG File Processing Stats

File Path                                PID    Runtime      # DAGs    # Errors  Last Runtime    Last Run
---------------------------------------  -----  ---------  --------  ----------  --------------  -------------------
/opt/airflow/dags/stock_pipeline_dag.py                           1           0  0.58s           2025-09-07T17:34:43
================================================================================
[2025-09-07T17:35:41.601+0000] {manager.py:878} INFO - 
================================================================================
DAG File Processing Stats

File Path                                PID    Runtime      # DAGs    # Errors  Last Runtime    Last Run
---------------------------------------  -----  ---------  --------  ----------  --------------  -------------------
/opt/airflow/dags/stock_pipeline_dag.py                           1           0  0.60s           2025-09-07T17:35:14
================================================================================
[2025-09-07T17:36:11.602+0000] {manager.py:878} INFO - 
================================================================================
DAG File Processing Stats

File Path                                PID    Runtime      # DAGs    # Errors  Last Runtime    Last Run
---------------------------------------  -----  ---------  --------  ----------  --------------  -------------------
/opt/airflow/dags/stock_pipeline_dag.py                           1           0  0.62s           2025-09-07T17:35:45
================================================================================
[2025-09-07T17:36:42.345+0000] {manager.py:878} INFO - 
================================================================================
DAG File Processing Stats

File Path                                PID    Runtime      # DAGs    # Errors  Last Runtime    Last Run
---------------------------------------  -----  ---------  --------  ----------  --------------  -------------------
/opt/airflow/dags/stock_pipeline_dag.py                           1           0  0.61s           2025-09-07T17:36:16
================================================================================
[2025-09-07T17:37:12.750+0000] {manager.py:878} INFO - 
================================================================================
DAG File Processing Stats

File Path                                PID    Runtime      # DAGs    # Errors  Last Runtime    Last Run
---------------------------------------  -----  ---------  --------  ----------  --------------  -------------------
/opt/airflow/dags/stock_pipeline_dag.py                           1           0  0.77s           2025-09-07T17:36:47
================================================================================
[2025-09-07T17:37:39.956+0000] {manager.py:737} INFO - Searching for files in /opt/airflow/dags
[2025-09-07T17:37:39.988+0000] {manager.py:740} INFO - There are 1 files in /opt/airflow/dags
[2025-09-07T17:37:43.028+0000] {manager.py:878} INFO - 
================================================================================
DAG File Processing Stats

File Path                                PID    Runtime      # DAGs    # Errors  Last Runtime    Last Run
---------------------------------------  -----  ---------  --------  ----------  --------------  -------------------
/opt/airflow/dags/stock_pipeline_dag.py                           1           0  0.61s           2025-09-07T17:37:17
================================================================================
[2025-09-07T17:38:13.058+0000] {manager.py:878} INFO - 
================================================================================
DAG File Processing Stats

File Path                                PID    Runtime      # DAGs    # Errors  Last Runtime    Last Run
---------------------------------------  -----  ---------  --------  ----------  --------------  -------------------
/opt/airflow/dags/stock_pipeline_dag.py                           1           0  0.71s           2025-09-07T17:37:48
================================================================================
[2025-09-07T17:38:43.862+0000] {manager.py:878} INFO - 
================================================================================
DAG File Processing Stats

File Path                                PID    Runtime      # DAGs    # Errors  Last Runtime    Last Run
---------------------------------------  -----  ---------  --------  ----------  --------------  -------------------
/opt/airflow/dags/stock_pipeline_dag.py                           1           0  0.59s           2025-09-07T17:38:19
================================================================================
[2025-09-07T17:39:14.349+0000] {manager.py:878} INFO - 
================================================================================
DAG File Processing Stats

File Path                                PID    Runtime      # DAGs    # Errors  Last Runtime    Last Run
---------------------------------------  -----  ---------  --------  ----------  --------------  -------------------
/opt/airflow/dags/stock_pipeline_dag.py                           1           0  0.48s           2025-09-07T17:38:50
================================================================================
[2025-09-07T17:39:45.179+0000] {manager.py:878} INFO - 
================================================================================
DAG File Processing Stats

File Path                                PID    Runtime      # DAGs    # Errors  Last Runtime    Last Run
---------------------------------------  -----  ---------  --------  ----------  --------------  -------------------
/opt/airflow/dags/stock_pipeline_dag.py                           1           0  0.47s           2025-09-07T17:39:32
================================================================================
[2025-09-07T17:40:15.594+0000] {manager.py:878} INFO - 
================================================================================
DAG File Processing Stats

File Path                                PID    Runtime      # DAGs    # Errors  Last Runtime    Last Run
---------------------------------------  -----  ---------  --------  ----------  --------------  -------------------
/opt/airflow/dags/stock_pipeline_dag.py                           1           0  0.48s           2025-09-07T17:40:02
================================================================================
[2025-09-07T17:40:45.713+0000] {manager.py:878} INFO - 
================================================================================
DAG File Processing Stats

File Path                                PID    Runtime      # DAGs    # Errors  Last Runtime    Last Run
---------------------------------------  -----  ---------  --------  ----------  --------------  -------------------
/opt/airflow/dags/stock_pipeline_dag.py                           1           0  0.48s           2025-09-07T17:40:33
================================================================================
[2025-09-07T17:41:16.493+0000] {manager.py:878} INFO - 
================================================================================
DAG File Processing Stats

File Path                                PID    Runtime      # DAGs    # Errors  Last Runtime    Last Run
---------------------------------------  -----  ---------  --------  ----------  --------------  -------------------
/opt/airflow/dags/stock_pipeline_dag.py                           1           0  0.47s           2025-09-07T17:41:04
================================================================================
[2025-09-07T17:41:46.779+0000] {manager.py:878} INFO - 
================================================================================
DAG File Processing Stats

File Path                                PID    Runtime      # DAGs    # Errors  Last Runtime    Last Run
---------------------------------------  -----  ---------  --------  ----------  --------------  -------------------
/opt/airflow/dags/stock_pipeline_dag.py                           1           0  0.47s           2025-09-07T17:41:35
================================================================================
[2025-09-07T17:42:17.074+0000] {manager.py:878} INFO - 
================================================================================
DAG File Processing Stats

File Path                                PID    Runtime      # DAGs    # Errors  Last Runtime    Last Run
---------------------------------------  -----  ---------  --------  ----------  --------------  -------------------
/opt/airflow/dags/stock_pipeline_dag.py                           1           0  0.46s           2025-09-07T17:41:59
================================================================================
[2025-09-07T17:42:40.159+0000] {manager.py:737} INFO - Searching for files in /opt/airflow/dags
[2025-09-07T17:42:40.240+0000] {manager.py:740} INFO - There are 1 files in /opt/airflow/dags
[2025-09-07T17:42:45.312+0000] {manager.py:452} INFO - Exiting gracefully upon receiving signal 15
[2025-09-07T17:43:07.479+0000] {manager.py:470} INFO - Processing files using up to 2 processes at a time 
[2025-09-07T17:43:07.482+0000] {manager.py:471} INFO - Process each file at most once every 30 seconds
[2025-09-07T17:43:07.485+0000] {manager.py:472} INFO - Checking for new files in /opt/airflow/dags every 300 seconds
[2025-09-07T17:43:07.487+0000] {manager.py:737} INFO - Searching for files in /opt/airflow/dags
[2025-09-07T17:43:07.529+0000] {manager.py:740} INFO - There are 1 files in /opt/airflow/dags
[2025-09-07T17:43:07.677+0000] {manager.py:878} INFO - 
================================================================================
DAG File Processing Stats

File Path                                  PID  Runtime      # DAGs    # Errors  Last Runtime    Last Run
---------------------------------------  -----  ---------  --------  ----------  --------------  ----------
/opt/airflow/dags/stock_pipeline_dag.py    164  0.06s             0           0
================================================================================
[2025-09-07T17:43:37.898+0000] {manager.py:878} INFO - 
================================================================================
DAG File Processing Stats

File Path                                PID    Runtime      # DAGs    # Errors  Last Runtime    Last Run
---------------------------------------  -----  ---------  --------  ----------  --------------  -------------------
/opt/airflow/dags/stock_pipeline_dag.py                           1           0  2.23s           2025-09-07T17:43:09
================================================================================
[2025-09-07T17:44:07.962+0000] {manager.py:878} INFO - 
================================================================================
DAG File Processing Stats

File Path                                PID    Runtime      # DAGs    # Errors  Last Runtime    Last Run
---------------------------------------  -----  ---------  --------  ----------  --------------  -------------------
/opt/airflow/dags/stock_pipeline_dag.py                           1           0  0.82s           2025-09-07T17:43:40
================================================================================
[2025-09-07T17:44:38.572+0000] {manager.py:878} INFO - 
================================================================================
DAG File Processing Stats

File Path                                PID    Runtime      # DAGs    # Errors  Last Runtime    Last Run
---------------------------------------  -----  ---------  --------  ----------  --------------  -------------------
/opt/airflow/dags/stock_pipeline_dag.py                           1           0  0.65s           2025-09-07T17:44:11
================================================================================
[2025-09-07T17:45:08.904+0000] {manager.py:878} INFO - 
================================================================================
DAG File Processing Stats

File Path                                PID    Runtime      # DAGs    # Errors  Last Runtime    Last Run
---------------------------------------  -----  ---------  --------  ----------  --------------  -------------------
/opt/airflow/dags/stock_pipeline_dag.py                           1           0  0.61s           2025-09-07T17:44:42
================================================================================
[2025-09-07T17:45:39.608+0000] {manager.py:878} INFO - 
================================================================================
DAG File Processing Stats

File Path                                PID    Runtime      # DAGs    # Errors  Last Runtime    Last Run
---------------------------------------  -----  ---------  --------  ----------  --------------  -------------------
/opt/airflow/dags/stock_pipeline_dag.py                           1           0  0.60s           2025-09-07T17:45:13
================================================================================
[2025-09-07T17:46:09.804+0000] {manager.py:878} INFO - 
================================================================================
DAG File Processing Stats

File Path                                PID    Runtime      # DAGs    # Errors  Last Runtime    Last Run
---------------------------------------  -----  ---------  --------  ----------  --------------  -------------------
/opt/airflow/dags/stock_pipeline_dag.py                           1           0  0.81s           2025-09-07T17:45:45
================================================================================
[2025-09-07T17:46:40.071+0000] {manager.py:878} INFO - 
================================================================================
DAG File Processing Stats

File Path                                PID    Runtime      # DAGs    # Errors  Last Runtime    Last Run
---------------------------------------  -----  ---------  --------  ----------  --------------  -------------------
/opt/airflow/dags/stock_pipeline_dag.py                           1           0  0.62s           2025-09-07T17:46:16
================================================================================
[2025-09-07T17:47:10.367+0000] {manager.py:878} INFO - 
================================================================================
DAG File Processing Stats

File Path                                PID    Runtime      # DAGs    # Errors  Last Runtime    Last Run
---------------------------------------  -----  ---------  --------  ----------  --------------  -------------------
/opt/airflow/dags/stock_pipeline_dag.py                           1           0  0.61s           2025-09-07T17:46:47
================================================================================
[2025-09-07T17:47:40.612+0000] {manager.py:878} INFO - 
================================================================================
DAG File Processing Stats

File Path                                PID    Runtime      # DAGs    # Errors  Last Runtime    Last Run
---------------------------------------  -----  ---------  --------  ----------  --------------  -------------------
/opt/airflow/dags/stock_pipeline_dag.py                           1           0  0.64s           2025-09-07T17:47:18
================================================================================
[2025-09-07T17:48:07.873+0000] {manager.py:737} INFO - Searching for files in /opt/airflow/dags
[2025-09-07T17:48:07.951+0000] {manager.py:740} INFO - There are 1 files in /opt/airflow/dags
[2025-09-07T17:48:11.014+0000] {manager.py:878} INFO - 
================================================================================
DAG File Processing Stats

File Path                                PID    Runtime      # DAGs    # Errors  Last Runtime    Last Run
---------------------------------------  -----  ---------  --------  ----------  --------------  -------------------
/opt/airflow/dags/stock_pipeline_dag.py                           1           0  0.62s           2025-09-07T17:47:42
================================================================================
[2025-09-07T17:48:41.428+0000] {manager.py:878} INFO - 
================================================================================
DAG File Processing Stats

File Path                                PID    Runtime      # DAGs    # Errors  Last Runtime    Last Run
---------------------------------------  -----  ---------  --------  ----------  --------------  -------------------
/opt/airflow/dags/stock_pipeline_dag.py                           1           0  0.49s           2025-09-07T17:48:13
================================================================================
[2025-09-07T17:49:11.600+0000] {manager.py:878} INFO - 
================================================================================
DAG File Processing Stats

File Path                                PID    Runtime      # DAGs    # Errors  Last Runtime    Last Run
---------------------------------------  -----  ---------  --------  ----------  --------------  -------------------
/opt/airflow/dags/stock_pipeline_dag.py                           1           0  0.47s           2025-09-07T17:48:44
================================================================================
[2025-09-07T17:49:41.926+0000] {manager.py:878} INFO - 
================================================================================
DAG File Processing Stats

File Path                                PID    Runtime      # DAGs    # Errors  Last Runtime    Last Run
---------------------------------------  -----  ---------  --------  ----------  --------------  -------------------
/opt/airflow/dags/stock_pipeline_dag.py                           1           0  0.50s           2025-09-07T17:49:15
================================================================================
[2025-09-07T17:50:12.222+0000] {manager.py:878} INFO - 
================================================================================
DAG File Processing Stats

File Path                                PID    Runtime      # DAGs    # Errors  Last Runtime    Last Run
---------------------------------------  -----  ---------  --------  ----------  --------------  -------------------
/opt/airflow/dags/stock_pipeline_dag.py                           1           0  0.47s           2025-09-07T17:49:45
================================================================================
[2025-09-07T17:50:42.503+0000] {manager.py:878} INFO - 
================================================================================
DAG File Processing Stats

File Path                                PID    Runtime      # DAGs    # Errors  Last Runtime    Last Run
---------------------------------------  -----  ---------  --------  ----------  --------------  -------------------
/opt/airflow/dags/stock_pipeline_dag.py                           1           0  0.47s           2025-09-07T17:50:20
================================================================================
[2025-09-07T17:51:12.832+0000] {manager.py:878} INFO - 
================================================================================
DAG File Processing Stats

File Path                                PID    Runtime      # DAGs    # Errors  Last Runtime    Last Run
---------------------------------------  -----  ---------  --------  ----------  --------------  -------------------
/opt/airflow/dags/stock_pipeline_dag.py                           1           0  0.45s           2025-09-07T17:50:51
================================================================================
[2025-09-07T17:51:43.101+0000] {manager.py:878} INFO - 
================================================================================
DAG File Processing Stats

File Path                                PID    Runtime      # DAGs    # Errors  Last Runtime    Last Run
---------------------------------------  -----  ---------  --------  ----------  --------------  -------------------
/opt/airflow/dags/stock_pipeline_dag.py                           1           0  0.45s           2025-09-07T17:51:21
================================================================================
[2025-09-07T17:52:13.299+0000] {manager.py:878} INFO - 
================================================================================
DAG File Processing Stats

File Path                                PID    Runtime      # DAGs    # Errors  Last Runtime    Last Run
---------------------------------------  -----  ---------  --------  ----------  --------------  -------------------
/opt/airflow/dags/stock_pipeline_dag.py                           1           0  0.48s           2025-09-07T17:51:52
================================================================================
[2025-09-07T17:52:43.491+0000] {manager.py:878} INFO - 
================================================================================
DAG File Processing Stats

File Path                                PID    Runtime      # DAGs    # Errors  Last Runtime    Last Run
---------------------------------------  -----  ---------  --------  ----------  --------------  -------------------
/opt/airflow/dags/stock_pipeline_dag.py                           1           0  0.53s           2025-09-07T17:52:23
================================================================================
[2025-09-07T17:53:08.330+0000] {manager.py:737} INFO - Searching for files in /opt/airflow/dags
[2025-09-07T17:53:08.358+0000] {manager.py:740} INFO - There are 1 files in /opt/airflow/dags
[2025-09-07T17:53:13.675+0000] {manager.py:878} INFO - 
================================================================================
DAG File Processing Stats

File Path                                PID    Runtime      # DAGs    # Errors  Last Runtime    Last Run
---------------------------------------  -----  ---------  --------  ----------  --------------  -------------------
/opt/airflow/dags/stock_pipeline_dag.py                           1           0  0.68s           2025-09-07T17:52:54
================================================================================
[2025-09-07T17:53:24.373+0000] {manager.py:452} INFO - Exiting gracefully upon receiving signal 15
[2025-09-07T17:53:59.524+0000] {manager.py:470} INFO - Processing files using up to 2 processes at a time 
[2025-09-07T17:53:59.526+0000] {manager.py:471} INFO - Process each file at most once every 30 seconds
[2025-09-07T17:53:59.528+0000] {manager.py:472} INFO - Checking for new files in /opt/airflow/dags every 300 seconds
[2025-09-07T17:53:59.530+0000] {manager.py:737} INFO - Searching for files in /opt/airflow/dags
[2025-09-07T17:53:59.578+0000] {manager.py:740} INFO - There are 1 files in /opt/airflow/dags
[2025-09-07T17:53:59.813+0000] {manager.py:878} INFO - 
================================================================================
DAG File Processing Stats

File Path                                  PID  Runtime      # DAGs    # Errors  Last Runtime    Last Run
---------------------------------------  -----  ---------  --------  ----------  --------------  ----------
/opt/airflow/dags/stock_pipeline_dag.py    164  0.11s             0           0
================================================================================
[2025-09-07T17:54:30.016+0000] {manager.py:878} INFO - 
================================================================================
DAG File Processing Stats

File Path                                PID    Runtime      # DAGs    # Errors  Last Runtime    Last Run
---------------------------------------  -----  ---------  --------  ----------  --------------  -------------------
/opt/airflow/dags/stock_pipeline_dag.py                           1           0  4.30s           2025-09-07T17:54:03
================================================================================
[2025-09-07T17:55:00.134+0000] {manager.py:878} INFO - 
================================================================================
DAG File Processing Stats

File Path                                PID    Runtime      # DAGs    # Errors  Last Runtime    Last Run
---------------------------------------  -----  ---------  --------  ----------  --------------  -------------------
/opt/airflow/dags/stock_pipeline_dag.py                           1           0  0.85s           2025-09-07T17:54:34
================================================================================
[2025-09-07T17:55:30.791+0000] {manager.py:878} INFO - 
================================================================================
DAG File Processing Stats

File Path                                PID    Runtime      # DAGs    # Errors  Last Runtime    Last Run
---------------------------------------  -----  ---------  --------  ----------  --------------  -------------------
/opt/airflow/dags/stock_pipeline_dag.py                           1           0  0.65s           2025-09-07T17:55:05
================================================================================
[2025-09-07T17:56:01.110+0000] {manager.py:878} INFO - 
================================================================================
DAG File Processing Stats

File Path                                PID    Runtime      # DAGs    # Errors  Last Runtime    Last Run
---------------------------------------  -----  ---------  --------  ----------  --------------  -------------------
/opt/airflow/dags/stock_pipeline_dag.py                           1           0  0.73s           2025-09-07T17:56:01
================================================================================
[2025-09-07T17:56:31.396+0000] {manager.py:878} INFO - 
================================================================================
DAG File Processing Stats

File Path                                  PID  Runtime      # DAGs    # Errors  Last Runtime    Last Run
---------------------------------------  -----  ---------  --------  ----------  --------------  -------------------
/opt/airflow/dags/stock_pipeline_dag.py    194  0.00s             1           0  0.73s           2025-09-07T17:56:01
================================================================================
[2025-09-07T17:57:02.322+0000] {manager.py:878} INFO - 
================================================================================
DAG File Processing Stats

File Path                                  PID  Runtime      # DAGs    # Errors  Last Runtime    Last Run
---------------------------------------  -----  ---------  --------  ----------  --------------  -------------------
/opt/airflow/dags/stock_pipeline_dag.py    200  0.01s             1           0  0.66s           2025-09-07T17:56:32
================================================================================
[2025-09-07T17:57:32.632+0000] {manager.py:878} INFO - 
================================================================================
DAG File Processing Stats

File Path                                PID    Runtime      # DAGs    # Errors  Last Runtime    Last Run
---------------------------------------  -----  ---------  --------  ----------  --------------  -------------------
/opt/airflow/dags/stock_pipeline_dag.py                           1           0  0.60s           2025-09-07T17:57:02
================================================================================
[2025-09-07T17:58:02.908+0000] {manager.py:878} INFO - 
================================================================================
DAG File Processing Stats

File Path                                PID    Runtime      # DAGs    # Errors  Last Runtime    Last Run
---------------------------------------  -----  ---------  --------  ----------  --------------  -------------------
/opt/airflow/dags/stock_pipeline_dag.py                           1           0  0.65s           2025-09-07T17:57:33
================================================================================
[2025-09-07T17:58:33.555+0000] {manager.py:878} INFO - 
================================================================================
DAG File Processing Stats

File Path                                PID    Runtime      # DAGs    # Errors  Last Runtime    Last Run
---------------------------------------  -----  ---------  --------  ----------  --------------  -------------------
/opt/airflow/dags/stock_pipeline_dag.py                           1           0  0.58s           2025-09-07T17:58:04
================================================================================
[2025-09-07T17:59:00.024+0000] {manager.py:737} INFO - Searching for files in /opt/airflow/dags
[2025-09-07T17:59:00.051+0000] {manager.py:740} INFO - There are 1 files in /opt/airflow/dags
[2025-09-07T17:59:04.113+0000] {manager.py:878} INFO - 
================================================================================
DAG File Processing Stats

File Path                                PID    Runtime      # DAGs    # Errors  Last Runtime    Last Run
---------------------------------------  -----  ---------  --------  ----------  --------------  -------------------
/opt/airflow/dags/stock_pipeline_dag.py                           1           0  0.48s           2025-09-07T17:58:35
================================================================================
[2025-09-07T17:59:34.616+0000] {manager.py:878} INFO - 
================================================================================
DAG File Processing Stats

File Path                                PID    Runtime      # DAGs    # Errors  Last Runtime    Last Run
---------------------------------------  -----  ---------  --------  ----------  --------------  -------------------
/opt/airflow/dags/stock_pipeline_dag.py                           1           0  0.48s           2025-09-07T17:59:05
================================================================================
[2025-09-07T18:00:05.070+0000] {manager.py:878} INFO - 
================================================================================
DAG File Processing Stats

File Path                                PID    Runtime      # DAGs    # Errors  Last Runtime    Last Run
---------------------------------------  -----  ---------  --------  ----------  --------------  -------------------
/opt/airflow/dags/stock_pipeline_dag.py                           1           0  0.48s           2025-09-07T17:59:36
================================================================================
[2025-09-07T18:00:08.261+0000] {manager.py:452} INFO - Exiting gracefully upon receiving signal 15
[2025-09-07T18:00:36.225+0000] {manager.py:470} INFO - Processing files using up to 2 processes at a time 
[2025-09-07T18:00:36.227+0000] {manager.py:471} INFO - Process each file at most once every 30 seconds
[2025-09-07T18:00:36.229+0000] {manager.py:472} INFO - Checking for new files in /opt/airflow/dags every 300 seconds
[2025-09-07T18:00:36.231+0000] {manager.py:737} INFO - Searching for files in /opt/airflow/dags
[2025-09-07T18:00:36.272+0000] {manager.py:740} INFO - There are 1 files in /opt/airflow/dags
[2025-09-07T18:00:36.448+0000] {manager.py:878} INFO - 
================================================================================
DAG File Processing Stats

File Path                                  PID  Runtime      # DAGs    # Errors  Last Runtime    Last Run
---------------------------------------  -----  ---------  --------  ----------  --------------  ----------
/opt/airflow/dags/stock_pipeline_dag.py    164  0.07s             0           0
================================================================================
[2025-09-07T18:01:06.637+0000] {manager.py:878} INFO - 
================================================================================
DAG File Processing Stats

File Path                                PID    Runtime      # DAGs    # Errors  Last Runtime    Last Run
---------------------------------------  -----  ---------  --------  ----------  --------------  -------------------
/opt/airflow/dags/stock_pipeline_dag.py                           1           0  2.49s           2025-09-07T18:00:38
================================================================================
[2025-09-07T18:01:36.811+0000] {manager.py:878} INFO - 
================================================================================
DAG File Processing Stats

File Path                                PID    Runtime      # DAGs    # Errors  Last Runtime    Last Run
---------------------------------------  -----  ---------  --------  ----------  --------------  -------------------
/opt/airflow/dags/stock_pipeline_dag.py                           1           0  0.76s           2025-09-07T18:01:09
================================================================================
[2025-09-08T01:05:32.109+0000] {manager.py:470} INFO - Processing files using up to 2 processes at a time 
[2025-09-08T01:05:32.112+0000] {manager.py:471} INFO - Process each file at most once every 30 seconds
[2025-09-08T01:05:32.114+0000] {manager.py:472} INFO - Checking for new files in /opt/airflow/dags every 300 seconds
[2025-09-08T01:05:32.117+0000] {manager.py:737} INFO - Searching for files in /opt/airflow/dags
[2025-09-08T01:05:32.234+0000] {manager.py:740} INFO - There are 1 files in /opt/airflow/dags
[2025-09-08T01:05:32.446+0000] {manager.py:878} INFO - 
================================================================================
DAG File Processing Stats

File Path                                  PID  Runtime      # DAGs    # Errors  Last Runtime    Last Run
---------------------------------------  -----  ---------  --------  ----------  --------------  ----------
/opt/airflow/dags/stock_pipeline_dag.py    164  0.08s             0           0
================================================================================
[2025-09-08T01:06:02.672+0000] {manager.py:878} INFO - 
================================================================================
DAG File Processing Stats

File Path                                PID    Runtime      # DAGs    # Errors  Last Runtime    Last Run
---------------------------------------  -----  ---------  --------  ----------  --------------  -------------------
/opt/airflow/dags/stock_pipeline_dag.py                           1           0  6.13s           2025-09-08T01:05:38
================================================================================
[2025-09-08T01:06:33.102+0000] {manager.py:878} INFO - 
================================================================================
DAG File Processing Stats

File Path                                PID    Runtime      # DAGs    # Errors  Last Runtime    Last Run
---------------------------------------  -----  ---------  --------  ----------  --------------  -------------------
/opt/airflow/dags/stock_pipeline_dag.py                           1           0  1.19s           2025-09-08T01:06:09
================================================================================
[2025-09-08T01:07:03.537+0000] {manager.py:878} INFO - 
================================================================================
DAG File Processing Stats

File Path                                PID    Runtime      # DAGs    # Errors  Last Runtime    Last Run
---------------------------------------  -----  ---------  --------  ----------  --------------  -------------------
/opt/airflow/dags/stock_pipeline_dag.py                           1           0  1.32s           2025-09-08T01:06:41
================================================================================
[2025-09-08T01:07:33.626+0000] {manager.py:878} INFO - 
================================================================================
DAG File Processing Stats

File Path                                PID    Runtime      # DAGs    # Errors  Last Runtime    Last Run
---------------------------------------  -----  ---------  --------  ----------  --------------  -------------------
/opt/airflow/dags/stock_pipeline_dag.py                           1           0  1.71s           2025-09-08T01:07:13
================================================================================
[2025-09-08T01:08:03.895+0000] {manager.py:878} INFO - 
================================================================================
DAG File Processing Stats

File Path                                PID    Runtime      # DAGs    # Errors  Last Runtime    Last Run
---------------------------------------  -----  ---------  --------  ----------  --------------  -------------------
/opt/airflow/dags/stock_pipeline_dag.py                           1           0  1.87s           2025-09-08T01:07:45
================================================================================
[2025-09-08T01:08:34.068+0000] {manager.py:878} INFO - 
================================================================================
DAG File Processing Stats

File Path                                PID    Runtime      # DAGs    # Errors  Last Runtime    Last Run
---------------------------------------  -----  ---------  --------  ----------  --------------  -------------------
/opt/airflow/dags/stock_pipeline_dag.py                           1           0  2.10s           2025-09-08T01:08:17
================================================================================
[2025-09-08T01:09:04.606+0000] {manager.py:878} INFO - 
================================================================================
DAG File Processing Stats

File Path                                PID    Runtime      # DAGs    # Errors  Last Runtime    Last Run
---------------------------------------  -----  ---------  --------  ----------  --------------  -------------------
/opt/airflow/dags/stock_pipeline_dag.py                           1           0  1.44s           2025-09-08T01:08:49
================================================================================
[2025-09-08T01:09:35.150+0000] {manager.py:878} INFO - 
================================================================================
DAG File Processing Stats

File Path                                PID    Runtime      # DAGs    # Errors  Last Runtime    Last Run
---------------------------------------  -----  ---------  --------  ----------  --------------  -------------------
/opt/airflow/dags/stock_pipeline_dag.py                           1           0  2.24s           2025-09-08T01:09:22
================================================================================
[2025-09-08T01:10:05.946+0000] {manager.py:878} INFO - 
================================================================================
DAG File Processing Stats

File Path                                PID    Runtime      # DAGs    # Errors  Last Runtime    Last Run
---------------------------------------  -----  ---------  --------  ----------  --------------  -------------------
/opt/airflow/dags/stock_pipeline_dag.py                           1           0  1.36s           2025-09-08T01:09:53
================================================================================
[2025-09-08T01:10:32.258+0000] {manager.py:737} INFO - Searching for files in /opt/airflow/dags
[2025-09-08T01:10:32.412+0000] {manager.py:740} INFO - There are 1 files in /opt/airflow/dags
[2025-09-08T01:10:36.551+0000] {manager.py:878} INFO - 
================================================================================
DAG File Processing Stats

File Path                                PID    Runtime      # DAGs    # Errors  Last Runtime    Last Run
---------------------------------------  -----  ---------  --------  ----------  --------------  -------------------
/opt/airflow/dags/stock_pipeline_dag.py                           1           0  1.89s           2025-09-08T01:10:26
================================================================================
[2025-09-08T01:11:07.026+0000] {manager.py:878} INFO - 
================================================================================
DAG File Processing Stats

File Path                                PID    Runtime      # DAGs    # Errors  Last Runtime    Last Run
---------------------------------------  -----  ---------  --------  ----------  --------------  -------------------
/opt/airflow/dags/stock_pipeline_dag.py                           1           0  1.28s           2025-09-08T01:10:58
================================================================================
[2025-09-08T01:11:37.703+0000] {manager.py:878} INFO - 
================================================================================
DAG File Processing Stats

File Path                                PID    Runtime      # DAGs    # Errors  Last Runtime    Last Run
---------------------------------------  -----  ---------  --------  ----------  --------------  -------------------
/opt/airflow/dags/stock_pipeline_dag.py                           1           0  1.30s           2025-09-08T01:11:29
================================================================================
[2025-09-08T01:12:08.129+0000] {manager.py:878} INFO - 
================================================================================
DAG File Processing Stats

File Path                                PID    Runtime      # DAGs    # Errors  Last Runtime    Last Run
---------------------------------------  -----  ---------  --------  ----------  --------------  -------------------
/opt/airflow/dags/stock_pipeline_dag.py                           1           0  1.07s           2025-09-08T01:12:01
================================================================================
[2025-09-08T01:12:38.628+0000] {manager.py:878} INFO - 
================================================================================
DAG File Processing Stats

File Path                                PID    Runtime      # DAGs    # Errors  Last Runtime    Last Run
---------------------------------------  -----  ---------  --------  ----------  --------------  -------------------
/opt/airflow/dags/stock_pipeline_dag.py                           1           0  1.00s           2025-09-08T01:12:32
================================================================================
[2025-09-08T01:13:09.098+0000] {manager.py:878} INFO - 
================================================================================
DAG File Processing Stats

File Path                                PID    Runtime      # DAGs    # Errors  Last Runtime    Last Run
---------------------------------------  -----  ---------  --------  ----------  --------------  -------------------
/opt/airflow/dags/stock_pipeline_dag.py                           1           0  1.10s           2025-09-08T01:13:04
================================================================================
[2025-09-08T01:13:39.570+0000] {manager.py:878} INFO - 
================================================================================
DAG File Processing Stats

File Path                                PID    Runtime      # DAGs    # Errors  Last Runtime    Last Run
---------------------------------------  -----  ---------  --------  ----------  --------------  -------------------
/opt/airflow/dags/stock_pipeline_dag.py                           1           0  1.08s           2025-09-08T01:13:35
================================================================================
[2025-09-08T01:14:10.042+0000] {manager.py:878} INFO - 
================================================================================
DAG File Processing Stats

File Path                                PID    Runtime      # DAGs    # Errors  Last Runtime    Last Run
---------------------------------------  -----  ---------  --------  ----------  --------------  -------------------
/opt/airflow/dags/stock_pipeline_dag.py                           1           0  1.05s           2025-09-08T01:14:06
================================================================================
[2025-09-08T01:14:40.528+0000] {manager.py:878} INFO - 
================================================================================
DAG File Processing Stats

File Path                                PID    Runtime      # DAGs    # Errors  Last Runtime    Last Run
---------------------------------------  -----  ---------  --------  ----------  --------------  -------------------
/opt/airflow/dags/stock_pipeline_dag.py                           1           0  1.10s           2025-09-08T01:14:38
================================================================================
[2025-09-08T01:15:10.991+0000] {manager.py:878} INFO - 
================================================================================
DAG File Processing Stats

File Path                                PID    Runtime      # DAGs    # Errors  Last Runtime    Last Run
---------------------------------------  -----  ---------  --------  ----------  --------------  -------------------
/opt/airflow/dags/stock_pipeline_dag.py                           1           0  1.14s           2025-09-08T01:15:10
================================================================================
[2025-09-08T01:15:32.300+0000] {manager.py:737} INFO - Searching for files in /opt/airflow/dags
[2025-09-08T01:15:32.447+0000] {manager.py:740} INFO - There are 1 files in /opt/airflow/dags
[2025-09-08T01:15:41.691+0000] {manager.py:878} INFO - 
================================================================================
DAG File Processing Stats

File Path                                  PID  Runtime      # DAGs    # Errors  Last Runtime    Last Run
---------------------------------------  -----  ---------  --------  ----------  --------------  -------------------
/opt/airflow/dags/stock_pipeline_dag.py    278  1.02s             1           0  1.14s           2025-09-08T01:15:10
================================================================================
[2025-09-08T01:16:12.206+0000] {manager.py:878} INFO - 
================================================================================
DAG File Processing Stats

File Path                                  PID  Runtime      # DAGs    # Errors  Last Runtime    Last Run
---------------------------------------  -----  ---------  --------  ----------  --------------  -------------------
/opt/airflow/dags/stock_pipeline_dag.py    284  0.01s             1           0  1.19s           2025-09-08T01:15:41
================================================================================
[2025-09-08T01:16:42.652+0000] {manager.py:878} INFO - 
================================================================================
DAG File Processing Stats

File Path                                PID    Runtime      # DAGs    # Errors  Last Runtime    Last Run
---------------------------------------  -----  ---------  --------  ----------  --------------  -------------------
/opt/airflow/dags/stock_pipeline_dag.py                           1           0  1.08s           2025-09-08T01:16:13
================================================================================
[2025-09-08T01:17:13.190+0000] {manager.py:878} INFO - 
================================================================================
DAG File Processing Stats

File Path                                PID    Runtime      # DAGs    # Errors  Last Runtime    Last Run
---------------------------------------  -----  ---------  --------  ----------  --------------  -------------------
/opt/airflow/dags/stock_pipeline_dag.py                           1           0  1.02s           2025-09-08T01:16:44
================================================================================
[2025-09-08T01:17:43.604+0000] {manager.py:878} INFO - 
================================================================================
DAG File Processing Stats

File Path                                PID    Runtime      # DAGs    # Errors  Last Runtime    Last Run
---------------------------------------  -----  ---------  --------  ----------  --------------  -------------------
/opt/airflow/dags/stock_pipeline_dag.py                           1           0  1.03s           2025-09-08T01:17:16
================================================================================
[2025-09-08T01:18:13.995+0000] {manager.py:878} INFO - 
================================================================================
DAG File Processing Stats

File Path                                PID    Runtime      # DAGs    # Errors  Last Runtime    Last Run
---------------------------------------  -----  ---------  --------  ----------  --------------  -------------------
/opt/airflow/dags/stock_pipeline_dag.py                           1           0  0.92s           2025-09-08T01:17:47
================================================================================
[2025-09-08T01:18:44.521+0000] {manager.py:878} INFO - 
================================================================================
DAG File Processing Stats

File Path                                PID    Runtime      # DAGs    # Errors  Last Runtime    Last Run
---------------------------------------  -----  ---------  --------  ----------  --------------  -------------------
/opt/airflow/dags/stock_pipeline_dag.py                           1           0  1.08s           2025-09-08T01:18:19
================================================================================
[2025-09-08T01:19:14.927+0000] {manager.py:878} INFO - 
================================================================================
DAG File Processing Stats

File Path                                PID    Runtime      # DAGs    # Errors  Last Runtime    Last Run
---------------------------------------  -----  ---------  --------  ----------  --------------  -------------------
/opt/airflow/dags/stock_pipeline_dag.py                           1           0  1.01s           2025-09-08T01:18:50
================================================================================
[2025-09-08T01:19:45.394+0000] {manager.py:878} INFO - 
================================================================================
DAG File Processing Stats

File Path                                PID    Runtime      # DAGs    # Errors  Last Runtime    Last Run
---------------------------------------  -----  ---------  --------  ----------  --------------  -------------------
/opt/airflow/dags/stock_pipeline_dag.py                           1           0  1.13s           2025-09-08T01:19:22
================================================================================
[2025-09-08T01:20:15.690+0000] {manager.py:878} INFO - 
================================================================================
DAG File Processing Stats

File Path                                PID    Runtime      # DAGs    # Errors  Last Runtime    Last Run
---------------------------------------  -----  ---------  --------  ----------  --------------  -------------------
/opt/airflow/dags/stock_pipeline_dag.py                           1           0  0.88s           2025-09-08T01:19:53
================================================================================
[2025-09-08T01:20:32.715+0000] {manager.py:737} INFO - Searching for files in /opt/airflow/dags
[2025-09-08T01:20:32.844+0000] {manager.py:740} INFO - There are 1 files in /opt/airflow/dags
[2025-09-08T01:20:46.077+0000] {manager.py:878} INFO - 
================================================================================
DAG File Processing Stats

File Path                                PID    Runtime      # DAGs    # Errors  Last Runtime    Last Run
---------------------------------------  -----  ---------  --------  ----------  --------------  -------------------
/opt/airflow/dags/stock_pipeline_dag.py                           1           0  0.77s           2025-09-08T01:20:24
================================================================================
[2025-09-08T01:21:16.489+0000] {manager.py:878} INFO - 
================================================================================
DAG File Processing Stats

File Path                                PID    Runtime      # DAGs    # Errors  Last Runtime    Last Run
---------------------------------------  -----  ---------  --------  ----------  --------------  -------------------
/opt/airflow/dags/stock_pipeline_dag.py                           1           0  0.98s           2025-09-08T01:20:56
================================================================================
[2025-09-08T01:21:46.753+0000] {manager.py:878} INFO - 
================================================================================
DAG File Processing Stats

File Path                                PID    Runtime      # DAGs    # Errors  Last Runtime    Last Run
---------------------------------------  -----  ---------  --------  ----------  --------------  -------------------
/opt/airflow/dags/stock_pipeline_dag.py                           1           0  0.82s           2025-09-08T01:21:27
================================================================================
[2025-09-08T01:22:17.202+0000] {manager.py:878} INFO - 
================================================================================
DAG File Processing Stats

File Path                                PID    Runtime      # DAGs    # Errors  Last Runtime    Last Run
---------------------------------------  -----  ---------  --------  ----------  --------------  -------------------
/opt/airflow/dags/stock_pipeline_dag.py                           1           0  1.08s           2025-09-08T01:21:59
================================================================================
[2025-09-08T01:22:47.679+0000] {manager.py:878} INFO - 
================================================================================
DAG File Processing Stats

File Path                                PID    Runtime      # DAGs    # Errors  Last Runtime    Last Run
---------------------------------------  -----  ---------  --------  ----------  --------------  -------------------
/opt/airflow/dags/stock_pipeline_dag.py                           1           0  1.11s           2025-09-08T01:22:30
================================================================================
[2025-09-08T01:23:18.189+0000] {manager.py:878} INFO - 
================================================================================
DAG File Processing Stats

File Path                                PID    Runtime      # DAGs    # Errors  Last Runtime    Last Run
---------------------------------------  -----  ---------  --------  ----------  --------------  -------------------
/opt/airflow/dags/stock_pipeline_dag.py                           1           0  1.12s           2025-09-08T01:23:02
================================================================================
[2025-09-08T01:23:48.716+0000] {manager.py:878} INFO - 
================================================================================
DAG File Processing Stats

File Path                                PID    Runtime      # DAGs    # Errors  Last Runtime    Last Run
---------------------------------------  -----  ---------  --------  ----------  --------------  -------------------
/opt/airflow/dags/stock_pipeline_dag.py                           1           0  1.16s           2025-09-08T01:23:33
================================================================================
[2025-09-08T01:24:19.116+0000] {manager.py:878} INFO - 
================================================================================
DAG File Processing Stats

File Path                                PID    Runtime      # DAGs    # Errors  Last Runtime    Last Run
---------------------------------------  -----  ---------  --------  ----------  --------------  -------------------
/opt/airflow/dags/stock_pipeline_dag.py                           1           0  0.98s           2025-09-08T01:24:04
================================================================================
[2025-09-08T01:24:49.603+0000] {manager.py:878} INFO - 
================================================================================
DAG File Processing Stats

File Path                                PID    Runtime      # DAGs    # Errors  Last Runtime    Last Run
---------------------------------------  -----  ---------  --------  ----------  --------------  -------------------
/opt/airflow/dags/stock_pipeline_dag.py                           1           0  1.15s           2025-09-08T01:24:36
================================================================================
[2025-09-08T01:25:19.865+0000] {manager.py:878} INFO - 
================================================================================
DAG File Processing Stats

File Path                                PID    Runtime      # DAGs    # Errors  Last Runtime    Last Run
---------------------------------------  -----  ---------  --------  ----------  --------------  -------------------
/opt/airflow/dags/stock_pipeline_dag.py                           1           0  1.80s           2025-09-08T01:25:08
================================================================================
[2025-09-08T01:25:33.030+0000] {manager.py:737} INFO - Searching for files in /opt/airflow/dags
[2025-09-08T01:25:33.147+0000] {manager.py:740} INFO - There are 1 files in /opt/airflow/dags
[2025-09-08T01:25:50.551+0000] {manager.py:878} INFO - 
================================================================================
DAG File Processing Stats

File Path                                PID    Runtime      # DAGs    # Errors  Last Runtime    Last Run
---------------------------------------  -----  ---------  --------  ----------  --------------  -------------------
/opt/airflow/dags/stock_pipeline_dag.py                           1           0  1.11s           2025-09-08T01:25:40
================================================================================
[2025-09-08T01:26:21.004+0000] {manager.py:878} INFO - 
================================================================================
DAG File Processing Stats

File Path                                PID    Runtime      # DAGs    # Errors  Last Runtime    Last Run
---------------------------------------  -----  ---------  --------  ----------  --------------  -------------------
/opt/airflow/dags/stock_pipeline_dag.py                           1           0  1.05s           2025-09-08T01:26:11
================================================================================
[2025-09-08T01:26:51.443+0000] {manager.py:878} INFO - 
================================================================================
DAG File Processing Stats

File Path                                PID    Runtime      # DAGs    # Errors  Last Runtime    Last Run
---------------------------------------  -----  ---------  --------  ----------  --------------  -------------------
/opt/airflow/dags/stock_pipeline_dag.py                           1           0  1.00s           2025-09-08T01:26:43
================================================================================
[2025-09-08T01:27:21.888+0000] {manager.py:878} INFO - 
================================================================================
DAG File Processing Stats

File Path                                PID    Runtime      # DAGs    # Errors  Last Runtime    Last Run
---------------------------------------  -----  ---------  --------  ----------  --------------  -------------------
/opt/airflow/dags/stock_pipeline_dag.py                           1           0  1.01s           2025-09-08T01:27:14
================================================================================
[2025-09-08T01:27:52.367+0000] {manager.py:878} INFO - 
================================================================================
DAG File Processing Stats

File Path                                PID    Runtime      # DAGs    # Errors  Last Runtime    Last Run
---------------------------------------  -----  ---------  --------  ----------  --------------  -------------------
/opt/airflow/dags/stock_pipeline_dag.py                           1           0  1.13s           2025-09-08T01:27:46
================================================================================
[2025-09-08T01:28:22.732+0000] {manager.py:878} INFO - 
================================================================================
DAG File Processing Stats

File Path                                PID    Runtime      # DAGs    # Errors  Last Runtime    Last Run
---------------------------------------  -----  ---------  --------  ----------  --------------  -------------------
/opt/airflow/dags/stock_pipeline_dag.py                           1           0  0.95s           2025-09-08T01:28:17
================================================================================
[2025-09-08T01:28:53.323+0000] {manager.py:878} INFO - 
================================================================================
DAG File Processing Stats

File Path                                PID    Runtime      # DAGs    # Errors  Last Runtime    Last Run
---------------------------------------  -----  ---------  --------  ----------  --------------  -------------------
/opt/airflow/dags/stock_pipeline_dag.py                           1           0  1.29s           2025-09-08T01:28:49
================================================================================
[2025-09-08T01:29:23.895+0000] {manager.py:878} INFO - 
================================================================================
DAG File Processing Stats

File Path                                PID    Runtime      # DAGs    # Errors  Last Runtime    Last Run
---------------------------------------  -----  ---------  --------  ----------  --------------  -------------------
/opt/airflow/dags/stock_pipeline_dag.py                           1           0  1.60s           2025-09-08T01:29:21
================================================================================
[2025-09-08T01:29:54.002+0000] {manager.py:878} INFO - 
================================================================================
DAG File Processing Stats

File Path                                PID    Runtime      # DAGs    # Errors  Last Runtime    Last Run
---------------------------------------  -----  ---------  --------  ----------  --------------  -------------------
/opt/airflow/dags/stock_pipeline_dag.py                           1           0  1.27s           2025-09-08T01:29:52
================================================================================
[2025-09-08T01:30:24.217+0000] {manager.py:878} INFO - 
================================================================================
DAG File Processing Stats

File Path                                  PID  Runtime      # DAGs    # Errors  Last Runtime    Last Run
---------------------------------------  -----  ---------  --------  ----------  --------------  -------------------
/opt/airflow/dags/stock_pipeline_dag.py    449  1.02s             1           0  1.27s           2025-09-08T01:29:52
================================================================================
[2025-09-08T01:30:33.336+0000] {manager.py:737} INFO - Searching for files in /opt/airflow/dags
[2025-09-08T01:30:33.470+0000] {manager.py:740} INFO - There are 1 files in /opt/airflow/dags
[2025-09-08T01:30:54.847+0000] {manager.py:878} INFO - 
================================================================================
DAG File Processing Stats

File Path                                  PID  Runtime      # DAGs    # Errors  Last Runtime    Last Run
---------------------------------------  -----  ---------  --------  ----------  --------------  -------------------
/opt/airflow/dags/stock_pipeline_dag.py    455  0.01s             1           0  1.20s           2025-09-08T01:30:24
================================================================================
[2025-09-08T01:31:25.265+0000] {manager.py:878} INFO - 
================================================================================
DAG File Processing Stats

File Path                                PID    Runtime      # DAGs    # Errors  Last Runtime    Last Run
---------------------------------------  -----  ---------  --------  ----------  --------------  -------------------
/opt/airflow/dags/stock_pipeline_dag.py                           1           0  1.12s           2025-09-08T01:30:55
================================================================================
[2025-09-08T01:31:55.742+0000] {manager.py:878} INFO - 
================================================================================
DAG File Processing Stats

File Path                                PID    Runtime      # DAGs    # Errors  Last Runtime    Last Run
---------------------------------------  -----  ---------  --------  ----------  --------------  -------------------
/opt/airflow/dags/stock_pipeline_dag.py                           1           0  1.25s           2025-09-08T01:31:27
================================================================================
[2025-09-08T01:32:26.375+0000] {manager.py:878} INFO - 
================================================================================
DAG File Processing Stats

File Path                                PID    Runtime      # DAGs    # Errors  Last Runtime    Last Run
---------------------------------------  -----  ---------  --------  ----------  --------------  -------------------
/opt/airflow/dags/stock_pipeline_dag.py                           1           0  1.48s           2025-09-08T01:31:59
================================================================================
[2025-09-08T01:32:56.820+0000] {manager.py:878} INFO - 
================================================================================
DAG File Processing Stats

File Path                                PID    Runtime      # DAGs    # Errors  Last Runtime    Last Run
---------------------------------------  -----  ---------  --------  ----------  --------------  -------------------
/opt/airflow/dags/stock_pipeline_dag.py                           1           0  1.10s           2025-09-08T01:32:30
================================================================================
[2025-09-08T01:33:27.182+0000] {manager.py:878} INFO - 
================================================================================
DAG File Processing Stats

File Path                                PID    Runtime      # DAGs    # Errors  Last Runtime    Last Run
---------------------------------------  -----  ---------  --------  ----------  --------------  -------------------
/opt/airflow/dags/stock_pipeline_dag.py                           1           0  0.93s           2025-09-08T01:33:01
================================================================================
[2025-09-08T01:33:57.646+0000] {manager.py:878} INFO - 
================================================================================
DAG File Processing Stats

File Path                                PID    Runtime      # DAGs    # Errors  Last Runtime    Last Run
---------------------------------------  -----  ---------  --------  ----------  --------------  -------------------
/opt/airflow/dags/stock_pipeline_dag.py                           1           0  1.04s           2025-09-08T01:33:33
================================================================================
[2025-09-08T01:34:28.084+0000] {manager.py:878} INFO - 
================================================================================
DAG File Processing Stats

File Path                                PID    Runtime      # DAGs    # Errors  Last Runtime    Last Run
---------------------------------------  -----  ---------  --------  ----------  --------------  -------------------
/opt/airflow/dags/stock_pipeline_dag.py                           1           0  1.01s           2025-09-08T01:34:04
================================================================================
[2025-09-08T01:34:58.562+0000] {manager.py:878} INFO - 
================================================================================
DAG File Processing Stats

File Path                                PID    Runtime      # DAGs    # Errors  Last Runtime    Last Run
---------------------------------------  -----  ---------  --------  ----------  --------------  -------------------
/opt/airflow/dags/stock_pipeline_dag.py                           1           0  1.09s           2025-09-08T01:34:36
================================================================================
[2025-09-08T01:35:29.038+0000] {manager.py:878} INFO - 
================================================================================
DAG File Processing Stats

File Path                                PID    Runtime      # DAGs    # Errors  Last Runtime    Last Run
---------------------------------------  -----  ---------  --------  ----------  --------------  -------------------
/opt/airflow/dags/stock_pipeline_dag.py                           1           0  1.33s           2025-09-08T01:35:08
================================================================================
[2025-09-08T01:35:33.396+0000] {manager.py:737} INFO - Searching for files in /opt/airflow/dags
[2025-09-08T01:35:33.561+0000] {manager.py:740} INFO - There are 1 files in /opt/airflow/dags
[2025-09-08T01:35:59.495+0000] {manager.py:878} INFO - 
================================================================================
DAG File Processing Stats

File Path                                PID    Runtime      # DAGs    # Errors  Last Runtime    Last Run
---------------------------------------  -----  ---------  --------  ----------  --------------  -------------------
/opt/airflow/dags/stock_pipeline_dag.py                           1           0  1.26s           2025-09-08T01:35:39
================================================================================
[2025-09-08T01:36:29.937+0000] {manager.py:878} INFO - 
================================================================================
DAG File Processing Stats

File Path                                PID    Runtime      # DAGs    # Errors  Last Runtime    Last Run
---------------------------------------  -----  ---------  --------  ----------  --------------  -------------------
/opt/airflow/dags/stock_pipeline_dag.py                           1           0  1.08s           2025-09-08T01:36:10
================================================================================
[2025-09-08T01:37:00.289+0000] {manager.py:878} INFO - 
================================================================================
DAG File Processing Stats

File Path                                PID    Runtime      # DAGs    # Errors  Last Runtime    Last Run
---------------------------------------  -----  ---------  --------  ----------  --------------  -------------------
/opt/airflow/dags/stock_pipeline_dag.py                           1           0  0.90s           2025-09-08T01:36:42
================================================================================
[2025-09-08T01:37:30.794+0000] {manager.py:878} INFO - 
================================================================================
DAG File Processing Stats

File Path                                PID    Runtime      # DAGs    # Errors  Last Runtime    Last Run
---------------------------------------  -----  ---------  --------  ----------  --------------  -------------------
/opt/airflow/dags/stock_pipeline_dag.py                           1           0  1.22s           2025-09-08T01:37:13
================================================================================
[2025-09-08T01:38:01.274+0000] {manager.py:878} INFO - 
================================================================================
DAG File Processing Stats

File Path                                PID    Runtime      # DAGs    # Errors  Last Runtime    Last Run
---------------------------------------  -----  ---------  --------  ----------  --------------  -------------------
/opt/airflow/dags/stock_pipeline_dag.py                           1           0  1.02s           2025-09-08T01:37:45
================================================================================
[2025-09-08T01:38:31.805+0000] {manager.py:878} INFO - 
================================================================================
DAG File Processing Stats

File Path                                PID    Runtime      # DAGs    # Errors  Last Runtime    Last Run
---------------------------------------  -----  ---------  --------  ----------  --------------  -------------------
/opt/airflow/dags/stock_pipeline_dag.py                           1           0  1.14s           2025-09-08T01:38:16
================================================================================
[2025-09-08T01:38:47.608+0000] {manager.py:452} INFO - Exiting gracefully upon receiving signal 15
[2025-09-08T01:39:46.749+0000] {manager.py:470} INFO - Processing files using up to 2 processes at a time 
[2025-09-08T01:39:46.752+0000] {manager.py:471} INFO - Process each file at most once every 30 seconds
[2025-09-08T01:39:46.755+0000] {manager.py:472} INFO - Checking for new files in /opt/airflow/dags every 300 seconds
[2025-09-08T01:39:46.758+0000] {manager.py:737} INFO - Searching for files in /opt/airflow/dags
[2025-09-08T01:39:46.812+0000] {manager.py:740} INFO - There are 1 files in /opt/airflow/dags
[2025-09-08T01:39:47.088+0000] {manager.py:878} INFO - 
================================================================================
DAG File Processing Stats

File Path                                  PID  Runtime      # DAGs    # Errors  Last Runtime    Last Run
---------------------------------------  -----  ---------  --------  ----------  --------------  ----------
/opt/airflow/dags/stock_pipeline_dag.py    165  0.12s             0           0
================================================================================
[2025-09-08T01:40:17.096+0000] {manager.py:878} INFO - 
================================================================================
DAG File Processing Stats

File Path                                PID    Runtime      # DAGs    # Errors  Last Runtime    Last Run
---------------------------------------  -----  ---------  --------  ----------  --------------  -------------------
/opt/airflow/dags/stock_pipeline_dag.py                           1           0  3.90s           2025-09-08T01:39:50
================================================================================
[2025-09-08T01:40:47.499+0000] {manager.py:878} INFO - 
================================================================================
DAG File Processing Stats

File Path                                PID    Runtime      # DAGs    # Errors  Last Runtime    Last Run
---------------------------------------  -----  ---------  --------  ----------  --------------  -------------------
/opt/airflow/dags/stock_pipeline_dag.py                           1           0  1.09s           2025-09-08T01:40:22
================================================================================
[2025-09-08T01:41:17.805+0000] {manager.py:878} INFO - 
================================================================================
DAG File Processing Stats

File Path                                PID    Runtime      # DAGs    # Errors  Last Runtime    Last Run
---------------------------------------  -----  ---------  --------  ----------  --------------  -------------------
/opt/airflow/dags/stock_pipeline_dag.py                           1           0  1.90s           2025-09-08T01:40:54
================================================================================
[2025-09-08T01:41:48.339+0000] {manager.py:878} INFO - 
================================================================================
DAG File Processing Stats

File Path                                PID    Runtime      # DAGs    # Errors  Last Runtime    Last Run
---------------------------------------  -----  ---------  --------  ----------  --------------  -------------------
/opt/airflow/dags/stock_pipeline_dag.py                           1           0  1.29s           2025-09-08T01:41:26
================================================================================
[2025-09-08T01:42:18.950+0000] {manager.py:878} INFO - 
================================================================================
DAG File Processing Stats

File Path                                PID    Runtime      # DAGs    # Errors  Last Runtime    Last Run
---------------------------------------  -----  ---------  --------  ----------  --------------  -------------------
/opt/airflow/dags/stock_pipeline_dag.py                           1           0  1.38s           2025-09-08T01:41:57
================================================================================
[2025-09-08T01:42:49.394+0000] {manager.py:878} INFO - 
================================================================================
DAG File Processing Stats

File Path                                PID    Runtime      # DAGs    # Errors  Last Runtime    Last Run
---------------------------------------  -----  ---------  --------  ----------  --------------  -------------------
/opt/airflow/dags/stock_pipeline_dag.py                           1           0  1.08s           2025-09-08T01:42:29
================================================================================
[2025-09-08T01:43:28.675+0000] {manager.py:470} INFO - Processing files using up to 2 processes at a time 
[2025-09-08T01:43:28.677+0000] {manager.py:471} INFO - Process each file at most once every 30 seconds
[2025-09-08T01:43:28.680+0000] {manager.py:472} INFO - Checking for new files in /opt/airflow/dags every 300 seconds
[2025-09-08T01:43:28.683+0000] {manager.py:737} INFO - Searching for files in /opt/airflow/dags
[2025-09-08T01:43:28.747+0000] {manager.py:740} INFO - There are 1 files in /opt/airflow/dags
[2025-09-08T01:43:28.951+0000] {manager.py:878} INFO - 
================================================================================
DAG File Processing Stats

File Path                                  PID  Runtime      # DAGs    # Errors  Last Runtime    Last Run
---------------------------------------  -----  ---------  --------  ----------  --------------  ----------
/opt/airflow/dags/stock_pipeline_dag.py    164  0.09s             0           0
================================================================================
[2025-09-08T01:43:59.313+0000] {manager.py:878} INFO - 
================================================================================
DAG File Processing Stats

File Path                                PID    Runtime      # DAGs    # Errors  Last Runtime    Last Run
---------------------------------------  -----  ---------  --------  ----------  --------------  -------------------
/opt/airflow/dags/stock_pipeline_dag.py                           1           0  1.14s           2025-09-08T01:43:29
================================================================================
[2025-09-08T01:44:29.771+0000] {manager.py:878} INFO - 
================================================================================
DAG File Processing Stats

File Path                                PID    Runtime      # DAGs    # Errors  Last Runtime    Last Run
---------------------------------------  -----  ---------  --------  ----------  --------------  -------------------
/opt/airflow/dags/stock_pipeline_dag.py                           1           0  1.41s           2025-09-08T01:44:01
================================================================================
[2025-09-08T01:45:00.250+0000] {manager.py:878} INFO - 
================================================================================
DAG File Processing Stats

File Path                                PID    Runtime      # DAGs    # Errors  Last Runtime    Last Run
---------------------------------------  -----  ---------  --------  ----------  --------------  -------------------
/opt/airflow/dags/stock_pipeline_dag.py                           1           0  1.21s           2025-09-08T01:44:33
================================================================================
[2025-09-08T01:45:30.880+0000] {manager.py:878} INFO - 
================================================================================
DAG File Processing Stats

File Path                                PID    Runtime      # DAGs    # Errors  Last Runtime    Last Run
---------------------------------------  -----  ---------  --------  ----------  --------------  -------------------
/opt/airflow/dags/stock_pipeline_dag.py                           1           0  1.31s           2025-09-08T01:45:04
================================================================================
[2025-09-08T01:46:01.344+0000] {manager.py:878} INFO - 
================================================================================
DAG File Processing Stats

File Path                                PID    Runtime      # DAGs    # Errors  Last Runtime    Last Run
---------------------------------------  -----  ---------  --------  ----------  --------------  -------------------
/opt/airflow/dags/stock_pipeline_dag.py                           1           0  1.98s           2025-09-08T01:45:36
================================================================================
[2025-09-08T01:46:31.841+0000] {manager.py:878} INFO - 
================================================================================
DAG File Processing Stats

File Path                                PID    Runtime      # DAGs    # Errors  Last Runtime    Last Run
---------------------------------------  -----  ---------  --------  ----------  --------------  -------------------
/opt/airflow/dags/stock_pipeline_dag.py                           1           0  1.44s           2025-09-08T01:46:08
================================================================================
[2025-09-08T01:46:54.612+0000] {manager.py:452} INFO - Exiting gracefully upon receiving signal 15
[2025-09-08T01:52:37.747+0000] {manager.py:470} INFO - Processing files using up to 2 processes at a time 
[2025-09-08T01:52:37.750+0000] {manager.py:471} INFO - Process each file at most once every 30 seconds
[2025-09-08T01:52:37.752+0000] {manager.py:472} INFO - Checking for new files in /opt/airflow/dags every 300 seconds
[2025-09-08T01:52:37.754+0000] {manager.py:737} INFO - Searching for files in /opt/airflow/dags
[2025-09-08T01:52:37.806+0000] {manager.py:740} INFO - There are 1 files in /opt/airflow/dags
[2025-09-08T01:52:38.027+0000] {manager.py:878} INFO - 
================================================================================
DAG File Processing Stats

File Path                                  PID  Runtime      # DAGs    # Errors  Last Runtime    Last Run
---------------------------------------  -----  ---------  --------  ----------  --------------  ----------
/opt/airflow/dags/stock_pipeline_dag.py    165  0.10s             0           0
================================================================================
[2025-09-08T01:53:08.301+0000] {manager.py:878} INFO - 
================================================================================
DAG File Processing Stats

File Path                                PID    Runtime      # DAGs    # Errors  Last Runtime    Last Run
---------------------------------------  -----  ---------  --------  ----------  --------------  -------------------
/opt/airflow/dags/stock_pipeline_dag.py                           1           0  4.14s           2025-09-08T01:52:42
================================================================================
[2025-09-08T01:53:38.303+0000] {manager.py:878} INFO - 
================================================================================
DAG File Processing Stats

File Path                                PID    Runtime      # DAGs    # Errors  Last Runtime    Last Run
---------------------------------------  -----  ---------  --------  ----------  --------------  -------------------
/opt/airflow/dags/stock_pipeline_dag.py                           1           0  1.57s           2025-09-08T01:53:13
================================================================================
[2025-09-08T01:54:08.756+0000] {manager.py:878} INFO - 
================================================================================
DAG File Processing Stats

File Path                                PID    Runtime      # DAGs    # Errors  Last Runtime    Last Run
---------------------------------------  -----  ---------  --------  ----------  --------------  -------------------
/opt/airflow/dags/stock_pipeline_dag.py                           1           0  1.36s           2025-09-08T01:53:45
================================================================================
[2025-09-08T01:54:39.206+0000] {manager.py:878} INFO - 
================================================================================
DAG File Processing Stats

File Path                                PID    Runtime      # DAGs    # Errors  Last Runtime    Last Run
---------------------------------------  -----  ---------  --------  ----------  --------------  -------------------
/opt/airflow/dags/stock_pipeline_dag.py                           1           0  1.22s           2025-09-08T01:54:17
================================================================================
[2025-09-08T01:55:09.848+0000] {manager.py:878} INFO - 
================================================================================
DAG File Processing Stats

File Path                                PID    Runtime      # DAGs    # Errors  Last Runtime    Last Run
---------------------------------------  -----  ---------  --------  ----------  --------------  -------------------
/opt/airflow/dags/stock_pipeline_dag.py                           1           0  1.49s           2025-09-08T01:54:48
================================================================================
[2025-09-08T01:55:39.854+0000] {manager.py:878} INFO - 
================================================================================
DAG File Processing Stats

File Path                                PID    Runtime      # DAGs    # Errors  Last Runtime    Last Run
---------------------------------------  -----  ---------  --------  ----------  --------------  -------------------
/opt/airflow/dags/stock_pipeline_dag.py                           1           0  1.57s           2025-09-08T01:55:20
================================================================================
[2025-09-08T01:56:05.092+0000] {manager.py:452} INFO - Exiting gracefully upon receiving signal 15
[2025-09-08T01:57:03.555+0000] {manager.py:470} INFO - Processing files using up to 2 processes at a time 
[2025-09-08T01:57:03.558+0000] {manager.py:471} INFO - Process each file at most once every 30 seconds
[2025-09-08T01:57:03.561+0000] {manager.py:472} INFO - Checking for new files in /opt/airflow/dags every 300 seconds
[2025-09-08T01:57:03.564+0000] {manager.py:737} INFO - Searching for files in /opt/airflow/dags
[2025-09-08T01:57:03.618+0000] {manager.py:740} INFO - There are 1 files in /opt/airflow/dags
[2025-09-08T01:57:03.809+0000] {manager.py:878} INFO - 
================================================================================
DAG File Processing Stats

File Path                                  PID  Runtime      # DAGs    # Errors  Last Runtime    Last Run
---------------------------------------  -----  ---------  --------  ----------  --------------  ----------
/opt/airflow/dags/stock_pipeline_dag.py    164  0.07s             0           0
================================================================================
[2025-09-08T01:57:34.016+0000] {manager.py:878} INFO - 
================================================================================
DAG File Processing Stats

File Path                                PID    Runtime      # DAGs    # Errors  Last Runtime    Last Run
---------------------------------------  -----  ---------  --------  ----------  --------------  -------------------
/opt/airflow/dags/stock_pipeline_dag.py                           1           0  4.07s           2025-09-08T01:57:07
================================================================================
[2025-09-08T01:58:04.498+0000] {manager.py:878} INFO - 
================================================================================
DAG File Processing Stats

File Path                                PID    Runtime      # DAGs    # Errors  Last Runtime    Last Run
---------------------------------------  -----  ---------  --------  ----------  --------------  -------------------
/opt/airflow/dags/stock_pipeline_dag.py                           1           0  1.33s           2025-09-08T01:57:39
================================================================================
[2025-09-08T01:58:34.686+0000] {manager.py:878} INFO - 
================================================================================
DAG File Processing Stats

File Path                                PID    Runtime      # DAGs    # Errors  Last Runtime    Last Run
---------------------------------------  -----  ---------  --------  ----------  --------------  -------------------
/opt/airflow/dags/stock_pipeline_dag.py                           1           0  1.75s           2025-09-08T01:58:11
================================================================================
[2025-09-08T01:59:05.119+0000] {manager.py:878} INFO - 
================================================================================
DAG File Processing Stats

File Path                                PID    Runtime      # DAGs    # Errors  Last Runtime    Last Run
---------------------------------------  -----  ---------  --------  ----------  --------------  -------------------
/opt/airflow/dags/stock_pipeline_dag.py                           1           0  1.31s           2025-09-08T01:58:43
================================================================================
[2025-09-08T01:59:35.522+0000] {manager.py:878} INFO - 
================================================================================
DAG File Processing Stats

File Path                                PID    Runtime      # DAGs    # Errors  Last Runtime    Last Run
---------------------------------------  -----  ---------  --------  ----------  --------------  -------------------
/opt/airflow/dags/stock_pipeline_dag.py                           1           0  1.23s           2025-09-08T01:59:14
================================================================================
[2025-09-08T02:00:06.202+0000] {manager.py:878} INFO - 
================================================================================
DAG File Processing Stats

File Path                                PID    Runtime      # DAGs    # Errors  Last Runtime    Last Run
---------------------------------------  -----  ---------  --------  ----------  --------------  -------------------
/opt/airflow/dags/stock_pipeline_dag.py                           0           0  0.15s           2025-09-08T01:59:48
================================================================================
[2025-09-08T02:00:36.729+0000] {manager.py:878} INFO - 
================================================================================
DAG File Processing Stats

File Path                                PID    Runtime      # DAGs    # Errors  Last Runtime    Last Run
---------------------------------------  -----  ---------  --------  ----------  --------------  -------------------
/opt/airflow/dags/stock_pipeline_dag.py                           0           0  0.24s           2025-09-08T02:00:18
================================================================================
[2025-09-08T02:01:07.349+0000] {manager.py:878} INFO - 
================================================================================
DAG File Processing Stats

File Path                                PID    Runtime      # DAGs    # Errors  Last Runtime    Last Run
---------------------------------------  -----  ---------  --------  ----------  --------------  -------------------
/opt/airflow/dags/stock_pipeline_dag.py                           1           0  0.97s           2025-09-08T02:01:07
================================================================================
[2025-09-08T02:01:38.116+0000] {manager.py:878} INFO - 
================================================================================
DAG File Processing Stats

File Path                                  PID  Runtime      # DAGs    # Errors  Last Runtime    Last Run
---------------------------------------  -----  ---------  --------  ----------  --------------  -------------------
/opt/airflow/dags/stock_pipeline_dag.py    220  0.01s             1           0  0.97s           2025-09-08T02:01:07
================================================================================
[2025-09-08T02:01:55.297+0000] {manager.py:452} INFO - Exiting gracefully upon receiving signal 15
[2025-09-08T02:02:34.367+0000] {manager.py:470} INFO - Processing files using up to 2 processes at a time 
[2025-09-08T02:02:34.370+0000] {manager.py:471} INFO - Process each file at most once every 30 seconds
[2025-09-08T02:02:34.372+0000] {manager.py:472} INFO - Checking for new files in /opt/airflow/dags every 300 seconds
[2025-09-08T02:02:34.374+0000] {manager.py:737} INFO - Searching for files in /opt/airflow/dags
[2025-09-08T02:02:34.435+0000] {manager.py:740} INFO - There are 1 files in /opt/airflow/dags
[2025-09-08T02:02:34.653+0000] {manager.py:878} INFO - 
================================================================================
DAG File Processing Stats

File Path                                  PID  Runtime      # DAGs    # Errors  Last Runtime    Last Run
---------------------------------------  -----  ---------  --------  ----------  --------------  ----------
/opt/airflow/dags/stock_pipeline_dag.py    164  0.09s             0           0
================================================================================
[2025-09-08T02:03:04.910+0000] {manager.py:878} INFO - 
================================================================================
DAG File Processing Stats

File Path                                PID    Runtime      # DAGs    # Errors  Last Runtime    Last Run
---------------------------------------  -----  ---------  --------  ----------  --------------  -------------------
/opt/airflow/dags/stock_pipeline_dag.py                           1           0  0.35s           2025-09-08T02:02:34
================================================================================
[2025-09-08T02:03:35.257+0000] {manager.py:878} INFO - 
================================================================================
DAG File Processing Stats

File Path                                PID    Runtime      # DAGs    # Errors  Last Runtime    Last Run
---------------------------------------  -----  ---------  --------  ----------  --------------  -------------------
/opt/airflow/dags/stock_pipeline_dag.py                           1           0  1.00s           2025-09-08T02:03:06
================================================================================
[2025-09-08T02:04:05.320+0000] {manager.py:878} INFO - 
================================================================================
DAG File Processing Stats

File Path                                PID    Runtime      # DAGs    # Errors  Last Runtime    Last Run
---------------------------------------  -----  ---------  --------  ----------  --------------  -------------------
/opt/airflow/dags/stock_pipeline_dag.py                           1           0  0.52s           2025-09-08T02:03:36
================================================================================
[2025-09-08T02:04:35.741+0000] {manager.py:878} INFO - 
================================================================================
DAG File Processing Stats

File Path                                PID    Runtime      # DAGs    # Errors  Last Runtime    Last Run
---------------------------------------  -----  ---------  --------  ----------  --------------  -------------------
/opt/airflow/dags/stock_pipeline_dag.py                           1           0  0.52s           2025-09-08T02:04:07
================================================================================
[2025-09-08T02:05:05.922+0000] {manager.py:878} INFO - 
================================================================================
DAG File Processing Stats

File Path                                PID    Runtime      # DAGs    # Errors  Last Runtime    Last Run
---------------------------------------  -----  ---------  --------  ----------  --------------  -------------------
/opt/airflow/dags/stock_pipeline_dag.py                           1           0  0.72s           2025-09-08T02:04:38
================================================================================
[2025-09-08T02:05:22.200+0000] {manager.py:452} INFO - Exiting gracefully upon receiving signal 15
[2025-09-08T02:06:17.460+0000] {manager.py:470} INFO - Processing files using up to 2 processes at a time 
[2025-09-08T02:06:17.463+0000] {manager.py:471} INFO - Process each file at most once every 30 seconds
[2025-09-08T02:06:17.465+0000] {manager.py:472} INFO - Checking for new files in /opt/airflow/dags every 300 seconds
[2025-09-08T02:06:17.468+0000] {manager.py:737} INFO - Searching for files in /opt/airflow/dags
[2025-09-08T02:06:17.528+0000] {manager.py:740} INFO - There are 1 files in /opt/airflow/dags
[2025-09-08T02:06:17.772+0000] {manager.py:878} INFO - 
================================================================================
DAG File Processing Stats

File Path                                  PID  Runtime      # DAGs    # Errors  Last Runtime    Last Run
---------------------------------------  -----  ---------  --------  ----------  --------------  ----------
/opt/airflow/dags/stock_pipeline_dag.py    164  0.09s             0           0
================================================================================
[2025-09-08T02:06:48.030+0000] {manager.py:878} INFO - 
================================================================================
DAG File Processing Stats

File Path                                PID    Runtime      # DAGs    # Errors  Last Runtime    Last Run
---------------------------------------  -----  ---------  --------  ----------  --------------  -------------------
/opt/airflow/dags/stock_pipeline_dag.py                           1           0  1.83s           2025-09-08T02:06:19
================================================================================
[2025-09-08T02:07:18.453+0000] {manager.py:878} INFO - 
================================================================================
DAG File Processing Stats

File Path                                PID    Runtime      # DAGs    # Errors  Last Runtime    Last Run
---------------------------------------  -----  ---------  --------  ----------  --------------  -------------------
/opt/airflow/dags/stock_pipeline_dag.py                           1           0  0.53s           2025-09-08T02:06:50
================================================================================
[2025-09-08T02:07:49.132+0000] {manager.py:878} INFO - 
================================================================================
DAG File Processing Stats

File Path                                PID    Runtime      # DAGs    # Errors  Last Runtime    Last Run
---------------------------------------  -----  ---------  --------  ----------  --------------  -------------------
/opt/airflow/dags/stock_pipeline_dag.py                           1           0  0.54s           2025-09-08T02:07:21
================================================================================
[2025-09-08T02:08:19.882+0000] {manager.py:878} INFO - 
================================================================================
DAG File Processing Stats

File Path                                PID    Runtime      # DAGs    # Errors  Last Runtime    Last Run
---------------------------------------  -----  ---------  --------  ----------  --------------  -------------------
/opt/airflow/dags/stock_pipeline_dag.py                           1           0  0.48s           2025-09-08T02:07:51
================================================================================
[2025-09-08T02:08:50.435+0000] {manager.py:878} INFO - 
================================================================================
DAG File Processing Stats

File Path                                PID    Runtime      # DAGs    # Errors  Last Runtime    Last Run
---------------------------------------  -----  ---------  --------  ----------  --------------  -------------------
/opt/airflow/dags/stock_pipeline_dag.py                           1           0  0.23s           2025-09-08T02:08:22
================================================================================
[2025-09-08T02:09:20.667+0000] {manager.py:878} INFO - 
================================================================================
DAG File Processing Stats

File Path                                PID    Runtime      # DAGs    # Errors  Last Runtime    Last Run
---------------------------------------  -----  ---------  --------  ----------  --------------  -------------------
/opt/airflow/dags/stock_pipeline_dag.py                           1           0  0.76s           2025-09-08T02:08:53
================================================================================
[2025-09-08T02:09:50.860+0000] {manager.py:878} INFO - 
================================================================================
DAG File Processing Stats

File Path                                PID    Runtime      # DAGs    # Errors  Last Runtime    Last Run
---------------------------------------  -----  ---------  --------  ----------  --------------  -------------------
/opt/airflow/dags/stock_pipeline_dag.py                           1           0  0.75s           2025-09-08T02:09:24
================================================================================
[2025-09-08T02:10:20.932+0000] {manager.py:878} INFO - 
================================================================================
DAG File Processing Stats

File Path                                PID    Runtime      # DAGs    # Errors  Last Runtime    Last Run
---------------------------------------  -----  ---------  --------  ----------  --------------  -------------------
/opt/airflow/dags/stock_pipeline_dag.py                           1           0  0.65s           2025-09-08T02:09:55
================================================================================
[2025-09-08T02:10:51.656+0000] {manager.py:878} INFO - 
================================================================================
DAG File Processing Stats

File Path                                PID    Runtime      # DAGs    # Errors  Last Runtime    Last Run
---------------------------------------  -----  ---------  --------  ----------  --------------  -------------------
/opt/airflow/dags/stock_pipeline_dag.py                           1           0  1.07s           2025-09-08T02:10:26
================================================================================
[2025-09-08T02:11:17.546+0000] {manager.py:737} INFO - Searching for files in /opt/airflow/dags
[2025-09-08T02:11:17.618+0000] {manager.py:740} INFO - There are 1 files in /opt/airflow/dags
[2025-09-08T02:11:21.703+0000] {manager.py:878} INFO - 
================================================================================
DAG File Processing Stats

File Path                                PID    Runtime      # DAGs    # Errors  Last Runtime    Last Run
---------------------------------------  -----  ---------  --------  ----------  --------------  -------------------
/opt/airflow/dags/stock_pipeline_dag.py                           1           0  0.48s           2025-09-08T02:10:58
================================================================================
[2025-09-08T02:11:52.116+0000] {manager.py:878} INFO - 
================================================================================
DAG File Processing Stats

File Path                                PID    Runtime      # DAGs    # Errors  Last Runtime    Last Run
---------------------------------------  -----  ---------  --------  ----------  --------------  -------------------
/opt/airflow/dags/stock_pipeline_dag.py                           1           0  0.59s           2025-09-08T02:11:28
================================================================================
[2025-09-08T02:12:22.239+0000] {manager.py:878} INFO - 
================================================================================
DAG File Processing Stats

File Path                                PID    Runtime      # DAGs    # Errors  Last Runtime    Last Run
---------------------------------------  -----  ---------  --------  ----------  --------------  -------------------
/opt/airflow/dags/stock_pipeline_dag.py                           1           0  0.64s           2025-09-08T02:11:59
================================================================================
[2025-09-08T02:12:53.060+0000] {manager.py:878} INFO - 
================================================================================
DAG File Processing Stats

File Path                                PID    Runtime      # DAGs    # Errors  Last Runtime    Last Run
---------------------------------------  -----  ---------  --------  ----------  --------------  -------------------
/opt/airflow/dags/stock_pipeline_dag.py                           1           0  0.42s           2025-09-08T02:12:30
================================================================================
[2025-09-08T02:13:23.167+0000] {manager.py:878} INFO - 
================================================================================
DAG File Processing Stats

File Path                                PID    Runtime      # DAGs    # Errors  Last Runtime    Last Run
---------------------------------------  -----  ---------  --------  ----------  --------------  -------------------
/opt/airflow/dags/stock_pipeline_dag.py                           1           0  0.59s           2025-09-08T02:13:01
================================================================================
[2025-09-08T02:13:54.095+0000] {manager.py:878} INFO - 
================================================================================
DAG File Processing Stats

File Path                                PID    Runtime      # DAGs    # Errors  Last Runtime    Last Run
---------------------------------------  -----  ---------  --------  ----------  --------------  -------------------
/opt/airflow/dags/stock_pipeline_dag.py                           1           0  0.53s           2025-09-08T02:13:32
================================================================================
[2025-09-08T02:14:24.433+0000] {manager.py:878} INFO - 
================================================================================
DAG File Processing Stats

File Path                                PID    Runtime      # DAGs    # Errors  Last Runtime    Last Run
---------------------------------------  -----  ---------  --------  ----------  --------------  -------------------
/opt/airflow/dags/stock_pipeline_dag.py                           1           0  0.83s           2025-09-08T02:14:14
================================================================================
[2025-09-08T02:14:54.913+0000] {manager.py:878} INFO - 
================================================================================
DAG File Processing Stats

File Path                                PID    Runtime      # DAGs    # Errors  Last Runtime    Last Run
---------------------------------------  -----  ---------  --------  ----------  --------------  -------------------
/opt/airflow/dags/stock_pipeline_dag.py                           1           0  0.67s           2025-09-08T02:14:45
================================================================================
[2025-09-08T02:15:25.580+0000] {manager.py:878} INFO - 
================================================================================
DAG File Processing Stats

File Path                                PID    Runtime      # DAGs    # Errors  Last Runtime    Last Run
---------------------------------------  -----  ---------  --------  ----------  --------------  -------------------
/opt/airflow/dags/stock_pipeline_dag.py                           1           0  0.50s           2025-09-08T02:15:15
================================================================================
[2025-09-08T02:15:56.285+0000] {manager.py:878} INFO - 
================================================================================
DAG File Processing Stats

File Path                                PID    Runtime      # DAGs    # Errors  Last Runtime    Last Run
---------------------------------------  -----  ---------  --------  ----------  --------------  -------------------
/opt/airflow/dags/stock_pipeline_dag.py                           1           0  0.55s           2025-09-08T02:15:46
================================================================================
[2025-09-08T02:16:17.896+0000] {manager.py:737} INFO - Searching for files in /opt/airflow/dags
[2025-09-08T02:16:18.030+0000] {manager.py:740} INFO - There are 1 files in /opt/airflow/dags
[2025-09-08T02:16:26.397+0000] {manager.py:878} INFO - 
================================================================================
DAG File Processing Stats

File Path                                PID    Runtime      # DAGs    # Errors  Last Runtime    Last Run
---------------------------------------  -----  ---------  --------  ----------  --------------  -------------------
/opt/airflow/dags/stock_pipeline_dag.py                           1           0  0.62s           2025-09-08T02:16:17
================================================================================
[2025-09-08T02:16:56.801+0000] {manager.py:878} INFO - 
================================================================================
DAG File Processing Stats

File Path                                PID    Runtime      # DAGs    # Errors  Last Runtime    Last Run
---------------------------------------  -----  ---------  --------  ----------  --------------  -------------------
/opt/airflow/dags/stock_pipeline_dag.py                           1           0  0.63s           2025-09-08T02:16:48
================================================================================
[2025-09-08T02:17:27.040+0000] {manager.py:878} INFO - 
================================================================================
DAG File Processing Stats

File Path                                PID    Runtime      # DAGs    # Errors  Last Runtime    Last Run
---------------------------------------  -----  ---------  --------  ----------  --------------  -------------------
/opt/airflow/dags/stock_pipeline_dag.py                           1           0  0.34s           2025-09-08T02:17:18
================================================================================
[2025-09-08T02:17:57.482+0000] {manager.py:878} INFO - 
================================================================================
DAG File Processing Stats

File Path                                PID    Runtime      # DAGs    # Errors  Last Runtime    Last Run
---------------------------------------  -----  ---------  --------  ----------  --------------  -------------------
/opt/airflow/dags/stock_pipeline_dag.py                           1           0  0.40s           2025-09-08T02:17:49
================================================================================
[2025-09-08T02:18:27.759+0000] {manager.py:878} INFO - 
================================================================================
DAG File Processing Stats

File Path                                PID    Runtime      # DAGs    # Errors  Last Runtime    Last Run
---------------------------------------  -----  ---------  --------  ----------  --------------  -------------------
/opt/airflow/dags/stock_pipeline_dag.py                           1           0  0.79s           2025-09-08T02:18:20
================================================================================
[2025-09-08T02:18:58.408+0000] {manager.py:878} INFO - 
================================================================================
DAG File Processing Stats

File Path                                PID    Runtime      # DAGs    # Errors  Last Runtime    Last Run
---------------------------------------  -----  ---------  --------  ----------  --------------  -------------------
/opt/airflow/dags/stock_pipeline_dag.py                           1           0  0.46s           2025-09-08T02:18:51
================================================================================
[2025-09-08T02:19:28.464+0000] {manager.py:878} INFO - 
================================================================================
DAG File Processing Stats

File Path                                PID    Runtime      # DAGs    # Errors  Last Runtime    Last Run
---------------------------------------  -----  ---------  --------  ----------  --------------  -------------------
/opt/airflow/dags/stock_pipeline_dag.py                           1           0  0.63s           2025-09-08T02:19:22
================================================================================
[2025-09-08T02:19:58.850+0000] {manager.py:878} INFO - 
================================================================================
DAG File Processing Stats

File Path                                PID    Runtime      # DAGs    # Errors  Last Runtime    Last Run
---------------------------------------  -----  ---------  --------  ----------  --------------  -------------------
/opt/airflow/dags/stock_pipeline_dag.py                           1           0  0.52s           2025-09-08T02:19:52
================================================================================
[2025-09-08T02:20:29.441+0000] {manager.py:878} INFO - 
================================================================================
DAG File Processing Stats

File Path                                PID    Runtime      # DAGs    # Errors  Last Runtime    Last Run
---------------------------------------  -----  ---------  --------  ----------  --------------  -------------------
/opt/airflow/dags/stock_pipeline_dag.py                           1           0  0.43s           2025-09-08T02:20:23
================================================================================
[2025-09-08T02:20:32.072+0000] {manager.py:452} INFO - Exiting gracefully upon receiving signal 15
[2025-09-08T02:21:35.615+0000] {manager.py:470} INFO - Processing files using up to 2 processes at a time 
[2025-09-08T02:21:35.617+0000] {manager.py:471} INFO - Process each file at most once every 30 seconds
[2025-09-08T02:21:35.620+0000] {manager.py:472} INFO - Checking for new files in /opt/airflow/dags every 300 seconds
[2025-09-08T02:21:35.622+0000] {manager.py:737} INFO - Searching for files in /opt/airflow/dags
[2025-09-08T02:21:35.675+0000] {manager.py:740} INFO - There are 1 files in /opt/airflow/dags
[2025-09-08T02:21:35.854+0000] {manager.py:878} INFO - 
================================================================================
DAG File Processing Stats

File Path                                  PID  Runtime      # DAGs    # Errors  Last Runtime    Last Run
---------------------------------------  -----  ---------  --------  ----------  --------------  ----------
/opt/airflow/dags/stock_pipeline_dag.py    164  0.07s             0           0
================================================================================
[2025-09-08T02:22:06.117+0000] {manager.py:878} INFO - 
================================================================================
DAG File Processing Stats

File Path                                PID    Runtime      # DAGs    # Errors  Last Runtime    Last Run
---------------------------------------  -----  ---------  --------  ----------  --------------  -------------------
/opt/airflow/dags/stock_pipeline_dag.py                           1           0  1.46s           2025-09-08T02:21:37
================================================================================
[2025-09-08T02:22:36.590+0000] {manager.py:878} INFO - 
================================================================================
DAG File Processing Stats

File Path                                PID    Runtime      # DAGs    # Errors  Last Runtime    Last Run
---------------------------------------  -----  ---------  --------  ----------  --------------  -------------------
/opt/airflow/dags/stock_pipeline_dag.py                           1           0  0.63s           2025-09-08T02:22:08
================================================================================
[2025-09-08T02:23:06.746+0000] {manager.py:878} INFO - 
================================================================================
DAG File Processing Stats

File Path                                PID    Runtime      # DAGs    # Errors  Last Runtime    Last Run
---------------------------------------  -----  ---------  --------  ----------  --------------  -------------------
/opt/airflow/dags/stock_pipeline_dag.py                           1           0  0.65s           2025-09-08T02:22:39
================================================================================
[2025-09-08T02:23:36.814+0000] {manager.py:878} INFO - 
================================================================================
DAG File Processing Stats

File Path                                PID    Runtime      # DAGs    # Errors  Last Runtime    Last Run
---------------------------------------  -----  ---------  --------  ----------  --------------  -------------------
/opt/airflow/dags/stock_pipeline_dag.py                           1           0  0.64s           2025-09-08T02:23:10
================================================================================
[2025-09-08T02:24:07.243+0000] {manager.py:878} INFO - 
================================================================================
DAG File Processing Stats

File Path                                PID    Runtime      # DAGs    # Errors  Last Runtime    Last Run
---------------------------------------  -----  ---------  --------  ----------  --------------  -------------------
/opt/airflow/dags/stock_pipeline_dag.py                           1           0  0.68s           2025-09-08T02:23:41
================================================================================
[2025-09-08T02:24:37.469+0000] {manager.py:878} INFO - 
================================================================================
DAG File Processing Stats

File Path                                PID    Runtime      # DAGs    # Errors  Last Runtime    Last Run
---------------------------------------  -----  ---------  --------  ----------  --------------  -------------------
/opt/airflow/dags/stock_pipeline_dag.py                           1           0  0.81s           2025-09-08T02:24:12
================================================================================
[2025-09-08T02:25:07.652+0000] {manager.py:878} INFO - 
================================================================================
DAG File Processing Stats

File Path                                PID    Runtime      # DAGs    # Errors  Last Runtime    Last Run
---------------------------------------  -----  ---------  --------  ----------  --------------  -------------------
/opt/airflow/dags/stock_pipeline_dag.py                           1           0  0.69s           2025-09-08T02:24:43
================================================================================
[2025-09-08T04:27:07.041+0000] {manager.py:470} INFO - Processing files using up to 2 processes at a time 
[2025-09-08T04:27:07.045+0000] {manager.py:471} INFO - Process each file at most once every 30 seconds
[2025-09-08T04:27:07.047+0000] {manager.py:472} INFO - Checking for new files in /opt/airflow/dags every 300 seconds
[2025-09-08T04:27:07.049+0000] {manager.py:737} INFO - Searching for files in /opt/airflow/dags
[2025-09-08T04:27:07.174+0000] {manager.py:740} INFO - There are 1 files in /opt/airflow/dags
[2025-09-08T04:27:07.369+0000] {manager.py:878} INFO - 
================================================================================
DAG File Processing Stats

File Path                                  PID  Runtime      # DAGs    # Errors  Last Runtime    Last Run
---------------------------------------  -----  ---------  --------  ----------  --------------  ----------
/opt/airflow/dags/stock_pipeline_dag.py    163  0.10s             0           0
================================================================================
[2025-09-08T04:27:37.760+0000] {manager.py:878} INFO - 
================================================================================
DAG File Processing Stats

File Path                                  PID  Runtime      # DAGs    # Errors  Last Runtime    Last Run
---------------------------------------  -----  ---------  --------  ----------  --------------  -------------------
/opt/airflow/dags/stock_pipeline_dag.py    171  0.01s             1           0  0.38s           2025-09-08T04:27:07
================================================================================
[2025-09-08T04:28:08.111+0000] {manager.py:878} INFO - 
================================================================================
DAG File Processing Stats

File Path                                PID    Runtime      # DAGs    # Errors  Last Runtime    Last Run
---------------------------------------  -----  ---------  --------  ----------  --------------  -------------------
/opt/airflow/dags/stock_pipeline_dag.py                           1           0  1.25s           2025-09-08T04:27:38
================================================================================
[2025-09-08T04:28:38.690+0000] {manager.py:878} INFO - 
================================================================================
DAG File Processing Stats

File Path                                PID    Runtime      # DAGs    # Errors  Last Runtime    Last Run
---------------------------------------  -----  ---------  --------  ----------  --------------  -------------------
/opt/airflow/dags/stock_pipeline_dag.py                           1           0  0.38s           2025-09-08T04:28:09
================================================================================
[2025-09-08T04:29:09.274+0000] {manager.py:878} INFO - 
================================================================================
DAG File Processing Stats

File Path                                PID    Runtime      # DAGs    # Errors  Last Runtime    Last Run
---------------------------------------  -----  ---------  --------  ----------  --------------  -------------------
/opt/airflow/dags/stock_pipeline_dag.py                           1           0  0.43s           2025-09-08T04:28:40
================================================================================
[2025-09-08T04:29:39.302+0000] {manager.py:878} INFO - 
================================================================================
DAG File Processing Stats

File Path                                PID    Runtime      # DAGs    # Errors  Last Runtime    Last Run
---------------------------------------  -----  ---------  --------  ----------  --------------  -------------------
/opt/airflow/dags/stock_pipeline_dag.py                           1           0  0.58s           2025-09-08T04:29:10
================================================================================
[2025-09-08T04:30:09.732+0000] {manager.py:878} INFO - 
================================================================================
DAG File Processing Stats

File Path                                PID    Runtime      # DAGs    # Errors  Last Runtime    Last Run
---------------------------------------  -----  ---------  --------  ----------  --------------  -------------------
/opt/airflow/dags/stock_pipeline_dag.py                           1           0  0.67s           2025-09-08T04:29:41
================================================================================
[2025-09-08T04:30:39.754+0000] {manager.py:878} INFO - 
================================================================================
DAG File Processing Stats

File Path                                PID    Runtime      # DAGs    # Errors  Last Runtime    Last Run
---------------------------------------  -----  ---------  --------  ----------  --------------  -------------------
/opt/airflow/dags/stock_pipeline_dag.py                           1           0  0.57s           2025-09-08T04:30:12
================================================================================
[2025-09-08T04:31:09.967+0000] {manager.py:878} INFO - 
================================================================================
DAG File Processing Stats

File Path                                PID    Runtime      # DAGs    # Errors  Last Runtime    Last Run
---------------------------------------  -----  ---------  --------  ----------  --------------  -------------------
/opt/airflow/dags/stock_pipeline_dag.py                           1           0  0.96s           2025-09-08T04:30:43
================================================================================
[2025-09-08T04:31:40.406+0000] {manager.py:878} INFO - 
================================================================================
DAG File Processing Stats

File Path                                PID    Runtime      # DAGs    # Errors  Last Runtime    Last Run
---------------------------------------  -----  ---------  --------  ----------  --------------  -------------------
/opt/airflow/dags/stock_pipeline_dag.py                           1           0  1.16s           2025-09-08T04:31:15
================================================================================
[2025-09-08T04:32:07.499+0000] {manager.py:737} INFO - Searching for files in /opt/airflow/dags
[2025-09-08T04:32:07.632+0000] {manager.py:740} INFO - There are 1 files in /opt/airflow/dags
[2025-09-08T04:32:10.745+0000] {manager.py:878} INFO - 
================================================================================
DAG File Processing Stats

File Path                                PID    Runtime      # DAGs    # Errors  Last Runtime    Last Run
---------------------------------------  -----  ---------  --------  ----------  --------------  -------------------
/opt/airflow/dags/stock_pipeline_dag.py                           1           0  0.68s           2025-09-08T04:31:46
================================================================================
[2025-09-08T04:32:41.389+0000] {manager.py:878} INFO - 
================================================================================
DAG File Processing Stats

File Path                                PID    Runtime      # DAGs    # Errors  Last Runtime    Last Run
---------------------------------------  -----  ---------  --------  ----------  --------------  -------------------
/opt/airflow/dags/stock_pipeline_dag.py                           1           0  0.56s           2025-09-08T04:32:17
================================================================================
[2025-09-08T04:33:11.728+0000] {manager.py:878} INFO - 
================================================================================
DAG File Processing Stats

File Path                                PID    Runtime      # DAGs    # Errors  Last Runtime    Last Run
---------------------------------------  -----  ---------  --------  ----------  --------------  -------------------
/opt/airflow/dags/stock_pipeline_dag.py                           1           0  0.62s           2025-09-08T04:32:48
================================================================================
[2025-09-08T04:33:41.829+0000] {manager.py:878} INFO - 
================================================================================
DAG File Processing Stats

File Path                                PID    Runtime      # DAGs    # Errors  Last Runtime    Last Run
---------------------------------------  -----  ---------  --------  ----------  --------------  -------------------
/opt/airflow/dags/stock_pipeline_dag.py                           1           0  0.68s           2025-09-08T04:33:19
================================================================================
[2025-09-08T04:34:12.246+0000] {manager.py:878} INFO - 
================================================================================
DAG File Processing Stats

File Path                                PID    Runtime      # DAGs    # Errors  Last Runtime    Last Run
---------------------------------------  -----  ---------  --------  ----------  --------------  -------------------
/opt/airflow/dags/stock_pipeline_dag.py                           1           0  0.60s           2025-09-08T04:33:50
================================================================================
[2025-09-08T04:34:42.702+0000] {manager.py:878} INFO - 
================================================================================
DAG File Processing Stats

File Path                                PID    Runtime      # DAGs    # Errors  Last Runtime    Last Run
---------------------------------------  -----  ---------  --------  ----------  --------------  -------------------
/opt/airflow/dags/stock_pipeline_dag.py                           1           0  0.62s           2025-09-08T04:34:21
================================================================================
[2025-09-08T04:35:13.137+0000] {manager.py:878} INFO - 
================================================================================
DAG File Processing Stats

File Path                                PID    Runtime      # DAGs    # Errors  Last Runtime    Last Run
---------------------------------------  -----  ---------  --------  ----------  --------------  -------------------
/opt/airflow/dags/stock_pipeline_dag.py                           1           0  0.38s           2025-09-08T04:34:52
================================================================================
[2025-09-08T04:35:43.709+0000] {manager.py:878} INFO - 
================================================================================
DAG File Processing Stats

File Path                                PID    Runtime      # DAGs    # Errors  Last Runtime    Last Run
---------------------------------------  -----  ---------  --------  ----------  --------------  -------------------
/opt/airflow/dags/stock_pipeline_dag.py                           1           0  0.36s           2025-09-08T04:35:22
================================================================================
[2025-09-08T04:36:13.771+0000] {manager.py:878} INFO - 
================================================================================
DAG File Processing Stats

File Path                                PID    Runtime      # DAGs    # Errors  Last Runtime    Last Run
---------------------------------------  -----  ---------  --------  ----------  --------------  -------------------
/opt/airflow/dags/stock_pipeline_dag.py                           1           0  0.60s           2025-09-08T04:35:53
================================================================================
[2025-09-08T04:36:44.643+0000] {manager.py:878} INFO - 
================================================================================
DAG File Processing Stats

File Path                                PID    Runtime      # DAGs    # Errors  Last Runtime    Last Run
---------------------------------------  -----  ---------  --------  ----------  --------------  -------------------
/opt/airflow/dags/stock_pipeline_dag.py                           1           0  0.46s           2025-09-08T04:36:24
================================================================================
[2025-09-08T04:37:07.962+0000] {manager.py:737} INFO - Searching for files in /opt/airflow/dags
[2025-09-08T04:37:08.082+0000] {manager.py:740} INFO - There are 1 files in /opt/airflow/dags
[2025-09-08T04:37:15.200+0000] {manager.py:878} INFO - 
================================================================================
DAG File Processing Stats

File Path                                PID    Runtime      # DAGs    # Errors  Last Runtime    Last Run
---------------------------------------  -----  ---------  --------  ----------  --------------  -------------------
/opt/airflow/dags/stock_pipeline_dag.py                           1           0  0.57s           2025-09-08T04:36:55
================================================================================
[2025-09-08T04:37:45.291+0000] {manager.py:878} INFO - 
================================================================================
DAG File Processing Stats

File Path                                PID    Runtime      # DAGs    # Errors  Last Runtime    Last Run
---------------------------------------  -----  ---------  --------  ----------  --------------  -------------------
/opt/airflow/dags/stock_pipeline_dag.py                           1           0  0.62s           2025-09-08T04:37:26
================================================================================
[2025-09-08T04:38:15.680+0000] {manager.py:878} INFO - 
================================================================================
DAG File Processing Stats

File Path                                PID    Runtime      # DAGs    # Errors  Last Runtime    Last Run
---------------------------------------  -----  ---------  --------  ----------  --------------  -------------------
/opt/airflow/dags/stock_pipeline_dag.py                           1           0  0.56s           2025-09-08T04:37:56
================================================================================
[2025-09-08T04:38:46.430+0000] {manager.py:878} INFO - 
================================================================================
DAG File Processing Stats

File Path                                PID    Runtime      # DAGs    # Errors  Last Runtime    Last Run
---------------------------------------  -----  ---------  --------  ----------  --------------  -------------------
/opt/airflow/dags/stock_pipeline_dag.py                           1           0  0.49s           2025-09-08T04:38:27
================================================================================
[2025-09-08T04:39:17.098+0000] {manager.py:878} INFO - 
================================================================================
DAG File Processing Stats

File Path                                PID    Runtime      # DAGs    # Errors  Last Runtime    Last Run
---------------------------------------  -----  ---------  --------  ----------  --------------  -------------------
/opt/airflow/dags/stock_pipeline_dag.py                           1           0  0.32s           2025-09-08T04:38:57
================================================================================
[2025-09-08T04:39:45.865+0000] {manager.py:452} INFO - Exiting gracefully upon receiving signal 15
[2025-09-08T04:56:59.722+0000] {manager.py:470} INFO - Processing files using up to 2 processes at a time 
[2025-09-08T04:56:59.724+0000] {manager.py:471} INFO - Process each file at most once every 30 seconds
[2025-09-08T04:56:59.727+0000] {manager.py:472} INFO - Checking for new files in /opt/airflow/dags every 300 seconds
[2025-09-08T04:56:59.729+0000] {manager.py:737} INFO - Searching for files in /opt/airflow/dags
[2025-09-08T04:56:59.785+0000] {manager.py:740} INFO - There are 1 files in /opt/airflow/dags
[2025-09-08T04:57:00.058+0000] {manager.py:878} INFO - 
================================================================================
DAG File Processing Stats

File Path                                  PID  Runtime      # DAGs    # Errors  Last Runtime    Last Run
---------------------------------------  -----  ---------  --------  ----------  --------------  ----------
/opt/airflow/dags/stock_pipeline_dag.py    164  0.12s             0           0
================================================================================
[2025-09-08T04:57:30.531+0000] {manager.py:878} INFO - 
================================================================================
DAG File Processing Stats

File Path                                PID    Runtime      # DAGs    # Errors  Last Runtime    Last Run
---------------------------------------  -----  ---------  --------  ----------  --------------  -------------------
/opt/airflow/dags/stock_pipeline_dag.py                           1           0  1.32s           2025-09-08T04:57:01
================================================================================
[2025-09-08T04:58:00.894+0000] {manager.py:878} INFO - 
================================================================================
DAG File Processing Stats

File Path                                PID    Runtime      # DAGs    # Errors  Last Runtime    Last Run
---------------------------------------  -----  ---------  --------  ----------  --------------  -------------------
/opt/airflow/dags/stock_pipeline_dag.py                           1           0  0.37s           2025-09-08T04:57:31
================================================================================
[2025-09-08T04:58:31.310+0000] {manager.py:878} INFO - 
================================================================================
DAG File Processing Stats

File Path                                PID    Runtime      # DAGs    # Errors  Last Runtime    Last Run
---------------------------------------  -----  ---------  --------  ----------  --------------  -------------------
/opt/airflow/dags/stock_pipeline_dag.py                           1           0  0.66s           2025-09-08T04:58:02
================================================================================
[2025-09-08T04:59:01.458+0000] {manager.py:878} INFO - 
================================================================================
DAG File Processing Stats

File Path                                PID    Runtime      # DAGs    # Errors  Last Runtime    Last Run
---------------------------------------  -----  ---------  --------  ----------  --------------  -------------------
/opt/airflow/dags/stock_pipeline_dag.py                           1           0  0.67s           2025-09-08T04:58:34
================================================================================
[2025-09-08T04:59:31.600+0000] {manager.py:878} INFO - 
================================================================================
DAG File Processing Stats

File Path                                PID    Runtime      # DAGs    # Errors  Last Runtime    Last Run
---------------------------------------  -----  ---------  --------  ----------  --------------  -------------------
/opt/airflow/dags/stock_pipeline_dag.py                           1           0  0.57s           2025-09-08T04:59:05
================================================================================
[2025-09-08T05:00:02.005+0000] {manager.py:878} INFO - 
================================================================================
DAG File Processing Stats

File Path                                PID    Runtime      # DAGs    # Errors  Last Runtime    Last Run
---------------------------------------  -----  ---------  --------  ----------  --------------  -------------------
/opt/airflow/dags/stock_pipeline_dag.py                           1           0  0.98s           2025-09-08T04:59:36
================================================================================
[2025-09-08T05:00:32.477+0000] {manager.py:878} INFO - 
================================================================================
DAG File Processing Stats

File Path                                PID    Runtime      # DAGs    # Errors  Last Runtime    Last Run
---------------------------------------  -----  ---------  --------  ----------  --------------  -------------------
/opt/airflow/dags/stock_pipeline_dag.py                           1           0  0.60s           2025-09-08T05:00:07
================================================================================
[2025-09-08T05:01:02.970+0000] {manager.py:878} INFO - 
================================================================================
DAG File Processing Stats

File Path                                PID    Runtime      # DAGs    # Errors  Last Runtime    Last Run
---------------------------------------  -----  ---------  --------  ----------  --------------  -------------------
/opt/airflow/dags/stock_pipeline_dag.py                           1           0  1.15s           2025-09-08T05:00:38
================================================================================
[2025-09-08T05:01:33.026+0000] {manager.py:878} INFO - 
================================================================================
DAG File Processing Stats

File Path                                PID    Runtime      # DAGs    # Errors  Last Runtime    Last Run
---------------------------------------  -----  ---------  --------  ----------  --------------  -------------------
/opt/airflow/dags/stock_pipeline_dag.py                           1           0  0.83s           2025-09-08T05:01:10
================================================================================
[2025-09-08T05:02:00.405+0000] {manager.py:737} INFO - Searching for files in /opt/airflow/dags
[2025-09-08T05:02:00.540+0000] {manager.py:740} INFO - There are 1 files in /opt/airflow/dags
[2025-09-08T05:02:03.632+0000] {manager.py:878} INFO - 
================================================================================
DAG File Processing Stats

File Path                                PID    Runtime      # DAGs    # Errors  Last Runtime    Last Run
---------------------------------------  -----  ---------  --------  ----------  --------------  -------------------
/opt/airflow/dags/stock_pipeline_dag.py                           1           0  0.36s           2025-09-08T05:01:41
================================================================================
[2025-09-08T05:02:33.636+0000] {manager.py:878} INFO - 
================================================================================
DAG File Processing Stats

File Path                                PID    Runtime      # DAGs    # Errors  Last Runtime    Last Run
---------------------------------------  -----  ---------  --------  ----------  --------------  -------------------
/opt/airflow/dags/stock_pipeline_dag.py                           1           0  0.58s           2025-09-08T05:02:12
================================================================================
[2025-09-08T05:02:52.390+0000] {manager.py:452} INFO - Exiting gracefully upon receiving signal 15
[2025-09-08T05:03:57.442+0000] {manager.py:470} INFO - Processing files using up to 2 processes at a time 
[2025-09-08T05:03:57.444+0000] {manager.py:471} INFO - Process each file at most once every 30 seconds
[2025-09-08T05:03:57.447+0000] {manager.py:472} INFO - Checking for new files in /opt/airflow/dags every 300 seconds
[2025-09-08T05:03:57.449+0000] {manager.py:737} INFO - Searching for files in /opt/airflow/dags
[2025-09-08T05:03:57.525+0000] {manager.py:740} INFO - There are 1 files in /opt/airflow/dags
[2025-09-08T05:03:57.785+0000] {manager.py:878} INFO - 
================================================================================
DAG File Processing Stats

File Path                                  PID  Runtime      # DAGs    # Errors  Last Runtime    Last Run
---------------------------------------  -----  ---------  --------  ----------  --------------  ----------
/opt/airflow/dags/stock_pipeline_dag.py    164  0.10s             0           0
================================================================================
[2025-09-08T05:04:25.522+0000] {manager.py:452} INFO - Exiting gracefully upon receiving signal 15
[2025-09-08T05:05:20.429+0000] {manager.py:470} INFO - Processing files using up to 2 processes at a time 
[2025-09-08T05:05:20.433+0000] {manager.py:471} INFO - Process each file at most once every 30 seconds
[2025-09-08T05:05:20.436+0000] {manager.py:472} INFO - Checking for new files in /opt/airflow/dags every 300 seconds
[2025-09-08T05:05:20.439+0000] {manager.py:737} INFO - Searching for files in /opt/airflow/dags
[2025-09-08T05:05:20.535+0000] {manager.py:740} INFO - There are 1 files in /opt/airflow/dags
[2025-09-08T05:05:20.804+0000] {manager.py:878} INFO - 
================================================================================
DAG File Processing Stats

File Path                                  PID  Runtime      # DAGs    # Errors  Last Runtime    Last Run
---------------------------------------  -----  ---------  --------  ----------  --------------  ----------
/opt/airflow/dags/stock_pipeline_dag.py    164  0.12s             0           0
================================================================================
[2025-09-08T05:05:51.052+0000] {manager.py:878} INFO - 
================================================================================
DAG File Processing Stats

File Path                                PID    Runtime      # DAGs    # Errors  Last Runtime    Last Run
---------------------------------------  -----  ---------  --------  ----------  --------------  -------------------
/opt/airflow/dags/stock_pipeline_dag.py                           1           0  1.78s           2025-09-08T05:05:22
================================================================================
[2025-09-08T05:06:21.472+0000] {manager.py:878} INFO - 
================================================================================
DAG File Processing Stats

File Path                                PID    Runtime      # DAGs    # Errors  Last Runtime    Last Run
---------------------------------------  -----  ---------  --------  ----------  --------------  -------------------
/opt/airflow/dags/stock_pipeline_dag.py                           1           0  0.31s           2025-09-08T05:05:53
================================================================================
[2025-09-08T05:06:51.312+0000] {manager.py:452} INFO - Exiting gracefully upon receiving signal 15
[2025-09-08T05:08:32.255+0000] {manager.py:470} INFO - Processing files using up to 2 processes at a time 
[2025-09-08T05:08:32.258+0000] {manager.py:471} INFO - Process each file at most once every 30 seconds
[2025-09-08T05:08:32.260+0000] {manager.py:472} INFO - Checking for new files in /opt/airflow/dags every 300 seconds
[2025-09-08T05:08:32.264+0000] {manager.py:737} INFO - Searching for files in /opt/airflow/dags
[2025-09-08T05:08:32.326+0000] {manager.py:740} INFO - There are 1 files in /opt/airflow/dags
[2025-09-08T05:08:32.585+0000] {manager.py:878} INFO - 
================================================================================
DAG File Processing Stats

File Path                                  PID  Runtime      # DAGs    # Errors  Last Runtime    Last Run
---------------------------------------  -----  ---------  --------  ----------  --------------  ----------
/opt/airflow/dags/stock_pipeline_dag.py    164  0.11s             0           0
================================================================================
[2025-09-08T05:09:02.854+0000] {manager.py:878} INFO - 
================================================================================
DAG File Processing Stats

File Path                                PID    Runtime      # DAGs    # Errors  Last Runtime    Last Run
---------------------------------------  -----  ---------  --------  ----------  --------------  -------------------
/opt/airflow/dags/stock_pipeline_dag.py                           1           0  1.42s           2025-09-08T05:08:33
================================================================================
[2025-09-08T05:09:32.957+0000] {manager.py:878} INFO - 
================================================================================
DAG File Processing Stats

File Path                                PID    Runtime      # DAGs    # Errors  Last Runtime    Last Run
---------------------------------------  -----  ---------  --------  ----------  --------------  -------------------
/opt/airflow/dags/stock_pipeline_dag.py                           1           0  0.41s           2025-09-08T05:09:04
================================================================================
[2025-09-08T05:10:03.396+0000] {manager.py:878} INFO - 
================================================================================
DAG File Processing Stats

File Path                                PID    Runtime      # DAGs    # Errors  Last Runtime    Last Run
---------------------------------------  -----  ---------  --------  ----------  --------------  -------------------
/opt/airflow/dags/stock_pipeline_dag.py                           1           0  0.60s           2025-09-08T05:09:35
================================================================================
[2025-09-08T05:10:33.410+0000] {manager.py:878} INFO - 
================================================================================
DAG File Processing Stats

File Path                                PID    Runtime      # DAGs    # Errors  Last Runtime    Last Run
---------------------------------------  -----  ---------  --------  ----------  --------------  -------------------
/opt/airflow/dags/stock_pipeline_dag.py                           1           0  0.57s           2025-09-08T05:10:06
================================================================================
[2025-09-08T05:11:04.010+0000] {manager.py:878} INFO - 
================================================================================
DAG File Processing Stats

File Path                                PID    Runtime      # DAGs    # Errors  Last Runtime    Last Run
---------------------------------------  -----  ---------  --------  ----------  --------------  -------------------
/opt/airflow/dags/stock_pipeline_dag.py                           1           0  0.60s           2025-09-08T05:10:36
================================================================================
[2025-09-08T05:11:34.153+0000] {manager.py:878} INFO - 
================================================================================
DAG File Processing Stats

File Path                                PID    Runtime      # DAGs    # Errors  Last Runtime    Last Run
---------------------------------------  -----  ---------  --------  ----------  --------------  -------------------
/opt/airflow/dags/stock_pipeline_dag.py                           1           0  0.78s           2025-09-08T05:11:07
================================================================================
[2025-09-08T06:01:02.019+0000] {manager.py:737} INFO - Searching for files in /opt/airflow/dags
[2025-09-08T06:01:02.292+0000] {manager.py:740} INFO - There are 1 files in /opt/airflow/dags
[2025-09-08T06:01:06.048+0000] {manager.py:878} INFO - 
================================================================================
DAG File Processing Stats

File Path                                PID    Runtime      # DAGs    # Errors  Last Runtime    Last Run
---------------------------------------  -----  ---------  --------  ----------  --------------  -------------------
/opt/airflow/dags/stock_pipeline_dag.py                           1           0  2.63s           2025-09-08T06:01:05
================================================================================
[2025-09-08T06:09:23.563+0000] {manager.py:737} INFO - Searching for files in /opt/airflow/dags
[2025-09-08T06:09:23.731+0000] {manager.py:740} INFO - There are 1 files in /opt/airflow/dags
[2025-09-08T06:09:39.713+0000] {manager.py:878} INFO - 
================================================================================
DAG File Processing Stats

File Path                                PID    Runtime      # DAGs    # Errors  Last Runtime    Last Run
---------------------------------------  -----  ---------  --------  ----------  --------------  -------------------
/opt/airflow/dags/stock_pipeline_dag.py                           1           0  0.69s           2025-09-08T06:09:24
================================================================================
[2025-09-08T06:09:55.462+0000] {manager.py:452} INFO - Exiting gracefully upon receiving signal 15
[2025-09-08T06:09:55.464+0000] {manager.py:452} INFO - Exiting gracefully upon receiving signal 15
[2025-09-08T06:09:56.161+0000] {manager.py:452} INFO - Exiting gracefully upon receiving signal 15
[2025-09-08T06:11:07.305+0000] {manager.py:470} INFO - Processing files using up to 2 processes at a time 
[2025-09-08T06:11:07.308+0000] {manager.py:471} INFO - Process each file at most once every 30 seconds
[2025-09-08T06:11:07.310+0000] {manager.py:472} INFO - Checking for new files in /opt/airflow/dags every 300 seconds
[2025-09-08T06:11:07.312+0000] {manager.py:737} INFO - Searching for files in /opt/airflow/dags
[2025-09-08T06:11:07.372+0000] {manager.py:740} INFO - There are 1 files in /opt/airflow/dags
[2025-09-08T06:11:07.610+0000] {manager.py:878} INFO - 
================================================================================
DAG File Processing Stats

File Path                                  PID  Runtime      # DAGs    # Errors  Last Runtime    Last Run
---------------------------------------  -----  ---------  --------  ----------  --------------  ----------
/opt/airflow/dags/stock_pipeline_dag.py    164  0.10s             0           0
================================================================================
[2025-09-08T06:11:37.882+0000] {manager.py:878} INFO - 
================================================================================
DAG File Processing Stats

File Path                                PID    Runtime      # DAGs    # Errors  Last Runtime    Last Run
---------------------------------------  -----  ---------  --------  ----------  --------------  -------------------
/opt/airflow/dags/stock_pipeline_dag.py                           1           0  1.21s           2025-09-08T06:11:08
================================================================================
[2025-09-08T06:12:08.078+0000] {manager.py:878} INFO - 
================================================================================
DAG File Processing Stats

File Path                                PID    Runtime      # DAGs    # Errors  Last Runtime    Last Run
---------------------------------------  -----  ---------  --------  ----------  --------------  -------------------
/opt/airflow/dags/stock_pipeline_dag.py                           1           0  0.71s           2025-09-08T06:11:39
================================================================================
[2025-09-08T06:12:38.828+0000] {manager.py:878} INFO - 
================================================================================
DAG File Processing Stats

File Path                                PID    Runtime      # DAGs    # Errors  Last Runtime    Last Run
---------------------------------------  -----  ---------  --------  ----------  --------------  -------------------
/opt/airflow/dags/stock_pipeline_dag.py                           1           0  0.48s           2025-09-08T06:12:10
================================================================================
[2025-09-08T06:13:09.335+0000] {manager.py:878} INFO - 
================================================================================
DAG File Processing Stats

File Path                                PID    Runtime      # DAGs    # Errors  Last Runtime    Last Run
---------------------------------------  -----  ---------  --------  ----------  --------------  -------------------
/opt/airflow/dags/stock_pipeline_dag.py                           1           0  0.38s           2025-09-08T06:12:41
================================================================================
[2025-09-08T06:13:39.996+0000] {manager.py:878} INFO - 
================================================================================
DAG File Processing Stats

File Path                                PID    Runtime      # DAGs    # Errors  Last Runtime    Last Run
---------------------------------------  -----  ---------  --------  ----------  --------------  -------------------
/opt/airflow/dags/stock_pipeline_dag.py                           1           0  0.50s           2025-09-08T06:13:11
================================================================================
[2025-09-08T06:14:10.172+0000] {manager.py:878} INFO - 
================================================================================
DAG File Processing Stats

File Path                                PID    Runtime      # DAGs    # Errors  Last Runtime    Last Run
---------------------------------------  -----  ---------  --------  ----------  --------------  -------------------
/opt/airflow/dags/stock_pipeline_dag.py                           1           0  0.72s           2025-09-08T06:13:42
================================================================================
[2025-09-08T06:14:40.271+0000] {manager.py:878} INFO - 
================================================================================
DAG File Processing Stats

File Path                                PID    Runtime      # DAGs    # Errors  Last Runtime    Last Run
---------------------------------------  -----  ---------  --------  ----------  --------------  -------------------
/opt/airflow/dags/stock_pipeline_dag.py                           1           0  0.68s           2025-09-08T06:14:13
================================================================================
[2025-09-08T06:15:10.360+0000] {manager.py:878} INFO - 
================================================================================
DAG File Processing Stats

File Path                                PID    Runtime      # DAGs    # Errors  Last Runtime    Last Run
---------------------------------------  -----  ---------  --------  ----------  --------------  -------------------
/opt/airflow/dags/stock_pipeline_dag.py                           1           0  0.79s           2025-09-08T06:14:44
================================================================================
[2025-09-08T06:15:26.173+0000] {manager.py:452} INFO - Exiting gracefully upon receiving signal 15
[2025-09-08T06:16:30.861+0000] {manager.py:470} INFO - Processing files using up to 2 processes at a time 
[2025-09-08T06:16:30.864+0000] {manager.py:471} INFO - Process each file at most once every 30 seconds
[2025-09-08T06:16:30.866+0000] {manager.py:472} INFO - Checking for new files in /opt/airflow/dags every 300 seconds
[2025-09-08T06:16:30.869+0000] {manager.py:737} INFO - Searching for files in /opt/airflow/dags
[2025-09-08T06:16:30.943+0000] {manager.py:740} INFO - There are 1 files in /opt/airflow/dags
[2025-09-08T06:16:31.205+0000] {manager.py:878} INFO - 
================================================================================
DAG File Processing Stats

File Path                                  PID  Runtime      # DAGs    # Errors  Last Runtime    Last Run
---------------------------------------  -----  ---------  --------  ----------  --------------  ----------
/opt/airflow/dags/stock_pipeline_dag.py    164  0.11s             0           0
================================================================================
[2025-09-08T06:17:01.381+0000] {manager.py:878} INFO - 
================================================================================
DAG File Processing Stats

File Path                                PID    Runtime      # DAGs    # Errors  Last Runtime    Last Run
---------------------------------------  -----  ---------  --------  ----------  --------------  -------------------
/opt/airflow/dags/stock_pipeline_dag.py                           1           0  1.08s           2025-09-08T06:16:32
================================================================================
[2025-09-08T06:17:31.849+0000] {manager.py:878} INFO - 
================================================================================
DAG File Processing Stats

File Path                                PID    Runtime      # DAGs    # Errors  Last Runtime    Last Run
---------------------------------------  -----  ---------  --------  ----------  --------------  -------------------
/opt/airflow/dags/stock_pipeline_dag.py                           1           0  1.32s           2025-09-08T06:17:03
================================================================================
[2025-09-08T06:18:02.531+0000] {manager.py:878} INFO - 
================================================================================
DAG File Processing Stats

File Path                                PID    Runtime      # DAGs    # Errors  Last Runtime    Last Run
---------------------------------------  -----  ---------  --------  ----------  --------------  -------------------
/opt/airflow/dags/stock_pipeline_dag.py                           1           0  0.49s           2025-09-08T06:17:34
================================================================================
[2025-09-08T06:18:33.222+0000] {manager.py:878} INFO - 
================================================================================
DAG File Processing Stats

File Path                                PID    Runtime      # DAGs    # Errors  Last Runtime    Last Run
---------------------------------------  -----  ---------  --------  ----------  --------------  -------------------
/opt/airflow/dags/stock_pipeline_dag.py                           1           0  0.43s           2025-09-08T06:18:05
================================================================================
[2025-09-08T06:19:03.303+0000] {manager.py:878} INFO - 
================================================================================
DAG File Processing Stats

File Path                                PID    Runtime      # DAGs    # Errors  Last Runtime    Last Run
---------------------------------------  -----  ---------  --------  ----------  --------------  -------------------
/opt/airflow/dags/stock_pipeline_dag.py                           1           0  0.64s           2025-09-08T06:18:35
================================================================================
[2025-09-08T06:19:33.454+0000] {manager.py:878} INFO - 
================================================================================
DAG File Processing Stats

File Path                                PID    Runtime      # DAGs    # Errors  Last Runtime    Last Run
---------------------------------------  -----  ---------  --------  ----------  --------------  -------------------
/opt/airflow/dags/stock_pipeline_dag.py                           1           0  0.68s           2025-09-08T06:19:07
================================================================================
[2025-09-08T06:20:03.872+0000] {manager.py:878} INFO - 
================================================================================
DAG File Processing Stats

File Path                                PID    Runtime      # DAGs    # Errors  Last Runtime    Last Run
---------------------------------------  -----  ---------  --------  ----------  --------------  -------------------
/opt/airflow/dags/stock_pipeline_dag.py                           1           0  0.60s           2025-09-08T06:19:37
================================================================================
[2025-09-08T06:20:34.360+0000] {manager.py:878} INFO - 
================================================================================
DAG File Processing Stats

File Path                                PID    Runtime      # DAGs    # Errors  Last Runtime    Last Run
---------------------------------------  -----  ---------  --------  ----------  --------------  -------------------
/opt/airflow/dags/stock_pipeline_dag.py                           1           0  0.90s           2025-09-08T06:20:09
================================================================================
[2025-09-08T06:21:04.541+0000] {manager.py:878} INFO - 
================================================================================
DAG File Processing Stats

File Path                                PID    Runtime      # DAGs    # Errors  Last Runtime    Last Run
---------------------------------------  -----  ---------  --------  ----------  --------------  -------------------
/opt/airflow/dags/stock_pipeline_dag.py                           1           0  1.04s           2025-09-08T06:20:40
================================================================================
[2025-09-08T06:21:31.169+0000] {manager.py:737} INFO - Searching for files in /opt/airflow/dags
[2025-09-08T06:21:31.233+0000] {manager.py:740} INFO - There are 1 files in /opt/airflow/dags
[2025-09-08T06:21:35.326+0000] {manager.py:878} INFO - 
================================================================================
DAG File Processing Stats

File Path                                PID    Runtime      # DAGs    # Errors  Last Runtime    Last Run
---------------------------------------  -----  ---------  --------  ----------  --------------  -------------------
/opt/airflow/dags/stock_pipeline_dag.py                           1           0  0.51s           2025-09-08T06:21:11
================================================================================
[2025-09-08T06:22:05.376+0000] {manager.py:878} INFO - 
================================================================================
DAG File Processing Stats

File Path                                PID    Runtime      # DAGs    # Errors  Last Runtime    Last Run
---------------------------------------  -----  ---------  --------  ----------  --------------  -------------------
/opt/airflow/dags/stock_pipeline_dag.py                           1           0  0.55s           2025-09-08T06:21:42
================================================================================
[2025-09-08T06:22:35.883+0000] {manager.py:878} INFO - 
================================================================================
DAG File Processing Stats

File Path                                PID    Runtime      # DAGs    # Errors  Last Runtime    Last Run
---------------------------------------  -----  ---------  --------  ----------  --------------  -------------------
/opt/airflow/dags/stock_pipeline_dag.py                           1           0  0.47s           2025-09-08T06:22:12
================================================================================
[2025-09-08T06:23:06.779+0000] {manager.py:878} INFO - 
================================================================================
DAG File Processing Stats

File Path                                PID    Runtime      # DAGs    # Errors  Last Runtime    Last Run
---------------------------------------  -----  ---------  --------  ----------  --------------  -------------------
/opt/airflow/dags/stock_pipeline_dag.py                           1           0  0.48s           2025-09-08T06:22:43
================================================================================
[2025-09-08T06:23:37.340+0000] {manager.py:878} INFO - 
================================================================================
DAG File Processing Stats

File Path                                PID    Runtime      # DAGs    # Errors  Last Runtime    Last Run
---------------------------------------  -----  ---------  --------  ----------  --------------  -------------------
/opt/airflow/dags/stock_pipeline_dag.py                           1           0  0.37s           2025-09-08T06:23:14
================================================================================
[2025-09-08T06:24:07.433+0000] {manager.py:878} INFO - 
================================================================================
DAG File Processing Stats

File Path                                PID    Runtime      # DAGs    # Errors  Last Runtime    Last Run
---------------------------------------  -----  ---------  --------  ----------  --------------  -------------------
/opt/airflow/dags/stock_pipeline_dag.py                           1           0  0.63s           2025-09-08T06:23:45
================================================================================
[2025-09-08T06:24:37.892+0000] {manager.py:878} INFO - 
================================================================================
DAG File Processing Stats

File Path                                PID    Runtime      # DAGs    # Errors  Last Runtime    Last Run
---------------------------------------  -----  ---------  --------  ----------  --------------  -------------------
/opt/airflow/dags/stock_pipeline_dag.py                           1           0  0.33s           2025-09-08T06:24:15
================================================================================
[2025-09-08T06:25:08.014+0000] {manager.py:878} INFO - 
================================================================================
DAG File Processing Stats

File Path                                PID    Runtime      # DAGs    # Errors  Last Runtime    Last Run
---------------------------------------  -----  ---------  --------  ----------  --------------  -------------------
/opt/airflow/dags/stock_pipeline_dag.py                           1           0  0.61s           2025-09-08T06:24:46
================================================================================
[2025-09-08T06:25:38.392+0000] {manager.py:878} INFO - 
================================================================================
DAG File Processing Stats

File Path                                PID    Runtime      # DAGs    # Errors  Last Runtime    Last Run
---------------------------------------  -----  ---------  --------  ----------  --------------  -------------------
/opt/airflow/dags/stock_pipeline_dag.py                           1           0  0.45s           2025-09-08T06:25:17
================================================================================
[2025-09-08T06:26:08.953+0000] {manager.py:878} INFO - 
================================================================================
DAG File Processing Stats

File Path                                PID    Runtime      # DAGs    # Errors  Last Runtime    Last Run
---------------------------------------  -----  ---------  --------  ----------  --------------  -------------------
/opt/airflow/dags/stock_pipeline_dag.py                           1           0  0.35s           2025-09-08T06:25:47
================================================================================
[2025-09-08T06:26:31.424+0000] {manager.py:737} INFO - Searching for files in /opt/airflow/dags
[2025-09-08T06:26:31.553+0000] {manager.py:740} INFO - There are 1 files in /opt/airflow/dags
[2025-09-08T06:26:39.736+0000] {manager.py:878} INFO - 
================================================================================
DAG File Processing Stats

File Path                                PID    Runtime      # DAGs    # Errors  Last Runtime    Last Run
---------------------------------------  -----  ---------  --------  ----------  --------------  -------------------
/opt/airflow/dags/stock_pipeline_dag.py                           1           0  0.44s           2025-09-08T06:26:18
================================================================================
[2025-09-08T06:27:09.786+0000] {manager.py:878} INFO - 
================================================================================
DAG File Processing Stats

File Path                                PID    Runtime      # DAGs    # Errors  Last Runtime    Last Run
---------------------------------------  -----  ---------  --------  ----------  --------------  -------------------
/opt/airflow/dags/stock_pipeline_dag.py                           1           0  0.54s           2025-09-08T06:26:49
================================================================================
[2025-09-08T06:27:40.256+0000] {manager.py:878} INFO - 
================================================================================
DAG File Processing Stats

File Path                                PID    Runtime      # DAGs    # Errors  Last Runtime    Last Run
---------------------------------------  -----  ---------  --------  ----------  --------------  -------------------
/opt/airflow/dags/stock_pipeline_dag.py                           1           0  0.47s           2025-09-08T06:27:20
================================================================================
[2025-09-08T06:28:10.609+0000] {manager.py:878} INFO - 
================================================================================
DAG File Processing Stats

File Path                                PID    Runtime      # DAGs    # Errors  Last Runtime    Last Run
---------------------------------------  -----  ---------  --------  ----------  --------------  -------------------
/opt/airflow/dags/stock_pipeline_dag.py                           1           0  0.46s           2025-09-08T06:27:51
================================================================================
[2025-09-08T06:28:41.598+0000] {manager.py:878} INFO - 
================================================================================
DAG File Processing Stats

File Path                                PID    Runtime      # DAGs    # Errors  Last Runtime    Last Run
---------------------------------------  -----  ---------  --------  ----------  --------------  -------------------
/opt/airflow/dags/stock_pipeline_dag.py                           1           0  0.56s           2025-09-08T06:28:22
================================================================================
[2025-09-08T06:29:12.112+0000] {manager.py:878} INFO - 
================================================================================
DAG File Processing Stats

File Path                                PID    Runtime      # DAGs    # Errors  Last Runtime    Last Run
---------------------------------------  -----  ---------  --------  ----------  --------------  -------------------
/opt/airflow/dags/stock_pipeline_dag.py                           1           0  0.45s           2025-09-08T06:28:53
================================================================================
[2025-09-08T06:29:42.211+0000] {manager.py:878} INFO - 
================================================================================
DAG File Processing Stats

File Path                                PID    Runtime      # DAGs    # Errors  Last Runtime    Last Run
---------------------------------------  -----  ---------  --------  ----------  --------------  -------------------
/opt/airflow/dags/stock_pipeline_dag.py                           1           0  0.64s           2025-09-08T06:29:23
================================================================================
[2025-09-08T06:30:12.693+0000] {manager.py:878} INFO - 
================================================================================
DAG File Processing Stats

File Path                                PID    Runtime      # DAGs    # Errors  Last Runtime    Last Run
---------------------------------------  -----  ---------  --------  ----------  --------------  -------------------
/opt/airflow/dags/stock_pipeline_dag.py                           1           0  0.57s           2025-09-08T06:29:54
================================================================================
[2025-09-08T06:30:42.824+0000] {manager.py:878} INFO - 
================================================================================
DAG File Processing Stats

File Path                                PID    Runtime      # DAGs    # Errors  Last Runtime    Last Run
---------------------------------------  -----  ---------  --------  ----------  --------------  -------------------
/opt/airflow/dags/stock_pipeline_dag.py                           1           0  0.64s           2025-09-08T06:30:25
================================================================================
[2025-09-08T06:31:13.326+0000] {manager.py:878} INFO - 
================================================================================
DAG File Processing Stats

File Path                                PID    Runtime      # DAGs    # Errors  Last Runtime    Last Run
---------------------------------------  -----  ---------  --------  ----------  --------------  -------------------
/opt/airflow/dags/stock_pipeline_dag.py                           1           0  0.60s           2025-09-08T06:30:56
================================================================================
[2025-09-08T06:31:31.857+0000] {manager.py:737} INFO - Searching for files in /opt/airflow/dags
[2025-09-08T06:31:32.029+0000] {manager.py:740} INFO - There are 1 files in /opt/airflow/dags
[2025-09-08T06:31:43.400+0000] {manager.py:878} INFO - 
================================================================================
DAG File Processing Stats

File Path                                PID    Runtime      # DAGs    # Errors  Last Runtime    Last Run
---------------------------------------  -----  ---------  --------  ----------  --------------  -------------------
/opt/airflow/dags/stock_pipeline_dag.py                           1           0  0.61s           2025-09-08T06:31:27
================================================================================
[2025-09-08T06:32:13.834+0000] {manager.py:878} INFO - 
================================================================================
DAG File Processing Stats

File Path                                PID    Runtime      # DAGs    # Errors  Last Runtime    Last Run
---------------------------------------  -----  ---------  --------  ----------  --------------  -------------------
/opt/airflow/dags/stock_pipeline_dag.py                           1           0  0.57s           2025-09-08T06:31:58
================================================================================
[2025-09-08T06:32:44.836+0000] {manager.py:878} INFO - 
================================================================================
DAG File Processing Stats

File Path                                PID    Runtime      # DAGs    # Errors  Last Runtime    Last Run
---------------------------------------  -----  ---------  --------  ----------  --------------  -------------------
/opt/airflow/dags/stock_pipeline_dag.py                           1           0  0.48s           2025-09-08T06:32:28
================================================================================
[2025-09-08T06:33:15.359+0000] {manager.py:878} INFO - 
================================================================================
DAG File Processing Stats

File Path                                PID    Runtime      # DAGs    # Errors  Last Runtime    Last Run
---------------------------------------  -----  ---------  --------  ----------  --------------  -------------------
/opt/airflow/dags/stock_pipeline_dag.py                           1           0  0.51s           2025-09-08T06:32:59
================================================================================
[2025-09-08T06:33:45.833+0000] {manager.py:878} INFO - 
================================================================================
DAG File Processing Stats

File Path                                PID    Runtime      # DAGs    # Errors  Last Runtime    Last Run
---------------------------------------  -----  ---------  --------  ----------  --------------  -------------------
/opt/airflow/dags/stock_pipeline_dag.py                           1           0  0.54s           2025-09-08T06:33:30
================================================================================
[2025-09-08T06:34:16.313+0000] {manager.py:878} INFO - 
================================================================================
DAG File Processing Stats

File Path                                PID    Runtime      # DAGs    # Errors  Last Runtime    Last Run
---------------------------------------  -----  ---------  --------  ----------  --------------  -------------------
/opt/airflow/dags/stock_pipeline_dag.py                           1           0  0.34s           2025-09-08T06:34:01
================================================================================
[2025-09-08T06:34:47.091+0000] {manager.py:878} INFO - 
================================================================================
DAG File Processing Stats

File Path                                PID    Runtime      # DAGs    # Errors  Last Runtime    Last Run
---------------------------------------  -----  ---------  --------  ----------  --------------  -------------------
/opt/airflow/dags/stock_pipeline_dag.py                           1           0  0.45s           2025-09-08T06:34:32
================================================================================
[2025-09-08T06:35:17.489+0000] {manager.py:878} INFO - 
================================================================================
DAG File Processing Stats

File Path                                PID    Runtime      # DAGs    # Errors  Last Runtime    Last Run
---------------------------------------  -----  ---------  --------  ----------  --------------  -------------------
/opt/airflow/dags/stock_pipeline_dag.py                           1           0  0.67s           2025-09-08T06:35:02
================================================================================
[2025-09-08T06:35:19.184+0000] {manager.py:452} INFO - Exiting gracefully upon receiving signal 15
[2025-09-08T08:00:00.898+0000] {manager.py:470} INFO - Processing files using up to 2 processes at a time 
[2025-09-08T08:00:00.901+0000] {manager.py:471} INFO - Process each file at most once every 30 seconds
[2025-09-08T08:00:00.903+0000] {manager.py:472} INFO - Checking for new files in /opt/airflow/dags every 300 seconds
[2025-09-08T08:00:00.905+0000] {manager.py:737} INFO - Searching for files in /opt/airflow/dags
[2025-09-08T08:00:01.166+0000] {manager.py:740} INFO - There are 2 files in /opt/airflow/dags
[2025-09-08T08:00:01.544+0000] {manager.py:878} INFO - 
================================================================================
DAG File Processing Stats

File Path                                  PID  Runtime      # DAGs    # Errors  Last Runtime    Last Run
---------------------------------------  -----  ---------  --------  ----------  --------------  ----------
/opt/airflow/dags/hello_dag.py             193  0.11s             0           0
/opt/airflow/dags/stock_pipeline_dag.py    190  0.14s             0           0
================================================================================
[2025-09-08T08:00:31.686+0000] {manager.py:878} INFO - 
================================================================================
DAG File Processing Stats

File Path                                PID    Runtime      # DAGs    # Errors  Last Runtime    Last Run
---------------------------------------  -----  ---------  --------  ----------  --------------  -------------------
/opt/airflow/dags/stock_pipeline_dag.py                           1           0  0.96s           2025-09-08T08:00:02
/opt/airflow/dags/hello_dag.py                                    1           0  0.88s           2025-09-08T08:00:02
================================================================================
[2025-09-08T08:01:01.773+0000] {manager.py:878} INFO - 
================================================================================
DAG File Processing Stats

File Path                                PID    Runtime      # DAGs    # Errors  Last Runtime    Last Run
---------------------------------------  -----  ---------  --------  ----------  --------------  -------------------
/opt/airflow/dags/stock_pipeline_dag.py                           1           0  0.67s           2025-09-08T08:00:33
/opt/airflow/dags/hello_dag.py                                    1           0  0.60s           2025-09-08T08:00:33
================================================================================
[2025-09-08T08:01:31.858+0000] {manager.py:878} INFO - 
================================================================================
DAG File Processing Stats

File Path                                PID    Runtime      # DAGs    # Errors  Last Runtime    Last Run
---------------------------------------  -----  ---------  --------  ----------  --------------  -------------------
/opt/airflow/dags/stock_pipeline_dag.py                           1           0  0.64s           2025-09-08T08:01:04
/opt/airflow/dags/hello_dag.py                                    1           0  0.54s           2025-09-08T08:01:04
================================================================================
[2025-09-08T08:02:01.903+0000] {manager.py:878} INFO - 
================================================================================
DAG File Processing Stats

File Path                                PID    Runtime      # DAGs    # Errors  Last Runtime    Last Run
---------------------------------------  -----  ---------  --------  ----------  --------------  -------------------
/opt/airflow/dags/stock_pipeline_dag.py                           1           0  0.54s           2025-09-08T08:01:35
/opt/airflow/dags/hello_dag.py                                    1           0  0.44s           2025-09-08T08:01:35
================================================================================
[2025-09-08T08:02:32.055+0000] {manager.py:878} INFO - 
================================================================================
DAG File Processing Stats

File Path                                PID    Runtime      # DAGs    # Errors  Last Runtime    Last Run
---------------------------------------  -----  ---------  --------  ----------  --------------  -------------------
/opt/airflow/dags/stock_pipeline_dag.py                           1           0  0.46s           2025-09-08T08:02:06
/opt/airflow/dags/hello_dag.py                                    1           0  0.33s           2025-09-08T08:02:06
================================================================================
[2025-09-08T08:03:02.892+0000] {manager.py:878} INFO - 
================================================================================
DAG File Processing Stats

File Path                                PID    Runtime      # DAGs    # Errors  Last Runtime    Last Run
---------------------------------------  -----  ---------  --------  ----------  --------------  -------------------
/opt/airflow/dags/stock_pipeline_dag.py                           1           0  0.54s           2025-09-08T08:02:37
/opt/airflow/dags/hello_dag.py                                    1           0  0.43s           2025-09-08T08:02:37
================================================================================
[2025-09-08T08:03:32.985+0000] {manager.py:878} INFO - 
================================================================================
DAG File Processing Stats

File Path                                PID    Runtime      # DAGs    # Errors  Last Runtime    Last Run
---------------------------------------  -----  ---------  --------  ----------  --------------  -------------------
/opt/airflow/dags/stock_pipeline_dag.py                           1           0  0.61s           2025-09-08T08:03:08
/opt/airflow/dags/hello_dag.py                                    1           0  0.48s           2025-09-08T08:03:08
================================================================================
[2025-09-08T08:17:42.390+0000] {manager.py:737} INFO - Searching for files in /opt/airflow/dags
[2025-09-08T08:17:42.690+0000] {manager.py:740} INFO - There are 2 files in /opt/airflow/dags
[2025-09-08T08:17:49.961+0000] {manager.py:878} INFO - 
================================================================================
DAG File Processing Stats

File Path                                PID    Runtime      # DAGs    # Errors  Last Runtime    Last Run
---------------------------------------  -----  ---------  --------  ----------  --------------  -------------------
/opt/airflow/dags/stock_pipeline_dag.py                           1           0  1.53s           2025-09-08T08:17:44
/opt/airflow/dags/hello_dag.py                                    1           0  0.92s           2025-09-08T08:17:43
================================================================================
[2025-09-08T12:40:16.327+0000] {manager.py:470} INFO - Processing files using up to 2 processes at a time 
[2025-09-08T12:40:16.330+0000] {manager.py:471} INFO - Process each file at most once every 30 seconds
[2025-09-08T12:40:16.333+0000] {manager.py:472} INFO - Checking for new files in /opt/airflow/dags every 300 seconds
[2025-09-08T12:40:16.341+0000] {manager.py:737} INFO - Searching for files in /opt/airflow/dags
[2025-09-08T12:40:16.534+0000] {manager.py:740} INFO - There are 2 files in /opt/airflow/dags
[2025-09-08T12:40:16.796+0000] {manager.py:878} INFO - 
================================================================================
DAG File Processing Stats

File Path                                  PID  Runtime      # DAGs    # Errors  Last Runtime    Last Run
---------------------------------------  -----  ---------  --------  ----------  --------------  ----------
/opt/airflow/dags/hello_dag.py             193  0.10s             0           0
/opt/airflow/dags/stock_pipeline_dag.py    190  0.12s             0           0
================================================================================
[2025-09-08T12:40:47.623+0000] {manager.py:878} INFO - 
================================================================================
DAG File Processing Stats

File Path                                  PID  Runtime      # DAGs    # Errors  Last Runtime    Last Run
---------------------------------------  -----  ---------  --------  ----------  --------------  -------------------
/opt/airflow/dags/stock_pipeline_dag.py    221  0.02s             1           0  0.63s           2025-09-08T12:40:17
/opt/airflow/dags/hello_dag.py             224  0.00s             1           0  0.59s           2025-09-08T12:40:17
================================================================================
[2025-09-08T12:41:18.537+0000] {manager.py:878} INFO - 
================================================================================
DAG File Processing Stats

File Path                                  PID  Runtime      # DAGs    # Errors  Last Runtime    Last Run
---------------------------------------  -----  ---------  --------  ----------  --------------  -------------------
/opt/airflow/dags/stock_pipeline_dag.py    235  0.01s             1           0  0.46s           2025-09-08T12:40:48
/opt/airflow/dags/hello_dag.py             238  0.00s             1           0  0.44s           2025-09-08T12:40:48
================================================================================
[2025-09-08T12:41:48.932+0000] {manager.py:878} INFO - 
================================================================================
DAG File Processing Stats

File Path                                  PID  Runtime      # DAGs    # Errors  Last Runtime    Last Run
---------------------------------------  -----  ---------  --------  ----------  --------------  -------------------
/opt/airflow/dags/stock_pipeline_dag.py    245  0.02s             1           0  0.16s           2025-09-08T12:41:18
/opt/airflow/dags/hello_dag.py             248  0.00s             1           0  0.12s           2025-09-08T12:41:18
================================================================================
[2025-09-08T12:42:19.527+0000] {manager.py:878} INFO - 
================================================================================
DAG File Processing Stats

File Path                                  PID  Runtime      # DAGs    # Errors  Last Runtime    Last Run
---------------------------------------  -----  ---------  --------  ----------  --------------  -------------------
/opt/airflow/dags/stock_pipeline_dag.py    255  0.01s             1           0  0.16s           2025-09-08T12:41:49
/opt/airflow/dags/hello_dag.py             258  0.00s             1           0  0.11s           2025-09-08T12:41:49
================================================================================
[2025-09-08T12:42:50.005+0000] {manager.py:878} INFO - 
================================================================================
DAG File Processing Stats

File Path                                  PID  Runtime      # DAGs    # Errors  Last Runtime    Last Run
---------------------------------------  -----  ---------  --------  ----------  --------------  -------------------
/opt/airflow/dags/stock_pipeline_dag.py    265  0.02s             1           0  0.16s           2025-09-08T12:42:19
/opt/airflow/dags/hello_dag.py             268  0.00s             1           0  0.12s           2025-09-08T12:42:19
================================================================================
[2025-09-08T12:43:20.489+0000] {manager.py:878} INFO - 
================================================================================
DAG File Processing Stats

File Path                                  PID  Runtime      # DAGs    # Errors  Last Runtime    Last Run
---------------------------------------  -----  ---------  --------  ----------  --------------  -------------------
/opt/airflow/dags/stock_pipeline_dag.py    275  0.02s             1           0  0.20s           2025-09-08T12:42:50
/opt/airflow/dags/hello_dag.py             278  0.00s             1           0  0.14s           2025-09-08T12:42:50
================================================================================
[2025-09-08T12:43:50.931+0000] {manager.py:878} INFO - 
================================================================================
DAG File Processing Stats

File Path                                  PID  Runtime      # DAGs    # Errors  Last Runtime    Last Run
---------------------------------------  -----  ---------  --------  ----------  --------------  -------------------
/opt/airflow/dags/stock_pipeline_dag.py                           1           0  0.26s           2025-09-08T12:43:25
/opt/airflow/dags/hello_dag.py             290  0.01s             1           0  0.12s           2025-09-08T12:43:20
================================================================================
[2025-09-08T12:44:21.424+0000] {manager.py:878} INFO - 
================================================================================
DAG File Processing Stats

File Path                                  PID  Runtime      # DAGs    # Errors  Last Runtime    Last Run
---------------------------------------  -----  ---------  --------  ----------  --------------  -------------------
/opt/airflow/dags/stock_pipeline_dag.py                           1           0  0.15s           2025-09-08T12:43:56
/opt/airflow/dags/hello_dag.py             300  0.00s             1           0  0.15s           2025-09-08T12:43:51
================================================================================
[2025-09-08T12:44:51.791+0000] {manager.py:878} INFO - 
================================================================================
DAG File Processing Stats

File Path                                  PID  Runtime      # DAGs    # Errors  Last Runtime    Last Run
---------------------------------------  -----  ---------  --------  ----------  --------------  -------------------
/opt/airflow/dags/stock_pipeline_dag.py                           1           0  0.17s           2025-09-08T12:44:26
/opt/airflow/dags/hello_dag.py             310  0.00s             1           0  0.12s           2025-09-08T12:44:21
================================================================================
[2025-09-08T12:45:17.163+0000] {manager.py:737} INFO - Searching for files in /opt/airflow/dags
[2025-09-08T12:45:17.227+0000] {manager.py:740} INFO - There are 2 files in /opt/airflow/dags
[2025-09-08T12:45:22.311+0000] {manager.py:878} INFO - 
================================================================================
DAG File Processing Stats

File Path                                  PID  Runtime      # DAGs    # Errors  Last Runtime    Last Run
---------------------------------------  -----  ---------  --------  ----------  --------------  -------------------
/opt/airflow/dags/stock_pipeline_dag.py                           1           0  0.16s           2025-09-08T12:44:57
/opt/airflow/dags/hello_dag.py             320  0.00s             1           0  0.13s           2025-09-08T12:44:51
================================================================================
[2025-09-08T12:45:52.847+0000] {manager.py:878} INFO - 
================================================================================
DAG File Processing Stats

File Path                                  PID  Runtime      # DAGs    # Errors  Last Runtime    Last Run
---------------------------------------  -----  ---------  --------  ----------  --------------  -------------------
/opt/airflow/dags/stock_pipeline_dag.py                           1           0  0.17s           2025-09-08T12:45:30
/opt/airflow/dags/hello_dag.py             335  0.00s             1           0  0.12s           2025-09-08T12:45:22
================================================================================
[2025-09-08T12:46:25.732+0000] {manager.py:470} INFO - Processing files using up to 2 processes at a time 
[2025-09-08T12:46:25.734+0000] {manager.py:471} INFO - Process each file at most once every 30 seconds
[2025-09-08T12:46:25.735+0000] {manager.py:472} INFO - Checking for new files in /opt/airflow/dags every 300 seconds
[2025-09-08T12:46:25.736+0000] {manager.py:737} INFO - Searching for files in /opt/airflow/dags
[2025-09-08T12:46:25.812+0000] {manager.py:740} INFO - There are 2 files in /opt/airflow/dags
[2025-09-08T12:46:25.930+0000] {manager.py:878} INFO - 
================================================================================
DAG File Processing Stats

File Path                                  PID  Runtime      # DAGs    # Errors  Last Runtime    Last Run
---------------------------------------  -----  ---------  --------  ----------  --------------  ----------
/opt/airflow/dags/hello_dag.py             193  0.05s             0           0
/opt/airflow/dags/stock_pipeline_dag.py    190  0.07s             0           0
================================================================================
[2025-09-08T12:46:56.378+0000] {manager.py:878} INFO - 
================================================================================
DAG File Processing Stats

File Path                                  PID  Runtime      # DAGs    # Errors  Last Runtime    Last Run
---------------------------------------  -----  ---------  --------  ----------  --------------  -------------------
/opt/airflow/dags/stock_pipeline_dag.py    225  0.01s             1           0  0.36s           2025-09-08T12:46:26
/opt/airflow/dags/hello_dag.py             228  0.00s             1           0  0.16s           2025-09-08T12:46:26
================================================================================
[2025-09-08T12:47:27.247+0000] {manager.py:878} INFO - 
================================================================================
DAG File Processing Stats

File Path                                  PID  Runtime      # DAGs    # Errors  Last Runtime    Last Run
---------------------------------------  -----  ---------  --------  ----------  --------------  -------------------
/opt/airflow/dags/stock_pipeline_dag.py    235  0.01s             1           0  0.39s           2025-09-08T12:46:56
/opt/airflow/dags/hello_dag.py             238  0.00s             1           0  0.37s           2025-09-08T12:46:56
================================================================================
[2025-09-08T12:47:57.973+0000] {manager.py:878} INFO - 
================================================================================
DAG File Processing Stats

File Path                                  PID  Runtime      # DAGs    # Errors  Last Runtime    Last Run
---------------------------------------  -----  ---------  --------  ----------  --------------  -------------------
/opt/airflow/dags/stock_pipeline_dag.py    245  0.01s             1           0  0.28s           2025-09-08T12:47:27
/opt/airflow/dags/hello_dag.py             248  0.00s             1           0  0.26s           2025-09-08T12:47:27
================================================================================
[2025-09-08T12:48:28.373+0000] {manager.py:878} INFO - 
================================================================================
DAG File Processing Stats

File Path                                  PID  Runtime      # DAGs    # Errors  Last Runtime    Last Run
---------------------------------------  -----  ---------  --------  ----------  --------------  -------------------
/opt/airflow/dags/stock_pipeline_dag.py    256  0.02s             1           0  0.14s           2025-09-08T12:47:58
/opt/airflow/dags/hello_dag.py             259  0.00s             1           0  0.12s           2025-09-08T12:47:58
================================================================================
[2025-09-08T12:48:58.913+0000] {manager.py:878} INFO - 
================================================================================
DAG File Processing Stats

File Path                                  PID  Runtime      # DAGs    # Errors  Last Runtime    Last Run
---------------------------------------  -----  ---------  --------  ----------  --------------  -------------------
/opt/airflow/dags/stock_pipeline_dag.py    266  0.01s             1           0  0.15s           2025-09-08T12:48:28
/opt/airflow/dags/hello_dag.py             269  0.00s             1           0  0.13s           2025-09-08T12:48:28
================================================================================
[2025-09-08T12:49:29.457+0000] {manager.py:878} INFO - 
================================================================================
DAG File Processing Stats

File Path                                  PID  Runtime      # DAGs    # Errors  Last Runtime    Last Run
---------------------------------------  -----  ---------  --------  ----------  --------------  -------------------
/opt/airflow/dags/stock_pipeline_dag.py    276  0.02s             1           0  0.13s           2025-09-08T12:48:59
/opt/airflow/dags/hello_dag.py             279  0.00s             1           0  0.11s           2025-09-08T12:48:59
================================================================================
[2025-09-08T12:49:59.906+0000] {manager.py:878} INFO - 
================================================================================
DAG File Processing Stats

File Path                                  PID  Runtime      # DAGs    # Errors  Last Runtime    Last Run
---------------------------------------  -----  ---------  --------  ----------  --------------  -------------------
/opt/airflow/dags/stock_pipeline_dag.py    286  0.02s             1           0  0.15s           2025-09-08T12:49:29
/opt/airflow/dags/hello_dag.py             289  0.00s             1           0  0.13s           2025-09-08T12:49:29
================================================================================
[2025-09-08T12:50:30.420+0000] {manager.py:878} INFO - 
================================================================================
DAG File Processing Stats

File Path                                  PID  Runtime      # DAGs    # Errors  Last Runtime    Last Run
---------------------------------------  -----  ---------  --------  ----------  --------------  -------------------
/opt/airflow/dags/stock_pipeline_dag.py    296  0.01s             1           0  0.15s           2025-09-08T12:50:00
/opt/airflow/dags/hello_dag.py             299  0.00s             1           0  0.12s           2025-09-08T12:50:00
================================================================================
[2025-09-08T12:51:00.911+0000] {manager.py:878} INFO - 
================================================================================
DAG File Processing Stats

File Path                                  PID  Runtime      # DAGs    # Errors  Last Runtime    Last Run
---------------------------------------  -----  ---------  --------  ----------  --------------  -------------------
/opt/airflow/dags/stock_pipeline_dag.py    306  0.02s             1           0  0.14s           2025-09-08T12:50:30
/opt/airflow/dags/hello_dag.py             309  0.00s             1           0  0.13s           2025-09-08T12:50:30
================================================================================
[2025-09-08T12:51:26.319+0000] {manager.py:737} INFO - Searching for files in /opt/airflow/dags
[2025-09-08T12:51:26.492+0000] {manager.py:740} INFO - There are 2 files in /opt/airflow/dags
[2025-09-08T12:51:31.610+0000] {manager.py:878} INFO - 
================================================================================
DAG File Processing Stats

File Path                                  PID  Runtime      # DAGs    # Errors  Last Runtime    Last Run
---------------------------------------  -----  ---------  --------  ----------  --------------  -------------------
/opt/airflow/dags/stock_pipeline_dag.py    316  0.02s             1           0  0.14s           2025-09-08T12:51:01
/opt/airflow/dags/hello_dag.py             319  0.00s             1           0  0.12s           2025-09-08T12:51:01
================================================================================
[2025-09-08T12:52:02.151+0000] {manager.py:878} INFO - 
================================================================================
DAG File Processing Stats

File Path                                  PID  Runtime      # DAGs    # Errors  Last Runtime    Last Run
---------------------------------------  -----  ---------  --------  ----------  --------------  -------------------
/opt/airflow/dags/stock_pipeline_dag.py    327  0.02s             1           0  0.16s           2025-09-08T12:51:31
/opt/airflow/dags/hello_dag.py             330  0.00s             1           0  0.13s           2025-09-08T12:51:31
================================================================================
[2025-09-08T12:52:32.733+0000] {manager.py:878} INFO - 
================================================================================
DAG File Processing Stats

File Path                                  PID  Runtime      # DAGs    # Errors  Last Runtime    Last Run
---------------------------------------  -----  ---------  --------  ----------  --------------  -------------------
/opt/airflow/dags/stock_pipeline_dag.py    337  0.03s             1           0  0.14s           2025-09-08T12:52:02
/opt/airflow/dags/hello_dag.py             340  0.01s             1           0  0.12s           2025-09-08T12:52:02
================================================================================
[2025-09-08T13:01:19.932+0000] {manager.py:470} INFO - Processing files using up to 2 processes at a time 
[2025-09-08T13:01:19.934+0000] {manager.py:471} INFO - Process each file at most once every 30 seconds
[2025-09-08T13:01:19.936+0000] {manager.py:472} INFO - Checking for new files in /opt/airflow/dags every 300 seconds
[2025-09-08T13:01:19.937+0000] {manager.py:737} INFO - Searching for files in /opt/airflow/dags
[2025-09-08T13:01:19.985+0000] {manager.py:740} INFO - There are 2 files in /opt/airflow/dags
[2025-09-08T13:01:20.176+0000] {manager.py:878} INFO - 
================================================================================
DAG File Processing Stats

File Path                                  PID  Runtime      # DAGs    # Errors  Last Runtime    Last Run
---------------------------------------  -----  ---------  --------  ----------  --------------  ----------
/opt/airflow/dags/hello_dag.py             167  0.09s             0           0
/opt/airflow/dags/stock_pipeline_dag.py    164  0.11s             0           0
================================================================================
[2025-09-08T13:01:50.406+0000] {manager.py:878} INFO - 
================================================================================
DAG File Processing Stats

File Path                                PID    Runtime      # DAGs    # Errors  Last Runtime    Last Run
---------------------------------------  -----  ---------  --------  ----------  --------------  -------------------
/opt/airflow/dags/stock_pipeline_dag.py                           1           0  1.06s           2025-09-08T13:01:21
/opt/airflow/dags/hello_dag.py                                    1           0  1.02s           2025-09-08T13:01:21
================================================================================
[2025-09-08T13:02:21.046+0000] {manager.py:878} INFO - 
================================================================================
DAG File Processing Stats

File Path                                PID    Runtime      # DAGs    # Errors  Last Runtime    Last Run
---------------------------------------  -----  ---------  --------  ----------  --------------  -------------------
/opt/airflow/dags/stock_pipeline_dag.py                           1           0  0.29s           2025-09-08T13:01:51
/opt/airflow/dags/hello_dag.py                                    1           0  0.29s           2025-09-08T13:01:51
================================================================================
[2025-09-08T13:02:33.581+0000] {manager.py:452} INFO - Exiting gracefully upon receiving signal 15
