[2025-09-07T06:47:09.124+0000] {processor.py:161} INFO - Started process (PID=164) to work on /opt/airflow/dags/stock_pipeline_dag.py
[2025-09-07T06:47:09.126+0000] {processor.py:830} INFO - Processing file /opt/airflow/dags/stock_pipeline_dag.py for tasks to queue
[2025-09-07T06:47:09.130+0000] {logging_mixin.py:188} INFO - [2025-09-07T06:47:09.129+0000] {dagbag.py:545} INFO - Filling up the DagBag from /opt/airflow/dags/stock_pipeline_dag.py
[2025-09-07T06:47:09.199+0000] {processor.py:840} INFO - DAG(s) 'stock_fetch_dag' retrieved from /opt/airflow/dags/stock_pipeline_dag.py
[2025-09-07T06:47:09.292+0000] {logging_mixin.py:188} INFO - [2025-09-07T06:47:09.292+0000] {dag.py:3096} INFO - Sync 1 DAGs
[2025-09-07T06:47:09.340+0000] {logging_mixin.py:188} INFO - [2025-09-07T06:47:09.339+0000] {dag.py:3954} INFO - Setting next_dagrun for stock_fetch_dag to 2025-09-07 05:00:00+00:00, run_after=2025-09-07 06:00:00+00:00
[2025-09-07T06:47:09.373+0000] {processor.py:183} INFO - Processing /opt/airflow/dags/stock_pipeline_dag.py took 0.261 seconds
[2025-09-07T06:47:39.431+0000] {processor.py:161} INFO - Started process (PID=169) to work on /opt/airflow/dags/stock_pipeline_dag.py
[2025-09-07T06:47:39.433+0000] {processor.py:830} INFO - Processing file /opt/airflow/dags/stock_pipeline_dag.py for tasks to queue
[2025-09-07T06:47:39.435+0000] {logging_mixin.py:188} INFO - [2025-09-07T06:47:39.435+0000] {dagbag.py:545} INFO - Filling up the DagBag from /opt/airflow/dags/stock_pipeline_dag.py
[2025-09-07T06:47:39.469+0000] {processor.py:840} INFO - DAG(s) 'stock_fetch_dag' retrieved from /opt/airflow/dags/stock_pipeline_dag.py
[2025-09-07T06:47:39.502+0000] {logging_mixin.py:188} INFO - [2025-09-07T06:47:39.502+0000] {dag.py:3096} INFO - Sync 1 DAGs
[2025-09-07T06:47:39.529+0000] {logging_mixin.py:188} INFO - [2025-09-07T06:47:39.529+0000] {dag.py:3954} INFO - Setting next_dagrun for stock_fetch_dag to 2025-09-07 05:00:00+00:00, run_after=2025-09-07 06:00:00+00:00
[2025-09-07T06:47:39.562+0000] {processor.py:183} INFO - Processing /opt/airflow/dags/stock_pipeline_dag.py took 0.139 seconds
[2025-09-07T06:48:09.700+0000] {processor.py:161} INFO - Started process (PID=174) to work on /opt/airflow/dags/stock_pipeline_dag.py
[2025-09-07T06:48:09.701+0000] {processor.py:830} INFO - Processing file /opt/airflow/dags/stock_pipeline_dag.py for tasks to queue
[2025-09-07T06:48:09.703+0000] {logging_mixin.py:188} INFO - [2025-09-07T06:48:09.703+0000] {dagbag.py:545} INFO - Filling up the DagBag from /opt/airflow/dags/stock_pipeline_dag.py
[2025-09-07T06:48:09.732+0000] {processor.py:840} INFO - DAG(s) 'stock_fetch_dag' retrieved from /opt/airflow/dags/stock_pipeline_dag.py
[2025-09-07T06:48:09.765+0000] {logging_mixin.py:188} INFO - [2025-09-07T06:48:09.765+0000] {dag.py:3096} INFO - Sync 1 DAGs
[2025-09-07T06:48:09.792+0000] {logging_mixin.py:188} INFO - [2025-09-07T06:48:09.792+0000] {dag.py:3954} INFO - Setting next_dagrun for stock_fetch_dag to 2025-09-07 05:00:00+00:00, run_after=2025-09-07 06:00:00+00:00
[2025-09-07T06:48:09.820+0000] {processor.py:183} INFO - Processing /opt/airflow/dags/stock_pipeline_dag.py took 0.128 seconds
[2025-09-07T06:48:40.026+0000] {processor.py:161} INFO - Started process (PID=179) to work on /opt/airflow/dags/stock_pipeline_dag.py
[2025-09-07T06:48:40.027+0000] {processor.py:830} INFO - Processing file /opt/airflow/dags/stock_pipeline_dag.py for tasks to queue
[2025-09-07T06:48:40.029+0000] {logging_mixin.py:188} INFO - [2025-09-07T06:48:40.028+0000] {dagbag.py:545} INFO - Filling up the DagBag from /opt/airflow/dags/stock_pipeline_dag.py
[2025-09-07T06:48:40.057+0000] {processor.py:840} INFO - DAG(s) 'stock_fetch_dag' retrieved from /opt/airflow/dags/stock_pipeline_dag.py
[2025-09-07T06:48:40.086+0000] {logging_mixin.py:188} INFO - [2025-09-07T06:48:40.086+0000] {dag.py:3096} INFO - Sync 1 DAGs
[2025-09-07T06:48:40.116+0000] {logging_mixin.py:188} INFO - [2025-09-07T06:48:40.115+0000] {dag.py:3954} INFO - Setting next_dagrun for stock_fetch_dag to 2025-09-07 05:00:00+00:00, run_after=2025-09-07 06:00:00+00:00
[2025-09-07T06:48:40.144+0000] {processor.py:183} INFO - Processing /opt/airflow/dags/stock_pipeline_dag.py took 0.125 seconds
[2025-09-07T06:49:10.335+0000] {processor.py:161} INFO - Started process (PID=184) to work on /opt/airflow/dags/stock_pipeline_dag.py
[2025-09-07T06:49:10.336+0000] {processor.py:830} INFO - Processing file /opt/airflow/dags/stock_pipeline_dag.py for tasks to queue
[2025-09-07T06:49:10.338+0000] {logging_mixin.py:188} INFO - [2025-09-07T06:49:10.338+0000] {dagbag.py:545} INFO - Filling up the DagBag from /opt/airflow/dags/stock_pipeline_dag.py
[2025-09-07T06:49:10.364+0000] {processor.py:840} INFO - DAG(s) 'stock_fetch_dag' retrieved from /opt/airflow/dags/stock_pipeline_dag.py
[2025-09-07T06:49:10.398+0000] {logging_mixin.py:188} INFO - [2025-09-07T06:49:10.398+0000] {dag.py:3096} INFO - Sync 1 DAGs
[2025-09-07T06:49:10.425+0000] {logging_mixin.py:188} INFO - [2025-09-07T06:49:10.425+0000] {dag.py:3954} INFO - Setting next_dagrun for stock_fetch_dag to 2025-09-07 05:00:00+00:00, run_after=2025-09-07 06:00:00+00:00
[2025-09-07T06:49:10.450+0000] {processor.py:183} INFO - Processing /opt/airflow/dags/stock_pipeline_dag.py took 0.123 seconds
[2025-09-07T06:49:40.751+0000] {processor.py:161} INFO - Started process (PID=189) to work on /opt/airflow/dags/stock_pipeline_dag.py
[2025-09-07T06:49:40.752+0000] {processor.py:830} INFO - Processing file /opt/airflow/dags/stock_pipeline_dag.py for tasks to queue
[2025-09-07T06:49:40.754+0000] {logging_mixin.py:188} INFO - [2025-09-07T06:49:40.754+0000] {dagbag.py:545} INFO - Filling up the DagBag from /opt/airflow/dags/stock_pipeline_dag.py
[2025-09-07T06:49:40.778+0000] {processor.py:840} INFO - DAG(s) 'stock_fetch_dag' retrieved from /opt/airflow/dags/stock_pipeline_dag.py
[2025-09-07T06:49:40.803+0000] {logging_mixin.py:188} INFO - [2025-09-07T06:49:40.803+0000] {dag.py:3096} INFO - Sync 1 DAGs
[2025-09-07T06:49:40.827+0000] {logging_mixin.py:188} INFO - [2025-09-07T06:49:40.827+0000] {dag.py:3954} INFO - Setting next_dagrun for stock_fetch_dag to 2025-09-07 05:00:00+00:00, run_after=2025-09-07 06:00:00+00:00
[2025-09-07T06:49:40.852+0000] {processor.py:183} INFO - Processing /opt/airflow/dags/stock_pipeline_dag.py took 0.106 seconds
[2025-09-07T06:50:11.048+0000] {processor.py:161} INFO - Started process (PID=194) to work on /opt/airflow/dags/stock_pipeline_dag.py
[2025-09-07T06:50:11.049+0000] {processor.py:830} INFO - Processing file /opt/airflow/dags/stock_pipeline_dag.py for tasks to queue
[2025-09-07T06:50:11.051+0000] {logging_mixin.py:188} INFO - [2025-09-07T06:50:11.050+0000] {dagbag.py:545} INFO - Filling up the DagBag from /opt/airflow/dags/stock_pipeline_dag.py
[2025-09-07T06:50:11.075+0000] {processor.py:840} INFO - DAG(s) 'stock_fetch_dag' retrieved from /opt/airflow/dags/stock_pipeline_dag.py
[2025-09-07T06:50:11.100+0000] {logging_mixin.py:188} INFO - [2025-09-07T06:50:11.099+0000] {dag.py:3096} INFO - Sync 1 DAGs
[2025-09-07T06:50:11.124+0000] {logging_mixin.py:188} INFO - [2025-09-07T06:50:11.124+0000] {dag.py:3954} INFO - Setting next_dagrun for stock_fetch_dag to 2025-09-07 05:00:00+00:00, run_after=2025-09-07 06:00:00+00:00
[2025-09-07T06:50:11.147+0000] {processor.py:183} INFO - Processing /opt/airflow/dags/stock_pipeline_dag.py took 0.104 seconds
[2025-09-07T06:50:41.410+0000] {processor.py:161} INFO - Started process (PID=199) to work on /opt/airflow/dags/stock_pipeline_dag.py
[2025-09-07T06:50:41.411+0000] {processor.py:830} INFO - Processing file /opt/airflow/dags/stock_pipeline_dag.py for tasks to queue
[2025-09-07T06:50:41.413+0000] {logging_mixin.py:188} INFO - [2025-09-07T06:50:41.413+0000] {dagbag.py:545} INFO - Filling up the DagBag from /opt/airflow/dags/stock_pipeline_dag.py
[2025-09-07T06:50:41.439+0000] {processor.py:840} INFO - DAG(s) 'stock_fetch_dag' retrieved from /opt/airflow/dags/stock_pipeline_dag.py
[2025-09-07T06:50:41.463+0000] {logging_mixin.py:188} INFO - [2025-09-07T06:50:41.463+0000] {dag.py:3096} INFO - Sync 1 DAGs
[2025-09-07T06:50:41.485+0000] {logging_mixin.py:188} INFO - [2025-09-07T06:50:41.485+0000] {dag.py:3954} INFO - Setting next_dagrun for stock_fetch_dag to 2025-09-07 05:00:00+00:00, run_after=2025-09-07 06:00:00+00:00
[2025-09-07T06:50:41.513+0000] {processor.py:183} INFO - Processing /opt/airflow/dags/stock_pipeline_dag.py took 0.109 seconds
[2025-09-07T06:51:11.607+0000] {processor.py:161} INFO - Started process (PID=204) to work on /opt/airflow/dags/stock_pipeline_dag.py
[2025-09-07T06:51:11.607+0000] {processor.py:830} INFO - Processing file /opt/airflow/dags/stock_pipeline_dag.py for tasks to queue
[2025-09-07T06:51:11.609+0000] {logging_mixin.py:188} INFO - [2025-09-07T06:51:11.609+0000] {dagbag.py:545} INFO - Filling up the DagBag from /opt/airflow/dags/stock_pipeline_dag.py
[2025-09-07T06:51:11.634+0000] {processor.py:840} INFO - DAG(s) 'stock_fetch_dag' retrieved from /opt/airflow/dags/stock_pipeline_dag.py
[2025-09-07T06:51:11.662+0000] {logging_mixin.py:188} INFO - [2025-09-07T06:51:11.662+0000] {dag.py:3096} INFO - Sync 1 DAGs
[2025-09-07T06:51:11.686+0000] {logging_mixin.py:188} INFO - [2025-09-07T06:51:11.686+0000] {dag.py:3954} INFO - Setting next_dagrun for stock_fetch_dag to 2025-09-07 05:00:00+00:00, run_after=2025-09-07 06:00:00+00:00
[2025-09-07T06:51:11.856+0000] {processor.py:183} INFO - Processing /opt/airflow/dags/stock_pipeline_dag.py took 0.256 seconds
[2025-09-07T06:51:42.054+0000] {processor.py:161} INFO - Started process (PID=209) to work on /opt/airflow/dags/stock_pipeline_dag.py
[2025-09-07T06:51:42.055+0000] {processor.py:830} INFO - Processing file /opt/airflow/dags/stock_pipeline_dag.py for tasks to queue
[2025-09-07T06:51:42.057+0000] {logging_mixin.py:188} INFO - [2025-09-07T06:51:42.057+0000] {dagbag.py:545} INFO - Filling up the DagBag from /opt/airflow/dags/stock_pipeline_dag.py
[2025-09-07T06:51:42.081+0000] {processor.py:840} INFO - DAG(s) 'stock_fetch_dag' retrieved from /opt/airflow/dags/stock_pipeline_dag.py
[2025-09-07T06:51:42.107+0000] {logging_mixin.py:188} INFO - [2025-09-07T06:51:42.106+0000] {dag.py:3096} INFO - Sync 1 DAGs
[2025-09-07T06:51:42.269+0000] {logging_mixin.py:188} INFO - [2025-09-07T06:51:42.268+0000] {dag.py:3954} INFO - Setting next_dagrun for stock_fetch_dag to 2025-09-07 05:00:00+00:00, run_after=2025-09-07 06:00:00+00:00
[2025-09-07T06:51:42.293+0000] {processor.py:183} INFO - Processing /opt/airflow/dags/stock_pipeline_dag.py took 0.245 seconds
[2025-09-07T06:52:12.381+0000] {processor.py:161} INFO - Started process (PID=214) to work on /opt/airflow/dags/stock_pipeline_dag.py
[2025-09-07T06:52:12.382+0000] {processor.py:830} INFO - Processing file /opt/airflow/dags/stock_pipeline_dag.py for tasks to queue
[2025-09-07T06:52:12.384+0000] {logging_mixin.py:188} INFO - [2025-09-07T06:52:12.384+0000] {dagbag.py:545} INFO - Filling up the DagBag from /opt/airflow/dags/stock_pipeline_dag.py
[2025-09-07T06:52:12.410+0000] {processor.py:840} INFO - DAG(s) 'stock_fetch_dag' retrieved from /opt/airflow/dags/stock_pipeline_dag.py
[2025-09-07T06:52:12.578+0000] {logging_mixin.py:188} INFO - [2025-09-07T06:52:12.578+0000] {dag.py:3096} INFO - Sync 1 DAGs
[2025-09-07T06:52:12.600+0000] {logging_mixin.py:188} INFO - [2025-09-07T06:52:12.600+0000] {dag.py:3954} INFO - Setting next_dagrun for stock_fetch_dag to 2025-09-07 05:00:00+00:00, run_after=2025-09-07 06:00:00+00:00
[2025-09-07T06:52:12.631+0000] {processor.py:183} INFO - Processing /opt/airflow/dags/stock_pipeline_dag.py took 0.255 seconds
[2025-09-07T06:52:42.747+0000] {processor.py:161} INFO - Started process (PID=219) to work on /opt/airflow/dags/stock_pipeline_dag.py
[2025-09-07T06:52:42.748+0000] {processor.py:830} INFO - Processing file /opt/airflow/dags/stock_pipeline_dag.py for tasks to queue
[2025-09-07T06:52:42.751+0000] {logging_mixin.py:188} INFO - [2025-09-07T06:52:42.751+0000] {dagbag.py:545} INFO - Filling up the DagBag from /opt/airflow/dags/stock_pipeline_dag.py
[2025-09-07T06:52:42.923+0000] {processor.py:840} INFO - DAG(s) 'stock_fetch_dag' retrieved from /opt/airflow/dags/stock_pipeline_dag.py
[2025-09-07T06:52:42.952+0000] {logging_mixin.py:188} INFO - [2025-09-07T06:52:42.951+0000] {dag.py:3096} INFO - Sync 1 DAGs
[2025-09-07T06:52:42.974+0000] {logging_mixin.py:188} INFO - [2025-09-07T06:52:42.974+0000] {dag.py:3954} INFO - Setting next_dagrun for stock_fetch_dag to 2025-09-07 05:00:00+00:00, run_after=2025-09-07 06:00:00+00:00
[2025-09-07T06:52:43.000+0000] {processor.py:183} INFO - Processing /opt/airflow/dags/stock_pipeline_dag.py took 0.259 seconds
[2025-09-07T06:53:13.186+0000] {processor.py:161} INFO - Started process (PID=224) to work on /opt/airflow/dags/stock_pipeline_dag.py
[2025-09-07T06:53:13.187+0000] {processor.py:830} INFO - Processing file /opt/airflow/dags/stock_pipeline_dag.py for tasks to queue
[2025-09-07T06:53:13.190+0000] {logging_mixin.py:188} INFO - [2025-09-07T06:53:13.189+0000] {dagbag.py:545} INFO - Filling up the DagBag from /opt/airflow/dags/stock_pipeline_dag.py
[2025-09-07T06:53:13.226+0000] {processor.py:840} INFO - DAG(s) 'stock_fetch_dag' retrieved from /opt/airflow/dags/stock_pipeline_dag.py
[2025-09-07T06:53:13.264+0000] {logging_mixin.py:188} INFO - [2025-09-07T06:53:13.263+0000] {dag.py:3096} INFO - Sync 1 DAGs
[2025-09-07T06:53:13.289+0000] {logging_mixin.py:188} INFO - [2025-09-07T06:53:13.288+0000] {dag.py:3954} INFO - Setting next_dagrun for stock_fetch_dag to 2025-09-07 05:00:00+00:00, run_after=2025-09-07 06:00:00+00:00
[2025-09-07T06:53:13.322+0000] {processor.py:183} INFO - Processing /opt/airflow/dags/stock_pipeline_dag.py took 0.144 seconds
[2025-09-07T06:53:43.394+0000] {processor.py:161} INFO - Started process (PID=229) to work on /opt/airflow/dags/stock_pipeline_dag.py
[2025-09-07T06:53:43.395+0000] {processor.py:830} INFO - Processing file /opt/airflow/dags/stock_pipeline_dag.py for tasks to queue
[2025-09-07T06:53:43.398+0000] {logging_mixin.py:188} INFO - [2025-09-07T06:53:43.398+0000] {dagbag.py:545} INFO - Filling up the DagBag from /opt/airflow/dags/stock_pipeline_dag.py
[2025-09-07T06:53:43.422+0000] {processor.py:840} INFO - DAG(s) 'stock_fetch_dag' retrieved from /opt/airflow/dags/stock_pipeline_dag.py
[2025-09-07T06:53:43.454+0000] {logging_mixin.py:188} INFO - [2025-09-07T06:53:43.454+0000] {dag.py:3096} INFO - Sync 1 DAGs
[2025-09-07T06:53:43.481+0000] {logging_mixin.py:188} INFO - [2025-09-07T06:53:43.481+0000] {dag.py:3954} INFO - Setting next_dagrun for stock_fetch_dag to 2025-09-07 05:00:00+00:00, run_after=2025-09-07 06:00:00+00:00
[2025-09-07T06:53:43.508+0000] {processor.py:183} INFO - Processing /opt/airflow/dags/stock_pipeline_dag.py took 0.120 seconds
[2025-09-07T06:54:13.812+0000] {processor.py:161} INFO - Started process (PID=234) to work on /opt/airflow/dags/stock_pipeline_dag.py
[2025-09-07T06:54:13.812+0000] {processor.py:830} INFO - Processing file /opt/airflow/dags/stock_pipeline_dag.py for tasks to queue
[2025-09-07T06:54:13.814+0000] {logging_mixin.py:188} INFO - [2025-09-07T06:54:13.814+0000] {dagbag.py:545} INFO - Filling up the DagBag from /opt/airflow/dags/stock_pipeline_dag.py
[2025-09-07T06:54:13.840+0000] {processor.py:840} INFO - DAG(s) 'stock_fetch_dag' retrieved from /opt/airflow/dags/stock_pipeline_dag.py
[2025-09-07T06:54:13.868+0000] {logging_mixin.py:188} INFO - [2025-09-07T06:54:13.868+0000] {dag.py:3096} INFO - Sync 1 DAGs
[2025-09-07T06:54:13.898+0000] {logging_mixin.py:188} INFO - [2025-09-07T06:54:13.897+0000] {dag.py:3954} INFO - Setting next_dagrun for stock_fetch_dag to 2025-09-07 05:00:00+00:00, run_after=2025-09-07 06:00:00+00:00
[2025-09-07T06:54:13.928+0000] {processor.py:183} INFO - Processing /opt/airflow/dags/stock_pipeline_dag.py took 0.122 seconds
[2025-09-07T06:54:44.125+0000] {processor.py:161} INFO - Started process (PID=239) to work on /opt/airflow/dags/stock_pipeline_dag.py
[2025-09-07T06:54:44.125+0000] {processor.py:830} INFO - Processing file /opt/airflow/dags/stock_pipeline_dag.py for tasks to queue
[2025-09-07T06:54:44.127+0000] {logging_mixin.py:188} INFO - [2025-09-07T06:54:44.127+0000] {dagbag.py:545} INFO - Filling up the DagBag from /opt/airflow/dags/stock_pipeline_dag.py
[2025-09-07T06:54:44.152+0000] {processor.py:840} INFO - DAG(s) 'stock_fetch_dag' retrieved from /opt/airflow/dags/stock_pipeline_dag.py
[2025-09-07T06:54:44.180+0000] {logging_mixin.py:188} INFO - [2025-09-07T06:54:44.180+0000] {dag.py:3096} INFO - Sync 1 DAGs
[2025-09-07T06:54:44.206+0000] {logging_mixin.py:188} INFO - [2025-09-07T06:54:44.206+0000] {dag.py:3954} INFO - Setting next_dagrun for stock_fetch_dag to 2025-09-07 05:00:00+00:00, run_after=2025-09-07 06:00:00+00:00
[2025-09-07T06:54:44.233+0000] {processor.py:183} INFO - Processing /opt/airflow/dags/stock_pipeline_dag.py took 0.115 seconds
[2025-09-07T06:55:14.453+0000] {processor.py:161} INFO - Started process (PID=244) to work on /opt/airflow/dags/stock_pipeline_dag.py
[2025-09-07T06:55:14.454+0000] {processor.py:830} INFO - Processing file /opt/airflow/dags/stock_pipeline_dag.py for tasks to queue
[2025-09-07T06:55:14.456+0000] {logging_mixin.py:188} INFO - [2025-09-07T06:55:14.456+0000] {dagbag.py:545} INFO - Filling up the DagBag from /opt/airflow/dags/stock_pipeline_dag.py
[2025-09-07T06:55:14.479+0000] {processor.py:840} INFO - DAG(s) 'stock_fetch_dag' retrieved from /opt/airflow/dags/stock_pipeline_dag.py
[2025-09-07T06:55:14.503+0000] {logging_mixin.py:188} INFO - [2025-09-07T06:55:14.503+0000] {dag.py:3096} INFO - Sync 1 DAGs
[2025-09-07T06:55:14.526+0000] {logging_mixin.py:188} INFO - [2025-09-07T06:55:14.526+0000] {dag.py:3954} INFO - Setting next_dagrun for stock_fetch_dag to 2025-09-07 05:00:00+00:00, run_after=2025-09-07 06:00:00+00:00
[2025-09-07T06:55:14.551+0000] {processor.py:183} INFO - Processing /opt/airflow/dags/stock_pipeline_dag.py took 0.104 seconds
[2025-09-07T06:55:44.770+0000] {processor.py:161} INFO - Started process (PID=249) to work on /opt/airflow/dags/stock_pipeline_dag.py
[2025-09-07T06:55:44.770+0000] {processor.py:830} INFO - Processing file /opt/airflow/dags/stock_pipeline_dag.py for tasks to queue
[2025-09-07T06:55:44.773+0000] {logging_mixin.py:188} INFO - [2025-09-07T06:55:44.772+0000] {dagbag.py:545} INFO - Filling up the DagBag from /opt/airflow/dags/stock_pipeline_dag.py
[2025-09-07T06:55:44.797+0000] {processor.py:840} INFO - DAG(s) 'stock_fetch_dag' retrieved from /opt/airflow/dags/stock_pipeline_dag.py
[2025-09-07T06:55:44.824+0000] {logging_mixin.py:188} INFO - [2025-09-07T06:55:44.824+0000] {dag.py:3096} INFO - Sync 1 DAGs
[2025-09-07T06:55:44.848+0000] {logging_mixin.py:188} INFO - [2025-09-07T06:55:44.848+0000] {dag.py:3954} INFO - Setting next_dagrun for stock_fetch_dag to 2025-09-07 05:00:00+00:00, run_after=2025-09-07 06:00:00+00:00
[2025-09-07T06:55:44.874+0000] {processor.py:183} INFO - Processing /opt/airflow/dags/stock_pipeline_dag.py took 0.111 seconds
[2025-09-07T06:56:15.038+0000] {processor.py:161} INFO - Started process (PID=254) to work on /opt/airflow/dags/stock_pipeline_dag.py
[2025-09-07T06:56:15.039+0000] {processor.py:830} INFO - Processing file /opt/airflow/dags/stock_pipeline_dag.py for tasks to queue
[2025-09-07T06:56:15.041+0000] {logging_mixin.py:188} INFO - [2025-09-07T06:56:15.040+0000] {dagbag.py:545} INFO - Filling up the DagBag from /opt/airflow/dags/stock_pipeline_dag.py
[2025-09-07T06:56:15.067+0000] {processor.py:840} INFO - DAG(s) 'stock_fetch_dag' retrieved from /opt/airflow/dags/stock_pipeline_dag.py
[2025-09-07T06:56:15.093+0000] {logging_mixin.py:188} INFO - [2025-09-07T06:56:15.092+0000] {dag.py:3096} INFO - Sync 1 DAGs
[2025-09-07T06:56:15.116+0000] {logging_mixin.py:188} INFO - [2025-09-07T06:56:15.116+0000] {dag.py:3954} INFO - Setting next_dagrun for stock_fetch_dag to 2025-09-07 05:00:00+00:00, run_after=2025-09-07 06:00:00+00:00
[2025-09-07T06:56:15.144+0000] {processor.py:183} INFO - Processing /opt/airflow/dags/stock_pipeline_dag.py took 0.113 seconds
[2025-09-07T06:56:45.330+0000] {processor.py:161} INFO - Started process (PID=259) to work on /opt/airflow/dags/stock_pipeline_dag.py
[2025-09-07T06:56:45.331+0000] {processor.py:830} INFO - Processing file /opt/airflow/dags/stock_pipeline_dag.py for tasks to queue
[2025-09-07T06:56:45.333+0000] {logging_mixin.py:188} INFO - [2025-09-07T06:56:45.332+0000] {dagbag.py:545} INFO - Filling up the DagBag from /opt/airflow/dags/stock_pipeline_dag.py
[2025-09-07T06:56:45.359+0000] {processor.py:840} INFO - DAG(s) 'stock_fetch_dag' retrieved from /opt/airflow/dags/stock_pipeline_dag.py
[2025-09-07T06:56:45.385+0000] {logging_mixin.py:188} INFO - [2025-09-07T06:56:45.385+0000] {dag.py:3096} INFO - Sync 1 DAGs
[2025-09-07T06:56:45.413+0000] {logging_mixin.py:188} INFO - [2025-09-07T06:56:45.413+0000] {dag.py:3954} INFO - Setting next_dagrun for stock_fetch_dag to 2025-09-07 05:00:00+00:00, run_after=2025-09-07 06:00:00+00:00
[2025-09-07T06:56:45.441+0000] {processor.py:183} INFO - Processing /opt/airflow/dags/stock_pipeline_dag.py took 0.117 seconds
[2025-09-07T06:57:15.739+0000] {processor.py:161} INFO - Started process (PID=264) to work on /opt/airflow/dags/stock_pipeline_dag.py
[2025-09-07T06:57:15.741+0000] {processor.py:830} INFO - Processing file /opt/airflow/dags/stock_pipeline_dag.py for tasks to queue
[2025-09-07T06:57:15.743+0000] {logging_mixin.py:188} INFO - [2025-09-07T06:57:15.743+0000] {dagbag.py:545} INFO - Filling up the DagBag from /opt/airflow/dags/stock_pipeline_dag.py
[2025-09-07T06:57:15.769+0000] {processor.py:840} INFO - DAG(s) 'stock_fetch_dag' retrieved from /opt/airflow/dags/stock_pipeline_dag.py
[2025-09-07T06:57:15.796+0000] {logging_mixin.py:188} INFO - [2025-09-07T06:57:15.796+0000] {dag.py:3096} INFO - Sync 1 DAGs
[2025-09-07T06:57:15.822+0000] {logging_mixin.py:188} INFO - [2025-09-07T06:57:15.822+0000] {dag.py:3954} INFO - Setting next_dagrun for stock_fetch_dag to 2025-09-07 05:00:00+00:00, run_after=2025-09-07 06:00:00+00:00
[2025-09-07T06:57:15.867+0000] {processor.py:183} INFO - Processing /opt/airflow/dags/stock_pipeline_dag.py took 0.135 seconds
[2025-09-07T06:57:46.049+0000] {processor.py:161} INFO - Started process (PID=269) to work on /opt/airflow/dags/stock_pipeline_dag.py
[2025-09-07T06:57:46.050+0000] {processor.py:830} INFO - Processing file /opt/airflow/dags/stock_pipeline_dag.py for tasks to queue
[2025-09-07T06:57:46.053+0000] {logging_mixin.py:188} INFO - [2025-09-07T06:57:46.053+0000] {dagbag.py:545} INFO - Filling up the DagBag from /opt/airflow/dags/stock_pipeline_dag.py
[2025-09-07T06:57:46.087+0000] {processor.py:840} INFO - DAG(s) 'stock_fetch_dag' retrieved from /opt/airflow/dags/stock_pipeline_dag.py
[2025-09-07T06:57:46.122+0000] {logging_mixin.py:188} INFO - [2025-09-07T06:57:46.122+0000] {dag.py:3096} INFO - Sync 1 DAGs
[2025-09-07T06:57:46.150+0000] {logging_mixin.py:188} INFO - [2025-09-07T06:57:46.149+0000] {dag.py:3954} INFO - Setting next_dagrun for stock_fetch_dag to 2025-09-07 05:00:00+00:00, run_after=2025-09-07 06:00:00+00:00
[2025-09-07T06:57:46.176+0000] {processor.py:183} INFO - Processing /opt/airflow/dags/stock_pipeline_dag.py took 0.135 seconds
[2025-09-07T06:58:16.495+0000] {processor.py:161} INFO - Started process (PID=274) to work on /opt/airflow/dags/stock_pipeline_dag.py
[2025-09-07T06:58:16.496+0000] {processor.py:830} INFO - Processing file /opt/airflow/dags/stock_pipeline_dag.py for tasks to queue
[2025-09-07T06:58:16.498+0000] {logging_mixin.py:188} INFO - [2025-09-07T06:58:16.497+0000] {dagbag.py:545} INFO - Filling up the DagBag from /opt/airflow/dags/stock_pipeline_dag.py
[2025-09-07T06:58:16.521+0000] {processor.py:840} INFO - DAG(s) 'stock_fetch_dag' retrieved from /opt/airflow/dags/stock_pipeline_dag.py
[2025-09-07T06:58:16.549+0000] {logging_mixin.py:188} INFO - [2025-09-07T06:58:16.549+0000] {dag.py:3096} INFO - Sync 1 DAGs
[2025-09-07T06:58:16.573+0000] {logging_mixin.py:188} INFO - [2025-09-07T06:58:16.573+0000] {dag.py:3954} INFO - Setting next_dagrun for stock_fetch_dag to 2025-09-07 05:00:00+00:00, run_after=2025-09-07 06:00:00+00:00
[2025-09-07T06:58:16.600+0000] {processor.py:183} INFO - Processing /opt/airflow/dags/stock_pipeline_dag.py took 0.111 seconds
[2025-09-07T06:58:46.872+0000] {processor.py:161} INFO - Started process (PID=279) to work on /opt/airflow/dags/stock_pipeline_dag.py
[2025-09-07T06:58:46.873+0000] {processor.py:830} INFO - Processing file /opt/airflow/dags/stock_pipeline_dag.py for tasks to queue
[2025-09-07T06:58:46.875+0000] {logging_mixin.py:188} INFO - [2025-09-07T06:58:46.874+0000] {dagbag.py:545} INFO - Filling up the DagBag from /opt/airflow/dags/stock_pipeline_dag.py
[2025-09-07T06:58:46.902+0000] {processor.py:840} INFO - DAG(s) 'stock_fetch_dag' retrieved from /opt/airflow/dags/stock_pipeline_dag.py
[2025-09-07T06:58:46.929+0000] {logging_mixin.py:188} INFO - [2025-09-07T06:58:46.928+0000] {dag.py:3096} INFO - Sync 1 DAGs
[2025-09-07T06:58:46.954+0000] {logging_mixin.py:188} INFO - [2025-09-07T06:58:46.953+0000] {dag.py:3954} INFO - Setting next_dagrun for stock_fetch_dag to 2025-09-07 05:00:00+00:00, run_after=2025-09-07 06:00:00+00:00
[2025-09-07T06:58:46.981+0000] {processor.py:183} INFO - Processing /opt/airflow/dags/stock_pipeline_dag.py took 0.117 seconds
[2025-09-07T06:59:17.347+0000] {processor.py:161} INFO - Started process (PID=284) to work on /opt/airflow/dags/stock_pipeline_dag.py
[2025-09-07T06:59:17.347+0000] {processor.py:830} INFO - Processing file /opt/airflow/dags/stock_pipeline_dag.py for tasks to queue
[2025-09-07T06:59:17.349+0000] {logging_mixin.py:188} INFO - [2025-09-07T06:59:17.349+0000] {dagbag.py:545} INFO - Filling up the DagBag from /opt/airflow/dags/stock_pipeline_dag.py
[2025-09-07T06:59:17.374+0000] {processor.py:840} INFO - DAG(s) 'stock_fetch_dag' retrieved from /opt/airflow/dags/stock_pipeline_dag.py
[2025-09-07T06:59:17.402+0000] {logging_mixin.py:188} INFO - [2025-09-07T06:59:17.402+0000] {dag.py:3096} INFO - Sync 1 DAGs
[2025-09-07T06:59:17.427+0000] {logging_mixin.py:188} INFO - [2025-09-07T06:59:17.427+0000] {dag.py:3954} INFO - Setting next_dagrun for stock_fetch_dag to 2025-09-07 05:00:00+00:00, run_after=2025-09-07 06:00:00+00:00
[2025-09-07T06:59:17.453+0000] {processor.py:183} INFO - Processing /opt/airflow/dags/stock_pipeline_dag.py took 0.113 seconds
[2025-09-07T06:59:47.644+0000] {processor.py:161} INFO - Started process (PID=289) to work on /opt/airflow/dags/stock_pipeline_dag.py
[2025-09-07T06:59:47.645+0000] {processor.py:830} INFO - Processing file /opt/airflow/dags/stock_pipeline_dag.py for tasks to queue
[2025-09-07T06:59:47.647+0000] {logging_mixin.py:188} INFO - [2025-09-07T06:59:47.646+0000] {dagbag.py:545} INFO - Filling up the DagBag from /opt/airflow/dags/stock_pipeline_dag.py
[2025-09-07T06:59:47.675+0000] {processor.py:840} INFO - DAG(s) 'stock_fetch_dag' retrieved from /opt/airflow/dags/stock_pipeline_dag.py
[2025-09-07T06:59:47.706+0000] {logging_mixin.py:188} INFO - [2025-09-07T06:59:47.706+0000] {dag.py:3096} INFO - Sync 1 DAGs
[2025-09-07T06:59:47.734+0000] {logging_mixin.py:188} INFO - [2025-09-07T06:59:47.734+0000] {dag.py:3954} INFO - Setting next_dagrun for stock_fetch_dag to 2025-09-07 05:00:00+00:00, run_after=2025-09-07 06:00:00+00:00
[2025-09-07T06:59:47.765+0000] {processor.py:183} INFO - Processing /opt/airflow/dags/stock_pipeline_dag.py took 0.128 seconds
[2025-09-07T07:00:17.992+0000] {processor.py:161} INFO - Started process (PID=294) to work on /opt/airflow/dags/stock_pipeline_dag.py
[2025-09-07T07:00:17.993+0000] {processor.py:830} INFO - Processing file /opt/airflow/dags/stock_pipeline_dag.py for tasks to queue
[2025-09-07T07:00:17.995+0000] {logging_mixin.py:188} INFO - [2025-09-07T07:00:17.994+0000] {dagbag.py:545} INFO - Filling up the DagBag from /opt/airflow/dags/stock_pipeline_dag.py
[2025-09-07T07:00:18.020+0000] {processor.py:840} INFO - DAG(s) 'stock_fetch_dag' retrieved from /opt/airflow/dags/stock_pipeline_dag.py
[2025-09-07T07:00:18.048+0000] {logging_mixin.py:188} INFO - [2025-09-07T07:00:18.048+0000] {dag.py:3096} INFO - Sync 1 DAGs
[2025-09-07T07:00:18.076+0000] {logging_mixin.py:188} INFO - [2025-09-07T07:00:18.075+0000] {dag.py:3954} INFO - Setting next_dagrun for stock_fetch_dag to 2025-09-07 06:00:00+00:00, run_after=2025-09-07 07:00:00+00:00
[2025-09-07T07:00:18.106+0000] {processor.py:183} INFO - Processing /opt/airflow/dags/stock_pipeline_dag.py took 0.120 seconds
[2025-09-07T07:00:48.354+0000] {processor.py:161} INFO - Started process (PID=299) to work on /opt/airflow/dags/stock_pipeline_dag.py
[2025-09-07T07:00:48.355+0000] {processor.py:830} INFO - Processing file /opt/airflow/dags/stock_pipeline_dag.py for tasks to queue
[2025-09-07T07:00:48.357+0000] {logging_mixin.py:188} INFO - [2025-09-07T07:00:48.357+0000] {dagbag.py:545} INFO - Filling up the DagBag from /opt/airflow/dags/stock_pipeline_dag.py
[2025-09-07T07:00:48.386+0000] {processor.py:840} INFO - DAG(s) 'stock_fetch_dag' retrieved from /opt/airflow/dags/stock_pipeline_dag.py
[2025-09-07T07:00:48.421+0000] {logging_mixin.py:188} INFO - [2025-09-07T07:00:48.421+0000] {dag.py:3096} INFO - Sync 1 DAGs
[2025-09-07T07:00:48.448+0000] {logging_mixin.py:188} INFO - [2025-09-07T07:00:48.448+0000] {dag.py:3954} INFO - Setting next_dagrun for stock_fetch_dag to 2025-09-07 06:00:00+00:00, run_after=2025-09-07 07:00:00+00:00
[2025-09-07T07:00:48.477+0000] {processor.py:183} INFO - Processing /opt/airflow/dags/stock_pipeline_dag.py took 0.128 seconds
[2025-09-07T07:01:18.705+0000] {processor.py:161} INFO - Started process (PID=304) to work on /opt/airflow/dags/stock_pipeline_dag.py
[2025-09-07T07:01:18.705+0000] {processor.py:830} INFO - Processing file /opt/airflow/dags/stock_pipeline_dag.py for tasks to queue
[2025-09-07T07:01:18.707+0000] {logging_mixin.py:188} INFO - [2025-09-07T07:01:18.707+0000] {dagbag.py:545} INFO - Filling up the DagBag from /opt/airflow/dags/stock_pipeline_dag.py
[2025-09-07T07:01:18.734+0000] {processor.py:840} INFO - DAG(s) 'stock_fetch_dag' retrieved from /opt/airflow/dags/stock_pipeline_dag.py
[2025-09-07T07:01:18.764+0000] {logging_mixin.py:188} INFO - [2025-09-07T07:01:18.764+0000] {dag.py:3096} INFO - Sync 1 DAGs
[2025-09-07T07:01:18.792+0000] {logging_mixin.py:188} INFO - [2025-09-07T07:01:18.791+0000] {dag.py:3954} INFO - Setting next_dagrun for stock_fetch_dag to 2025-09-07 06:00:00+00:00, run_after=2025-09-07 07:00:00+00:00
[2025-09-07T07:01:18.818+0000] {processor.py:183} INFO - Processing /opt/airflow/dags/stock_pipeline_dag.py took 0.119 seconds
[2025-09-07T07:01:49.069+0000] {processor.py:161} INFO - Started process (PID=309) to work on /opt/airflow/dags/stock_pipeline_dag.py
[2025-09-07T07:01:49.070+0000] {processor.py:830} INFO - Processing file /opt/airflow/dags/stock_pipeline_dag.py for tasks to queue
[2025-09-07T07:01:49.072+0000] {logging_mixin.py:188} INFO - [2025-09-07T07:01:49.072+0000] {dagbag.py:545} INFO - Filling up the DagBag from /opt/airflow/dags/stock_pipeline_dag.py
[2025-09-07T07:01:49.100+0000] {processor.py:840} INFO - DAG(s) 'stock_fetch_dag' retrieved from /opt/airflow/dags/stock_pipeline_dag.py
[2025-09-07T07:01:49.130+0000] {logging_mixin.py:188} INFO - [2025-09-07T07:01:49.130+0000] {dag.py:3096} INFO - Sync 1 DAGs
[2025-09-07T07:01:49.153+0000] {logging_mixin.py:188} INFO - [2025-09-07T07:01:49.153+0000] {dag.py:3954} INFO - Setting next_dagrun for stock_fetch_dag to 2025-09-07 06:00:00+00:00, run_after=2025-09-07 07:00:00+00:00
[2025-09-07T07:01:49.177+0000] {processor.py:183} INFO - Processing /opt/airflow/dags/stock_pipeline_dag.py took 0.113 seconds
[2025-09-07T07:02:19.349+0000] {processor.py:161} INFO - Started process (PID=314) to work on /opt/airflow/dags/stock_pipeline_dag.py
[2025-09-07T07:02:19.350+0000] {processor.py:830} INFO - Processing file /opt/airflow/dags/stock_pipeline_dag.py for tasks to queue
[2025-09-07T07:02:19.352+0000] {logging_mixin.py:188} INFO - [2025-09-07T07:02:19.352+0000] {dagbag.py:545} INFO - Filling up the DagBag from /opt/airflow/dags/stock_pipeline_dag.py
[2025-09-07T07:02:19.384+0000] {processor.py:840} INFO - DAG(s) 'stock_fetch_dag' retrieved from /opt/airflow/dags/stock_pipeline_dag.py
[2025-09-07T07:02:19.416+0000] {logging_mixin.py:188} INFO - [2025-09-07T07:02:19.416+0000] {dag.py:3096} INFO - Sync 1 DAGs
[2025-09-07T07:02:19.442+0000] {logging_mixin.py:188} INFO - [2025-09-07T07:02:19.442+0000] {dag.py:3954} INFO - Setting next_dagrun for stock_fetch_dag to 2025-09-07 06:00:00+00:00, run_after=2025-09-07 07:00:00+00:00
[2025-09-07T07:02:19.480+0000] {processor.py:183} INFO - Processing /opt/airflow/dags/stock_pipeline_dag.py took 0.137 seconds
[2025-09-07T07:02:49.758+0000] {processor.py:161} INFO - Started process (PID=319) to work on /opt/airflow/dags/stock_pipeline_dag.py
[2025-09-07T07:02:49.759+0000] {processor.py:830} INFO - Processing file /opt/airflow/dags/stock_pipeline_dag.py for tasks to queue
[2025-09-07T07:02:49.761+0000] {logging_mixin.py:188} INFO - [2025-09-07T07:02:49.761+0000] {dagbag.py:545} INFO - Filling up the DagBag from /opt/airflow/dags/stock_pipeline_dag.py
[2025-09-07T07:02:49.792+0000] {processor.py:840} INFO - DAG(s) 'stock_fetch_dag' retrieved from /opt/airflow/dags/stock_pipeline_dag.py
[2025-09-07T07:02:49.820+0000] {logging_mixin.py:188} INFO - [2025-09-07T07:02:49.820+0000] {dag.py:3096} INFO - Sync 1 DAGs
[2025-09-07T07:02:49.843+0000] {logging_mixin.py:188} INFO - [2025-09-07T07:02:49.843+0000] {dag.py:3954} INFO - Setting next_dagrun for stock_fetch_dag to 2025-09-07 06:00:00+00:00, run_after=2025-09-07 07:00:00+00:00
[2025-09-07T07:02:49.873+0000] {processor.py:183} INFO - Processing /opt/airflow/dags/stock_pipeline_dag.py took 0.121 seconds
[2025-09-07T07:03:20.093+0000] {processor.py:161} INFO - Started process (PID=324) to work on /opt/airflow/dags/stock_pipeline_dag.py
[2025-09-07T07:03:20.094+0000] {processor.py:830} INFO - Processing file /opt/airflow/dags/stock_pipeline_dag.py for tasks to queue
[2025-09-07T07:03:20.096+0000] {logging_mixin.py:188} INFO - [2025-09-07T07:03:20.096+0000] {dagbag.py:545} INFO - Filling up the DagBag from /opt/airflow/dags/stock_pipeline_dag.py
[2025-09-07T07:03:20.123+0000] {processor.py:840} INFO - DAG(s) 'stock_fetch_dag' retrieved from /opt/airflow/dags/stock_pipeline_dag.py
[2025-09-07T07:03:20.150+0000] {logging_mixin.py:188} INFO - [2025-09-07T07:03:20.150+0000] {dag.py:3096} INFO - Sync 1 DAGs
[2025-09-07T07:03:20.176+0000] {logging_mixin.py:188} INFO - [2025-09-07T07:03:20.176+0000] {dag.py:3954} INFO - Setting next_dagrun for stock_fetch_dag to 2025-09-07 06:00:00+00:00, run_after=2025-09-07 07:00:00+00:00
[2025-09-07T07:03:20.201+0000] {processor.py:183} INFO - Processing /opt/airflow/dags/stock_pipeline_dag.py took 0.115 seconds
[2025-09-07T07:03:50.498+0000] {processor.py:161} INFO - Started process (PID=329) to work on /opt/airflow/dags/stock_pipeline_dag.py
[2025-09-07T07:03:50.499+0000] {processor.py:830} INFO - Processing file /opt/airflow/dags/stock_pipeline_dag.py for tasks to queue
[2025-09-07T07:03:50.503+0000] {logging_mixin.py:188} INFO - [2025-09-07T07:03:50.502+0000] {dagbag.py:545} INFO - Filling up the DagBag from /opt/airflow/dags/stock_pipeline_dag.py
[2025-09-07T07:03:50.530+0000] {processor.py:840} INFO - DAG(s) 'stock_fetch_dag' retrieved from /opt/airflow/dags/stock_pipeline_dag.py
[2025-09-07T07:03:50.561+0000] {logging_mixin.py:188} INFO - [2025-09-07T07:03:50.561+0000] {dag.py:3096} INFO - Sync 1 DAGs
[2025-09-07T07:03:50.588+0000] {logging_mixin.py:188} INFO - [2025-09-07T07:03:50.587+0000] {dag.py:3954} INFO - Setting next_dagrun for stock_fetch_dag to 2025-09-07 06:00:00+00:00, run_after=2025-09-07 07:00:00+00:00
[2025-09-07T07:03:50.614+0000] {processor.py:183} INFO - Processing /opt/airflow/dags/stock_pipeline_dag.py took 0.122 seconds
[2025-09-07T07:04:20.897+0000] {processor.py:161} INFO - Started process (PID=334) to work on /opt/airflow/dags/stock_pipeline_dag.py
[2025-09-07T07:04:20.898+0000] {processor.py:830} INFO - Processing file /opt/airflow/dags/stock_pipeline_dag.py for tasks to queue
[2025-09-07T07:04:20.900+0000] {logging_mixin.py:188} INFO - [2025-09-07T07:04:20.900+0000] {dagbag.py:545} INFO - Filling up the DagBag from /opt/airflow/dags/stock_pipeline_dag.py
[2025-09-07T07:04:20.933+0000] {processor.py:840} INFO - DAG(s) 'stock_fetch_dag' retrieved from /opt/airflow/dags/stock_pipeline_dag.py
[2025-09-07T07:04:20.989+0000] {logging_mixin.py:188} INFO - [2025-09-07T07:04:20.989+0000] {dag.py:3096} INFO - Sync 1 DAGs
[2025-09-07T07:04:21.013+0000] {logging_mixin.py:188} INFO - [2025-09-07T07:04:21.013+0000] {dag.py:3954} INFO - Setting next_dagrun for stock_fetch_dag to 2025-09-07 06:00:00+00:00, run_after=2025-09-07 07:00:00+00:00
[2025-09-07T07:04:21.039+0000] {processor.py:183} INFO - Processing /opt/airflow/dags/stock_pipeline_dag.py took 0.149 seconds
[2025-09-07T07:04:51.131+0000] {processor.py:161} INFO - Started process (PID=339) to work on /opt/airflow/dags/stock_pipeline_dag.py
[2025-09-07T07:04:51.132+0000] {processor.py:830} INFO - Processing file /opt/airflow/dags/stock_pipeline_dag.py for tasks to queue
[2025-09-07T07:04:51.134+0000] {logging_mixin.py:188} INFO - [2025-09-07T07:04:51.134+0000] {dagbag.py:545} INFO - Filling up the DagBag from /opt/airflow/dags/stock_pipeline_dag.py
[2025-09-07T07:04:51.165+0000] {processor.py:840} INFO - DAG(s) 'stock_fetch_dag' retrieved from /opt/airflow/dags/stock_pipeline_dag.py
[2025-09-07T07:04:51.195+0000] {logging_mixin.py:188} INFO - [2025-09-07T07:04:51.195+0000] {dag.py:3096} INFO - Sync 1 DAGs
[2025-09-07T07:04:51.221+0000] {logging_mixin.py:188} INFO - [2025-09-07T07:04:51.221+0000] {dag.py:3954} INFO - Setting next_dagrun for stock_fetch_dag to 2025-09-07 06:00:00+00:00, run_after=2025-09-07 07:00:00+00:00
[2025-09-07T07:04:51.249+0000] {processor.py:183} INFO - Processing /opt/airflow/dags/stock_pipeline_dag.py took 0.124 seconds
[2025-09-07T07:05:06.410+0000] {processor.py:161} INFO - Started process (PID=344) to work on /opt/airflow/dags/stock_pipeline_dag.py
[2025-09-07T07:05:06.411+0000] {processor.py:830} INFO - Processing file /opt/airflow/dags/stock_pipeline_dag.py for tasks to queue
[2025-09-07T07:05:06.413+0000] {logging_mixin.py:188} INFO - [2025-09-07T07:05:06.413+0000] {dagbag.py:545} INFO - Filling up the DagBag from /opt/airflow/dags/stock_pipeline_dag.py
[2025-09-07T07:05:06.464+0000] {processor.py:840} INFO - DAG(s) 'stock_pipeline_dag' retrieved from /opt/airflow/dags/stock_pipeline_dag.py
[2025-09-07T07:05:06.757+0000] {logging_mixin.py:188} INFO - [2025-09-07T07:05:06.757+0000] {override.py:1829} INFO - Created Permission View: can read on DAG:stock_pipeline_dag
[2025-09-07T07:05:06.773+0000] {logging_mixin.py:188} INFO - [2025-09-07T07:05:06.773+0000] {override.py:1829} INFO - Created Permission View: can edit on DAG:stock_pipeline_dag
[2025-09-07T07:05:06.785+0000] {logging_mixin.py:188} INFO - [2025-09-07T07:05:06.785+0000] {override.py:1829} INFO - Created Permission View: can delete on DAG:stock_pipeline_dag
[2025-09-07T07:05:06.786+0000] {logging_mixin.py:188} INFO - [2025-09-07T07:05:06.786+0000] {dag.py:3096} INFO - Sync 1 DAGs
[2025-09-07T07:05:06.798+0000] {logging_mixin.py:188} INFO - [2025-09-07T07:05:06.798+0000] {dag.py:3118} INFO - Creating ORM DAG for stock_pipeline_dag
[2025-09-07T07:05:06.810+0000] {logging_mixin.py:188} INFO - [2025-09-07T07:05:06.810+0000] {dag.py:3954} INFO - Setting next_dagrun for stock_pipeline_dag to 2025-09-07 06:00:00+00:00, run_after=2025-09-07 07:00:00+00:00
[2025-09-07T07:05:06.843+0000] {processor.py:183} INFO - Processing /opt/airflow/dags/stock_pipeline_dag.py took 0.440 seconds
[2025-09-07T07:05:37.172+0000] {processor.py:161} INFO - Started process (PID=349) to work on /opt/airflow/dags/stock_pipeline_dag.py
[2025-09-07T07:05:37.173+0000] {processor.py:830} INFO - Processing file /opt/airflow/dags/stock_pipeline_dag.py for tasks to queue
[2025-09-07T07:05:37.174+0000] {logging_mixin.py:188} INFO - [2025-09-07T07:05:37.174+0000] {dagbag.py:545} INFO - Filling up the DagBag from /opt/airflow/dags/stock_pipeline_dag.py
[2025-09-07T07:05:37.202+0000] {processor.py:840} INFO - DAG(s) 'stock_pipeline_dag' retrieved from /opt/airflow/dags/stock_pipeline_dag.py
[2025-09-07T07:05:37.229+0000] {logging_mixin.py:188} INFO - [2025-09-07T07:05:37.229+0000] {dag.py:3096} INFO - Sync 1 DAGs
[2025-09-07T07:05:37.255+0000] {logging_mixin.py:188} INFO - [2025-09-07T07:05:37.255+0000] {dag.py:3954} INFO - Setting next_dagrun for stock_pipeline_dag to 2025-09-07 06:00:00+00:00, run_after=2025-09-07 07:00:00+00:00
[2025-09-07T07:05:37.284+0000] {processor.py:183} INFO - Processing /opt/airflow/dags/stock_pipeline_dag.py took 0.119 seconds
[2025-09-07T07:06:07.445+0000] {processor.py:161} INFO - Started process (PID=354) to work on /opt/airflow/dags/stock_pipeline_dag.py
[2025-09-07T07:06:07.446+0000] {processor.py:830} INFO - Processing file /opt/airflow/dags/stock_pipeline_dag.py for tasks to queue
[2025-09-07T07:06:07.448+0000] {logging_mixin.py:188} INFO - [2025-09-07T07:06:07.448+0000] {dagbag.py:545} INFO - Filling up the DagBag from /opt/airflow/dags/stock_pipeline_dag.py
[2025-09-07T07:06:07.477+0000] {processor.py:840} INFO - DAG(s) 'stock_pipeline_dag' retrieved from /opt/airflow/dags/stock_pipeline_dag.py
[2025-09-07T07:06:07.503+0000] {logging_mixin.py:188} INFO - [2025-09-07T07:06:07.503+0000] {dag.py:3096} INFO - Sync 1 DAGs
[2025-09-07T07:06:07.528+0000] {logging_mixin.py:188} INFO - [2025-09-07T07:06:07.528+0000] {dag.py:3954} INFO - Setting next_dagrun for stock_pipeline_dag to 2025-09-07 06:00:00+00:00, run_after=2025-09-07 07:00:00+00:00
[2025-09-07T07:06:07.557+0000] {processor.py:183} INFO - Processing /opt/airflow/dags/stock_pipeline_dag.py took 0.118 seconds
[2025-09-07T07:06:37.955+0000] {processor.py:161} INFO - Started process (PID=359) to work on /opt/airflow/dags/stock_pipeline_dag.py
[2025-09-07T07:06:37.956+0000] {processor.py:830} INFO - Processing file /opt/airflow/dags/stock_pipeline_dag.py for tasks to queue
[2025-09-07T07:06:37.957+0000] {logging_mixin.py:188} INFO - [2025-09-07T07:06:37.957+0000] {dagbag.py:545} INFO - Filling up the DagBag from /opt/airflow/dags/stock_pipeline_dag.py
[2025-09-07T07:06:37.985+0000] {processor.py:840} INFO - DAG(s) 'stock_pipeline_dag' retrieved from /opt/airflow/dags/stock_pipeline_dag.py
[2025-09-07T07:06:38.014+0000] {logging_mixin.py:188} INFO - [2025-09-07T07:06:38.014+0000] {dag.py:3096} INFO - Sync 1 DAGs
[2025-09-07T07:06:38.039+0000] {logging_mixin.py:188} INFO - [2025-09-07T07:06:38.039+0000] {dag.py:3954} INFO - Setting next_dagrun for stock_pipeline_dag to 2025-09-07 06:00:00+00:00, run_after=2025-09-07 07:00:00+00:00
[2025-09-07T07:06:38.068+0000] {processor.py:183} INFO - Processing /opt/airflow/dags/stock_pipeline_dag.py took 0.120 seconds
[2025-09-07T07:09:53.717+0000] {processor.py:161} INFO - Started process (PID=164) to work on /opt/airflow/dags/stock_pipeline_dag.py
[2025-09-07T07:09:53.718+0000] {processor.py:830} INFO - Processing file /opt/airflow/dags/stock_pipeline_dag.py for tasks to queue
[2025-09-07T07:09:53.720+0000] {logging_mixin.py:188} INFO - [2025-09-07T07:09:53.720+0000] {dagbag.py:545} INFO - Filling up the DagBag from /opt/airflow/dags/stock_pipeline_dag.py
[2025-09-07T07:09:53.761+0000] {processor.py:840} INFO - DAG(s) 'stock_pipeline_dag' retrieved from /opt/airflow/dags/stock_pipeline_dag.py
[2025-09-07T07:09:53.999+0000] {logging_mixin.py:188} INFO - [2025-09-07T07:09:53.998+0000] {override.py:1829} INFO - Created Permission View: can delete on DAG:stock_pipeline_dag
[2025-09-07T07:09:54.014+0000] {logging_mixin.py:188} INFO - [2025-09-07T07:09:54.014+0000] {override.py:1829} INFO - Created Permission View: can edit on DAG:stock_pipeline_dag
[2025-09-07T07:09:54.025+0000] {logging_mixin.py:188} INFO - [2025-09-07T07:09:54.025+0000] {override.py:1829} INFO - Created Permission View: can read on DAG:stock_pipeline_dag
[2025-09-07T07:09:54.026+0000] {logging_mixin.py:188} INFO - [2025-09-07T07:09:54.026+0000] {dag.py:3096} INFO - Sync 1 DAGs
[2025-09-07T07:09:54.039+0000] {logging_mixin.py:188} INFO - [2025-09-07T07:09:54.039+0000] {dag.py:3118} INFO - Creating ORM DAG for stock_pipeline_dag
[2025-09-07T07:09:54.052+0000] {logging_mixin.py:188} INFO - [2025-09-07T07:09:54.052+0000] {dag.py:3954} INFO - Setting next_dagrun for stock_pipeline_dag to 2025-09-07 06:00:00+00:00, run_after=2025-09-07 07:00:00+00:00
[2025-09-07T07:09:54.215+0000] {processor.py:183} INFO - Processing /opt/airflow/dags/stock_pipeline_dag.py took 0.504 seconds
[2025-09-07T07:10:10.279+0000] {processor.py:161} INFO - Started process (PID=133) to work on /opt/airflow/dags/stock_pipeline_dag.py
[2025-09-07T07:10:10.279+0000] {processor.py:830} INFO - Processing file /opt/airflow/dags/stock_pipeline_dag.py for tasks to queue
[2025-09-07T07:10:10.281+0000] {logging_mixin.py:188} INFO - [2025-09-07T07:10:10.281+0000] {dagbag.py:545} INFO - Filling up the DagBag from /opt/airflow/dags/stock_pipeline_dag.py
[2025-09-07T07:10:10.303+0000] {processor.py:840} INFO - DAG(s) 'stock_pipeline_dag' retrieved from /opt/airflow/dags/stock_pipeline_dag.py
[2025-09-07T07:10:10.329+0000] {logging_mixin.py:188} INFO - [2025-09-07T07:10:10.328+0000] {dag.py:3096} INFO - Sync 1 DAGs
[2025-09-07T07:10:10.352+0000] {logging_mixin.py:188} INFO - [2025-09-07T07:10:10.352+0000] {dag.py:3954} INFO - Setting next_dagrun for stock_pipeline_dag to 2025-09-07 06:00:00+00:00, run_after=2025-09-07 07:00:00+00:00
[2025-09-07T07:10:10.378+0000] {processor.py:183} INFO - Processing /opt/airflow/dags/stock_pipeline_dag.py took 0.105 seconds
[2025-09-07T07:10:20.633+0000] {processor.py:161} INFO - Started process (PID=165) to work on /opt/airflow/dags/stock_pipeline_dag.py
[2025-09-07T07:10:20.634+0000] {processor.py:830} INFO - Processing file /opt/airflow/dags/stock_pipeline_dag.py for tasks to queue
[2025-09-07T07:10:20.637+0000] {logging_mixin.py:188} INFO - [2025-09-07T07:10:20.636+0000] {dagbag.py:545} INFO - Filling up the DagBag from /opt/airflow/dags/stock_pipeline_dag.py
[2025-09-07T07:10:20.664+0000] {processor.py:840} INFO - DAG(s) 'stock_pipeline_dag' retrieved from /opt/airflow/dags/stock_pipeline_dag.py
[2025-09-07T07:10:20.696+0000] {logging_mixin.py:188} INFO - [2025-09-07T07:10:20.696+0000] {dag.py:3096} INFO - Sync 1 DAGs
[2025-09-07T07:10:20.723+0000] {logging_mixin.py:188} INFO - [2025-09-07T07:10:20.723+0000] {dag.py:3954} INFO - Setting next_dagrun for stock_pipeline_dag to 2025-09-07 06:00:00+00:00, run_after=2025-09-07 07:00:00+00:00
[2025-09-07T07:10:20.751+0000] {processor.py:183} INFO - Processing /opt/airflow/dags/stock_pipeline_dag.py took 0.124 seconds
[2025-09-07T07:10:50.914+0000] {processor.py:161} INFO - Started process (PID=170) to work on /opt/airflow/dags/stock_pipeline_dag.py
[2025-09-07T07:10:50.915+0000] {processor.py:830} INFO - Processing file /opt/airflow/dags/stock_pipeline_dag.py for tasks to queue
[2025-09-07T07:10:50.917+0000] {logging_mixin.py:188} INFO - [2025-09-07T07:10:50.916+0000] {dagbag.py:545} INFO - Filling up the DagBag from /opt/airflow/dags/stock_pipeline_dag.py
[2025-09-07T07:10:50.946+0000] {processor.py:840} INFO - DAG(s) 'stock_pipeline_dag' retrieved from /opt/airflow/dags/stock_pipeline_dag.py
[2025-09-07T07:10:50.983+0000] {logging_mixin.py:188} INFO - [2025-09-07T07:10:50.983+0000] {dag.py:3096} INFO - Sync 1 DAGs
[2025-09-07T07:10:51.011+0000] {logging_mixin.py:188} INFO - [2025-09-07T07:10:51.011+0000] {dag.py:3954} INFO - Setting next_dagrun for stock_pipeline_dag to 2025-09-07 06:00:00+00:00, run_after=2025-09-07 07:00:00+00:00
[2025-09-07T07:10:51.038+0000] {processor.py:183} INFO - Processing /opt/airflow/dags/stock_pipeline_dag.py took 0.131 seconds
[2025-09-07T07:11:21.245+0000] {processor.py:161} INFO - Started process (PID=175) to work on /opt/airflow/dags/stock_pipeline_dag.py
[2025-09-07T07:11:21.246+0000] {processor.py:830} INFO - Processing file /opt/airflow/dags/stock_pipeline_dag.py for tasks to queue
[2025-09-07T07:11:21.248+0000] {logging_mixin.py:188} INFO - [2025-09-07T07:11:21.248+0000] {dagbag.py:545} INFO - Filling up the DagBag from /opt/airflow/dags/stock_pipeline_dag.py
[2025-09-07T07:11:21.277+0000] {processor.py:840} INFO - DAG(s) 'stock_pipeline_dag' retrieved from /opt/airflow/dags/stock_pipeline_dag.py
[2025-09-07T07:11:21.307+0000] {logging_mixin.py:188} INFO - [2025-09-07T07:11:21.307+0000] {dag.py:3096} INFO - Sync 1 DAGs
[2025-09-07T07:11:21.335+0000] {logging_mixin.py:188} INFO - [2025-09-07T07:11:21.334+0000] {dag.py:3954} INFO - Setting next_dagrun for stock_pipeline_dag to 2025-09-07 06:00:00+00:00, run_after=2025-09-07 07:00:00+00:00
[2025-09-07T07:11:21.362+0000] {processor.py:183} INFO - Processing /opt/airflow/dags/stock_pipeline_dag.py took 0.123 seconds
[2025-09-07T07:11:41.290+0000] {processor.py:161} INFO - Started process (PID=164) to work on /opt/airflow/dags/stock_pipeline_dag.py
[2025-09-07T07:11:41.291+0000] {processor.py:830} INFO - Processing file /opt/airflow/dags/stock_pipeline_dag.py for tasks to queue
[2025-09-07T07:11:41.293+0000] {logging_mixin.py:188} INFO - [2025-09-07T07:11:41.293+0000] {dagbag.py:545} INFO - Filling up the DagBag from /opt/airflow/dags/stock_pipeline_dag.py
[2025-09-07T07:11:41.320+0000] {processor.py:840} INFO - DAG(s) 'stock_pipeline_dag' retrieved from /opt/airflow/dags/stock_pipeline_dag.py
[2025-09-07T07:11:41.369+0000] {logging_mixin.py:188} INFO - [2025-09-07T07:11:41.368+0000] {dag.py:3096} INFO - Sync 1 DAGs
[2025-09-07T07:11:41.396+0000] {logging_mixin.py:188} INFO - [2025-09-07T07:11:41.395+0000] {dag.py:3954} INFO - Setting next_dagrun for stock_pipeline_dag to 2025-09-07 06:00:00+00:00, run_after=2025-09-07 07:00:00+00:00
[2025-09-07T07:11:41.439+0000] {processor.py:183} INFO - Processing /opt/airflow/dags/stock_pipeline_dag.py took 0.156 seconds
[2025-09-07T08:05:26.321+0000] {processor.py:161} INFO - Started process (PID=164) to work on /opt/airflow/dags/stock_pipeline_dag.py
[2025-09-07T08:05:26.322+0000] {processor.py:830} INFO - Processing file /opt/airflow/dags/stock_pipeline_dag.py for tasks to queue
[2025-09-07T08:05:26.325+0000] {logging_mixin.py:188} INFO - [2025-09-07T08:05:26.324+0000] {dagbag.py:545} INFO - Filling up the DagBag from /opt/airflow/dags/stock_pipeline_dag.py
[2025-09-07T08:05:26.368+0000] {processor.py:840} INFO - DAG(s) 'stock_pipeline_dag' retrieved from /opt/airflow/dags/stock_pipeline_dag.py
[2025-09-07T08:05:26.647+0000] {logging_mixin.py:188} INFO - [2025-09-07T08:05:26.647+0000] {override.py:1829} INFO - Created Permission View: can delete on DAG:stock_pipeline_dag
[2025-09-07T08:05:26.824+0000] {logging_mixin.py:188} INFO - [2025-09-07T08:05:26.824+0000] {override.py:1829} INFO - Created Permission View: can read on DAG:stock_pipeline_dag
[2025-09-07T08:05:26.838+0000] {logging_mixin.py:188} INFO - [2025-09-07T08:05:26.837+0000] {override.py:1829} INFO - Created Permission View: can edit on DAG:stock_pipeline_dag
[2025-09-07T08:05:26.839+0000] {logging_mixin.py:188} INFO - [2025-09-07T08:05:26.838+0000] {dag.py:3096} INFO - Sync 1 DAGs
[2025-09-07T08:05:26.851+0000] {logging_mixin.py:188} INFO - [2025-09-07T08:05:26.851+0000] {dag.py:3118} INFO - Creating ORM DAG for stock_pipeline_dag
[2025-09-07T08:05:26.864+0000] {logging_mixin.py:188} INFO - [2025-09-07T08:05:26.863+0000] {dag.py:3954} INFO - Setting next_dagrun for stock_pipeline_dag to 2025-09-07 07:00:00+00:00, run_after=2025-09-07 08:00:00+00:00
[2025-09-07T08:05:26.898+0000] {processor.py:183} INFO - Processing /opt/airflow/dags/stock_pipeline_dag.py took 0.584 seconds
[2025-09-07T08:05:57.226+0000] {processor.py:161} INFO - Started process (PID=169) to work on /opt/airflow/dags/stock_pipeline_dag.py
[2025-09-07T08:05:57.228+0000] {processor.py:830} INFO - Processing file /opt/airflow/dags/stock_pipeline_dag.py for tasks to queue
[2025-09-07T08:05:57.231+0000] {logging_mixin.py:188} INFO - [2025-09-07T08:05:57.230+0000] {dagbag.py:545} INFO - Filling up the DagBag from /opt/airflow/dags/stock_pipeline_dag.py
[2025-09-07T08:05:57.262+0000] {processor.py:840} INFO - DAG(s) 'stock_pipeline_dag' retrieved from /opt/airflow/dags/stock_pipeline_dag.py
[2025-09-07T08:05:57.299+0000] {logging_mixin.py:188} INFO - [2025-09-07T08:05:57.299+0000] {dag.py:3096} INFO - Sync 1 DAGs
[2025-09-07T08:05:57.325+0000] {logging_mixin.py:188} INFO - [2025-09-07T08:05:57.325+0000] {dag.py:3954} INFO - Setting next_dagrun for stock_pipeline_dag to 2025-09-07 07:00:00+00:00, run_after=2025-09-07 08:00:00+00:00
[2025-09-07T08:05:57.355+0000] {processor.py:183} INFO - Processing /opt/airflow/dags/stock_pipeline_dag.py took 0.136 seconds
[2025-09-07T08:06:27.419+0000] {processor.py:161} INFO - Started process (PID=174) to work on /opt/airflow/dags/stock_pipeline_dag.py
[2025-09-07T08:06:27.421+0000] {processor.py:830} INFO - Processing file /opt/airflow/dags/stock_pipeline_dag.py for tasks to queue
[2025-09-07T08:06:27.424+0000] {logging_mixin.py:188} INFO - [2025-09-07T08:06:27.424+0000] {dagbag.py:545} INFO - Filling up the DagBag from /opt/airflow/dags/stock_pipeline_dag.py
[2025-09-07T08:06:27.457+0000] {processor.py:840} INFO - DAG(s) 'stock_pipeline_dag' retrieved from /opt/airflow/dags/stock_pipeline_dag.py
[2025-09-07T08:06:27.496+0000] {logging_mixin.py:188} INFO - [2025-09-07T08:06:27.495+0000] {dag.py:3096} INFO - Sync 1 DAGs
[2025-09-07T08:06:27.523+0000] {logging_mixin.py:188} INFO - [2025-09-07T08:06:27.522+0000] {dag.py:3954} INFO - Setting next_dagrun for stock_pipeline_dag to 2025-09-07 07:00:00+00:00, run_after=2025-09-07 08:00:00+00:00
[2025-09-07T08:06:27.554+0000] {processor.py:183} INFO - Processing /opt/airflow/dags/stock_pipeline_dag.py took 0.147 seconds
[2025-09-07T08:06:57.839+0000] {processor.py:161} INFO - Started process (PID=179) to work on /opt/airflow/dags/stock_pipeline_dag.py
[2025-09-07T08:06:57.840+0000] {processor.py:830} INFO - Processing file /opt/airflow/dags/stock_pipeline_dag.py for tasks to queue
[2025-09-07T08:06:57.842+0000] {logging_mixin.py:188} INFO - [2025-09-07T08:06:57.842+0000] {dagbag.py:545} INFO - Filling up the DagBag from /opt/airflow/dags/stock_pipeline_dag.py
[2025-09-07T08:06:57.875+0000] {processor.py:840} INFO - DAG(s) 'stock_pipeline_dag' retrieved from /opt/airflow/dags/stock_pipeline_dag.py
[2025-09-07T08:06:57.907+0000] {logging_mixin.py:188} INFO - [2025-09-07T08:06:57.907+0000] {dag.py:3096} INFO - Sync 1 DAGs
[2025-09-07T08:06:57.934+0000] {logging_mixin.py:188} INFO - [2025-09-07T08:06:57.933+0000] {dag.py:3954} INFO - Setting next_dagrun for stock_pipeline_dag to 2025-09-07 07:00:00+00:00, run_after=2025-09-07 08:00:00+00:00
[2025-09-07T08:06:57.962+0000] {processor.py:183} INFO - Processing /opt/airflow/dags/stock_pipeline_dag.py took 0.130 seconds
[2025-09-07T08:07:28.231+0000] {processor.py:161} INFO - Started process (PID=184) to work on /opt/airflow/dags/stock_pipeline_dag.py
[2025-09-07T08:07:28.232+0000] {processor.py:830} INFO - Processing file /opt/airflow/dags/stock_pipeline_dag.py for tasks to queue
[2025-09-07T08:07:28.235+0000] {logging_mixin.py:188} INFO - [2025-09-07T08:07:28.234+0000] {dagbag.py:545} INFO - Filling up the DagBag from /opt/airflow/dags/stock_pipeline_dag.py
[2025-09-07T08:07:28.270+0000] {processor.py:840} INFO - DAG(s) 'stock_pipeline_dag' retrieved from /opt/airflow/dags/stock_pipeline_dag.py
[2025-09-07T08:07:28.302+0000] {logging_mixin.py:188} INFO - [2025-09-07T08:07:28.302+0000] {dag.py:3096} INFO - Sync 1 DAGs
[2025-09-07T08:07:28.329+0000] {logging_mixin.py:188} INFO - [2025-09-07T08:07:28.329+0000] {dag.py:3954} INFO - Setting next_dagrun for stock_pipeline_dag to 2025-09-07 07:00:00+00:00, run_after=2025-09-07 08:00:00+00:00
[2025-09-07T08:07:28.534+0000] {processor.py:183} INFO - Processing /opt/airflow/dags/stock_pipeline_dag.py took 0.311 seconds
[2025-09-07T08:07:58.929+0000] {processor.py:161} INFO - Started process (PID=189) to work on /opt/airflow/dags/stock_pipeline_dag.py
[2025-09-07T08:07:58.931+0000] {processor.py:830} INFO - Processing file /opt/airflow/dags/stock_pipeline_dag.py for tasks to queue
[2025-09-07T08:07:58.933+0000] {logging_mixin.py:188} INFO - [2025-09-07T08:07:58.932+0000] {dagbag.py:545} INFO - Filling up the DagBag from /opt/airflow/dags/stock_pipeline_dag.py
[2025-09-07T08:07:58.962+0000] {processor.py:840} INFO - DAG(s) 'stock_pipeline_dag' retrieved from /opt/airflow/dags/stock_pipeline_dag.py
[2025-09-07T08:07:58.995+0000] {logging_mixin.py:188} INFO - [2025-09-07T08:07:58.995+0000] {dag.py:3096} INFO - Sync 1 DAGs
[2025-09-07T08:07:59.170+0000] {logging_mixin.py:188} INFO - [2025-09-07T08:07:59.170+0000] {dag.py:3954} INFO - Setting next_dagrun for stock_pipeline_dag to 2025-09-07 07:00:00+00:00, run_after=2025-09-07 08:00:00+00:00
[2025-09-07T08:07:59.197+0000] {processor.py:183} INFO - Processing /opt/airflow/dags/stock_pipeline_dag.py took 0.274 seconds
[2025-09-07T08:08:29.503+0000] {processor.py:161} INFO - Started process (PID=194) to work on /opt/airflow/dags/stock_pipeline_dag.py
[2025-09-07T08:08:29.505+0000] {processor.py:830} INFO - Processing file /opt/airflow/dags/stock_pipeline_dag.py for tasks to queue
[2025-09-07T08:08:29.508+0000] {logging_mixin.py:188} INFO - [2025-09-07T08:08:29.507+0000] {dagbag.py:545} INFO - Filling up the DagBag from /opt/airflow/dags/stock_pipeline_dag.py
[2025-09-07T08:08:29.545+0000] {processor.py:840} INFO - DAG(s) 'stock_pipeline_dag' retrieved from /opt/airflow/dags/stock_pipeline_dag.py
[2025-09-07T08:08:29.581+0000] {logging_mixin.py:188} INFO - [2025-09-07T08:08:29.581+0000] {dag.py:3096} INFO - Sync 1 DAGs
[2025-09-07T08:08:29.814+0000] {logging_mixin.py:188} INFO - [2025-09-07T08:08:29.814+0000] {dag.py:3954} INFO - Setting next_dagrun for stock_pipeline_dag to 2025-09-07 07:00:00+00:00, run_after=2025-09-07 08:00:00+00:00
[2025-09-07T08:08:29.842+0000] {processor.py:183} INFO - Processing /opt/airflow/dags/stock_pipeline_dag.py took 0.347 seconds
[2025-09-07T08:09:00.145+0000] {processor.py:161} INFO - Started process (PID=199) to work on /opt/airflow/dags/stock_pipeline_dag.py
[2025-09-07T08:09:00.146+0000] {processor.py:830} INFO - Processing file /opt/airflow/dags/stock_pipeline_dag.py for tasks to queue
[2025-09-07T08:09:00.149+0000] {logging_mixin.py:188} INFO - [2025-09-07T08:09:00.148+0000] {dagbag.py:545} INFO - Filling up the DagBag from /opt/airflow/dags/stock_pipeline_dag.py
[2025-09-07T08:09:00.181+0000] {processor.py:840} INFO - DAG(s) 'stock_pipeline_dag' retrieved from /opt/airflow/dags/stock_pipeline_dag.py
[2025-09-07T08:09:00.354+0000] {logging_mixin.py:188} INFO - [2025-09-07T08:09:00.354+0000] {dag.py:3096} INFO - Sync 1 DAGs
[2025-09-07T08:09:00.379+0000] {logging_mixin.py:188} INFO - [2025-09-07T08:09:00.378+0000] {dag.py:3954} INFO - Setting next_dagrun for stock_pipeline_dag to 2025-09-07 07:00:00+00:00, run_after=2025-09-07 08:00:00+00:00
[2025-09-07T08:09:00.405+0000] {processor.py:183} INFO - Processing /opt/airflow/dags/stock_pipeline_dag.py took 0.267 seconds
[2025-09-07T08:09:30.511+0000] {processor.py:161} INFO - Started process (PID=204) to work on /opt/airflow/dags/stock_pipeline_dag.py
[2025-09-07T08:09:30.512+0000] {processor.py:830} INFO - Processing file /opt/airflow/dags/stock_pipeline_dag.py for tasks to queue
[2025-09-07T08:09:30.515+0000] {logging_mixin.py:188} INFO - [2025-09-07T08:09:30.514+0000] {dagbag.py:545} INFO - Filling up the DagBag from /opt/airflow/dags/stock_pipeline_dag.py
[2025-09-07T08:09:30.708+0000] {processor.py:840} INFO - DAG(s) 'stock_pipeline_dag' retrieved from /opt/airflow/dags/stock_pipeline_dag.py
[2025-09-07T08:09:30.738+0000] {logging_mixin.py:188} INFO - [2025-09-07T08:09:30.738+0000] {dag.py:3096} INFO - Sync 1 DAGs
[2025-09-07T08:09:30.762+0000] {logging_mixin.py:188} INFO - [2025-09-07T08:09:30.761+0000] {dag.py:3954} INFO - Setting next_dagrun for stock_pipeline_dag to 2025-09-07 07:00:00+00:00, run_after=2025-09-07 08:00:00+00:00
[2025-09-07T08:09:30.790+0000] {processor.py:183} INFO - Processing /opt/airflow/dags/stock_pipeline_dag.py took 0.287 seconds
[2025-09-07T08:10:01.224+0000] {processor.py:161} INFO - Started process (PID=209) to work on /opt/airflow/dags/stock_pipeline_dag.py
[2025-09-07T08:10:01.225+0000] {processor.py:830} INFO - Processing file /opt/airflow/dags/stock_pipeline_dag.py for tasks to queue
[2025-09-07T08:10:01.227+0000] {logging_mixin.py:188} INFO - [2025-09-07T08:10:01.226+0000] {dagbag.py:545} INFO - Filling up the DagBag from /opt/airflow/dags/stock_pipeline_dag.py
[2025-09-07T08:10:01.259+0000] {processor.py:840} INFO - DAG(s) 'stock_pipeline_dag' retrieved from /opt/airflow/dags/stock_pipeline_dag.py
[2025-09-07T08:10:01.289+0000] {logging_mixin.py:188} INFO - [2025-09-07T08:10:01.289+0000] {dag.py:3096} INFO - Sync 1 DAGs
[2025-09-07T08:10:01.317+0000] {logging_mixin.py:188} INFO - [2025-09-07T08:10:01.316+0000] {dag.py:3954} INFO - Setting next_dagrun for stock_pipeline_dag to 2025-09-07 07:00:00+00:00, run_after=2025-09-07 08:00:00+00:00
[2025-09-07T08:10:01.349+0000] {processor.py:183} INFO - Processing /opt/airflow/dags/stock_pipeline_dag.py took 0.131 seconds
[2025-09-07T08:10:31.598+0000] {processor.py:161} INFO - Started process (PID=214) to work on /opt/airflow/dags/stock_pipeline_dag.py
[2025-09-07T08:10:31.599+0000] {processor.py:830} INFO - Processing file /opt/airflow/dags/stock_pipeline_dag.py for tasks to queue
[2025-09-07T08:10:31.602+0000] {logging_mixin.py:188} INFO - [2025-09-07T08:10:31.601+0000] {dagbag.py:545} INFO - Filling up the DagBag from /opt/airflow/dags/stock_pipeline_dag.py
[2025-09-07T08:10:31.634+0000] {processor.py:840} INFO - DAG(s) 'stock_pipeline_dag' retrieved from /opt/airflow/dags/stock_pipeline_dag.py
[2025-09-07T08:10:31.671+0000] {logging_mixin.py:188} INFO - [2025-09-07T08:10:31.670+0000] {dag.py:3096} INFO - Sync 1 DAGs
[2025-09-07T08:10:31.702+0000] {logging_mixin.py:188} INFO - [2025-09-07T08:10:31.702+0000] {dag.py:3954} INFO - Setting next_dagrun for stock_pipeline_dag to 2025-09-07 07:00:00+00:00, run_after=2025-09-07 08:00:00+00:00
[2025-09-07T08:10:31.734+0000] {processor.py:183} INFO - Processing /opt/airflow/dags/stock_pipeline_dag.py took 0.142 seconds
[2025-09-07T08:11:01.967+0000] {processor.py:161} INFO - Started process (PID=219) to work on /opt/airflow/dags/stock_pipeline_dag.py
[2025-09-07T08:11:01.968+0000] {processor.py:830} INFO - Processing file /opt/airflow/dags/stock_pipeline_dag.py for tasks to queue
[2025-09-07T08:11:01.970+0000] {logging_mixin.py:188} INFO - [2025-09-07T08:11:01.969+0000] {dagbag.py:545} INFO - Filling up the DagBag from /opt/airflow/dags/stock_pipeline_dag.py
[2025-09-07T08:11:02.000+0000] {processor.py:840} INFO - DAG(s) 'stock_pipeline_dag' retrieved from /opt/airflow/dags/stock_pipeline_dag.py
[2025-09-07T08:11:02.030+0000] {logging_mixin.py:188} INFO - [2025-09-07T08:11:02.030+0000] {dag.py:3096} INFO - Sync 1 DAGs
[2025-09-07T08:11:02.060+0000] {logging_mixin.py:188} INFO - [2025-09-07T08:11:02.060+0000] {dag.py:3954} INFO - Setting next_dagrun for stock_pipeline_dag to 2025-09-07 07:00:00+00:00, run_after=2025-09-07 08:00:00+00:00
[2025-09-07T08:11:02.089+0000] {processor.py:183} INFO - Processing /opt/airflow/dags/stock_pipeline_dag.py took 0.128 seconds
[2025-09-07T08:11:32.324+0000] {processor.py:161} INFO - Started process (PID=224) to work on /opt/airflow/dags/stock_pipeline_dag.py
[2025-09-07T08:11:32.325+0000] {processor.py:830} INFO - Processing file /opt/airflow/dags/stock_pipeline_dag.py for tasks to queue
[2025-09-07T08:11:32.327+0000] {logging_mixin.py:188} INFO - [2025-09-07T08:11:32.327+0000] {dagbag.py:545} INFO - Filling up the DagBag from /opt/airflow/dags/stock_pipeline_dag.py
[2025-09-07T08:11:32.366+0000] {processor.py:840} INFO - DAG(s) 'stock_pipeline_dag' retrieved from /opt/airflow/dags/stock_pipeline_dag.py
[2025-09-07T08:11:32.404+0000] {logging_mixin.py:188} INFO - [2025-09-07T08:11:32.404+0000] {dag.py:3096} INFO - Sync 1 DAGs
[2025-09-07T08:11:32.435+0000] {logging_mixin.py:188} INFO - [2025-09-07T08:11:32.435+0000] {dag.py:3954} INFO - Setting next_dagrun for stock_pipeline_dag to 2025-09-07 07:00:00+00:00, run_after=2025-09-07 08:00:00+00:00
[2025-09-07T08:11:32.466+0000] {processor.py:183} INFO - Processing /opt/airflow/dags/stock_pipeline_dag.py took 0.149 seconds
[2025-09-07T08:12:02.719+0000] {processor.py:161} INFO - Started process (PID=229) to work on /opt/airflow/dags/stock_pipeline_dag.py
[2025-09-07T08:12:02.721+0000] {processor.py:830} INFO - Processing file /opt/airflow/dags/stock_pipeline_dag.py for tasks to queue
[2025-09-07T08:12:02.723+0000] {logging_mixin.py:188} INFO - [2025-09-07T08:12:02.723+0000] {dagbag.py:545} INFO - Filling up the DagBag from /opt/airflow/dags/stock_pipeline_dag.py
[2025-09-07T08:12:02.756+0000] {processor.py:840} INFO - DAG(s) 'stock_pipeline_dag' retrieved from /opt/airflow/dags/stock_pipeline_dag.py
[2025-09-07T08:12:02.787+0000] {logging_mixin.py:188} INFO - [2025-09-07T08:12:02.787+0000] {dag.py:3096} INFO - Sync 1 DAGs
[2025-09-07T08:12:02.814+0000] {logging_mixin.py:188} INFO - [2025-09-07T08:12:02.814+0000] {dag.py:3954} INFO - Setting next_dagrun for stock_pipeline_dag to 2025-09-07 07:00:00+00:00, run_after=2025-09-07 08:00:00+00:00
[2025-09-07T08:12:02.842+0000] {processor.py:183} INFO - Processing /opt/airflow/dags/stock_pipeline_dag.py took 0.131 seconds
[2025-09-07T08:12:33.180+0000] {processor.py:161} INFO - Started process (PID=234) to work on /opt/airflow/dags/stock_pipeline_dag.py
[2025-09-07T08:12:33.181+0000] {processor.py:830} INFO - Processing file /opt/airflow/dags/stock_pipeline_dag.py for tasks to queue
[2025-09-07T08:12:33.183+0000] {logging_mixin.py:188} INFO - [2025-09-07T08:12:33.183+0000] {dagbag.py:545} INFO - Filling up the DagBag from /opt/airflow/dags/stock_pipeline_dag.py
[2025-09-07T08:12:33.210+0000] {processor.py:840} INFO - DAG(s) 'stock_pipeline_dag' retrieved from /opt/airflow/dags/stock_pipeline_dag.py
[2025-09-07T08:12:33.241+0000] {logging_mixin.py:188} INFO - [2025-09-07T08:12:33.241+0000] {dag.py:3096} INFO - Sync 1 DAGs
[2025-09-07T08:12:33.268+0000] {logging_mixin.py:188} INFO - [2025-09-07T08:12:33.268+0000] {dag.py:3954} INFO - Setting next_dagrun for stock_pipeline_dag to 2025-09-07 07:00:00+00:00, run_after=2025-09-07 08:00:00+00:00
[2025-09-07T08:12:33.300+0000] {processor.py:183} INFO - Processing /opt/airflow/dags/stock_pipeline_dag.py took 0.125 seconds
[2025-09-07T08:13:03.527+0000] {processor.py:161} INFO - Started process (PID=239) to work on /opt/airflow/dags/stock_pipeline_dag.py
[2025-09-07T08:13:03.528+0000] {processor.py:830} INFO - Processing file /opt/airflow/dags/stock_pipeline_dag.py for tasks to queue
[2025-09-07T08:13:03.531+0000] {logging_mixin.py:188} INFO - [2025-09-07T08:13:03.530+0000] {dagbag.py:545} INFO - Filling up the DagBag from /opt/airflow/dags/stock_pipeline_dag.py
[2025-09-07T08:13:03.564+0000] {processor.py:840} INFO - DAG(s) 'stock_pipeline_dag' retrieved from /opt/airflow/dags/stock_pipeline_dag.py
[2025-09-07T08:13:03.595+0000] {logging_mixin.py:188} INFO - [2025-09-07T08:13:03.594+0000] {dag.py:3096} INFO - Sync 1 DAGs
[2025-09-07T08:13:03.622+0000] {logging_mixin.py:188} INFO - [2025-09-07T08:13:03.621+0000] {dag.py:3954} INFO - Setting next_dagrun for stock_pipeline_dag to 2025-09-07 07:00:00+00:00, run_after=2025-09-07 08:00:00+00:00
[2025-09-07T08:13:03.652+0000] {processor.py:183} INFO - Processing /opt/airflow/dags/stock_pipeline_dag.py took 0.133 seconds
[2025-09-07T08:13:33.878+0000] {processor.py:161} INFO - Started process (PID=244) to work on /opt/airflow/dags/stock_pipeline_dag.py
[2025-09-07T08:13:33.879+0000] {processor.py:830} INFO - Processing file /opt/airflow/dags/stock_pipeline_dag.py for tasks to queue
[2025-09-07T08:13:33.882+0000] {logging_mixin.py:188} INFO - [2025-09-07T08:13:33.881+0000] {dagbag.py:545} INFO - Filling up the DagBag from /opt/airflow/dags/stock_pipeline_dag.py
[2025-09-07T08:13:33.909+0000] {processor.py:840} INFO - DAG(s) 'stock_pipeline_dag' retrieved from /opt/airflow/dags/stock_pipeline_dag.py
[2025-09-07T08:13:33.941+0000] {logging_mixin.py:188} INFO - [2025-09-07T08:13:33.941+0000] {dag.py:3096} INFO - Sync 1 DAGs
[2025-09-07T08:13:33.969+0000] {logging_mixin.py:188} INFO - [2025-09-07T08:13:33.969+0000] {dag.py:3954} INFO - Setting next_dagrun for stock_pipeline_dag to 2025-09-07 07:00:00+00:00, run_after=2025-09-07 08:00:00+00:00
[2025-09-07T08:13:34.000+0000] {processor.py:183} INFO - Processing /opt/airflow/dags/stock_pipeline_dag.py took 0.128 seconds
[2025-09-07T08:14:04.274+0000] {processor.py:161} INFO - Started process (PID=249) to work on /opt/airflow/dags/stock_pipeline_dag.py
[2025-09-07T08:14:04.275+0000] {processor.py:830} INFO - Processing file /opt/airflow/dags/stock_pipeline_dag.py for tasks to queue
[2025-09-07T08:14:04.278+0000] {logging_mixin.py:188} INFO - [2025-09-07T08:14:04.277+0000] {dagbag.py:545} INFO - Filling up the DagBag from /opt/airflow/dags/stock_pipeline_dag.py
[2025-09-07T08:14:04.312+0000] {processor.py:840} INFO - DAG(s) 'stock_pipeline_dag' retrieved from /opt/airflow/dags/stock_pipeline_dag.py
[2025-09-07T08:14:04.346+0000] {logging_mixin.py:188} INFO - [2025-09-07T08:14:04.346+0000] {dag.py:3096} INFO - Sync 1 DAGs
[2025-09-07T08:14:04.377+0000] {logging_mixin.py:188} INFO - [2025-09-07T08:14:04.376+0000] {dag.py:3954} INFO - Setting next_dagrun for stock_pipeline_dag to 2025-09-07 07:00:00+00:00, run_after=2025-09-07 08:00:00+00:00
[2025-09-07T08:14:04.409+0000] {processor.py:183} INFO - Processing /opt/airflow/dags/stock_pipeline_dag.py took 0.143 seconds
[2025-09-07T08:14:34.599+0000] {processor.py:161} INFO - Started process (PID=254) to work on /opt/airflow/dags/stock_pipeline_dag.py
[2025-09-07T08:14:34.601+0000] {processor.py:830} INFO - Processing file /opt/airflow/dags/stock_pipeline_dag.py for tasks to queue
[2025-09-07T08:14:34.604+0000] {logging_mixin.py:188} INFO - [2025-09-07T08:14:34.603+0000] {dagbag.py:545} INFO - Filling up the DagBag from /opt/airflow/dags/stock_pipeline_dag.py
[2025-09-07T08:14:34.633+0000] {processor.py:840} INFO - DAG(s) 'stock_pipeline_dag' retrieved from /opt/airflow/dags/stock_pipeline_dag.py
[2025-09-07T08:14:34.661+0000] {logging_mixin.py:188} INFO - [2025-09-07T08:14:34.661+0000] {dag.py:3096} INFO - Sync 1 DAGs
[2025-09-07T08:14:34.686+0000] {logging_mixin.py:188} INFO - [2025-09-07T08:14:34.686+0000] {dag.py:3954} INFO - Setting next_dagrun for stock_pipeline_dag to 2025-09-07 07:00:00+00:00, run_after=2025-09-07 08:00:00+00:00
[2025-09-07T08:14:34.719+0000] {processor.py:183} INFO - Processing /opt/airflow/dags/stock_pipeline_dag.py took 0.127 seconds
[2025-09-07T08:15:05.128+0000] {processor.py:161} INFO - Started process (PID=259) to work on /opt/airflow/dags/stock_pipeline_dag.py
[2025-09-07T08:15:05.129+0000] {processor.py:830} INFO - Processing file /opt/airflow/dags/stock_pipeline_dag.py for tasks to queue
[2025-09-07T08:15:05.132+0000] {logging_mixin.py:188} INFO - [2025-09-07T08:15:05.132+0000] {dagbag.py:545} INFO - Filling up the DagBag from /opt/airflow/dags/stock_pipeline_dag.py
[2025-09-07T08:15:05.166+0000] {processor.py:840} INFO - DAG(s) 'stock_pipeline_dag' retrieved from /opt/airflow/dags/stock_pipeline_dag.py
[2025-09-07T08:15:05.198+0000] {logging_mixin.py:188} INFO - [2025-09-07T08:15:05.197+0000] {dag.py:3096} INFO - Sync 1 DAGs
[2025-09-07T08:15:05.226+0000] {logging_mixin.py:188} INFO - [2025-09-07T08:15:05.226+0000] {dag.py:3954} INFO - Setting next_dagrun for stock_pipeline_dag to 2025-09-07 07:00:00+00:00, run_after=2025-09-07 08:00:00+00:00
[2025-09-07T08:15:05.256+0000] {processor.py:183} INFO - Processing /opt/airflow/dags/stock_pipeline_dag.py took 0.136 seconds
[2025-09-07T08:15:35.457+0000] {processor.py:161} INFO - Started process (PID=264) to work on /opt/airflow/dags/stock_pipeline_dag.py
[2025-09-07T08:15:35.458+0000] {processor.py:830} INFO - Processing file /opt/airflow/dags/stock_pipeline_dag.py for tasks to queue
[2025-09-07T08:15:35.460+0000] {logging_mixin.py:188} INFO - [2025-09-07T08:15:35.460+0000] {dagbag.py:545} INFO - Filling up the DagBag from /opt/airflow/dags/stock_pipeline_dag.py
[2025-09-07T08:15:35.494+0000] {processor.py:840} INFO - DAG(s) 'stock_pipeline_dag' retrieved from /opt/airflow/dags/stock_pipeline_dag.py
[2025-09-07T08:15:35.529+0000] {logging_mixin.py:188} INFO - [2025-09-07T08:15:35.529+0000] {dag.py:3096} INFO - Sync 1 DAGs
[2025-09-07T08:15:35.558+0000] {logging_mixin.py:188} INFO - [2025-09-07T08:15:35.558+0000] {dag.py:3954} INFO - Setting next_dagrun for stock_pipeline_dag to 2025-09-07 07:00:00+00:00, run_after=2025-09-07 08:00:00+00:00
[2025-09-07T08:15:35.592+0000] {processor.py:183} INFO - Processing /opt/airflow/dags/stock_pipeline_dag.py took 0.144 seconds
[2025-09-07T08:15:45.766+0000] {processor.py:161} INFO - Started process (PID=269) to work on /opt/airflow/dags/stock_pipeline_dag.py
[2025-09-07T08:15:45.768+0000] {processor.py:830} INFO - Processing file /opt/airflow/dags/stock_pipeline_dag.py for tasks to queue
[2025-09-07T08:15:45.771+0000] {logging_mixin.py:188} INFO - [2025-09-07T08:15:45.770+0000] {dagbag.py:545} INFO - Filling up the DagBag from /opt/airflow/dags/stock_pipeline_dag.py
[2025-09-07T08:15:45.808+0000] {processor.py:840} INFO - DAG(s) 'stock_pipeline_dag' retrieved from /opt/airflow/dags/stock_pipeline_dag.py
[2025-09-07T08:15:45.934+0000] {logging_mixin.py:188} INFO - [2025-09-07T08:15:45.934+0000] {dag.py:3096} INFO - Sync 1 DAGs
[2025-09-07T08:15:45.958+0000] {logging_mixin.py:188} INFO - [2025-09-07T08:15:45.957+0000] {dag.py:3954} INFO - Setting next_dagrun for stock_pipeline_dag to 2025-09-07 07:00:00+00:00, run_after=2025-09-07 08:00:00+00:00
[2025-09-07T08:15:45.995+0000] {processor.py:183} INFO - Processing /opt/airflow/dags/stock_pipeline_dag.py took 0.238 seconds
[2025-09-07T08:16:16.126+0000] {processor.py:161} INFO - Started process (PID=274) to work on /opt/airflow/dags/stock_pipeline_dag.py
[2025-09-07T08:16:16.127+0000] {processor.py:830} INFO - Processing file /opt/airflow/dags/stock_pipeline_dag.py for tasks to queue
[2025-09-07T08:16:16.129+0000] {logging_mixin.py:188} INFO - [2025-09-07T08:16:16.129+0000] {dagbag.py:545} INFO - Filling up the DagBag from /opt/airflow/dags/stock_pipeline_dag.py
[2025-09-07T08:16:16.153+0000] {processor.py:840} INFO - DAG(s) 'stock_pipeline_dag' retrieved from /opt/airflow/dags/stock_pipeline_dag.py
[2025-09-07T08:16:16.186+0000] {logging_mixin.py:188} INFO - [2025-09-07T08:16:16.185+0000] {dag.py:3096} INFO - Sync 1 DAGs
[2025-09-07T08:16:16.212+0000] {logging_mixin.py:188} INFO - [2025-09-07T08:16:16.211+0000] {dag.py:3954} INFO - Setting next_dagrun for stock_pipeline_dag to 2025-09-07 07:00:00+00:00, run_after=2025-09-07 08:00:00+00:00
[2025-09-07T08:16:16.239+0000] {processor.py:183} INFO - Processing /opt/airflow/dags/stock_pipeline_dag.py took 0.120 seconds
[2025-09-07T08:16:46.460+0000] {processor.py:161} INFO - Started process (PID=279) to work on /opt/airflow/dags/stock_pipeline_dag.py
[2025-09-07T08:16:46.462+0000] {processor.py:830} INFO - Processing file /opt/airflow/dags/stock_pipeline_dag.py for tasks to queue
[2025-09-07T08:16:46.464+0000] {logging_mixin.py:188} INFO - [2025-09-07T08:16:46.464+0000] {dagbag.py:545} INFO - Filling up the DagBag from /opt/airflow/dags/stock_pipeline_dag.py
[2025-09-07T08:16:46.493+0000] {processor.py:840} INFO - DAG(s) 'stock_pipeline_dag' retrieved from /opt/airflow/dags/stock_pipeline_dag.py
[2025-09-07T08:16:46.527+0000] {logging_mixin.py:188} INFO - [2025-09-07T08:16:46.527+0000] {dag.py:3096} INFO - Sync 1 DAGs
[2025-09-07T08:16:46.556+0000] {logging_mixin.py:188} INFO - [2025-09-07T08:16:46.556+0000] {dag.py:3954} INFO - Setting next_dagrun for stock_pipeline_dag to 2025-09-07 07:00:00+00:00, run_after=2025-09-07 08:00:00+00:00
[2025-09-07T08:16:46.591+0000] {processor.py:183} INFO - Processing /opt/airflow/dags/stock_pipeline_dag.py took 0.140 seconds
[2025-09-07T08:17:16.935+0000] {processor.py:161} INFO - Started process (PID=284) to work on /opt/airflow/dags/stock_pipeline_dag.py
[2025-09-07T08:17:16.936+0000] {processor.py:830} INFO - Processing file /opt/airflow/dags/stock_pipeline_dag.py for tasks to queue
[2025-09-07T08:17:16.939+0000] {logging_mixin.py:188} INFO - [2025-09-07T08:17:16.938+0000] {dagbag.py:545} INFO - Filling up the DagBag from /opt/airflow/dags/stock_pipeline_dag.py
[2025-09-07T08:17:16.966+0000] {processor.py:840} INFO - DAG(s) 'stock_pipeline_dag' retrieved from /opt/airflow/dags/stock_pipeline_dag.py
[2025-09-07T08:17:17.001+0000] {logging_mixin.py:188} INFO - [2025-09-07T08:17:17.001+0000] {dag.py:3096} INFO - Sync 1 DAGs
[2025-09-07T08:17:17.028+0000] {logging_mixin.py:188} INFO - [2025-09-07T08:17:17.028+0000] {dag.py:3954} INFO - Setting next_dagrun for stock_pipeline_dag to 2025-09-07 07:00:00+00:00, run_after=2025-09-07 08:00:00+00:00
[2025-09-07T08:17:17.059+0000] {processor.py:183} INFO - Processing /opt/airflow/dags/stock_pipeline_dag.py took 0.133 seconds
[2025-09-07T08:17:47.326+0000] {processor.py:161} INFO - Started process (PID=289) to work on /opt/airflow/dags/stock_pipeline_dag.py
[2025-09-07T08:17:47.327+0000] {processor.py:830} INFO - Processing file /opt/airflow/dags/stock_pipeline_dag.py for tasks to queue
[2025-09-07T08:17:47.329+0000] {logging_mixin.py:188} INFO - [2025-09-07T08:17:47.329+0000] {dagbag.py:545} INFO - Filling up the DagBag from /opt/airflow/dags/stock_pipeline_dag.py
[2025-09-07T08:17:47.353+0000] {processor.py:840} INFO - DAG(s) 'stock_pipeline_dag' retrieved from /opt/airflow/dags/stock_pipeline_dag.py
[2025-09-07T08:17:47.384+0000] {logging_mixin.py:188} INFO - [2025-09-07T08:17:47.384+0000] {dag.py:3096} INFO - Sync 1 DAGs
[2025-09-07T08:17:47.409+0000] {logging_mixin.py:188} INFO - [2025-09-07T08:17:47.409+0000] {dag.py:3954} INFO - Setting next_dagrun for stock_pipeline_dag to 2025-09-07 07:00:00+00:00, run_after=2025-09-07 08:00:00+00:00
[2025-09-07T08:17:47.440+0000] {processor.py:183} INFO - Processing /opt/airflow/dags/stock_pipeline_dag.py took 0.121 seconds
[2025-09-07T08:18:17.803+0000] {processor.py:161} INFO - Started process (PID=294) to work on /opt/airflow/dags/stock_pipeline_dag.py
[2025-09-07T08:18:17.805+0000] {processor.py:830} INFO - Processing file /opt/airflow/dags/stock_pipeline_dag.py for tasks to queue
[2025-09-07T08:18:17.808+0000] {logging_mixin.py:188} INFO - [2025-09-07T08:18:17.807+0000] {dagbag.py:545} INFO - Filling up the DagBag from /opt/airflow/dags/stock_pipeline_dag.py
[2025-09-07T08:18:17.833+0000] {processor.py:840} INFO - DAG(s) 'stock_pipeline_dag' retrieved from /opt/airflow/dags/stock_pipeline_dag.py
[2025-09-07T08:18:17.868+0000] {logging_mixin.py:188} INFO - [2025-09-07T08:18:17.867+0000] {dag.py:3096} INFO - Sync 1 DAGs
[2025-09-07T08:18:17.896+0000] {logging_mixin.py:188} INFO - [2025-09-07T08:18:17.896+0000] {dag.py:3954} INFO - Setting next_dagrun for stock_pipeline_dag to 2025-09-07 07:00:00+00:00, run_after=2025-09-07 08:00:00+00:00
[2025-09-07T08:18:17.927+0000] {processor.py:183} INFO - Processing /opt/airflow/dags/stock_pipeline_dag.py took 0.134 seconds
[2025-09-07T08:18:48.145+0000] {processor.py:161} INFO - Started process (PID=299) to work on /opt/airflow/dags/stock_pipeline_dag.py
[2025-09-07T08:18:48.146+0000] {processor.py:830} INFO - Processing file /opt/airflow/dags/stock_pipeline_dag.py for tasks to queue
[2025-09-07T08:18:48.148+0000] {logging_mixin.py:188} INFO - [2025-09-07T08:18:48.148+0000] {dagbag.py:545} INFO - Filling up the DagBag from /opt/airflow/dags/stock_pipeline_dag.py
[2025-09-07T08:18:48.171+0000] {processor.py:840} INFO - DAG(s) 'stock_pipeline_dag' retrieved from /opt/airflow/dags/stock_pipeline_dag.py
[2025-09-07T08:18:48.204+0000] {logging_mixin.py:188} INFO - [2025-09-07T08:18:48.204+0000] {dag.py:3096} INFO - Sync 1 DAGs
[2025-09-07T08:18:48.230+0000] {logging_mixin.py:188} INFO - [2025-09-07T08:18:48.230+0000] {dag.py:3954} INFO - Setting next_dagrun for stock_pipeline_dag to 2025-09-07 07:00:00+00:00, run_after=2025-09-07 08:00:00+00:00
[2025-09-07T08:18:48.262+0000] {processor.py:183} INFO - Processing /opt/airflow/dags/stock_pipeline_dag.py took 0.126 seconds
[2025-09-07T08:19:18.553+0000] {processor.py:161} INFO - Started process (PID=304) to work on /opt/airflow/dags/stock_pipeline_dag.py
[2025-09-07T08:19:18.554+0000] {processor.py:830} INFO - Processing file /opt/airflow/dags/stock_pipeline_dag.py for tasks to queue
[2025-09-07T08:19:18.556+0000] {logging_mixin.py:188} INFO - [2025-09-07T08:19:18.555+0000] {dagbag.py:545} INFO - Filling up the DagBag from /opt/airflow/dags/stock_pipeline_dag.py
[2025-09-07T08:19:18.579+0000] {processor.py:840} INFO - DAG(s) 'stock_pipeline_dag' retrieved from /opt/airflow/dags/stock_pipeline_dag.py
[2025-09-07T08:19:18.609+0000] {logging_mixin.py:188} INFO - [2025-09-07T08:19:18.608+0000] {dag.py:3096} INFO - Sync 1 DAGs
[2025-09-07T08:19:18.635+0000] {logging_mixin.py:188} INFO - [2025-09-07T08:19:18.635+0000] {dag.py:3954} INFO - Setting next_dagrun for stock_pipeline_dag to 2025-09-07 07:00:00+00:00, run_after=2025-09-07 08:00:00+00:00
[2025-09-07T08:19:18.666+0000] {processor.py:183} INFO - Processing /opt/airflow/dags/stock_pipeline_dag.py took 0.119 seconds
[2025-09-07T08:19:48.948+0000] {processor.py:161} INFO - Started process (PID=309) to work on /opt/airflow/dags/stock_pipeline_dag.py
[2025-09-07T08:19:48.949+0000] {processor.py:830} INFO - Processing file /opt/airflow/dags/stock_pipeline_dag.py for tasks to queue
[2025-09-07T08:19:48.951+0000] {logging_mixin.py:188} INFO - [2025-09-07T08:19:48.950+0000] {dagbag.py:545} INFO - Filling up the DagBag from /opt/airflow/dags/stock_pipeline_dag.py
[2025-09-07T08:19:48.972+0000] {processor.py:840} INFO - DAG(s) 'stock_pipeline_dag' retrieved from /opt/airflow/dags/stock_pipeline_dag.py
[2025-09-07T08:19:49.006+0000] {logging_mixin.py:188} INFO - [2025-09-07T08:19:49.006+0000] {dag.py:3096} INFO - Sync 1 DAGs
[2025-09-07T08:19:49.034+0000] {logging_mixin.py:188} INFO - [2025-09-07T08:19:49.034+0000] {dag.py:3954} INFO - Setting next_dagrun for stock_pipeline_dag to 2025-09-07 07:00:00+00:00, run_after=2025-09-07 08:00:00+00:00
[2025-09-07T08:19:49.064+0000] {processor.py:183} INFO - Processing /opt/airflow/dags/stock_pipeline_dag.py took 0.123 seconds
[2025-09-07T08:20:19.373+0000] {processor.py:161} INFO - Started process (PID=314) to work on /opt/airflow/dags/stock_pipeline_dag.py
[2025-09-07T08:20:19.374+0000] {processor.py:830} INFO - Processing file /opt/airflow/dags/stock_pipeline_dag.py for tasks to queue
[2025-09-07T08:20:19.376+0000] {logging_mixin.py:188} INFO - [2025-09-07T08:20:19.376+0000] {dagbag.py:545} INFO - Filling up the DagBag from /opt/airflow/dags/stock_pipeline_dag.py
[2025-09-07T08:20:19.401+0000] {processor.py:840} INFO - DAG(s) 'stock_pipeline_dag' retrieved from /opt/airflow/dags/stock_pipeline_dag.py
[2025-09-07T08:20:19.434+0000] {logging_mixin.py:188} INFO - [2025-09-07T08:20:19.434+0000] {dag.py:3096} INFO - Sync 1 DAGs
[2025-09-07T08:20:19.463+0000] {logging_mixin.py:188} INFO - [2025-09-07T08:20:19.462+0000] {dag.py:3954} INFO - Setting next_dagrun for stock_pipeline_dag to 2025-09-07 07:00:00+00:00, run_after=2025-09-07 08:00:00+00:00
[2025-09-07T08:20:19.491+0000] {processor.py:183} INFO - Processing /opt/airflow/dags/stock_pipeline_dag.py took 0.125 seconds
[2025-09-07T08:20:49.796+0000] {processor.py:161} INFO - Started process (PID=319) to work on /opt/airflow/dags/stock_pipeline_dag.py
[2025-09-07T08:20:49.798+0000] {processor.py:830} INFO - Processing file /opt/airflow/dags/stock_pipeline_dag.py for tasks to queue
[2025-09-07T08:20:49.800+0000] {logging_mixin.py:188} INFO - [2025-09-07T08:20:49.800+0000] {dagbag.py:545} INFO - Filling up the DagBag from /opt/airflow/dags/stock_pipeline_dag.py
[2025-09-07T08:20:49.829+0000] {processor.py:840} INFO - DAG(s) 'stock_pipeline_dag' retrieved from /opt/airflow/dags/stock_pipeline_dag.py
[2025-09-07T08:20:49.862+0000] {logging_mixin.py:188} INFO - [2025-09-07T08:20:49.862+0000] {dag.py:3096} INFO - Sync 1 DAGs
[2025-09-07T08:20:49.889+0000] {logging_mixin.py:188} INFO - [2025-09-07T08:20:49.888+0000] {dag.py:3954} INFO - Setting next_dagrun for stock_pipeline_dag to 2025-09-07 07:00:00+00:00, run_after=2025-09-07 08:00:00+00:00
[2025-09-07T08:20:49.919+0000] {processor.py:183} INFO - Processing /opt/airflow/dags/stock_pipeline_dag.py took 0.130 seconds
[2025-09-07T08:21:20.180+0000] {processor.py:161} INFO - Started process (PID=324) to work on /opt/airflow/dags/stock_pipeline_dag.py
[2025-09-07T08:21:20.182+0000] {processor.py:830} INFO - Processing file /opt/airflow/dags/stock_pipeline_dag.py for tasks to queue
[2025-09-07T08:21:20.184+0000] {logging_mixin.py:188} INFO - [2025-09-07T08:21:20.184+0000] {dagbag.py:545} INFO - Filling up the DagBag from /opt/airflow/dags/stock_pipeline_dag.py
[2025-09-07T08:21:20.209+0000] {processor.py:840} INFO - DAG(s) 'stock_pipeline_dag' retrieved from /opt/airflow/dags/stock_pipeline_dag.py
[2025-09-07T08:21:20.241+0000] {logging_mixin.py:188} INFO - [2025-09-07T08:21:20.240+0000] {dag.py:3096} INFO - Sync 1 DAGs
[2025-09-07T08:21:20.268+0000] {logging_mixin.py:188} INFO - [2025-09-07T08:21:20.268+0000] {dag.py:3954} INFO - Setting next_dagrun for stock_pipeline_dag to 2025-09-07 07:00:00+00:00, run_after=2025-09-07 08:00:00+00:00
[2025-09-07T08:21:20.304+0000] {processor.py:183} INFO - Processing /opt/airflow/dags/stock_pipeline_dag.py took 0.131 seconds
[2025-09-07T08:21:50.681+0000] {processor.py:161} INFO - Started process (PID=329) to work on /opt/airflow/dags/stock_pipeline_dag.py
[2025-09-07T08:21:50.682+0000] {processor.py:830} INFO - Processing file /opt/airflow/dags/stock_pipeline_dag.py for tasks to queue
[2025-09-07T08:21:50.684+0000] {logging_mixin.py:188} INFO - [2025-09-07T08:21:50.684+0000] {dagbag.py:545} INFO - Filling up the DagBag from /opt/airflow/dags/stock_pipeline_dag.py
[2025-09-07T08:21:50.707+0000] {processor.py:840} INFO - DAG(s) 'stock_pipeline_dag' retrieved from /opt/airflow/dags/stock_pipeline_dag.py
[2025-09-07T08:21:50.738+0000] {logging_mixin.py:188} INFO - [2025-09-07T08:21:50.738+0000] {dag.py:3096} INFO - Sync 1 DAGs
[2025-09-07T08:21:50.763+0000] {logging_mixin.py:188} INFO - [2025-09-07T08:21:50.763+0000] {dag.py:3954} INFO - Setting next_dagrun for stock_pipeline_dag to 2025-09-07 07:00:00+00:00, run_after=2025-09-07 08:00:00+00:00
[2025-09-07T08:21:50.793+0000] {processor.py:183} INFO - Processing /opt/airflow/dags/stock_pipeline_dag.py took 0.118 seconds
[2025-09-07T08:22:21.079+0000] {processor.py:161} INFO - Started process (PID=334) to work on /opt/airflow/dags/stock_pipeline_dag.py
[2025-09-07T08:22:21.080+0000] {processor.py:830} INFO - Processing file /opt/airflow/dags/stock_pipeline_dag.py for tasks to queue
[2025-09-07T08:22:21.083+0000] {logging_mixin.py:188} INFO - [2025-09-07T08:22:21.082+0000] {dagbag.py:545} INFO - Filling up the DagBag from /opt/airflow/dags/stock_pipeline_dag.py
[2025-09-07T08:22:21.110+0000] {processor.py:840} INFO - DAG(s) 'stock_pipeline_dag' retrieved from /opt/airflow/dags/stock_pipeline_dag.py
[2025-09-07T08:22:21.147+0000] {logging_mixin.py:188} INFO - [2025-09-07T08:22:21.147+0000] {dag.py:3096} INFO - Sync 1 DAGs
[2025-09-07T08:22:21.177+0000] {logging_mixin.py:188} INFO - [2025-09-07T08:22:21.177+0000] {dag.py:3954} INFO - Setting next_dagrun for stock_pipeline_dag to 2025-09-07 07:00:00+00:00, run_after=2025-09-07 08:00:00+00:00
[2025-09-07T08:22:21.209+0000] {processor.py:183} INFO - Processing /opt/airflow/dags/stock_pipeline_dag.py took 0.138 seconds
[2025-09-07T08:22:51.536+0000] {processor.py:161} INFO - Started process (PID=339) to work on /opt/airflow/dags/stock_pipeline_dag.py
[2025-09-07T08:22:51.537+0000] {processor.py:830} INFO - Processing file /opt/airflow/dags/stock_pipeline_dag.py for tasks to queue
[2025-09-07T08:22:51.539+0000] {logging_mixin.py:188} INFO - [2025-09-07T08:22:51.539+0000] {dagbag.py:545} INFO - Filling up the DagBag from /opt/airflow/dags/stock_pipeline_dag.py
[2025-09-07T08:22:51.564+0000] {processor.py:840} INFO - DAG(s) 'stock_pipeline_dag' retrieved from /opt/airflow/dags/stock_pipeline_dag.py
[2025-09-07T08:22:51.596+0000] {logging_mixin.py:188} INFO - [2025-09-07T08:22:51.596+0000] {dag.py:3096} INFO - Sync 1 DAGs
[2025-09-07T08:22:51.623+0000] {logging_mixin.py:188} INFO - [2025-09-07T08:22:51.623+0000] {dag.py:3954} INFO - Setting next_dagrun for stock_pipeline_dag to 2025-09-07 07:00:00+00:00, run_after=2025-09-07 08:00:00+00:00
[2025-09-07T08:22:51.650+0000] {processor.py:183} INFO - Processing /opt/airflow/dags/stock_pipeline_dag.py took 0.122 seconds
[2025-09-07T08:23:22.012+0000] {processor.py:161} INFO - Started process (PID=344) to work on /opt/airflow/dags/stock_pipeline_dag.py
[2025-09-07T08:23:22.013+0000] {processor.py:830} INFO - Processing file /opt/airflow/dags/stock_pipeline_dag.py for tasks to queue
[2025-09-07T08:23:22.015+0000] {logging_mixin.py:188} INFO - [2025-09-07T08:23:22.015+0000] {dagbag.py:545} INFO - Filling up the DagBag from /opt/airflow/dags/stock_pipeline_dag.py
[2025-09-07T08:23:22.039+0000] {processor.py:840} INFO - DAG(s) 'stock_pipeline_dag' retrieved from /opt/airflow/dags/stock_pipeline_dag.py
[2025-09-07T08:23:22.069+0000] {logging_mixin.py:188} INFO - [2025-09-07T08:23:22.069+0000] {dag.py:3096} INFO - Sync 1 DAGs
[2025-09-07T08:23:22.094+0000] {logging_mixin.py:188} INFO - [2025-09-07T08:23:22.094+0000] {dag.py:3954} INFO - Setting next_dagrun for stock_pipeline_dag to 2025-09-07 07:00:00+00:00, run_after=2025-09-07 08:00:00+00:00
[2025-09-07T08:23:22.128+0000] {processor.py:183} INFO - Processing /opt/airflow/dags/stock_pipeline_dag.py took 0.125 seconds
[2025-09-07T08:23:52.446+0000] {processor.py:161} INFO - Started process (PID=349) to work on /opt/airflow/dags/stock_pipeline_dag.py
[2025-09-07T08:23:52.447+0000] {processor.py:830} INFO - Processing file /opt/airflow/dags/stock_pipeline_dag.py for tasks to queue
[2025-09-07T08:23:52.450+0000] {logging_mixin.py:188} INFO - [2025-09-07T08:23:52.449+0000] {dagbag.py:545} INFO - Filling up the DagBag from /opt/airflow/dags/stock_pipeline_dag.py
[2025-09-07T08:23:52.475+0000] {processor.py:840} INFO - DAG(s) 'stock_pipeline_dag' retrieved from /opt/airflow/dags/stock_pipeline_dag.py
[2025-09-07T08:23:52.506+0000] {logging_mixin.py:188} INFO - [2025-09-07T08:23:52.506+0000] {dag.py:3096} INFO - Sync 1 DAGs
[2025-09-07T08:23:52.533+0000] {logging_mixin.py:188} INFO - [2025-09-07T08:23:52.533+0000] {dag.py:3954} INFO - Setting next_dagrun for stock_pipeline_dag to 2025-09-07 07:00:00+00:00, run_after=2025-09-07 08:00:00+00:00
[2025-09-07T08:23:52.566+0000] {processor.py:183} INFO - Processing /opt/airflow/dags/stock_pipeline_dag.py took 0.127 seconds
[2025-09-07T08:24:22.694+0000] {processor.py:161} INFO - Started process (PID=354) to work on /opt/airflow/dags/stock_pipeline_dag.py
[2025-09-07T08:24:22.695+0000] {processor.py:830} INFO - Processing file /opt/airflow/dags/stock_pipeline_dag.py for tasks to queue
[2025-09-07T08:24:22.697+0000] {logging_mixin.py:188} INFO - [2025-09-07T08:24:22.697+0000] {dagbag.py:545} INFO - Filling up the DagBag from /opt/airflow/dags/stock_pipeline_dag.py
[2025-09-07T08:24:22.721+0000] {processor.py:840} INFO - DAG(s) 'stock_pipeline_dag' retrieved from /opt/airflow/dags/stock_pipeline_dag.py
[2025-09-07T08:24:22.753+0000] {logging_mixin.py:188} INFO - [2025-09-07T08:24:22.753+0000] {dag.py:3096} INFO - Sync 1 DAGs
[2025-09-07T08:24:22.779+0000] {logging_mixin.py:188} INFO - [2025-09-07T08:24:22.779+0000] {dag.py:3954} INFO - Setting next_dagrun for stock_pipeline_dag to 2025-09-07 07:00:00+00:00, run_after=2025-09-07 08:00:00+00:00
[2025-09-07T08:24:22.809+0000] {processor.py:183} INFO - Processing /opt/airflow/dags/stock_pipeline_dag.py took 0.121 seconds
[2025-09-07T08:24:53.052+0000] {processor.py:161} INFO - Started process (PID=359) to work on /opt/airflow/dags/stock_pipeline_dag.py
[2025-09-07T08:24:53.053+0000] {processor.py:830} INFO - Processing file /opt/airflow/dags/stock_pipeline_dag.py for tasks to queue
[2025-09-07T08:24:53.055+0000] {logging_mixin.py:188} INFO - [2025-09-07T08:24:53.055+0000] {dagbag.py:545} INFO - Filling up the DagBag from /opt/airflow/dags/stock_pipeline_dag.py
[2025-09-07T08:24:53.077+0000] {processor.py:840} INFO - DAG(s) 'stock_pipeline_dag' retrieved from /opt/airflow/dags/stock_pipeline_dag.py
[2025-09-07T08:24:53.109+0000] {logging_mixin.py:188} INFO - [2025-09-07T08:24:53.109+0000] {dag.py:3096} INFO - Sync 1 DAGs
[2025-09-07T08:24:53.138+0000] {logging_mixin.py:188} INFO - [2025-09-07T08:24:53.137+0000] {dag.py:3954} INFO - Setting next_dagrun for stock_pipeline_dag to 2025-09-07 07:00:00+00:00, run_after=2025-09-07 08:00:00+00:00
[2025-09-07T08:24:53.167+0000] {processor.py:183} INFO - Processing /opt/airflow/dags/stock_pipeline_dag.py took 0.123 seconds
[2025-09-07T08:25:23.486+0000] {processor.py:161} INFO - Started process (PID=364) to work on /opt/airflow/dags/stock_pipeline_dag.py
[2025-09-07T08:25:23.487+0000] {processor.py:830} INFO - Processing file /opt/airflow/dags/stock_pipeline_dag.py for tasks to queue
[2025-09-07T08:25:23.489+0000] {logging_mixin.py:188} INFO - [2025-09-07T08:25:23.489+0000] {dagbag.py:545} INFO - Filling up the DagBag from /opt/airflow/dags/stock_pipeline_dag.py
[2025-09-07T08:25:23.512+0000] {processor.py:840} INFO - DAG(s) 'stock_pipeline_dag' retrieved from /opt/airflow/dags/stock_pipeline_dag.py
[2025-09-07T08:25:23.543+0000] {logging_mixin.py:188} INFO - [2025-09-07T08:25:23.542+0000] {dag.py:3096} INFO - Sync 1 DAGs
[2025-09-07T08:25:23.567+0000] {logging_mixin.py:188} INFO - [2025-09-07T08:25:23.566+0000] {dag.py:3954} INFO - Setting next_dagrun for stock_pipeline_dag to 2025-09-07 07:00:00+00:00, run_after=2025-09-07 08:00:00+00:00
[2025-09-07T08:25:23.592+0000] {processor.py:183} INFO - Processing /opt/airflow/dags/stock_pipeline_dag.py took 0.114 seconds
[2025-09-07T08:25:54.013+0000] {processor.py:161} INFO - Started process (PID=369) to work on /opt/airflow/dags/stock_pipeline_dag.py
[2025-09-07T08:25:54.015+0000] {processor.py:830} INFO - Processing file /opt/airflow/dags/stock_pipeline_dag.py for tasks to queue
[2025-09-07T08:25:54.017+0000] {logging_mixin.py:188} INFO - [2025-09-07T08:25:54.017+0000] {dagbag.py:545} INFO - Filling up the DagBag from /opt/airflow/dags/stock_pipeline_dag.py
[2025-09-07T08:25:54.044+0000] {processor.py:840} INFO - DAG(s) 'stock_pipeline_dag' retrieved from /opt/airflow/dags/stock_pipeline_dag.py
[2025-09-07T08:25:54.074+0000] {logging_mixin.py:188} INFO - [2025-09-07T08:25:54.074+0000] {dag.py:3096} INFO - Sync 1 DAGs
[2025-09-07T08:25:54.100+0000] {logging_mixin.py:188} INFO - [2025-09-07T08:25:54.100+0000] {dag.py:3954} INFO - Setting next_dagrun for stock_pipeline_dag to 2025-09-07 07:00:00+00:00, run_after=2025-09-07 08:00:00+00:00
[2025-09-07T08:25:54.131+0000] {processor.py:183} INFO - Processing /opt/airflow/dags/stock_pipeline_dag.py took 0.126 seconds
[2025-09-07T08:26:24.465+0000] {processor.py:161} INFO - Started process (PID=374) to work on /opt/airflow/dags/stock_pipeline_dag.py
[2025-09-07T08:26:24.466+0000] {processor.py:830} INFO - Processing file /opt/airflow/dags/stock_pipeline_dag.py for tasks to queue
[2025-09-07T08:26:24.470+0000] {logging_mixin.py:188} INFO - [2025-09-07T08:26:24.469+0000] {dagbag.py:545} INFO - Filling up the DagBag from /opt/airflow/dags/stock_pipeline_dag.py
[2025-09-07T08:26:24.499+0000] {processor.py:840} INFO - DAG(s) 'stock_pipeline_dag' retrieved from /opt/airflow/dags/stock_pipeline_dag.py
[2025-09-07T08:26:24.537+0000] {logging_mixin.py:188} INFO - [2025-09-07T08:26:24.536+0000] {dag.py:3096} INFO - Sync 1 DAGs
[2025-09-07T08:26:24.567+0000] {logging_mixin.py:188} INFO - [2025-09-07T08:26:24.567+0000] {dag.py:3954} INFO - Setting next_dagrun for stock_pipeline_dag to 2025-09-07 07:00:00+00:00, run_after=2025-09-07 08:00:00+00:00
[2025-09-07T08:26:24.600+0000] {processor.py:183} INFO - Processing /opt/airflow/dags/stock_pipeline_dag.py took 0.144 seconds
[2025-09-07T08:26:54.809+0000] {processor.py:161} INFO - Started process (PID=379) to work on /opt/airflow/dags/stock_pipeline_dag.py
[2025-09-07T08:26:54.810+0000] {processor.py:830} INFO - Processing file /opt/airflow/dags/stock_pipeline_dag.py for tasks to queue
[2025-09-07T08:26:54.812+0000] {logging_mixin.py:188} INFO - [2025-09-07T08:26:54.812+0000] {dagbag.py:545} INFO - Filling up the DagBag from /opt/airflow/dags/stock_pipeline_dag.py
[2025-09-07T08:26:54.833+0000] {processor.py:840} INFO - DAG(s) 'stock_pipeline_dag' retrieved from /opt/airflow/dags/stock_pipeline_dag.py
[2025-09-07T08:26:54.864+0000] {logging_mixin.py:188} INFO - [2025-09-07T08:26:54.864+0000] {dag.py:3096} INFO - Sync 1 DAGs
[2025-09-07T08:26:54.889+0000] {logging_mixin.py:188} INFO - [2025-09-07T08:26:54.888+0000] {dag.py:3954} INFO - Setting next_dagrun for stock_pipeline_dag to 2025-09-07 07:00:00+00:00, run_after=2025-09-07 08:00:00+00:00
[2025-09-07T08:26:54.918+0000] {processor.py:183} INFO - Processing /opt/airflow/dags/stock_pipeline_dag.py took 0.115 seconds
[2025-09-07T08:27:25.251+0000] {processor.py:161} INFO - Started process (PID=384) to work on /opt/airflow/dags/stock_pipeline_dag.py
[2025-09-07T08:27:25.252+0000] {processor.py:830} INFO - Processing file /opt/airflow/dags/stock_pipeline_dag.py for tasks to queue
[2025-09-07T08:27:25.255+0000] {logging_mixin.py:188} INFO - [2025-09-07T08:27:25.254+0000] {dagbag.py:545} INFO - Filling up the DagBag from /opt/airflow/dags/stock_pipeline_dag.py
[2025-09-07T08:27:25.278+0000] {processor.py:840} INFO - DAG(s) 'stock_pipeline_dag' retrieved from /opt/airflow/dags/stock_pipeline_dag.py
[2025-09-07T08:27:25.311+0000] {logging_mixin.py:188} INFO - [2025-09-07T08:27:25.310+0000] {dag.py:3096} INFO - Sync 1 DAGs
[2025-09-07T08:27:25.340+0000] {logging_mixin.py:188} INFO - [2025-09-07T08:27:25.340+0000] {dag.py:3954} INFO - Setting next_dagrun for stock_pipeline_dag to 2025-09-07 07:00:00+00:00, run_after=2025-09-07 08:00:00+00:00
[2025-09-07T08:27:25.367+0000] {processor.py:183} INFO - Processing /opt/airflow/dags/stock_pipeline_dag.py took 0.122 seconds
[2025-09-07T08:27:55.567+0000] {processor.py:161} INFO - Started process (PID=389) to work on /opt/airflow/dags/stock_pipeline_dag.py
[2025-09-07T08:27:55.569+0000] {processor.py:830} INFO - Processing file /opt/airflow/dags/stock_pipeline_dag.py for tasks to queue
[2025-09-07T08:27:55.570+0000] {logging_mixin.py:188} INFO - [2025-09-07T08:27:55.570+0000] {dagbag.py:545} INFO - Filling up the DagBag from /opt/airflow/dags/stock_pipeline_dag.py
[2025-09-07T08:27:55.592+0000] {processor.py:840} INFO - DAG(s) 'stock_pipeline_dag' retrieved from /opt/airflow/dags/stock_pipeline_dag.py
[2025-09-07T08:27:55.622+0000] {logging_mixin.py:188} INFO - [2025-09-07T08:27:55.622+0000] {dag.py:3096} INFO - Sync 1 DAGs
[2025-09-07T08:27:55.648+0000] {logging_mixin.py:188} INFO - [2025-09-07T08:27:55.648+0000] {dag.py:3954} INFO - Setting next_dagrun for stock_pipeline_dag to 2025-09-07 07:00:00+00:00, run_after=2025-09-07 08:00:00+00:00
[2025-09-07T08:27:55.680+0000] {processor.py:183} INFO - Processing /opt/airflow/dags/stock_pipeline_dag.py took 0.123 seconds
[2025-09-07T08:28:26.059+0000] {processor.py:161} INFO - Started process (PID=394) to work on /opt/airflow/dags/stock_pipeline_dag.py
[2025-09-07T08:28:26.060+0000] {processor.py:830} INFO - Processing file /opt/airflow/dags/stock_pipeline_dag.py for tasks to queue
[2025-09-07T08:28:26.062+0000] {logging_mixin.py:188} INFO - [2025-09-07T08:28:26.062+0000] {dagbag.py:545} INFO - Filling up the DagBag from /opt/airflow/dags/stock_pipeline_dag.py
[2025-09-07T08:28:26.085+0000] {processor.py:840} INFO - DAG(s) 'stock_pipeline_dag' retrieved from /opt/airflow/dags/stock_pipeline_dag.py
[2025-09-07T08:28:26.115+0000] {logging_mixin.py:188} INFO - [2025-09-07T08:28:26.115+0000] {dag.py:3096} INFO - Sync 1 DAGs
[2025-09-07T08:28:26.139+0000] {logging_mixin.py:188} INFO - [2025-09-07T08:28:26.139+0000] {dag.py:3954} INFO - Setting next_dagrun for stock_pipeline_dag to 2025-09-07 07:00:00+00:00, run_after=2025-09-07 08:00:00+00:00
[2025-09-07T08:28:26.171+0000] {processor.py:183} INFO - Processing /opt/airflow/dags/stock_pipeline_dag.py took 0.118 seconds
[2025-09-07T08:28:56.387+0000] {processor.py:161} INFO - Started process (PID=399) to work on /opt/airflow/dags/stock_pipeline_dag.py
[2025-09-07T08:28:56.388+0000] {processor.py:830} INFO - Processing file /opt/airflow/dags/stock_pipeline_dag.py for tasks to queue
[2025-09-07T08:28:56.390+0000] {logging_mixin.py:188} INFO - [2025-09-07T08:28:56.389+0000] {dagbag.py:545} INFO - Filling up the DagBag from /opt/airflow/dags/stock_pipeline_dag.py
[2025-09-07T08:28:56.413+0000] {processor.py:840} INFO - DAG(s) 'stock_pipeline_dag' retrieved from /opt/airflow/dags/stock_pipeline_dag.py
[2025-09-07T08:28:56.443+0000] {logging_mixin.py:188} INFO - [2025-09-07T08:28:56.443+0000] {dag.py:3096} INFO - Sync 1 DAGs
[2025-09-07T08:28:56.470+0000] {logging_mixin.py:188} INFO - [2025-09-07T08:28:56.470+0000] {dag.py:3954} INFO - Setting next_dagrun for stock_pipeline_dag to 2025-09-07 07:00:00+00:00, run_after=2025-09-07 08:00:00+00:00
[2025-09-07T08:28:56.498+0000] {processor.py:183} INFO - Processing /opt/airflow/dags/stock_pipeline_dag.py took 0.119 seconds
[2025-09-07T08:29:26.697+0000] {processor.py:161} INFO - Started process (PID=404) to work on /opt/airflow/dags/stock_pipeline_dag.py
[2025-09-07T08:29:26.699+0000] {processor.py:830} INFO - Processing file /opt/airflow/dags/stock_pipeline_dag.py for tasks to queue
[2025-09-07T08:29:26.701+0000] {logging_mixin.py:188} INFO - [2025-09-07T08:29:26.700+0000] {dagbag.py:545} INFO - Filling up the DagBag from /opt/airflow/dags/stock_pipeline_dag.py
[2025-09-07T08:29:26.724+0000] {processor.py:840} INFO - DAG(s) 'stock_pipeline_dag' retrieved from /opt/airflow/dags/stock_pipeline_dag.py
[2025-09-07T08:29:26.754+0000] {logging_mixin.py:188} INFO - [2025-09-07T08:29:26.754+0000] {dag.py:3096} INFO - Sync 1 DAGs
[2025-09-07T08:29:26.779+0000] {logging_mixin.py:188} INFO - [2025-09-07T08:29:26.779+0000] {dag.py:3954} INFO - Setting next_dagrun for stock_pipeline_dag to 2025-09-07 07:00:00+00:00, run_after=2025-09-07 08:00:00+00:00
[2025-09-07T08:29:26.809+0000] {processor.py:183} INFO - Processing /opt/airflow/dags/stock_pipeline_dag.py took 0.119 seconds
[2025-09-07T08:29:57.059+0000] {processor.py:161} INFO - Started process (PID=409) to work on /opt/airflow/dags/stock_pipeline_dag.py
[2025-09-07T08:29:57.060+0000] {processor.py:830} INFO - Processing file /opt/airflow/dags/stock_pipeline_dag.py for tasks to queue
[2025-09-07T08:29:57.062+0000] {logging_mixin.py:188} INFO - [2025-09-07T08:29:57.062+0000] {dagbag.py:545} INFO - Filling up the DagBag from /opt/airflow/dags/stock_pipeline_dag.py
[2025-09-07T08:29:57.087+0000] {processor.py:840} INFO - DAG(s) 'stock_pipeline_dag' retrieved from /opt/airflow/dags/stock_pipeline_dag.py
[2025-09-07T08:29:57.116+0000] {logging_mixin.py:188} INFO - [2025-09-07T08:29:57.116+0000] {dag.py:3096} INFO - Sync 1 DAGs
[2025-09-07T08:29:57.140+0000] {logging_mixin.py:188} INFO - [2025-09-07T08:29:57.140+0000] {dag.py:3954} INFO - Setting next_dagrun for stock_pipeline_dag to 2025-09-07 07:00:00+00:00, run_after=2025-09-07 08:00:00+00:00
[2025-09-07T08:29:57.168+0000] {processor.py:183} INFO - Processing /opt/airflow/dags/stock_pipeline_dag.py took 0.116 seconds
[2025-09-07T08:30:27.548+0000] {processor.py:161} INFO - Started process (PID=414) to work on /opt/airflow/dags/stock_pipeline_dag.py
[2025-09-07T08:30:27.549+0000] {processor.py:830} INFO - Processing file /opt/airflow/dags/stock_pipeline_dag.py for tasks to queue
[2025-09-07T08:30:27.551+0000] {logging_mixin.py:188} INFO - [2025-09-07T08:30:27.551+0000] {dagbag.py:545} INFO - Filling up the DagBag from /opt/airflow/dags/stock_pipeline_dag.py
[2025-09-07T08:30:27.572+0000] {processor.py:840} INFO - DAG(s) 'stock_pipeline_dag' retrieved from /opt/airflow/dags/stock_pipeline_dag.py
[2025-09-07T08:30:27.602+0000] {logging_mixin.py:188} INFO - [2025-09-07T08:30:27.601+0000] {dag.py:3096} INFO - Sync 1 DAGs
[2025-09-07T08:30:27.626+0000] {logging_mixin.py:188} INFO - [2025-09-07T08:30:27.626+0000] {dag.py:3954} INFO - Setting next_dagrun for stock_pipeline_dag to 2025-09-07 07:00:00+00:00, run_after=2025-09-07 08:00:00+00:00
[2025-09-07T08:30:27.655+0000] {processor.py:183} INFO - Processing /opt/airflow/dags/stock_pipeline_dag.py took 0.114 seconds
[2025-09-07T08:30:57.981+0000] {processor.py:161} INFO - Started process (PID=419) to work on /opt/airflow/dags/stock_pipeline_dag.py
[2025-09-07T08:30:57.982+0000] {processor.py:830} INFO - Processing file /opt/airflow/dags/stock_pipeline_dag.py for tasks to queue
[2025-09-07T08:30:57.984+0000] {logging_mixin.py:188} INFO - [2025-09-07T08:30:57.984+0000] {dagbag.py:545} INFO - Filling up the DagBag from /opt/airflow/dags/stock_pipeline_dag.py
[2025-09-07T08:30:58.006+0000] {processor.py:840} INFO - DAG(s) 'stock_pipeline_dag' retrieved from /opt/airflow/dags/stock_pipeline_dag.py
[2025-09-07T08:30:58.035+0000] {logging_mixin.py:188} INFO - [2025-09-07T08:30:58.034+0000] {dag.py:3096} INFO - Sync 1 DAGs
[2025-09-07T08:30:58.061+0000] {logging_mixin.py:188} INFO - [2025-09-07T08:30:58.061+0000] {dag.py:3954} INFO - Setting next_dagrun for stock_pipeline_dag to 2025-09-07 07:00:00+00:00, run_after=2025-09-07 08:00:00+00:00
[2025-09-07T08:30:58.093+0000] {processor.py:183} INFO - Processing /opt/airflow/dags/stock_pipeline_dag.py took 0.117 seconds
[2025-09-07T08:31:28.407+0000] {processor.py:161} INFO - Started process (PID=424) to work on /opt/airflow/dags/stock_pipeline_dag.py
[2025-09-07T08:31:28.408+0000] {processor.py:830} INFO - Processing file /opt/airflow/dags/stock_pipeline_dag.py for tasks to queue
[2025-09-07T08:31:28.410+0000] {logging_mixin.py:188} INFO - [2025-09-07T08:31:28.410+0000] {dagbag.py:545} INFO - Filling up the DagBag from /opt/airflow/dags/stock_pipeline_dag.py
[2025-09-07T08:31:28.433+0000] {processor.py:840} INFO - DAG(s) 'stock_pipeline_dag' retrieved from /opt/airflow/dags/stock_pipeline_dag.py
[2025-09-07T08:31:28.464+0000] {logging_mixin.py:188} INFO - [2025-09-07T08:31:28.463+0000] {dag.py:3096} INFO - Sync 1 DAGs
[2025-09-07T08:31:28.489+0000] {logging_mixin.py:188} INFO - [2025-09-07T08:31:28.488+0000] {dag.py:3954} INFO - Setting next_dagrun for stock_pipeline_dag to 2025-09-07 07:00:00+00:00, run_after=2025-09-07 08:00:00+00:00
[2025-09-07T08:31:28.518+0000] {processor.py:183} INFO - Processing /opt/airflow/dags/stock_pipeline_dag.py took 0.119 seconds
[2025-09-07T08:31:58.810+0000] {processor.py:161} INFO - Started process (PID=429) to work on /opt/airflow/dags/stock_pipeline_dag.py
[2025-09-07T08:31:58.811+0000] {processor.py:830} INFO - Processing file /opt/airflow/dags/stock_pipeline_dag.py for tasks to queue
[2025-09-07T08:31:58.813+0000] {logging_mixin.py:188} INFO - [2025-09-07T08:31:58.813+0000] {dagbag.py:545} INFO - Filling up the DagBag from /opt/airflow/dags/stock_pipeline_dag.py
[2025-09-07T08:31:58.837+0000] {processor.py:840} INFO - DAG(s) 'stock_pipeline_dag' retrieved from /opt/airflow/dags/stock_pipeline_dag.py
[2025-09-07T08:31:58.868+0000] {logging_mixin.py:188} INFO - [2025-09-07T08:31:58.868+0000] {dag.py:3096} INFO - Sync 1 DAGs
[2025-09-07T08:31:58.899+0000] {logging_mixin.py:188} INFO - [2025-09-07T08:31:58.899+0000] {dag.py:3954} INFO - Setting next_dagrun for stock_pipeline_dag to 2025-09-07 07:00:00+00:00, run_after=2025-09-07 08:00:00+00:00
[2025-09-07T08:31:58.959+0000] {processor.py:183} INFO - Processing /opt/airflow/dags/stock_pipeline_dag.py took 0.157 seconds
[2025-09-07T08:32:29.249+0000] {processor.py:161} INFO - Started process (PID=434) to work on /opt/airflow/dags/stock_pipeline_dag.py
[2025-09-07T08:32:29.251+0000] {processor.py:830} INFO - Processing file /opt/airflow/dags/stock_pipeline_dag.py for tasks to queue
[2025-09-07T08:32:29.253+0000] {logging_mixin.py:188} INFO - [2025-09-07T08:32:29.252+0000] {dagbag.py:545} INFO - Filling up the DagBag from /opt/airflow/dags/stock_pipeline_dag.py
[2025-09-07T08:32:29.275+0000] {processor.py:840} INFO - DAG(s) 'stock_pipeline_dag' retrieved from /opt/airflow/dags/stock_pipeline_dag.py
[2025-09-07T08:32:29.307+0000] {logging_mixin.py:188} INFO - [2025-09-07T08:32:29.307+0000] {dag.py:3096} INFO - Sync 1 DAGs
[2025-09-07T08:32:29.333+0000] {logging_mixin.py:188} INFO - [2025-09-07T08:32:29.332+0000] {dag.py:3954} INFO - Setting next_dagrun for stock_pipeline_dag to 2025-09-07 07:00:00+00:00, run_after=2025-09-07 08:00:00+00:00
[2025-09-07T08:32:29.360+0000] {processor.py:183} INFO - Processing /opt/airflow/dags/stock_pipeline_dag.py took 0.118 seconds
[2025-09-07T08:32:59.683+0000] {processor.py:161} INFO - Started process (PID=439) to work on /opt/airflow/dags/stock_pipeline_dag.py
[2025-09-07T08:32:59.684+0000] {processor.py:830} INFO - Processing file /opt/airflow/dags/stock_pipeline_dag.py for tasks to queue
[2025-09-07T08:32:59.686+0000] {logging_mixin.py:188} INFO - [2025-09-07T08:32:59.686+0000] {dagbag.py:545} INFO - Filling up the DagBag from /opt/airflow/dags/stock_pipeline_dag.py
[2025-09-07T08:32:59.708+0000] {processor.py:840} INFO - DAG(s) 'stock_pipeline_dag' retrieved from /opt/airflow/dags/stock_pipeline_dag.py
[2025-09-07T08:32:59.737+0000] {logging_mixin.py:188} INFO - [2025-09-07T08:32:59.737+0000] {dag.py:3096} INFO - Sync 1 DAGs
[2025-09-07T08:32:59.762+0000] {logging_mixin.py:188} INFO - [2025-09-07T08:32:59.762+0000] {dag.py:3954} INFO - Setting next_dagrun for stock_pipeline_dag to 2025-09-07 07:00:00+00:00, run_after=2025-09-07 08:00:00+00:00
[2025-09-07T08:32:59.790+0000] {processor.py:183} INFO - Processing /opt/airflow/dags/stock_pipeline_dag.py took 0.114 seconds
[2025-09-07T08:33:30.146+0000] {processor.py:161} INFO - Started process (PID=444) to work on /opt/airflow/dags/stock_pipeline_dag.py
[2025-09-07T08:33:30.147+0000] {processor.py:830} INFO - Processing file /opt/airflow/dags/stock_pipeline_dag.py for tasks to queue
[2025-09-07T08:33:30.149+0000] {logging_mixin.py:188} INFO - [2025-09-07T08:33:30.148+0000] {dagbag.py:545} INFO - Filling up the DagBag from /opt/airflow/dags/stock_pipeline_dag.py
[2025-09-07T08:33:30.173+0000] {processor.py:840} INFO - DAG(s) 'stock_pipeline_dag' retrieved from /opt/airflow/dags/stock_pipeline_dag.py
[2025-09-07T08:33:30.204+0000] {logging_mixin.py:188} INFO - [2025-09-07T08:33:30.204+0000] {dag.py:3096} INFO - Sync 1 DAGs
[2025-09-07T08:33:30.229+0000] {logging_mixin.py:188} INFO - [2025-09-07T08:33:30.229+0000] {dag.py:3954} INFO - Setting next_dagrun for stock_pipeline_dag to 2025-09-07 07:00:00+00:00, run_after=2025-09-07 08:00:00+00:00
[2025-09-07T08:33:30.259+0000] {processor.py:183} INFO - Processing /opt/airflow/dags/stock_pipeline_dag.py took 0.120 seconds
[2025-09-07T08:34:00.558+0000] {processor.py:161} INFO - Started process (PID=449) to work on /opt/airflow/dags/stock_pipeline_dag.py
[2025-09-07T08:34:00.559+0000] {processor.py:830} INFO - Processing file /opt/airflow/dags/stock_pipeline_dag.py for tasks to queue
[2025-09-07T08:34:00.561+0000] {logging_mixin.py:188} INFO - [2025-09-07T08:34:00.561+0000] {dagbag.py:545} INFO - Filling up the DagBag from /opt/airflow/dags/stock_pipeline_dag.py
[2025-09-07T08:34:00.584+0000] {processor.py:840} INFO - DAG(s) 'stock_pipeline_dag' retrieved from /opt/airflow/dags/stock_pipeline_dag.py
[2025-09-07T08:34:00.614+0000] {logging_mixin.py:188} INFO - [2025-09-07T08:34:00.614+0000] {dag.py:3096} INFO - Sync 1 DAGs
[2025-09-07T08:34:00.639+0000] {logging_mixin.py:188} INFO - [2025-09-07T08:34:00.639+0000] {dag.py:3954} INFO - Setting next_dagrun for stock_pipeline_dag to 2025-09-07 07:00:00+00:00, run_after=2025-09-07 08:00:00+00:00
[2025-09-07T08:34:00.669+0000] {processor.py:183} INFO - Processing /opt/airflow/dags/stock_pipeline_dag.py took 0.118 seconds
[2025-09-07T08:34:31.093+0000] {processor.py:161} INFO - Started process (PID=454) to work on /opt/airflow/dags/stock_pipeline_dag.py
[2025-09-07T08:34:31.094+0000] {processor.py:830} INFO - Processing file /opt/airflow/dags/stock_pipeline_dag.py for tasks to queue
[2025-09-07T08:34:31.096+0000] {logging_mixin.py:188} INFO - [2025-09-07T08:34:31.096+0000] {dagbag.py:545} INFO - Filling up the DagBag from /opt/airflow/dags/stock_pipeline_dag.py
[2025-09-07T08:34:31.119+0000] {processor.py:840} INFO - DAG(s) 'stock_pipeline_dag' retrieved from /opt/airflow/dags/stock_pipeline_dag.py
[2025-09-07T08:34:31.148+0000] {logging_mixin.py:188} INFO - [2025-09-07T08:34:31.148+0000] {dag.py:3096} INFO - Sync 1 DAGs
[2025-09-07T08:34:31.174+0000] {logging_mixin.py:188} INFO - [2025-09-07T08:34:31.173+0000] {dag.py:3954} INFO - Setting next_dagrun for stock_pipeline_dag to 2025-09-07 07:00:00+00:00, run_after=2025-09-07 08:00:00+00:00
[2025-09-07T08:34:31.203+0000] {processor.py:183} INFO - Processing /opt/airflow/dags/stock_pipeline_dag.py took 0.117 seconds
[2025-09-07T08:35:01.457+0000] {processor.py:161} INFO - Started process (PID=459) to work on /opt/airflow/dags/stock_pipeline_dag.py
[2025-09-07T08:35:01.458+0000] {processor.py:830} INFO - Processing file /opt/airflow/dags/stock_pipeline_dag.py for tasks to queue
[2025-09-07T08:35:01.460+0000] {logging_mixin.py:188} INFO - [2025-09-07T08:35:01.459+0000] {dagbag.py:545} INFO - Filling up the DagBag from /opt/airflow/dags/stock_pipeline_dag.py
[2025-09-07T08:35:01.483+0000] {processor.py:840} INFO - DAG(s) 'stock_pipeline_dag' retrieved from /opt/airflow/dags/stock_pipeline_dag.py
[2025-09-07T08:35:01.511+0000] {logging_mixin.py:188} INFO - [2025-09-07T08:35:01.511+0000] {dag.py:3096} INFO - Sync 1 DAGs
[2025-09-07T08:35:01.535+0000] {logging_mixin.py:188} INFO - [2025-09-07T08:35:01.534+0000] {dag.py:3954} INFO - Setting next_dagrun for stock_pipeline_dag to 2025-09-07 07:00:00+00:00, run_after=2025-09-07 08:00:00+00:00
[2025-09-07T08:35:01.558+0000] {processor.py:183} INFO - Processing /opt/airflow/dags/stock_pipeline_dag.py took 0.107 seconds
[2025-09-07T08:35:32.076+0000] {processor.py:161} INFO - Started process (PID=464) to work on /opt/airflow/dags/stock_pipeline_dag.py
[2025-09-07T08:35:32.077+0000] {processor.py:830} INFO - Processing file /opt/airflow/dags/stock_pipeline_dag.py for tasks to queue
[2025-09-07T08:35:32.080+0000] {logging_mixin.py:188} INFO - [2025-09-07T08:35:32.079+0000] {dagbag.py:545} INFO - Filling up the DagBag from /opt/airflow/dags/stock_pipeline_dag.py
[2025-09-07T08:35:32.103+0000] {processor.py:840} INFO - DAG(s) 'stock_pipeline_dag' retrieved from /opt/airflow/dags/stock_pipeline_dag.py
[2025-09-07T08:35:32.137+0000] {logging_mixin.py:188} INFO - [2025-09-07T08:35:32.136+0000] {dag.py:3096} INFO - Sync 1 DAGs
[2025-09-07T08:35:32.162+0000] {logging_mixin.py:188} INFO - [2025-09-07T08:35:32.162+0000] {dag.py:3954} INFO - Setting next_dagrun for stock_pipeline_dag to 2025-09-07 07:00:00+00:00, run_after=2025-09-07 08:00:00+00:00
[2025-09-07T08:35:32.192+0000] {processor.py:183} INFO - Processing /opt/airflow/dags/stock_pipeline_dag.py took 0.122 seconds
[2025-09-07T08:36:02.465+0000] {processor.py:161} INFO - Started process (PID=469) to work on /opt/airflow/dags/stock_pipeline_dag.py
[2025-09-07T08:36:02.467+0000] {processor.py:830} INFO - Processing file /opt/airflow/dags/stock_pipeline_dag.py for tasks to queue
[2025-09-07T08:36:02.469+0000] {logging_mixin.py:188} INFO - [2025-09-07T08:36:02.468+0000] {dagbag.py:545} INFO - Filling up the DagBag from /opt/airflow/dags/stock_pipeline_dag.py
[2025-09-07T08:36:02.491+0000] {processor.py:840} INFO - DAG(s) 'stock_pipeline_dag' retrieved from /opt/airflow/dags/stock_pipeline_dag.py
[2025-09-07T08:36:02.521+0000] {logging_mixin.py:188} INFO - [2025-09-07T08:36:02.521+0000] {dag.py:3096} INFO - Sync 1 DAGs
[2025-09-07T08:36:02.547+0000] {logging_mixin.py:188} INFO - [2025-09-07T08:36:02.547+0000] {dag.py:3954} INFO - Setting next_dagrun for stock_pipeline_dag to 2025-09-07 07:00:00+00:00, run_after=2025-09-07 08:00:00+00:00
[2025-09-07T08:36:02.581+0000] {processor.py:183} INFO - Processing /opt/airflow/dags/stock_pipeline_dag.py took 0.122 seconds
[2025-09-07T08:36:32.850+0000] {processor.py:161} INFO - Started process (PID=474) to work on /opt/airflow/dags/stock_pipeline_dag.py
[2025-09-07T08:36:32.851+0000] {processor.py:830} INFO - Processing file /opt/airflow/dags/stock_pipeline_dag.py for tasks to queue
[2025-09-07T08:36:32.853+0000] {logging_mixin.py:188} INFO - [2025-09-07T08:36:32.853+0000] {dagbag.py:545} INFO - Filling up the DagBag from /opt/airflow/dags/stock_pipeline_dag.py
[2025-09-07T08:36:32.875+0000] {processor.py:840} INFO - DAG(s) 'stock_pipeline_dag' retrieved from /opt/airflow/dags/stock_pipeline_dag.py
[2025-09-07T08:36:32.905+0000] {logging_mixin.py:188} INFO - [2025-09-07T08:36:32.904+0000] {dag.py:3096} INFO - Sync 1 DAGs
[2025-09-07T08:36:32.933+0000] {logging_mixin.py:188} INFO - [2025-09-07T08:36:32.933+0000] {dag.py:3954} INFO - Setting next_dagrun for stock_pipeline_dag to 2025-09-07 07:00:00+00:00, run_after=2025-09-07 08:00:00+00:00
[2025-09-07T08:36:32.964+0000] {processor.py:183} INFO - Processing /opt/airflow/dags/stock_pipeline_dag.py took 0.120 seconds
[2025-09-07T08:37:03.313+0000] {processor.py:161} INFO - Started process (PID=479) to work on /opt/airflow/dags/stock_pipeline_dag.py
[2025-09-07T08:37:03.314+0000] {processor.py:830} INFO - Processing file /opt/airflow/dags/stock_pipeline_dag.py for tasks to queue
[2025-09-07T08:37:03.316+0000] {logging_mixin.py:188} INFO - [2025-09-07T08:37:03.316+0000] {dagbag.py:545} INFO - Filling up the DagBag from /opt/airflow/dags/stock_pipeline_dag.py
[2025-09-07T08:37:03.351+0000] {processor.py:840} INFO - DAG(s) 'stock_pipeline_dag' retrieved from /opt/airflow/dags/stock_pipeline_dag.py
[2025-09-07T08:37:03.382+0000] {logging_mixin.py:188} INFO - [2025-09-07T08:37:03.382+0000] {dag.py:3096} INFO - Sync 1 DAGs
[2025-09-07T08:37:03.406+0000] {logging_mixin.py:188} INFO - [2025-09-07T08:37:03.406+0000] {dag.py:3954} INFO - Setting next_dagrun for stock_pipeline_dag to 2025-09-07 07:00:00+00:00, run_after=2025-09-07 08:00:00+00:00
[2025-09-07T08:37:03.433+0000] {processor.py:183} INFO - Processing /opt/airflow/dags/stock_pipeline_dag.py took 0.128 seconds
[2025-09-07T08:37:33.701+0000] {processor.py:161} INFO - Started process (PID=484) to work on /opt/airflow/dags/stock_pipeline_dag.py
[2025-09-07T08:37:33.702+0000] {processor.py:830} INFO - Processing file /opt/airflow/dags/stock_pipeline_dag.py for tasks to queue
[2025-09-07T08:37:33.704+0000] {logging_mixin.py:188} INFO - [2025-09-07T08:37:33.704+0000] {dagbag.py:545} INFO - Filling up the DagBag from /opt/airflow/dags/stock_pipeline_dag.py
[2025-09-07T08:37:33.726+0000] {processor.py:840} INFO - DAG(s) 'stock_pipeline_dag' retrieved from /opt/airflow/dags/stock_pipeline_dag.py
[2025-09-07T08:37:33.755+0000] {logging_mixin.py:188} INFO - [2025-09-07T08:37:33.755+0000] {dag.py:3096} INFO - Sync 1 DAGs
[2025-09-07T08:37:33.780+0000] {logging_mixin.py:188} INFO - [2025-09-07T08:37:33.780+0000] {dag.py:3954} INFO - Setting next_dagrun for stock_pipeline_dag to 2025-09-07 07:00:00+00:00, run_after=2025-09-07 08:00:00+00:00
[2025-09-07T08:37:33.808+0000] {processor.py:183} INFO - Processing /opt/airflow/dags/stock_pipeline_dag.py took 0.114 seconds
[2025-09-07T08:38:04.183+0000] {processor.py:161} INFO - Started process (PID=489) to work on /opt/airflow/dags/stock_pipeline_dag.py
[2025-09-07T08:38:04.184+0000] {processor.py:830} INFO - Processing file /opt/airflow/dags/stock_pipeline_dag.py for tasks to queue
[2025-09-07T08:38:04.186+0000] {logging_mixin.py:188} INFO - [2025-09-07T08:38:04.186+0000] {dagbag.py:545} INFO - Filling up the DagBag from /opt/airflow/dags/stock_pipeline_dag.py
[2025-09-07T08:38:04.211+0000] {processor.py:840} INFO - DAG(s) 'stock_pipeline_dag' retrieved from /opt/airflow/dags/stock_pipeline_dag.py
[2025-09-07T08:38:04.244+0000] {logging_mixin.py:188} INFO - [2025-09-07T08:38:04.244+0000] {dag.py:3096} INFO - Sync 1 DAGs
[2025-09-07T08:38:04.269+0000] {logging_mixin.py:188} INFO - [2025-09-07T08:38:04.268+0000] {dag.py:3954} INFO - Setting next_dagrun for stock_pipeline_dag to 2025-09-07 07:00:00+00:00, run_after=2025-09-07 08:00:00+00:00
[2025-09-07T08:38:04.295+0000] {processor.py:183} INFO - Processing /opt/airflow/dags/stock_pipeline_dag.py took 0.118 seconds
[2025-09-07T08:38:34.504+0000] {processor.py:161} INFO - Started process (PID=494) to work on /opt/airflow/dags/stock_pipeline_dag.py
[2025-09-07T08:38:34.505+0000] {processor.py:830} INFO - Processing file /opt/airflow/dags/stock_pipeline_dag.py for tasks to queue
[2025-09-07T08:38:34.507+0000] {logging_mixin.py:188} INFO - [2025-09-07T08:38:34.507+0000] {dagbag.py:545} INFO - Filling up the DagBag from /opt/airflow/dags/stock_pipeline_dag.py
[2025-09-07T08:38:34.531+0000] {processor.py:840} INFO - DAG(s) 'stock_pipeline_dag' retrieved from /opt/airflow/dags/stock_pipeline_dag.py
[2025-09-07T08:38:34.561+0000] {logging_mixin.py:188} INFO - [2025-09-07T08:38:34.561+0000] {dag.py:3096} INFO - Sync 1 DAGs
[2025-09-07T08:38:34.586+0000] {logging_mixin.py:188} INFO - [2025-09-07T08:38:34.586+0000] {dag.py:3954} INFO - Setting next_dagrun for stock_pipeline_dag to 2025-09-07 07:00:00+00:00, run_after=2025-09-07 08:00:00+00:00
[2025-09-07T08:38:34.619+0000] {processor.py:183} INFO - Processing /opt/airflow/dags/stock_pipeline_dag.py took 0.123 seconds
[2025-09-07T08:39:04.955+0000] {processor.py:161} INFO - Started process (PID=499) to work on /opt/airflow/dags/stock_pipeline_dag.py
[2025-09-07T08:39:04.957+0000] {processor.py:830} INFO - Processing file /opt/airflow/dags/stock_pipeline_dag.py for tasks to queue
[2025-09-07T08:39:04.959+0000] {logging_mixin.py:188} INFO - [2025-09-07T08:39:04.958+0000] {dagbag.py:545} INFO - Filling up the DagBag from /opt/airflow/dags/stock_pipeline_dag.py
[2025-09-07T08:39:04.983+0000] {processor.py:840} INFO - DAG(s) 'stock_pipeline_dag' retrieved from /opt/airflow/dags/stock_pipeline_dag.py
[2025-09-07T08:39:05.015+0000] {logging_mixin.py:188} INFO - [2025-09-07T08:39:05.015+0000] {dag.py:3096} INFO - Sync 1 DAGs
[2025-09-07T08:39:05.044+0000] {logging_mixin.py:188} INFO - [2025-09-07T08:39:05.044+0000] {dag.py:3954} INFO - Setting next_dagrun for stock_pipeline_dag to 2025-09-07 07:00:00+00:00, run_after=2025-09-07 08:00:00+00:00
[2025-09-07T08:39:05.072+0000] {processor.py:183} INFO - Processing /opt/airflow/dags/stock_pipeline_dag.py took 0.124 seconds
[2025-09-07T08:39:35.339+0000] {processor.py:161} INFO - Started process (PID=504) to work on /opt/airflow/dags/stock_pipeline_dag.py
[2025-09-07T08:39:35.340+0000] {processor.py:830} INFO - Processing file /opt/airflow/dags/stock_pipeline_dag.py for tasks to queue
[2025-09-07T08:39:35.342+0000] {logging_mixin.py:188} INFO - [2025-09-07T08:39:35.342+0000] {dagbag.py:545} INFO - Filling up the DagBag from /opt/airflow/dags/stock_pipeline_dag.py
[2025-09-07T08:39:35.371+0000] {processor.py:840} INFO - DAG(s) 'stock_pipeline_dag' retrieved from /opt/airflow/dags/stock_pipeline_dag.py
[2025-09-07T08:39:35.401+0000] {logging_mixin.py:188} INFO - [2025-09-07T08:39:35.400+0000] {dag.py:3096} INFO - Sync 1 DAGs
[2025-09-07T08:39:35.427+0000] {logging_mixin.py:188} INFO - [2025-09-07T08:39:35.427+0000] {dag.py:3954} INFO - Setting next_dagrun for stock_pipeline_dag to 2025-09-07 07:00:00+00:00, run_after=2025-09-07 08:00:00+00:00
[2025-09-07T08:39:35.473+0000] {processor.py:183} INFO - Processing /opt/airflow/dags/stock_pipeline_dag.py took 0.141 seconds
[2025-09-07T08:40:05.721+0000] {processor.py:161} INFO - Started process (PID=509) to work on /opt/airflow/dags/stock_pipeline_dag.py
[2025-09-07T08:40:05.722+0000] {processor.py:830} INFO - Processing file /opt/airflow/dags/stock_pipeline_dag.py for tasks to queue
[2025-09-07T08:40:05.724+0000] {logging_mixin.py:188} INFO - [2025-09-07T08:40:05.724+0000] {dagbag.py:545} INFO - Filling up the DagBag from /opt/airflow/dags/stock_pipeline_dag.py
[2025-09-07T08:40:05.750+0000] {processor.py:840} INFO - DAG(s) 'stock_pipeline_dag' retrieved from /opt/airflow/dags/stock_pipeline_dag.py
[2025-09-07T08:40:05.783+0000] {logging_mixin.py:188} INFO - [2025-09-07T08:40:05.783+0000] {dag.py:3096} INFO - Sync 1 DAGs
[2025-09-07T08:40:05.809+0000] {logging_mixin.py:188} INFO - [2025-09-07T08:40:05.809+0000] {dag.py:3954} INFO - Setting next_dagrun for stock_pipeline_dag to 2025-09-07 07:00:00+00:00, run_after=2025-09-07 08:00:00+00:00
[2025-09-07T08:40:05.835+0000] {processor.py:183} INFO - Processing /opt/airflow/dags/stock_pipeline_dag.py took 0.122 seconds
[2025-09-07T08:40:36.182+0000] {processor.py:161} INFO - Started process (PID=514) to work on /opt/airflow/dags/stock_pipeline_dag.py
[2025-09-07T08:40:36.183+0000] {processor.py:830} INFO - Processing file /opt/airflow/dags/stock_pipeline_dag.py for tasks to queue
[2025-09-07T08:40:36.185+0000] {logging_mixin.py:188} INFO - [2025-09-07T08:40:36.184+0000] {dagbag.py:545} INFO - Filling up the DagBag from /opt/airflow/dags/stock_pipeline_dag.py
[2025-09-07T08:40:36.206+0000] {processor.py:840} INFO - DAG(s) 'stock_pipeline_dag' retrieved from /opt/airflow/dags/stock_pipeline_dag.py
[2025-09-07T08:40:36.238+0000] {logging_mixin.py:188} INFO - [2025-09-07T08:40:36.237+0000] {dag.py:3096} INFO - Sync 1 DAGs
[2025-09-07T08:40:36.263+0000] {logging_mixin.py:188} INFO - [2025-09-07T08:40:36.263+0000] {dag.py:3954} INFO - Setting next_dagrun for stock_pipeline_dag to 2025-09-07 07:00:00+00:00, run_after=2025-09-07 08:00:00+00:00
[2025-09-07T08:40:36.296+0000] {processor.py:183} INFO - Processing /opt/airflow/dags/stock_pipeline_dag.py took 0.121 seconds
[2025-09-07T08:41:06.613+0000] {processor.py:161} INFO - Started process (PID=519) to work on /opt/airflow/dags/stock_pipeline_dag.py
[2025-09-07T08:41:06.615+0000] {processor.py:830} INFO - Processing file /opt/airflow/dags/stock_pipeline_dag.py for tasks to queue
[2025-09-07T08:41:06.617+0000] {logging_mixin.py:188} INFO - [2025-09-07T08:41:06.616+0000] {dagbag.py:545} INFO - Filling up the DagBag from /opt/airflow/dags/stock_pipeline_dag.py
[2025-09-07T08:41:06.637+0000] {processor.py:840} INFO - DAG(s) 'stock_pipeline_dag' retrieved from /opt/airflow/dags/stock_pipeline_dag.py
[2025-09-07T08:41:06.666+0000] {logging_mixin.py:188} INFO - [2025-09-07T08:41:06.666+0000] {dag.py:3096} INFO - Sync 1 DAGs
[2025-09-07T08:41:06.690+0000] {logging_mixin.py:188} INFO - [2025-09-07T08:41:06.690+0000] {dag.py:3954} INFO - Setting next_dagrun for stock_pipeline_dag to 2025-09-07 07:00:00+00:00, run_after=2025-09-07 08:00:00+00:00
[2025-09-07T08:41:06.720+0000] {processor.py:183} INFO - Processing /opt/airflow/dags/stock_pipeline_dag.py took 0.113 seconds
[2025-09-07T08:41:37.079+0000] {processor.py:161} INFO - Started process (PID=524) to work on /opt/airflow/dags/stock_pipeline_dag.py
[2025-09-07T08:41:37.080+0000] {processor.py:830} INFO - Processing file /opt/airflow/dags/stock_pipeline_dag.py for tasks to queue
[2025-09-07T08:41:37.082+0000] {logging_mixin.py:188} INFO - [2025-09-07T08:41:37.082+0000] {dagbag.py:545} INFO - Filling up the DagBag from /opt/airflow/dags/stock_pipeline_dag.py
[2025-09-07T08:41:37.105+0000] {processor.py:840} INFO - DAG(s) 'stock_pipeline_dag' retrieved from /opt/airflow/dags/stock_pipeline_dag.py
[2025-09-07T08:41:37.135+0000] {logging_mixin.py:188} INFO - [2025-09-07T08:41:37.135+0000] {dag.py:3096} INFO - Sync 1 DAGs
[2025-09-07T08:41:37.162+0000] {logging_mixin.py:188} INFO - [2025-09-07T08:41:37.162+0000] {dag.py:3954} INFO - Setting next_dagrun for stock_pipeline_dag to 2025-09-07 07:00:00+00:00, run_after=2025-09-07 08:00:00+00:00
[2025-09-07T08:41:37.190+0000] {processor.py:183} INFO - Processing /opt/airflow/dags/stock_pipeline_dag.py took 0.117 seconds
[2025-09-07T08:42:07.465+0000] {processor.py:161} INFO - Started process (PID=529) to work on /opt/airflow/dags/stock_pipeline_dag.py
[2025-09-07T08:42:07.466+0000] {processor.py:830} INFO - Processing file /opt/airflow/dags/stock_pipeline_dag.py for tasks to queue
[2025-09-07T08:42:07.468+0000] {logging_mixin.py:188} INFO - [2025-09-07T08:42:07.467+0000] {dagbag.py:545} INFO - Filling up the DagBag from /opt/airflow/dags/stock_pipeline_dag.py
[2025-09-07T08:42:07.491+0000] {processor.py:840} INFO - DAG(s) 'stock_pipeline_dag' retrieved from /opt/airflow/dags/stock_pipeline_dag.py
[2025-09-07T08:42:07.522+0000] {logging_mixin.py:188} INFO - [2025-09-07T08:42:07.522+0000] {dag.py:3096} INFO - Sync 1 DAGs
[2025-09-07T08:42:07.547+0000] {logging_mixin.py:188} INFO - [2025-09-07T08:42:07.547+0000] {dag.py:3954} INFO - Setting next_dagrun for stock_pipeline_dag to 2025-09-07 07:00:00+00:00, run_after=2025-09-07 08:00:00+00:00
[2025-09-07T08:42:07.576+0000] {processor.py:183} INFO - Processing /opt/airflow/dags/stock_pipeline_dag.py took 0.118 seconds
[2025-09-07T08:42:37.884+0000] {processor.py:161} INFO - Started process (PID=534) to work on /opt/airflow/dags/stock_pipeline_dag.py
[2025-09-07T08:42:37.885+0000] {processor.py:830} INFO - Processing file /opt/airflow/dags/stock_pipeline_dag.py for tasks to queue
[2025-09-07T08:42:37.887+0000] {logging_mixin.py:188} INFO - [2025-09-07T08:42:37.887+0000] {dagbag.py:545} INFO - Filling up the DagBag from /opt/airflow/dags/stock_pipeline_dag.py
[2025-09-07T08:42:37.912+0000] {processor.py:840} INFO - DAG(s) 'stock_pipeline_dag' retrieved from /opt/airflow/dags/stock_pipeline_dag.py
[2025-09-07T08:42:37.944+0000] {logging_mixin.py:188} INFO - [2025-09-07T08:42:37.943+0000] {dag.py:3096} INFO - Sync 1 DAGs
[2025-09-07T08:42:37.969+0000] {logging_mixin.py:188} INFO - [2025-09-07T08:42:37.969+0000] {dag.py:3954} INFO - Setting next_dagrun for stock_pipeline_dag to 2025-09-07 07:00:00+00:00, run_after=2025-09-07 08:00:00+00:00
[2025-09-07T08:42:37.998+0000] {processor.py:183} INFO - Processing /opt/airflow/dags/stock_pipeline_dag.py took 0.120 seconds
[2025-09-07T08:43:08.346+0000] {processor.py:161} INFO - Started process (PID=539) to work on /opt/airflow/dags/stock_pipeline_dag.py
[2025-09-07T08:43:08.347+0000] {processor.py:830} INFO - Processing file /opt/airflow/dags/stock_pipeline_dag.py for tasks to queue
[2025-09-07T08:43:08.349+0000] {logging_mixin.py:188} INFO - [2025-09-07T08:43:08.349+0000] {dagbag.py:545} INFO - Filling up the DagBag from /opt/airflow/dags/stock_pipeline_dag.py
[2025-09-07T08:43:08.372+0000] {processor.py:840} INFO - DAG(s) 'stock_pipeline_dag' retrieved from /opt/airflow/dags/stock_pipeline_dag.py
[2025-09-07T08:43:08.402+0000] {logging_mixin.py:188} INFO - [2025-09-07T08:43:08.402+0000] {dag.py:3096} INFO - Sync 1 DAGs
[2025-09-07T08:43:08.427+0000] {logging_mixin.py:188} INFO - [2025-09-07T08:43:08.427+0000] {dag.py:3954} INFO - Setting next_dagrun for stock_pipeline_dag to 2025-09-07 07:00:00+00:00, run_after=2025-09-07 08:00:00+00:00
[2025-09-07T08:43:08.454+0000] {processor.py:183} INFO - Processing /opt/airflow/dags/stock_pipeline_dag.py took 0.114 seconds
[2025-09-07T08:43:38.699+0000] {processor.py:161} INFO - Started process (PID=544) to work on /opt/airflow/dags/stock_pipeline_dag.py
[2025-09-07T08:43:38.700+0000] {processor.py:830} INFO - Processing file /opt/airflow/dags/stock_pipeline_dag.py for tasks to queue
[2025-09-07T08:43:38.703+0000] {logging_mixin.py:188} INFO - [2025-09-07T08:43:38.702+0000] {dagbag.py:545} INFO - Filling up the DagBag from /opt/airflow/dags/stock_pipeline_dag.py
[2025-09-07T08:43:38.725+0000] {processor.py:840} INFO - DAG(s) 'stock_pipeline_dag' retrieved from /opt/airflow/dags/stock_pipeline_dag.py
[2025-09-07T08:43:38.753+0000] {logging_mixin.py:188} INFO - [2025-09-07T08:43:38.753+0000] {dag.py:3096} INFO - Sync 1 DAGs
[2025-09-07T08:43:38.777+0000] {logging_mixin.py:188} INFO - [2025-09-07T08:43:38.777+0000] {dag.py:3954} INFO - Setting next_dagrun for stock_pipeline_dag to 2025-09-07 07:00:00+00:00, run_after=2025-09-07 08:00:00+00:00
[2025-09-07T08:43:38.804+0000] {processor.py:183} INFO - Processing /opt/airflow/dags/stock_pipeline_dag.py took 0.113 seconds
[2025-09-07T08:44:09.080+0000] {processor.py:161} INFO - Started process (PID=549) to work on /opt/airflow/dags/stock_pipeline_dag.py
[2025-09-07T08:44:09.081+0000] {processor.py:830} INFO - Processing file /opt/airflow/dags/stock_pipeline_dag.py for tasks to queue
[2025-09-07T08:44:09.083+0000] {logging_mixin.py:188} INFO - [2025-09-07T08:44:09.083+0000] {dagbag.py:545} INFO - Filling up the DagBag from /opt/airflow/dags/stock_pipeline_dag.py
[2025-09-07T08:44:09.104+0000] {processor.py:840} INFO - DAG(s) 'stock_pipeline_dag' retrieved from /opt/airflow/dags/stock_pipeline_dag.py
[2025-09-07T08:44:09.132+0000] {logging_mixin.py:188} INFO - [2025-09-07T08:44:09.131+0000] {dag.py:3096} INFO - Sync 1 DAGs
[2025-09-07T08:44:09.158+0000] {logging_mixin.py:188} INFO - [2025-09-07T08:44:09.157+0000] {dag.py:3954} INFO - Setting next_dagrun for stock_pipeline_dag to 2025-09-07 07:00:00+00:00, run_after=2025-09-07 08:00:00+00:00
[2025-09-07T08:44:09.186+0000] {processor.py:183} INFO - Processing /opt/airflow/dags/stock_pipeline_dag.py took 0.113 seconds
[2025-09-07T08:44:39.450+0000] {processor.py:161} INFO - Started process (PID=554) to work on /opt/airflow/dags/stock_pipeline_dag.py
[2025-09-07T08:44:39.451+0000] {processor.py:830} INFO - Processing file /opt/airflow/dags/stock_pipeline_dag.py for tasks to queue
[2025-09-07T08:44:39.452+0000] {logging_mixin.py:188} INFO - [2025-09-07T08:44:39.452+0000] {dagbag.py:545} INFO - Filling up the DagBag from /opt/airflow/dags/stock_pipeline_dag.py
[2025-09-07T08:44:39.476+0000] {processor.py:840} INFO - DAG(s) 'stock_pipeline_dag' retrieved from /opt/airflow/dags/stock_pipeline_dag.py
[2025-09-07T08:44:39.506+0000] {logging_mixin.py:188} INFO - [2025-09-07T08:44:39.506+0000] {dag.py:3096} INFO - Sync 1 DAGs
[2025-09-07T08:44:39.532+0000] {logging_mixin.py:188} INFO - [2025-09-07T08:44:39.532+0000] {dag.py:3954} INFO - Setting next_dagrun for stock_pipeline_dag to 2025-09-07 07:00:00+00:00, run_after=2025-09-07 08:00:00+00:00
[2025-09-07T08:44:39.561+0000] {processor.py:183} INFO - Processing /opt/airflow/dags/stock_pipeline_dag.py took 0.117 seconds
[2025-09-07T08:45:09.840+0000] {processor.py:161} INFO - Started process (PID=559) to work on /opt/airflow/dags/stock_pipeline_dag.py
[2025-09-07T08:45:09.841+0000] {processor.py:830} INFO - Processing file /opt/airflow/dags/stock_pipeline_dag.py for tasks to queue
[2025-09-07T08:45:09.843+0000] {logging_mixin.py:188} INFO - [2025-09-07T08:45:09.843+0000] {dagbag.py:545} INFO - Filling up the DagBag from /opt/airflow/dags/stock_pipeline_dag.py
[2025-09-07T08:45:09.869+0000] {processor.py:840} INFO - DAG(s) 'stock_pipeline_dag' retrieved from /opt/airflow/dags/stock_pipeline_dag.py
[2025-09-07T08:45:09.901+0000] {logging_mixin.py:188} INFO - [2025-09-07T08:45:09.901+0000] {dag.py:3096} INFO - Sync 1 DAGs
[2025-09-07T08:45:09.926+0000] {logging_mixin.py:188} INFO - [2025-09-07T08:45:09.926+0000] {dag.py:3954} INFO - Setting next_dagrun for stock_pipeline_dag to 2025-09-07 07:00:00+00:00, run_after=2025-09-07 08:00:00+00:00
[2025-09-07T08:45:09.955+0000] {processor.py:183} INFO - Processing /opt/airflow/dags/stock_pipeline_dag.py took 0.121 seconds
[2025-09-07T08:45:40.242+0000] {processor.py:161} INFO - Started process (PID=564) to work on /opt/airflow/dags/stock_pipeline_dag.py
[2025-09-07T08:45:40.243+0000] {processor.py:830} INFO - Processing file /opt/airflow/dags/stock_pipeline_dag.py for tasks to queue
[2025-09-07T08:45:40.245+0000] {logging_mixin.py:188} INFO - [2025-09-07T08:45:40.245+0000] {dagbag.py:545} INFO - Filling up the DagBag from /opt/airflow/dags/stock_pipeline_dag.py
[2025-09-07T08:45:40.272+0000] {processor.py:840} INFO - DAG(s) 'stock_pipeline_dag' retrieved from /opt/airflow/dags/stock_pipeline_dag.py
[2025-09-07T08:45:40.305+0000] {logging_mixin.py:188} INFO - [2025-09-07T08:45:40.304+0000] {dag.py:3096} INFO - Sync 1 DAGs
[2025-09-07T08:45:40.329+0000] {logging_mixin.py:188} INFO - [2025-09-07T08:45:40.329+0000] {dag.py:3954} INFO - Setting next_dagrun for stock_pipeline_dag to 2025-09-07 07:00:00+00:00, run_after=2025-09-07 08:00:00+00:00
[2025-09-07T08:45:40.355+0000] {processor.py:183} INFO - Processing /opt/airflow/dags/stock_pipeline_dag.py took 0.121 seconds
[2025-09-07T08:46:10.651+0000] {processor.py:161} INFO - Started process (PID=569) to work on /opt/airflow/dags/stock_pipeline_dag.py
[2025-09-07T08:46:10.652+0000] {processor.py:830} INFO - Processing file /opt/airflow/dags/stock_pipeline_dag.py for tasks to queue
[2025-09-07T08:46:10.654+0000] {logging_mixin.py:188} INFO - [2025-09-07T08:46:10.654+0000] {dagbag.py:545} INFO - Filling up the DagBag from /opt/airflow/dags/stock_pipeline_dag.py
[2025-09-07T08:46:10.681+0000] {processor.py:840} INFO - DAG(s) 'stock_pipeline_dag' retrieved from /opt/airflow/dags/stock_pipeline_dag.py
[2025-09-07T08:46:10.714+0000] {logging_mixin.py:188} INFO - [2025-09-07T08:46:10.714+0000] {dag.py:3096} INFO - Sync 1 DAGs
[2025-09-07T08:46:10.741+0000] {logging_mixin.py:188} INFO - [2025-09-07T08:46:10.741+0000] {dag.py:3954} INFO - Setting next_dagrun for stock_pipeline_dag to 2025-09-07 07:00:00+00:00, run_after=2025-09-07 08:00:00+00:00
[2025-09-07T08:46:10.774+0000] {processor.py:183} INFO - Processing /opt/airflow/dags/stock_pipeline_dag.py took 0.131 seconds
[2025-09-07T08:46:40.990+0000] {processor.py:161} INFO - Started process (PID=574) to work on /opt/airflow/dags/stock_pipeline_dag.py
[2025-09-07T08:46:40.991+0000] {processor.py:830} INFO - Processing file /opt/airflow/dags/stock_pipeline_dag.py for tasks to queue
[2025-09-07T08:46:40.994+0000] {logging_mixin.py:188} INFO - [2025-09-07T08:46:40.993+0000] {dagbag.py:545} INFO - Filling up the DagBag from /opt/airflow/dags/stock_pipeline_dag.py
[2025-09-07T08:46:41.018+0000] {processor.py:840} INFO - DAG(s) 'stock_pipeline_dag' retrieved from /opt/airflow/dags/stock_pipeline_dag.py
[2025-09-07T08:46:41.051+0000] {logging_mixin.py:188} INFO - [2025-09-07T08:46:41.051+0000] {dag.py:3096} INFO - Sync 1 DAGs
[2025-09-07T08:46:41.078+0000] {logging_mixin.py:188} INFO - [2025-09-07T08:46:41.078+0000] {dag.py:3954} INFO - Setting next_dagrun for stock_pipeline_dag to 2025-09-07 07:00:00+00:00, run_after=2025-09-07 08:00:00+00:00
[2025-09-07T08:46:41.109+0000] {processor.py:183} INFO - Processing /opt/airflow/dags/stock_pipeline_dag.py took 0.126 seconds
[2025-09-07T08:47:11.381+0000] {processor.py:161} INFO - Started process (PID=579) to work on /opt/airflow/dags/stock_pipeline_dag.py
[2025-09-07T08:47:11.382+0000] {processor.py:830} INFO - Processing file /opt/airflow/dags/stock_pipeline_dag.py for tasks to queue
[2025-09-07T08:47:11.384+0000] {logging_mixin.py:188} INFO - [2025-09-07T08:47:11.384+0000] {dagbag.py:545} INFO - Filling up the DagBag from /opt/airflow/dags/stock_pipeline_dag.py
[2025-09-07T08:47:11.407+0000] {processor.py:840} INFO - DAG(s) 'stock_pipeline_dag' retrieved from /opt/airflow/dags/stock_pipeline_dag.py
[2025-09-07T08:47:11.436+0000] {logging_mixin.py:188} INFO - [2025-09-07T08:47:11.436+0000] {dag.py:3096} INFO - Sync 1 DAGs
[2025-09-07T08:47:11.461+0000] {logging_mixin.py:188} INFO - [2025-09-07T08:47:11.461+0000] {dag.py:3954} INFO - Setting next_dagrun for stock_pipeline_dag to 2025-09-07 07:00:00+00:00, run_after=2025-09-07 08:00:00+00:00
[2025-09-07T08:47:11.490+0000] {processor.py:183} INFO - Processing /opt/airflow/dags/stock_pipeline_dag.py took 0.116 seconds
[2025-09-07T08:47:41.756+0000] {processor.py:161} INFO - Started process (PID=584) to work on /opt/airflow/dags/stock_pipeline_dag.py
[2025-09-07T08:47:41.757+0000] {processor.py:830} INFO - Processing file /opt/airflow/dags/stock_pipeline_dag.py for tasks to queue
[2025-09-07T08:47:41.760+0000] {logging_mixin.py:188} INFO - [2025-09-07T08:47:41.759+0000] {dagbag.py:545} INFO - Filling up the DagBag from /opt/airflow/dags/stock_pipeline_dag.py
[2025-09-07T08:47:41.784+0000] {processor.py:840} INFO - DAG(s) 'stock_pipeline_dag' retrieved from /opt/airflow/dags/stock_pipeline_dag.py
[2025-09-07T08:47:41.815+0000] {logging_mixin.py:188} INFO - [2025-09-07T08:47:41.814+0000] {dag.py:3096} INFO - Sync 1 DAGs
[2025-09-07T08:47:41.840+0000] {logging_mixin.py:188} INFO - [2025-09-07T08:47:41.840+0000] {dag.py:3954} INFO - Setting next_dagrun for stock_pipeline_dag to 2025-09-07 07:00:00+00:00, run_after=2025-09-07 08:00:00+00:00
[2025-09-07T08:47:41.870+0000] {processor.py:183} INFO - Processing /opt/airflow/dags/stock_pipeline_dag.py took 0.121 seconds
[2025-09-07T08:48:12.177+0000] {processor.py:161} INFO - Started process (PID=589) to work on /opt/airflow/dags/stock_pipeline_dag.py
[2025-09-07T08:48:12.178+0000] {processor.py:830} INFO - Processing file /opt/airflow/dags/stock_pipeline_dag.py for tasks to queue
[2025-09-07T08:48:12.180+0000] {logging_mixin.py:188} INFO - [2025-09-07T08:48:12.180+0000] {dagbag.py:545} INFO - Filling up the DagBag from /opt/airflow/dags/stock_pipeline_dag.py
[2025-09-07T08:48:12.203+0000] {processor.py:840} INFO - DAG(s) 'stock_pipeline_dag' retrieved from /opt/airflow/dags/stock_pipeline_dag.py
[2025-09-07T08:48:12.234+0000] {logging_mixin.py:188} INFO - [2025-09-07T08:48:12.233+0000] {dag.py:3096} INFO - Sync 1 DAGs
[2025-09-07T08:48:12.259+0000] {logging_mixin.py:188} INFO - [2025-09-07T08:48:12.259+0000] {dag.py:3954} INFO - Setting next_dagrun for stock_pipeline_dag to 2025-09-07 07:00:00+00:00, run_after=2025-09-07 08:00:00+00:00
[2025-09-07T08:48:12.289+0000] {processor.py:183} INFO - Processing /opt/airflow/dags/stock_pipeline_dag.py took 0.118 seconds
[2025-09-07T08:48:42.528+0000] {processor.py:161} INFO - Started process (PID=594) to work on /opt/airflow/dags/stock_pipeline_dag.py
[2025-09-07T08:48:42.529+0000] {processor.py:830} INFO - Processing file /opt/airflow/dags/stock_pipeline_dag.py for tasks to queue
[2025-09-07T08:48:42.531+0000] {logging_mixin.py:188} INFO - [2025-09-07T08:48:42.531+0000] {dagbag.py:545} INFO - Filling up the DagBag from /opt/airflow/dags/stock_pipeline_dag.py
[2025-09-07T08:48:42.554+0000] {processor.py:840} INFO - DAG(s) 'stock_pipeline_dag' retrieved from /opt/airflow/dags/stock_pipeline_dag.py
[2025-09-07T08:48:42.585+0000] {logging_mixin.py:188} INFO - [2025-09-07T08:48:42.585+0000] {dag.py:3096} INFO - Sync 1 DAGs
[2025-09-07T08:48:42.611+0000] {logging_mixin.py:188} INFO - [2025-09-07T08:48:42.611+0000] {dag.py:3954} INFO - Setting next_dagrun for stock_pipeline_dag to 2025-09-07 07:00:00+00:00, run_after=2025-09-07 08:00:00+00:00
[2025-09-07T08:48:42.640+0000] {processor.py:183} INFO - Processing /opt/airflow/dags/stock_pipeline_dag.py took 0.119 seconds
[2025-09-07T08:49:13.081+0000] {processor.py:161} INFO - Started process (PID=599) to work on /opt/airflow/dags/stock_pipeline_dag.py
[2025-09-07T08:49:13.083+0000] {processor.py:830} INFO - Processing file /opt/airflow/dags/stock_pipeline_dag.py for tasks to queue
[2025-09-07T08:49:13.085+0000] {logging_mixin.py:188} INFO - [2025-09-07T08:49:13.085+0000] {dagbag.py:545} INFO - Filling up the DagBag from /opt/airflow/dags/stock_pipeline_dag.py
[2025-09-07T08:49:13.109+0000] {processor.py:840} INFO - DAG(s) 'stock_pipeline_dag' retrieved from /opt/airflow/dags/stock_pipeline_dag.py
[2025-09-07T08:49:13.139+0000] {logging_mixin.py:188} INFO - [2025-09-07T08:49:13.139+0000] {dag.py:3096} INFO - Sync 1 DAGs
[2025-09-07T08:49:13.164+0000] {logging_mixin.py:188} INFO - [2025-09-07T08:49:13.164+0000] {dag.py:3954} INFO - Setting next_dagrun for stock_pipeline_dag to 2025-09-07 07:00:00+00:00, run_after=2025-09-07 08:00:00+00:00
[2025-09-07T08:49:13.193+0000] {processor.py:183} INFO - Processing /opt/airflow/dags/stock_pipeline_dag.py took 0.118 seconds
[2025-09-07T08:49:43.499+0000] {processor.py:161} INFO - Started process (PID=604) to work on /opt/airflow/dags/stock_pipeline_dag.py
[2025-09-07T08:49:43.500+0000] {processor.py:830} INFO - Processing file /opt/airflow/dags/stock_pipeline_dag.py for tasks to queue
[2025-09-07T08:49:43.503+0000] {logging_mixin.py:188} INFO - [2025-09-07T08:49:43.502+0000] {dagbag.py:545} INFO - Filling up the DagBag from /opt/airflow/dags/stock_pipeline_dag.py
[2025-09-07T08:49:43.525+0000] {processor.py:840} INFO - DAG(s) 'stock_pipeline_dag' retrieved from /opt/airflow/dags/stock_pipeline_dag.py
[2025-09-07T08:49:43.554+0000] {logging_mixin.py:188} INFO - [2025-09-07T08:49:43.553+0000] {dag.py:3096} INFO - Sync 1 DAGs
[2025-09-07T08:49:43.579+0000] {logging_mixin.py:188} INFO - [2025-09-07T08:49:43.578+0000] {dag.py:3954} INFO - Setting next_dagrun for stock_pipeline_dag to 2025-09-07 07:00:00+00:00, run_after=2025-09-07 08:00:00+00:00
[2025-09-07T08:49:43.606+0000] {processor.py:183} INFO - Processing /opt/airflow/dags/stock_pipeline_dag.py took 0.114 seconds
[2025-09-07T08:50:13.985+0000] {processor.py:161} INFO - Started process (PID=609) to work on /opt/airflow/dags/stock_pipeline_dag.py
[2025-09-07T08:50:13.986+0000] {processor.py:830} INFO - Processing file /opt/airflow/dags/stock_pipeline_dag.py for tasks to queue
[2025-09-07T08:50:13.988+0000] {logging_mixin.py:188} INFO - [2025-09-07T08:50:13.988+0000] {dagbag.py:545} INFO - Filling up the DagBag from /opt/airflow/dags/stock_pipeline_dag.py
[2025-09-07T08:50:14.021+0000] {processor.py:840} INFO - DAG(s) 'stock_pipeline_dag' retrieved from /opt/airflow/dags/stock_pipeline_dag.py
[2025-09-07T08:50:14.055+0000] {logging_mixin.py:188} INFO - [2025-09-07T08:50:14.055+0000] {dag.py:3096} INFO - Sync 1 DAGs
[2025-09-07T08:50:14.081+0000] {logging_mixin.py:188} INFO - [2025-09-07T08:50:14.080+0000] {dag.py:3954} INFO - Setting next_dagrun for stock_pipeline_dag to 2025-09-07 07:00:00+00:00, run_after=2025-09-07 08:00:00+00:00
[2025-09-07T08:50:14.122+0000] {processor.py:183} INFO - Processing /opt/airflow/dags/stock_pipeline_dag.py took 0.144 seconds
[2025-09-07T08:50:44.434+0000] {processor.py:161} INFO - Started process (PID=614) to work on /opt/airflow/dags/stock_pipeline_dag.py
[2025-09-07T08:50:44.435+0000] {processor.py:830} INFO - Processing file /opt/airflow/dags/stock_pipeline_dag.py for tasks to queue
[2025-09-07T08:50:44.437+0000] {logging_mixin.py:188} INFO - [2025-09-07T08:50:44.436+0000] {dagbag.py:545} INFO - Filling up the DagBag from /opt/airflow/dags/stock_pipeline_dag.py
[2025-09-07T08:50:44.461+0000] {processor.py:840} INFO - DAG(s) 'stock_pipeline_dag' retrieved from /opt/airflow/dags/stock_pipeline_dag.py
[2025-09-07T08:50:44.506+0000] {logging_mixin.py:188} INFO - [2025-09-07T08:50:44.506+0000] {dag.py:3096} INFO - Sync 1 DAGs
[2025-09-07T08:50:44.533+0000] {logging_mixin.py:188} INFO - [2025-09-07T08:50:44.533+0000] {dag.py:3954} INFO - Setting next_dagrun for stock_pipeline_dag to 2025-09-07 07:00:00+00:00, run_after=2025-09-07 08:00:00+00:00
[2025-09-07T08:50:44.563+0000] {processor.py:183} INFO - Processing /opt/airflow/dags/stock_pipeline_dag.py took 0.136 seconds
[2025-09-07T08:51:14.830+0000] {processor.py:161} INFO - Started process (PID=619) to work on /opt/airflow/dags/stock_pipeline_dag.py
[2025-09-07T08:51:14.831+0000] {processor.py:830} INFO - Processing file /opt/airflow/dags/stock_pipeline_dag.py for tasks to queue
[2025-09-07T08:51:14.833+0000] {logging_mixin.py:188} INFO - [2025-09-07T08:51:14.832+0000] {dagbag.py:545} INFO - Filling up the DagBag from /opt/airflow/dags/stock_pipeline_dag.py
[2025-09-07T08:51:14.856+0000] {processor.py:840} INFO - DAG(s) 'stock_pipeline_dag' retrieved from /opt/airflow/dags/stock_pipeline_dag.py
[2025-09-07T08:51:14.887+0000] {logging_mixin.py:188} INFO - [2025-09-07T08:51:14.886+0000] {dag.py:3096} INFO - Sync 1 DAGs
[2025-09-07T08:51:14.913+0000] {logging_mixin.py:188} INFO - [2025-09-07T08:51:14.913+0000] {dag.py:3954} INFO - Setting next_dagrun for stock_pipeline_dag to 2025-09-07 07:00:00+00:00, run_after=2025-09-07 08:00:00+00:00
[2025-09-07T08:51:14.942+0000] {processor.py:183} INFO - Processing /opt/airflow/dags/stock_pipeline_dag.py took 0.119 seconds
[2025-09-07T08:51:45.270+0000] {processor.py:161} INFO - Started process (PID=624) to work on /opt/airflow/dags/stock_pipeline_dag.py
[2025-09-07T08:51:45.271+0000] {processor.py:830} INFO - Processing file /opt/airflow/dags/stock_pipeline_dag.py for tasks to queue
[2025-09-07T08:51:45.273+0000] {logging_mixin.py:188} INFO - [2025-09-07T08:51:45.272+0000] {dagbag.py:545} INFO - Filling up the DagBag from /opt/airflow/dags/stock_pipeline_dag.py
[2025-09-07T08:51:45.295+0000] {processor.py:840} INFO - DAG(s) 'stock_pipeline_dag' retrieved from /opt/airflow/dags/stock_pipeline_dag.py
[2025-09-07T08:51:45.324+0000] {logging_mixin.py:188} INFO - [2025-09-07T08:51:45.323+0000] {dag.py:3096} INFO - Sync 1 DAGs
[2025-09-07T08:51:45.349+0000] {logging_mixin.py:188} INFO - [2025-09-07T08:51:45.349+0000] {dag.py:3954} INFO - Setting next_dagrun for stock_pipeline_dag to 2025-09-07 07:00:00+00:00, run_after=2025-09-07 08:00:00+00:00
[2025-09-07T08:51:45.381+0000] {processor.py:183} INFO - Processing /opt/airflow/dags/stock_pipeline_dag.py took 0.117 seconds
[2025-09-07T08:52:15.632+0000] {processor.py:161} INFO - Started process (PID=629) to work on /opt/airflow/dags/stock_pipeline_dag.py
[2025-09-07T08:52:15.633+0000] {processor.py:830} INFO - Processing file /opt/airflow/dags/stock_pipeline_dag.py for tasks to queue
[2025-09-07T08:52:15.635+0000] {logging_mixin.py:188} INFO - [2025-09-07T08:52:15.635+0000] {dagbag.py:545} INFO - Filling up the DagBag from /opt/airflow/dags/stock_pipeline_dag.py
[2025-09-07T08:52:15.657+0000] {processor.py:840} INFO - DAG(s) 'stock_pipeline_dag' retrieved from /opt/airflow/dags/stock_pipeline_dag.py
[2025-09-07T08:52:15.688+0000] {logging_mixin.py:188} INFO - [2025-09-07T08:52:15.688+0000] {dag.py:3096} INFO - Sync 1 DAGs
[2025-09-07T08:52:15.714+0000] {logging_mixin.py:188} INFO - [2025-09-07T08:52:15.713+0000] {dag.py:3954} INFO - Setting next_dagrun for stock_pipeline_dag to 2025-09-07 07:00:00+00:00, run_after=2025-09-07 08:00:00+00:00
[2025-09-07T08:52:15.744+0000] {processor.py:183} INFO - Processing /opt/airflow/dags/stock_pipeline_dag.py took 0.118 seconds
[2025-09-07T08:52:46.100+0000] {processor.py:161} INFO - Started process (PID=634) to work on /opt/airflow/dags/stock_pipeline_dag.py
[2025-09-07T08:52:46.101+0000] {processor.py:830} INFO - Processing file /opt/airflow/dags/stock_pipeline_dag.py for tasks to queue
[2025-09-07T08:52:46.103+0000] {logging_mixin.py:188} INFO - [2025-09-07T08:52:46.103+0000] {dagbag.py:545} INFO - Filling up the DagBag from /opt/airflow/dags/stock_pipeline_dag.py
[2025-09-07T08:52:46.127+0000] {processor.py:840} INFO - DAG(s) 'stock_pipeline_dag' retrieved from /opt/airflow/dags/stock_pipeline_dag.py
[2025-09-07T08:52:46.158+0000] {logging_mixin.py:188} INFO - [2025-09-07T08:52:46.158+0000] {dag.py:3096} INFO - Sync 1 DAGs
[2025-09-07T08:52:46.189+0000] {logging_mixin.py:188} INFO - [2025-09-07T08:52:46.188+0000] {dag.py:3954} INFO - Setting next_dagrun for stock_pipeline_dag to 2025-09-07 07:00:00+00:00, run_after=2025-09-07 08:00:00+00:00
[2025-09-07T08:52:46.216+0000] {processor.py:183} INFO - Processing /opt/airflow/dags/stock_pipeline_dag.py took 0.122 seconds
[2025-09-07T08:53:16.577+0000] {processor.py:161} INFO - Started process (PID=639) to work on /opt/airflow/dags/stock_pipeline_dag.py
[2025-09-07T08:53:16.578+0000] {processor.py:830} INFO - Processing file /opt/airflow/dags/stock_pipeline_dag.py for tasks to queue
[2025-09-07T08:53:16.580+0000] {logging_mixin.py:188} INFO - [2025-09-07T08:53:16.580+0000] {dagbag.py:545} INFO - Filling up the DagBag from /opt/airflow/dags/stock_pipeline_dag.py
[2025-09-07T08:53:16.604+0000] {processor.py:840} INFO - DAG(s) 'stock_pipeline_dag' retrieved from /opt/airflow/dags/stock_pipeline_dag.py
[2025-09-07T08:53:16.637+0000] {logging_mixin.py:188} INFO - [2025-09-07T08:53:16.636+0000] {dag.py:3096} INFO - Sync 1 DAGs
[2025-09-07T08:53:16.662+0000] {logging_mixin.py:188} INFO - [2025-09-07T08:53:16.662+0000] {dag.py:3954} INFO - Setting next_dagrun for stock_pipeline_dag to 2025-09-07 07:00:00+00:00, run_after=2025-09-07 08:00:00+00:00
[2025-09-07T08:53:16.694+0000] {processor.py:183} INFO - Processing /opt/airflow/dags/stock_pipeline_dag.py took 0.124 seconds
[2025-09-07T08:53:46.932+0000] {processor.py:161} INFO - Started process (PID=644) to work on /opt/airflow/dags/stock_pipeline_dag.py
[2025-09-07T08:53:46.934+0000] {processor.py:830} INFO - Processing file /opt/airflow/dags/stock_pipeline_dag.py for tasks to queue
[2025-09-07T08:53:46.936+0000] {logging_mixin.py:188} INFO - [2025-09-07T08:53:46.935+0000] {dagbag.py:545} INFO - Filling up the DagBag from /opt/airflow/dags/stock_pipeline_dag.py
[2025-09-07T08:53:46.957+0000] {processor.py:840} INFO - DAG(s) 'stock_pipeline_dag' retrieved from /opt/airflow/dags/stock_pipeline_dag.py
[2025-09-07T08:53:46.988+0000] {logging_mixin.py:188} INFO - [2025-09-07T08:53:46.988+0000] {dag.py:3096} INFO - Sync 1 DAGs
[2025-09-07T08:53:47.011+0000] {logging_mixin.py:188} INFO - [2025-09-07T08:53:47.011+0000] {dag.py:3954} INFO - Setting next_dagrun for stock_pipeline_dag to 2025-09-07 07:00:00+00:00, run_after=2025-09-07 08:00:00+00:00
[2025-09-07T08:53:47.043+0000] {processor.py:183} INFO - Processing /opt/airflow/dags/stock_pipeline_dag.py took 0.118 seconds
[2025-09-07T08:54:17.305+0000] {processor.py:161} INFO - Started process (PID=649) to work on /opt/airflow/dags/stock_pipeline_dag.py
[2025-09-07T08:54:17.307+0000] {processor.py:830} INFO - Processing file /opt/airflow/dags/stock_pipeline_dag.py for tasks to queue
[2025-09-07T08:54:17.308+0000] {logging_mixin.py:188} INFO - [2025-09-07T08:54:17.308+0000] {dagbag.py:545} INFO - Filling up the DagBag from /opt/airflow/dags/stock_pipeline_dag.py
[2025-09-07T08:54:17.332+0000] {processor.py:840} INFO - DAG(s) 'stock_pipeline_dag' retrieved from /opt/airflow/dags/stock_pipeline_dag.py
[2025-09-07T08:54:17.363+0000] {logging_mixin.py:188} INFO - [2025-09-07T08:54:17.363+0000] {dag.py:3096} INFO - Sync 1 DAGs
[2025-09-07T08:54:17.390+0000] {logging_mixin.py:188} INFO - [2025-09-07T08:54:17.389+0000] {dag.py:3954} INFO - Setting next_dagrun for stock_pipeline_dag to 2025-09-07 07:00:00+00:00, run_after=2025-09-07 08:00:00+00:00
[2025-09-07T08:54:17.420+0000] {processor.py:183} INFO - Processing /opt/airflow/dags/stock_pipeline_dag.py took 0.121 seconds
[2025-09-07T08:54:26.424+0000] {processor.py:161} INFO - Started process (PID=654) to work on /opt/airflow/dags/stock_pipeline_dag.py
[2025-09-07T08:54:26.425+0000] {processor.py:830} INFO - Processing file /opt/airflow/dags/stock_pipeline_dag.py for tasks to queue
[2025-09-07T08:54:26.427+0000] {logging_mixin.py:188} INFO - [2025-09-07T08:54:26.427+0000] {dagbag.py:545} INFO - Filling up the DagBag from /opt/airflow/dags/stock_pipeline_dag.py
[2025-09-07T08:54:26.460+0000] {processor.py:840} INFO - DAG(s) 'stock_pipeline_dag' retrieved from /opt/airflow/dags/stock_pipeline_dag.py
[2025-09-07T08:54:26.491+0000] {logging_mixin.py:188} INFO - [2025-09-07T08:54:26.491+0000] {dag.py:3096} INFO - Sync 1 DAGs
[2025-09-07T08:54:26.517+0000] {logging_mixin.py:188} INFO - [2025-09-07T08:54:26.517+0000] {dag.py:3954} INFO - Setting next_dagrun for stock_pipeline_dag to 2025-09-07 07:00:00+00:00, run_after=2025-09-07 08:00:00+00:00
[2025-09-07T08:54:26.552+0000] {processor.py:183} INFO - Processing /opt/airflow/dags/stock_pipeline_dag.py took 0.135 seconds
[2025-09-07T08:54:27.572+0000] {processor.py:161} INFO - Started process (PID=659) to work on /opt/airflow/dags/stock_pipeline_dag.py
[2025-09-07T08:54:27.573+0000] {processor.py:830} INFO - Processing file /opt/airflow/dags/stock_pipeline_dag.py for tasks to queue
[2025-09-07T08:54:27.575+0000] {logging_mixin.py:188} INFO - [2025-09-07T08:54:27.574+0000] {dagbag.py:545} INFO - Filling up the DagBag from /opt/airflow/dags/stock_pipeline_dag.py
[2025-09-07T08:54:27.606+0000] {processor.py:840} INFO - DAG(s) 'stock_pipeline_dag' retrieved from /opt/airflow/dags/stock_pipeline_dag.py
[2025-09-07T08:54:27.635+0000] {logging_mixin.py:188} INFO - [2025-09-07T08:54:27.635+0000] {dag.py:3096} INFO - Sync 1 DAGs
[2025-09-07T08:54:27.661+0000] {logging_mixin.py:188} INFO - [2025-09-07T08:54:27.661+0000] {dag.py:3954} INFO - Setting next_dagrun for stock_pipeline_dag to 2025-09-07 07:00:00+00:00, run_after=2025-09-07 08:00:00+00:00
[2025-09-07T08:54:27.695+0000] {processor.py:183} INFO - Processing /opt/airflow/dags/stock_pipeline_dag.py took 0.129 seconds
[2025-09-07T08:54:57.893+0000] {processor.py:161} INFO - Started process (PID=664) to work on /opt/airflow/dags/stock_pipeline_dag.py
[2025-09-07T08:54:57.894+0000] {processor.py:830} INFO - Processing file /opt/airflow/dags/stock_pipeline_dag.py for tasks to queue
[2025-09-07T08:54:57.896+0000] {logging_mixin.py:188} INFO - [2025-09-07T08:54:57.896+0000] {dagbag.py:545} INFO - Filling up the DagBag from /opt/airflow/dags/stock_pipeline_dag.py
[2025-09-07T08:54:57.922+0000] {processor.py:840} INFO - DAG(s) 'stock_pipeline_dag' retrieved from /opt/airflow/dags/stock_pipeline_dag.py
[2025-09-07T08:54:57.956+0000] {logging_mixin.py:188} INFO - [2025-09-07T08:54:57.955+0000] {dag.py:3096} INFO - Sync 1 DAGs
[2025-09-07T08:54:57.983+0000] {logging_mixin.py:188} INFO - [2025-09-07T08:54:57.983+0000] {dag.py:3954} INFO - Setting next_dagrun for stock_pipeline_dag to 2025-09-07 07:00:00+00:00, run_after=2025-09-07 08:00:00+00:00
[2025-09-07T08:54:58.013+0000] {processor.py:183} INFO - Processing /opt/airflow/dags/stock_pipeline_dag.py took 0.126 seconds
[2025-09-07T08:55:28.384+0000] {processor.py:161} INFO - Started process (PID=669) to work on /opt/airflow/dags/stock_pipeline_dag.py
[2025-09-07T08:55:28.385+0000] {processor.py:830} INFO - Processing file /opt/airflow/dags/stock_pipeline_dag.py for tasks to queue
[2025-09-07T08:55:28.387+0000] {logging_mixin.py:188} INFO - [2025-09-07T08:55:28.386+0000] {dagbag.py:545} INFO - Filling up the DagBag from /opt/airflow/dags/stock_pipeline_dag.py
[2025-09-07T08:55:28.414+0000] {processor.py:840} INFO - DAG(s) 'stock_pipeline_dag' retrieved from /opt/airflow/dags/stock_pipeline_dag.py
[2025-09-07T08:55:28.450+0000] {logging_mixin.py:188} INFO - [2025-09-07T08:55:28.450+0000] {dag.py:3096} INFO - Sync 1 DAGs
[2025-09-07T08:55:28.480+0000] {logging_mixin.py:188} INFO - [2025-09-07T08:55:28.480+0000] {dag.py:3954} INFO - Setting next_dagrun for stock_pipeline_dag to 2025-09-07 07:00:00+00:00, run_after=2025-09-07 08:00:00+00:00
[2025-09-07T08:55:28.511+0000] {processor.py:183} INFO - Processing /opt/airflow/dags/stock_pipeline_dag.py took 0.132 seconds
[2025-09-07T08:55:58.655+0000] {processor.py:161} INFO - Started process (PID=674) to work on /opt/airflow/dags/stock_pipeline_dag.py
[2025-09-07T08:55:58.656+0000] {processor.py:830} INFO - Processing file /opt/airflow/dags/stock_pipeline_dag.py for tasks to queue
[2025-09-07T08:55:58.658+0000] {logging_mixin.py:188} INFO - [2025-09-07T08:55:58.657+0000] {dagbag.py:545} INFO - Filling up the DagBag from /opt/airflow/dags/stock_pipeline_dag.py
[2025-09-07T08:55:58.680+0000] {processor.py:840} INFO - DAG(s) 'stock_pipeline_dag' retrieved from /opt/airflow/dags/stock_pipeline_dag.py
[2025-09-07T08:55:58.718+0000] {logging_mixin.py:188} INFO - [2025-09-07T08:55:58.718+0000] {dag.py:3096} INFO - Sync 1 DAGs
[2025-09-07T08:55:58.747+0000] {logging_mixin.py:188} INFO - [2025-09-07T08:55:58.747+0000] {dag.py:3954} INFO - Setting next_dagrun for stock_pipeline_dag to 2025-09-07 07:00:00+00:00, run_after=2025-09-07 08:00:00+00:00
[2025-09-07T08:55:58.774+0000] {processor.py:183} INFO - Processing /opt/airflow/dags/stock_pipeline_dag.py took 0.126 seconds
[2025-09-07T08:56:29.128+0000] {processor.py:161} INFO - Started process (PID=679) to work on /opt/airflow/dags/stock_pipeline_dag.py
[2025-09-07T08:56:29.130+0000] {processor.py:830} INFO - Processing file /opt/airflow/dags/stock_pipeline_dag.py for tasks to queue
[2025-09-07T08:56:29.132+0000] {logging_mixin.py:188} INFO - [2025-09-07T08:56:29.131+0000] {dagbag.py:545} INFO - Filling up the DagBag from /opt/airflow/dags/stock_pipeline_dag.py
[2025-09-07T08:56:29.155+0000] {processor.py:840} INFO - DAG(s) 'stock_pipeline_dag' retrieved from /opt/airflow/dags/stock_pipeline_dag.py
[2025-09-07T08:56:29.192+0000] {logging_mixin.py:188} INFO - [2025-09-07T08:56:29.191+0000] {dag.py:3096} INFO - Sync 1 DAGs
[2025-09-07T08:56:29.222+0000] {logging_mixin.py:188} INFO - [2025-09-07T08:56:29.222+0000] {dag.py:3954} INFO - Setting next_dagrun for stock_pipeline_dag to 2025-09-07 07:00:00+00:00, run_after=2025-09-07 08:00:00+00:00
[2025-09-07T08:56:29.253+0000] {processor.py:183} INFO - Processing /opt/airflow/dags/stock_pipeline_dag.py took 0.131 seconds
[2025-09-07T08:56:59.519+0000] {processor.py:161} INFO - Started process (PID=684) to work on /opt/airflow/dags/stock_pipeline_dag.py
[2025-09-07T08:56:59.520+0000] {processor.py:830} INFO - Processing file /opt/airflow/dags/stock_pipeline_dag.py for tasks to queue
[2025-09-07T08:56:59.523+0000] {logging_mixin.py:188} INFO - [2025-09-07T08:56:59.522+0000] {dagbag.py:545} INFO - Filling up the DagBag from /opt/airflow/dags/stock_pipeline_dag.py
[2025-09-07T08:56:59.549+0000] {processor.py:840} INFO - DAG(s) 'stock_pipeline_dag' retrieved from /opt/airflow/dags/stock_pipeline_dag.py
[2025-09-07T08:56:59.587+0000] {logging_mixin.py:188} INFO - [2025-09-07T08:56:59.587+0000] {dag.py:3096} INFO - Sync 1 DAGs
[2025-09-07T08:56:59.618+0000] {logging_mixin.py:188} INFO - [2025-09-07T08:56:59.618+0000] {dag.py:3954} INFO - Setting next_dagrun for stock_pipeline_dag to 2025-09-07 07:00:00+00:00, run_after=2025-09-07 08:00:00+00:00
[2025-09-07T08:56:59.647+0000] {processor.py:183} INFO - Processing /opt/airflow/dags/stock_pipeline_dag.py took 0.136 seconds
[2025-09-07T08:57:29.949+0000] {processor.py:161} INFO - Started process (PID=689) to work on /opt/airflow/dags/stock_pipeline_dag.py
[2025-09-07T08:57:29.950+0000] {processor.py:830} INFO - Processing file /opt/airflow/dags/stock_pipeline_dag.py for tasks to queue
[2025-09-07T08:57:29.952+0000] {logging_mixin.py:188} INFO - [2025-09-07T08:57:29.952+0000] {dagbag.py:545} INFO - Filling up the DagBag from /opt/airflow/dags/stock_pipeline_dag.py
[2025-09-07T08:57:29.977+0000] {processor.py:840} INFO - DAG(s) 'stock_pipeline_dag' retrieved from /opt/airflow/dags/stock_pipeline_dag.py
[2025-09-07T08:57:30.007+0000] {logging_mixin.py:188} INFO - [2025-09-07T08:57:30.006+0000] {dag.py:3096} INFO - Sync 1 DAGs
[2025-09-07T08:57:30.034+0000] {logging_mixin.py:188} INFO - [2025-09-07T08:57:30.034+0000] {dag.py:3954} INFO - Setting next_dagrun for stock_pipeline_dag to 2025-09-07 07:00:00+00:00, run_after=2025-09-07 08:00:00+00:00
[2025-09-07T08:57:30.061+0000] {processor.py:183} INFO - Processing /opt/airflow/dags/stock_pipeline_dag.py took 0.120 seconds
[2025-09-07T08:58:00.306+0000] {processor.py:161} INFO - Started process (PID=694) to work on /opt/airflow/dags/stock_pipeline_dag.py
[2025-09-07T08:58:00.307+0000] {processor.py:830} INFO - Processing file /opt/airflow/dags/stock_pipeline_dag.py for tasks to queue
[2025-09-07T08:58:00.309+0000] {logging_mixin.py:188} INFO - [2025-09-07T08:58:00.309+0000] {dagbag.py:545} INFO - Filling up the DagBag from /opt/airflow/dags/stock_pipeline_dag.py
[2025-09-07T08:58:00.330+0000] {processor.py:840} INFO - DAG(s) 'stock_pipeline_dag' retrieved from /opt/airflow/dags/stock_pipeline_dag.py
[2025-09-07T08:58:00.358+0000] {logging_mixin.py:188} INFO - [2025-09-07T08:58:00.358+0000] {dag.py:3096} INFO - Sync 1 DAGs
[2025-09-07T08:58:00.384+0000] {logging_mixin.py:188} INFO - [2025-09-07T08:58:00.384+0000] {dag.py:3954} INFO - Setting next_dagrun for stock_pipeline_dag to 2025-09-07 07:00:00+00:00, run_after=2025-09-07 08:00:00+00:00
[2025-09-07T08:58:00.412+0000] {processor.py:183} INFO - Processing /opt/airflow/dags/stock_pipeline_dag.py took 0.113 seconds
[2025-09-07T08:58:30.720+0000] {processor.py:161} INFO - Started process (PID=699) to work on /opt/airflow/dags/stock_pipeline_dag.py
[2025-09-07T08:58:30.721+0000] {processor.py:830} INFO - Processing file /opt/airflow/dags/stock_pipeline_dag.py for tasks to queue
[2025-09-07T08:58:30.723+0000] {logging_mixin.py:188} INFO - [2025-09-07T08:58:30.723+0000] {dagbag.py:545} INFO - Filling up the DagBag from /opt/airflow/dags/stock_pipeline_dag.py
[2025-09-07T08:58:30.748+0000] {processor.py:840} INFO - DAG(s) 'stock_pipeline_dag' retrieved from /opt/airflow/dags/stock_pipeline_dag.py
[2025-09-07T08:58:30.777+0000] {logging_mixin.py:188} INFO - [2025-09-07T08:58:30.776+0000] {dag.py:3096} INFO - Sync 1 DAGs
[2025-09-07T08:58:30.801+0000] {logging_mixin.py:188} INFO - [2025-09-07T08:58:30.801+0000] {dag.py:3954} INFO - Setting next_dagrun for stock_pipeline_dag to 2025-09-07 07:00:00+00:00, run_after=2025-09-07 08:00:00+00:00
[2025-09-07T08:58:30.832+0000] {processor.py:183} INFO - Processing /opt/airflow/dags/stock_pipeline_dag.py took 0.118 seconds
[2025-09-07T08:59:01.161+0000] {processor.py:161} INFO - Started process (PID=704) to work on /opt/airflow/dags/stock_pipeline_dag.py
[2025-09-07T08:59:01.162+0000] {processor.py:830} INFO - Processing file /opt/airflow/dags/stock_pipeline_dag.py for tasks to queue
[2025-09-07T08:59:01.165+0000] {logging_mixin.py:188} INFO - [2025-09-07T08:59:01.164+0000] {dagbag.py:545} INFO - Filling up the DagBag from /opt/airflow/dags/stock_pipeline_dag.py
[2025-09-07T08:59:01.189+0000] {processor.py:840} INFO - DAG(s) 'stock_pipeline_dag' retrieved from /opt/airflow/dags/stock_pipeline_dag.py
[2025-09-07T08:59:01.218+0000] {logging_mixin.py:188} INFO - [2025-09-07T08:59:01.218+0000] {dag.py:3096} INFO - Sync 1 DAGs
[2025-09-07T08:59:01.243+0000] {logging_mixin.py:188} INFO - [2025-09-07T08:59:01.242+0000] {dag.py:3954} INFO - Setting next_dagrun for stock_pipeline_dag to 2025-09-07 07:00:00+00:00, run_after=2025-09-07 08:00:00+00:00
[2025-09-07T08:59:01.274+0000] {processor.py:183} INFO - Processing /opt/airflow/dags/stock_pipeline_dag.py took 0.120 seconds
[2025-09-07T08:59:31.652+0000] {processor.py:161} INFO - Started process (PID=709) to work on /opt/airflow/dags/stock_pipeline_dag.py
[2025-09-07T08:59:31.654+0000] {processor.py:830} INFO - Processing file /opt/airflow/dags/stock_pipeline_dag.py for tasks to queue
[2025-09-07T08:59:31.657+0000] {logging_mixin.py:188} INFO - [2025-09-07T08:59:31.656+0000] {dagbag.py:545} INFO - Filling up the DagBag from /opt/airflow/dags/stock_pipeline_dag.py
[2025-09-07T08:59:31.685+0000] {processor.py:840} INFO - DAG(s) 'stock_pipeline_dag' retrieved from /opt/airflow/dags/stock_pipeline_dag.py
[2025-09-07T08:59:31.715+0000] {logging_mixin.py:188} INFO - [2025-09-07T08:59:31.714+0000] {dag.py:3096} INFO - Sync 1 DAGs
[2025-09-07T08:59:31.739+0000] {logging_mixin.py:188} INFO - [2025-09-07T08:59:31.739+0000] {dag.py:3954} INFO - Setting next_dagrun for stock_pipeline_dag to 2025-09-07 07:00:00+00:00, run_after=2025-09-07 08:00:00+00:00
[2025-09-07T08:59:31.771+0000] {processor.py:183} INFO - Processing /opt/airflow/dags/stock_pipeline_dag.py took 0.127 seconds
[2025-09-07T09:00:02.009+0000] {processor.py:161} INFO - Started process (PID=714) to work on /opt/airflow/dags/stock_pipeline_dag.py
[2025-09-07T09:00:02.010+0000] {processor.py:830} INFO - Processing file /opt/airflow/dags/stock_pipeline_dag.py for tasks to queue
[2025-09-07T09:00:02.012+0000] {logging_mixin.py:188} INFO - [2025-09-07T09:00:02.012+0000] {dagbag.py:545} INFO - Filling up the DagBag from /opt/airflow/dags/stock_pipeline_dag.py
[2025-09-07T09:00:02.037+0000] {processor.py:840} INFO - DAG(s) 'stock_pipeline_dag' retrieved from /opt/airflow/dags/stock_pipeline_dag.py
[2025-09-07T09:00:02.073+0000] {logging_mixin.py:188} INFO - [2025-09-07T09:00:02.073+0000] {dag.py:3096} INFO - Sync 1 DAGs
[2025-09-07T09:00:02.104+0000] {logging_mixin.py:188} INFO - [2025-09-07T09:00:02.104+0000] {dag.py:3954} INFO - Setting next_dagrun for stock_pipeline_dag to 2025-09-07 08:00:00+00:00, run_after=2025-09-07 09:00:00+00:00
[2025-09-07T09:00:02.134+0000] {processor.py:183} INFO - Processing /opt/airflow/dags/stock_pipeline_dag.py took 0.133 seconds
[2025-09-07T09:00:32.495+0000] {processor.py:161} INFO - Started process (PID=719) to work on /opt/airflow/dags/stock_pipeline_dag.py
[2025-09-07T09:00:32.496+0000] {processor.py:830} INFO - Processing file /opt/airflow/dags/stock_pipeline_dag.py for tasks to queue
[2025-09-07T09:00:32.499+0000] {logging_mixin.py:188} INFO - [2025-09-07T09:00:32.498+0000] {dagbag.py:545} INFO - Filling up the DagBag from /opt/airflow/dags/stock_pipeline_dag.py
[2025-09-07T09:00:32.525+0000] {processor.py:840} INFO - DAG(s) 'stock_pipeline_dag' retrieved from /opt/airflow/dags/stock_pipeline_dag.py
[2025-09-07T09:00:32.557+0000] {logging_mixin.py:188} INFO - [2025-09-07T09:00:32.557+0000] {dag.py:3096} INFO - Sync 1 DAGs
[2025-09-07T09:00:32.584+0000] {logging_mixin.py:188} INFO - [2025-09-07T09:00:32.584+0000] {dag.py:3954} INFO - Setting next_dagrun for stock_pipeline_dag to 2025-09-07 08:00:00+00:00, run_after=2025-09-07 09:00:00+00:00
[2025-09-07T09:00:32.612+0000] {processor.py:183} INFO - Processing /opt/airflow/dags/stock_pipeline_dag.py took 0.124 seconds
[2025-09-07T09:01:02.787+0000] {processor.py:161} INFO - Started process (PID=724) to work on /opt/airflow/dags/stock_pipeline_dag.py
[2025-09-07T09:01:02.788+0000] {processor.py:830} INFO - Processing file /opt/airflow/dags/stock_pipeline_dag.py for tasks to queue
[2025-09-07T09:01:02.790+0000] {logging_mixin.py:188} INFO - [2025-09-07T09:01:02.790+0000] {dagbag.py:545} INFO - Filling up the DagBag from /opt/airflow/dags/stock_pipeline_dag.py
[2025-09-07T09:01:02.813+0000] {processor.py:840} INFO - DAG(s) 'stock_pipeline_dag' retrieved from /opt/airflow/dags/stock_pipeline_dag.py
[2025-09-07T09:01:02.845+0000] {logging_mixin.py:188} INFO - [2025-09-07T09:01:02.845+0000] {dag.py:3096} INFO - Sync 1 DAGs
[2025-09-07T09:01:02.870+0000] {logging_mixin.py:188} INFO - [2025-09-07T09:01:02.870+0000] {dag.py:3954} INFO - Setting next_dagrun for stock_pipeline_dag to 2025-09-07 09:00:00+00:00, run_after=2025-09-07 10:00:00+00:00
[2025-09-07T09:01:02.896+0000] {processor.py:183} INFO - Processing /opt/airflow/dags/stock_pipeline_dag.py took 0.117 seconds
[2025-09-07T09:01:33.175+0000] {processor.py:161} INFO - Started process (PID=729) to work on /opt/airflow/dags/stock_pipeline_dag.py
[2025-09-07T09:01:33.176+0000] {processor.py:830} INFO - Processing file /opt/airflow/dags/stock_pipeline_dag.py for tasks to queue
[2025-09-07T09:01:33.179+0000] {logging_mixin.py:188} INFO - [2025-09-07T09:01:33.178+0000] {dagbag.py:545} INFO - Filling up the DagBag from /opt/airflow/dags/stock_pipeline_dag.py
[2025-09-07T09:01:33.200+0000] {processor.py:840} INFO - DAG(s) 'stock_pipeline_dag' retrieved from /opt/airflow/dags/stock_pipeline_dag.py
[2025-09-07T09:01:33.232+0000] {logging_mixin.py:188} INFO - [2025-09-07T09:01:33.232+0000] {dag.py:3096} INFO - Sync 1 DAGs
[2025-09-07T09:01:33.258+0000] {logging_mixin.py:188} INFO - [2025-09-07T09:01:33.257+0000] {dag.py:3954} INFO - Setting next_dagrun for stock_pipeline_dag to 2025-09-07 09:00:00+00:00, run_after=2025-09-07 10:00:00+00:00
[2025-09-07T09:01:33.286+0000] {processor.py:183} INFO - Processing /opt/airflow/dags/stock_pipeline_dag.py took 0.118 seconds
[2025-09-07T09:02:03.514+0000] {processor.py:161} INFO - Started process (PID=734) to work on /opt/airflow/dags/stock_pipeline_dag.py
[2025-09-07T09:02:03.515+0000] {processor.py:830} INFO - Processing file /opt/airflow/dags/stock_pipeline_dag.py for tasks to queue
[2025-09-07T09:02:03.517+0000] {logging_mixin.py:188} INFO - [2025-09-07T09:02:03.517+0000] {dagbag.py:545} INFO - Filling up the DagBag from /opt/airflow/dags/stock_pipeline_dag.py
[2025-09-07T09:02:03.535+0000] {processor.py:840} INFO - DAG(s) 'stock_pipeline_dag' retrieved from /opt/airflow/dags/stock_pipeline_dag.py
[2025-09-07T09:02:03.563+0000] {logging_mixin.py:188} INFO - [2025-09-07T09:02:03.563+0000] {dag.py:3096} INFO - Sync 1 DAGs
[2025-09-07T09:02:03.585+0000] {logging_mixin.py:188} INFO - [2025-09-07T09:02:03.585+0000] {dag.py:3954} INFO - Setting next_dagrun for stock_pipeline_dag to 2025-09-07 09:00:00+00:00, run_after=2025-09-07 10:00:00+00:00
[2025-09-07T09:02:03.615+0000] {processor.py:183} INFO - Processing /opt/airflow/dags/stock_pipeline_dag.py took 0.107 seconds
[2025-09-07T09:02:33.985+0000] {processor.py:161} INFO - Started process (PID=739) to work on /opt/airflow/dags/stock_pipeline_dag.py
[2025-09-07T09:02:33.986+0000] {processor.py:830} INFO - Processing file /opt/airflow/dags/stock_pipeline_dag.py for tasks to queue
[2025-09-07T09:02:33.989+0000] {logging_mixin.py:188} INFO - [2025-09-07T09:02:33.988+0000] {dagbag.py:545} INFO - Filling up the DagBag from /opt/airflow/dags/stock_pipeline_dag.py
[2025-09-07T09:02:34.015+0000] {processor.py:840} INFO - DAG(s) 'stock_pipeline_dag' retrieved from /opt/airflow/dags/stock_pipeline_dag.py
[2025-09-07T09:02:34.047+0000] {logging_mixin.py:188} INFO - [2025-09-07T09:02:34.047+0000] {dag.py:3096} INFO - Sync 1 DAGs
[2025-09-07T09:02:34.074+0000] {logging_mixin.py:188} INFO - [2025-09-07T09:02:34.074+0000] {dag.py:3954} INFO - Setting next_dagrun for stock_pipeline_dag to 2025-09-07 09:00:00+00:00, run_after=2025-09-07 10:00:00+00:00
[2025-09-07T09:02:34.103+0000] {processor.py:183} INFO - Processing /opt/airflow/dags/stock_pipeline_dag.py took 0.137 seconds
[2025-09-07T09:03:04.301+0000] {processor.py:161} INFO - Started process (PID=744) to work on /opt/airflow/dags/stock_pipeline_dag.py
[2025-09-07T09:03:04.302+0000] {processor.py:830} INFO - Processing file /opt/airflow/dags/stock_pipeline_dag.py for tasks to queue
[2025-09-07T09:03:04.305+0000] {logging_mixin.py:188} INFO - [2025-09-07T09:03:04.304+0000] {dagbag.py:545} INFO - Filling up the DagBag from /opt/airflow/dags/stock_pipeline_dag.py
[2025-09-07T09:03:04.332+0000] {processor.py:840} INFO - DAG(s) 'stock_pipeline_dag' retrieved from /opt/airflow/dags/stock_pipeline_dag.py
[2025-09-07T09:03:04.367+0000] {logging_mixin.py:188} INFO - [2025-09-07T09:03:04.366+0000] {dag.py:3096} INFO - Sync 1 DAGs
[2025-09-07T09:03:04.393+0000] {logging_mixin.py:188} INFO - [2025-09-07T09:03:04.393+0000] {dag.py:3954} INFO - Setting next_dagrun for stock_pipeline_dag to 2025-09-07 09:00:00+00:00, run_after=2025-09-07 10:00:00+00:00
[2025-09-07T09:03:04.420+0000] {processor.py:183} INFO - Processing /opt/airflow/dags/stock_pipeline_dag.py took 0.129 seconds
[2025-09-07T09:03:34.687+0000] {processor.py:161} INFO - Started process (PID=749) to work on /opt/airflow/dags/stock_pipeline_dag.py
[2025-09-07T09:03:34.688+0000] {processor.py:830} INFO - Processing file /opt/airflow/dags/stock_pipeline_dag.py for tasks to queue
[2025-09-07T09:03:34.691+0000] {logging_mixin.py:188} INFO - [2025-09-07T09:03:34.690+0000] {dagbag.py:545} INFO - Filling up the DagBag from /opt/airflow/dags/stock_pipeline_dag.py
[2025-09-07T09:03:34.716+0000] {processor.py:840} INFO - DAG(s) 'stock_pipeline_dag' retrieved from /opt/airflow/dags/stock_pipeline_dag.py
[2025-09-07T09:03:34.745+0000] {logging_mixin.py:188} INFO - [2025-09-07T09:03:34.744+0000] {dag.py:3096} INFO - Sync 1 DAGs
[2025-09-07T09:03:34.770+0000] {logging_mixin.py:188} INFO - [2025-09-07T09:03:34.770+0000] {dag.py:3954} INFO - Setting next_dagrun for stock_pipeline_dag to 2025-09-07 09:00:00+00:00, run_after=2025-09-07 10:00:00+00:00
[2025-09-07T09:03:34.798+0000] {processor.py:183} INFO - Processing /opt/airflow/dags/stock_pipeline_dag.py took 0.117 seconds
[2025-09-07T09:04:05.008+0000] {processor.py:161} INFO - Started process (PID=754) to work on /opt/airflow/dags/stock_pipeline_dag.py
[2025-09-07T09:04:05.010+0000] {processor.py:830} INFO - Processing file /opt/airflow/dags/stock_pipeline_dag.py for tasks to queue
[2025-09-07T09:04:05.012+0000] {logging_mixin.py:188} INFO - [2025-09-07T09:04:05.011+0000] {dagbag.py:545} INFO - Filling up the DagBag from /opt/airflow/dags/stock_pipeline_dag.py
[2025-09-07T09:04:05.044+0000] {processor.py:840} INFO - DAG(s) 'stock_pipeline_dag' retrieved from /opt/airflow/dags/stock_pipeline_dag.py
[2025-09-07T09:04:05.085+0000] {logging_mixin.py:188} INFO - [2025-09-07T09:04:05.085+0000] {dag.py:3096} INFO - Sync 1 DAGs
[2025-09-07T09:04:05.112+0000] {logging_mixin.py:188} INFO - [2025-09-07T09:04:05.112+0000] {dag.py:3954} INFO - Setting next_dagrun for stock_pipeline_dag to 2025-09-07 09:00:00+00:00, run_after=2025-09-07 10:00:00+00:00
[2025-09-07T09:04:05.137+0000] {processor.py:183} INFO - Processing /opt/airflow/dags/stock_pipeline_dag.py took 0.135 seconds
[2025-09-07T09:04:35.449+0000] {processor.py:161} INFO - Started process (PID=759) to work on /opt/airflow/dags/stock_pipeline_dag.py
[2025-09-07T09:04:35.450+0000] {processor.py:830} INFO - Processing file /opt/airflow/dags/stock_pipeline_dag.py for tasks to queue
[2025-09-07T09:04:35.452+0000] {logging_mixin.py:188} INFO - [2025-09-07T09:04:35.451+0000] {dagbag.py:545} INFO - Filling up the DagBag from /opt/airflow/dags/stock_pipeline_dag.py
[2025-09-07T09:04:35.475+0000] {processor.py:840} INFO - DAG(s) 'stock_pipeline_dag' retrieved from /opt/airflow/dags/stock_pipeline_dag.py
[2025-09-07T09:04:35.507+0000] {logging_mixin.py:188} INFO - [2025-09-07T09:04:35.506+0000] {dag.py:3096} INFO - Sync 1 DAGs
[2025-09-07T09:04:35.534+0000] {logging_mixin.py:188} INFO - [2025-09-07T09:04:35.533+0000] {dag.py:3954} INFO - Setting next_dagrun for stock_pipeline_dag to 2025-09-07 09:00:00+00:00, run_after=2025-09-07 10:00:00+00:00
[2025-09-07T09:04:35.562+0000] {processor.py:183} INFO - Processing /opt/airflow/dags/stock_pipeline_dag.py took 0.121 seconds
[2025-09-07T09:05:05.778+0000] {processor.py:161} INFO - Started process (PID=764) to work on /opt/airflow/dags/stock_pipeline_dag.py
[2025-09-07T09:05:05.780+0000] {processor.py:830} INFO - Processing file /opt/airflow/dags/stock_pipeline_dag.py for tasks to queue
[2025-09-07T09:05:05.783+0000] {logging_mixin.py:188} INFO - [2025-09-07T09:05:05.783+0000] {dagbag.py:545} INFO - Filling up the DagBag from /opt/airflow/dags/stock_pipeline_dag.py
[2025-09-07T09:05:05.808+0000] {processor.py:840} INFO - DAG(s) 'stock_pipeline_dag' retrieved from /opt/airflow/dags/stock_pipeline_dag.py
[2025-09-07T09:05:05.841+0000] {logging_mixin.py:188} INFO - [2025-09-07T09:05:05.841+0000] {dag.py:3096} INFO - Sync 1 DAGs
[2025-09-07T09:05:05.869+0000] {logging_mixin.py:188} INFO - [2025-09-07T09:05:05.869+0000] {dag.py:3954} INFO - Setting next_dagrun for stock_pipeline_dag to 2025-09-07 09:00:00+00:00, run_after=2025-09-07 10:00:00+00:00
[2025-09-07T09:05:05.896+0000] {processor.py:183} INFO - Processing /opt/airflow/dags/stock_pipeline_dag.py took 0.126 seconds
[2025-09-07T09:05:36.237+0000] {processor.py:161} INFO - Started process (PID=769) to work on /opt/airflow/dags/stock_pipeline_dag.py
[2025-09-07T09:05:36.238+0000] {processor.py:830} INFO - Processing file /opt/airflow/dags/stock_pipeline_dag.py for tasks to queue
[2025-09-07T09:05:36.240+0000] {logging_mixin.py:188} INFO - [2025-09-07T09:05:36.240+0000] {dagbag.py:545} INFO - Filling up the DagBag from /opt/airflow/dags/stock_pipeline_dag.py
[2025-09-07T09:05:36.266+0000] {processor.py:840} INFO - DAG(s) 'stock_pipeline_dag' retrieved from /opt/airflow/dags/stock_pipeline_dag.py
[2025-09-07T09:05:36.300+0000] {logging_mixin.py:188} INFO - [2025-09-07T09:05:36.300+0000] {dag.py:3096} INFO - Sync 1 DAGs
[2025-09-07T09:05:36.329+0000] {logging_mixin.py:188} INFO - [2025-09-07T09:05:36.329+0000] {dag.py:3954} INFO - Setting next_dagrun for stock_pipeline_dag to 2025-09-07 09:00:00+00:00, run_after=2025-09-07 10:00:00+00:00
[2025-09-07T09:05:36.358+0000] {processor.py:183} INFO - Processing /opt/airflow/dags/stock_pipeline_dag.py took 0.129 seconds
[2025-09-07T09:06:06.640+0000] {processor.py:161} INFO - Started process (PID=774) to work on /opt/airflow/dags/stock_pipeline_dag.py
[2025-09-07T09:06:06.641+0000] {processor.py:830} INFO - Processing file /opt/airflow/dags/stock_pipeline_dag.py for tasks to queue
[2025-09-07T09:06:06.643+0000] {logging_mixin.py:188} INFO - [2025-09-07T09:06:06.643+0000] {dagbag.py:545} INFO - Filling up the DagBag from /opt/airflow/dags/stock_pipeline_dag.py
[2025-09-07T09:06:06.663+0000] {processor.py:840} INFO - DAG(s) 'stock_pipeline_dag' retrieved from /opt/airflow/dags/stock_pipeline_dag.py
[2025-09-07T09:06:06.695+0000] {logging_mixin.py:188} INFO - [2025-09-07T09:06:06.695+0000] {dag.py:3096} INFO - Sync 1 DAGs
[2025-09-07T09:06:06.721+0000] {logging_mixin.py:188} INFO - [2025-09-07T09:06:06.721+0000] {dag.py:3954} INFO - Setting next_dagrun for stock_pipeline_dag to 2025-09-07 09:00:00+00:00, run_after=2025-09-07 10:00:00+00:00
[2025-09-07T09:06:06.750+0000] {processor.py:183} INFO - Processing /opt/airflow/dags/stock_pipeline_dag.py took 0.116 seconds
[2025-09-07T09:06:36.996+0000] {processor.py:161} INFO - Started process (PID=779) to work on /opt/airflow/dags/stock_pipeline_dag.py
[2025-09-07T09:06:36.998+0000] {processor.py:830} INFO - Processing file /opt/airflow/dags/stock_pipeline_dag.py for tasks to queue
[2025-09-07T09:06:37.000+0000] {logging_mixin.py:188} INFO - [2025-09-07T09:06:36.999+0000] {dagbag.py:545} INFO - Filling up the DagBag from /opt/airflow/dags/stock_pipeline_dag.py
[2025-09-07T09:06:37.022+0000] {processor.py:840} INFO - DAG(s) 'stock_pipeline_dag' retrieved from /opt/airflow/dags/stock_pipeline_dag.py
[2025-09-07T09:06:37.052+0000] {logging_mixin.py:188} INFO - [2025-09-07T09:06:37.051+0000] {dag.py:3096} INFO - Sync 1 DAGs
[2025-09-07T09:06:37.079+0000] {logging_mixin.py:188} INFO - [2025-09-07T09:06:37.079+0000] {dag.py:3954} INFO - Setting next_dagrun for stock_pipeline_dag to 2025-09-07 09:00:00+00:00, run_after=2025-09-07 10:00:00+00:00
[2025-09-07T09:06:37.107+0000] {processor.py:183} INFO - Processing /opt/airflow/dags/stock_pipeline_dag.py took 0.118 seconds
[2025-09-07T09:07:07.321+0000] {processor.py:161} INFO - Started process (PID=784) to work on /opt/airflow/dags/stock_pipeline_dag.py
[2025-09-07T09:07:07.322+0000] {processor.py:830} INFO - Processing file /opt/airflow/dags/stock_pipeline_dag.py for tasks to queue
[2025-09-07T09:07:07.324+0000] {logging_mixin.py:188} INFO - [2025-09-07T09:07:07.324+0000] {dagbag.py:545} INFO - Filling up the DagBag from /opt/airflow/dags/stock_pipeline_dag.py
[2025-09-07T09:07:07.347+0000] {processor.py:840} INFO - DAG(s) 'stock_pipeline_dag' retrieved from /opt/airflow/dags/stock_pipeline_dag.py
[2025-09-07T09:07:07.380+0000] {logging_mixin.py:188} INFO - [2025-09-07T09:07:07.380+0000] {dag.py:3096} INFO - Sync 1 DAGs
[2025-09-07T09:07:07.408+0000] {logging_mixin.py:188} INFO - [2025-09-07T09:07:07.407+0000] {dag.py:3954} INFO - Setting next_dagrun for stock_pipeline_dag to 2025-09-07 09:00:00+00:00, run_after=2025-09-07 10:00:00+00:00
[2025-09-07T09:07:07.438+0000] {processor.py:183} INFO - Processing /opt/airflow/dags/stock_pipeline_dag.py took 0.124 seconds
[2025-09-07T09:07:37.694+0000] {processor.py:161} INFO - Started process (PID=789) to work on /opt/airflow/dags/stock_pipeline_dag.py
[2025-09-07T09:07:37.695+0000] {processor.py:830} INFO - Processing file /opt/airflow/dags/stock_pipeline_dag.py for tasks to queue
[2025-09-07T09:07:37.697+0000] {logging_mixin.py:188} INFO - [2025-09-07T09:07:37.697+0000] {dagbag.py:545} INFO - Filling up the DagBag from /opt/airflow/dags/stock_pipeline_dag.py
[2025-09-07T09:07:37.719+0000] {processor.py:840} INFO - DAG(s) 'stock_pipeline_dag' retrieved from /opt/airflow/dags/stock_pipeline_dag.py
[2025-09-07T09:07:37.763+0000] {logging_mixin.py:188} INFO - [2025-09-07T09:07:37.762+0000] {dag.py:3096} INFO - Sync 1 DAGs
[2025-09-07T09:07:37.788+0000] {logging_mixin.py:188} INFO - [2025-09-07T09:07:37.788+0000] {dag.py:3954} INFO - Setting next_dagrun for stock_pipeline_dag to 2025-09-07 09:00:00+00:00, run_after=2025-09-07 10:00:00+00:00
[2025-09-07T09:07:37.819+0000] {processor.py:183} INFO - Processing /opt/airflow/dags/stock_pipeline_dag.py took 0.132 seconds
[2025-09-07T09:08:08.061+0000] {processor.py:161} INFO - Started process (PID=794) to work on /opt/airflow/dags/stock_pipeline_dag.py
[2025-09-07T09:08:08.063+0000] {processor.py:830} INFO - Processing file /opt/airflow/dags/stock_pipeline_dag.py for tasks to queue
[2025-09-07T09:08:08.066+0000] {logging_mixin.py:188} INFO - [2025-09-07T09:08:08.066+0000] {dagbag.py:545} INFO - Filling up the DagBag from /opt/airflow/dags/stock_pipeline_dag.py
[2025-09-07T09:08:08.102+0000] {processor.py:840} INFO - DAG(s) 'stock_pipeline_dag' retrieved from /opt/airflow/dags/stock_pipeline_dag.py
[2025-09-07T09:08:08.141+0000] {logging_mixin.py:188} INFO - [2025-09-07T09:08:08.141+0000] {dag.py:3096} INFO - Sync 1 DAGs
[2025-09-07T09:08:08.172+0000] {logging_mixin.py:188} INFO - [2025-09-07T09:08:08.171+0000] {dag.py:3954} INFO - Setting next_dagrun for stock_pipeline_dag to 2025-09-07 09:00:00+00:00, run_after=2025-09-07 10:00:00+00:00
[2025-09-07T09:08:08.203+0000] {processor.py:183} INFO - Processing /opt/airflow/dags/stock_pipeline_dag.py took 0.155 seconds
[2025-09-07T09:08:38.382+0000] {processor.py:161} INFO - Started process (PID=799) to work on /opt/airflow/dags/stock_pipeline_dag.py
[2025-09-07T09:08:38.383+0000] {processor.py:830} INFO - Processing file /opt/airflow/dags/stock_pipeline_dag.py for tasks to queue
[2025-09-07T09:08:38.385+0000] {logging_mixin.py:188} INFO - [2025-09-07T09:08:38.385+0000] {dagbag.py:545} INFO - Filling up the DagBag from /opt/airflow/dags/stock_pipeline_dag.py
[2025-09-07T09:08:38.409+0000] {processor.py:840} INFO - DAG(s) 'stock_pipeline_dag' retrieved from /opt/airflow/dags/stock_pipeline_dag.py
[2025-09-07T09:08:38.441+0000] {logging_mixin.py:188} INFO - [2025-09-07T09:08:38.441+0000] {dag.py:3096} INFO - Sync 1 DAGs
[2025-09-07T09:08:38.469+0000] {logging_mixin.py:188} INFO - [2025-09-07T09:08:38.468+0000] {dag.py:3954} INFO - Setting next_dagrun for stock_pipeline_dag to 2025-09-07 09:00:00+00:00, run_after=2025-09-07 10:00:00+00:00
[2025-09-07T09:08:38.499+0000] {processor.py:183} INFO - Processing /opt/airflow/dags/stock_pipeline_dag.py took 0.124 seconds
[2025-09-07T09:08:59.724+0000] {processor.py:161} INFO - Started process (PID=804) to work on /opt/airflow/dags/stock_pipeline_dag.py
[2025-09-07T09:08:59.726+0000] {processor.py:830} INFO - Processing file /opt/airflow/dags/stock_pipeline_dag.py for tasks to queue
[2025-09-07T09:08:59.729+0000] {logging_mixin.py:188} INFO - [2025-09-07T09:08:59.728+0000] {dagbag.py:545} INFO - Filling up the DagBag from /opt/airflow/dags/stock_pipeline_dag.py
[2025-09-07T09:08:59.769+0000] {processor.py:840} INFO - DAG(s) 'stock_pipeline_dag' retrieved from /opt/airflow/dags/stock_pipeline_dag.py
[2025-09-07T09:08:59.803+0000] {logging_mixin.py:188} INFO - [2025-09-07T09:08:59.803+0000] {dag.py:3096} INFO - Sync 1 DAGs
[2025-09-07T09:08:59.832+0000] {logging_mixin.py:188} INFO - [2025-09-07T09:08:59.832+0000] {dag.py:3954} INFO - Setting next_dagrun for stock_pipeline_dag to 2025-09-07 09:00:00+00:00, run_after=2025-09-07 10:00:00+00:00
[2025-09-07T09:08:59.872+0000] {processor.py:183} INFO - Processing /opt/airflow/dags/stock_pipeline_dag.py took 0.157 seconds
[2025-09-07T09:09:00.780+0000] {processor.py:161} INFO - Started process (PID=809) to work on /opt/airflow/dags/stock_pipeline_dag.py
[2025-09-07T09:09:00.781+0000] {processor.py:830} INFO - Processing file /opt/airflow/dags/stock_pipeline_dag.py for tasks to queue
[2025-09-07T09:09:00.783+0000] {logging_mixin.py:188} INFO - [2025-09-07T09:09:00.783+0000] {dagbag.py:545} INFO - Filling up the DagBag from /opt/airflow/dags/stock_pipeline_dag.py
[2025-09-07T09:09:00.818+0000] {processor.py:840} INFO - DAG(s) 'stock_pipeline_dag' retrieved from /opt/airflow/dags/stock_pipeline_dag.py
[2025-09-07T09:09:00.849+0000] {logging_mixin.py:188} INFO - [2025-09-07T09:09:00.849+0000] {dag.py:3096} INFO - Sync 1 DAGs
[2025-09-07T09:09:00.875+0000] {logging_mixin.py:188} INFO - [2025-09-07T09:09:00.875+0000] {dag.py:3954} INFO - Setting next_dagrun for stock_pipeline_dag to 2025-09-07 09:00:00+00:00, run_after=2025-09-07 10:00:00+00:00
[2025-09-07T09:09:00.911+0000] {processor.py:183} INFO - Processing /opt/airflow/dags/stock_pipeline_dag.py took 0.139 seconds
[2025-09-07T09:09:31.208+0000] {processor.py:161} INFO - Started process (PID=814) to work on /opt/airflow/dags/stock_pipeline_dag.py
[2025-09-07T09:09:31.209+0000] {processor.py:830} INFO - Processing file /opt/airflow/dags/stock_pipeline_dag.py for tasks to queue
[2025-09-07T09:09:31.212+0000] {logging_mixin.py:188} INFO - [2025-09-07T09:09:31.212+0000] {dagbag.py:545} INFO - Filling up the DagBag from /opt/airflow/dags/stock_pipeline_dag.py
[2025-09-07T09:09:31.246+0000] {processor.py:840} INFO - DAG(s) 'stock_pipeline_dag' retrieved from /opt/airflow/dags/stock_pipeline_dag.py
[2025-09-07T09:09:31.283+0000] {logging_mixin.py:188} INFO - [2025-09-07T09:09:31.283+0000] {dag.py:3096} INFO - Sync 1 DAGs
[2025-09-07T09:09:31.310+0000] {logging_mixin.py:188} INFO - [2025-09-07T09:09:31.310+0000] {dag.py:3954} INFO - Setting next_dagrun for stock_pipeline_dag to 2025-09-07 09:00:00+00:00, run_after=2025-09-07 10:00:00+00:00
[2025-09-07T09:09:31.341+0000] {processor.py:183} INFO - Processing /opt/airflow/dags/stock_pipeline_dag.py took 0.142 seconds
[2025-09-07T09:10:01.535+0000] {processor.py:161} INFO - Started process (PID=819) to work on /opt/airflow/dags/stock_pipeline_dag.py
[2025-09-07T09:10:01.536+0000] {processor.py:830} INFO - Processing file /opt/airflow/dags/stock_pipeline_dag.py for tasks to queue
[2025-09-07T09:10:01.540+0000] {logging_mixin.py:188} INFO - [2025-09-07T09:10:01.539+0000] {dagbag.py:545} INFO - Filling up the DagBag from /opt/airflow/dags/stock_pipeline_dag.py
[2025-09-07T09:10:01.569+0000] {processor.py:840} INFO - DAG(s) 'stock_pipeline_dag' retrieved from /opt/airflow/dags/stock_pipeline_dag.py
[2025-09-07T09:10:01.608+0000] {logging_mixin.py:188} INFO - [2025-09-07T09:10:01.608+0000] {dag.py:3096} INFO - Sync 1 DAGs
[2025-09-07T09:10:01.640+0000] {logging_mixin.py:188} INFO - [2025-09-07T09:10:01.640+0000] {dag.py:3954} INFO - Setting next_dagrun for stock_pipeline_dag to 2025-09-07 09:00:00+00:00, run_after=2025-09-07 10:00:00+00:00
[2025-09-07T09:10:01.672+0000] {processor.py:183} INFO - Processing /opt/airflow/dags/stock_pipeline_dag.py took 0.147 seconds
[2025-09-07T09:10:32.045+0000] {processor.py:161} INFO - Started process (PID=824) to work on /opt/airflow/dags/stock_pipeline_dag.py
[2025-09-07T09:10:32.046+0000] {processor.py:830} INFO - Processing file /opt/airflow/dags/stock_pipeline_dag.py for tasks to queue
[2025-09-07T09:10:32.048+0000] {logging_mixin.py:188} INFO - [2025-09-07T09:10:32.048+0000] {dagbag.py:545} INFO - Filling up the DagBag from /opt/airflow/dags/stock_pipeline_dag.py
[2025-09-07T09:10:32.073+0000] {processor.py:840} INFO - DAG(s) 'stock_pipeline_dag' retrieved from /opt/airflow/dags/stock_pipeline_dag.py
[2025-09-07T09:10:32.106+0000] {logging_mixin.py:188} INFO - [2025-09-07T09:10:32.106+0000] {dag.py:3096} INFO - Sync 1 DAGs
[2025-09-07T09:10:32.135+0000] {logging_mixin.py:188} INFO - [2025-09-07T09:10:32.134+0000] {dag.py:3954} INFO - Setting next_dagrun for stock_pipeline_dag to 2025-09-07 09:00:00+00:00, run_after=2025-09-07 10:00:00+00:00
[2025-09-07T09:10:32.169+0000] {processor.py:183} INFO - Processing /opt/airflow/dags/stock_pipeline_dag.py took 0.131 seconds
[2025-09-07T09:11:02.310+0000] {processor.py:161} INFO - Started process (PID=829) to work on /opt/airflow/dags/stock_pipeline_dag.py
[2025-09-07T09:11:02.311+0000] {processor.py:830} INFO - Processing file /opt/airflow/dags/stock_pipeline_dag.py for tasks to queue
[2025-09-07T09:11:02.313+0000] {logging_mixin.py:188} INFO - [2025-09-07T09:11:02.313+0000] {dagbag.py:545} INFO - Filling up the DagBag from /opt/airflow/dags/stock_pipeline_dag.py
[2025-09-07T09:11:02.338+0000] {processor.py:840} INFO - DAG(s) 'stock_pipeline_dag' retrieved from /opt/airflow/dags/stock_pipeline_dag.py
[2025-09-07T09:11:02.368+0000] {logging_mixin.py:188} INFO - [2025-09-07T09:11:02.368+0000] {dag.py:3096} INFO - Sync 1 DAGs
[2025-09-07T09:11:02.393+0000] {logging_mixin.py:188} INFO - [2025-09-07T09:11:02.393+0000] {dag.py:3954} INFO - Setting next_dagrun for stock_pipeline_dag to 2025-09-07 09:00:00+00:00, run_after=2025-09-07 10:00:00+00:00
[2025-09-07T09:11:02.420+0000] {processor.py:183} INFO - Processing /opt/airflow/dags/stock_pipeline_dag.py took 0.117 seconds
[2025-09-07T09:11:32.687+0000] {processor.py:161} INFO - Started process (PID=834) to work on /opt/airflow/dags/stock_pipeline_dag.py
[2025-09-07T09:11:32.688+0000] {processor.py:830} INFO - Processing file /opt/airflow/dags/stock_pipeline_dag.py for tasks to queue
[2025-09-07T09:11:32.690+0000] {logging_mixin.py:188} INFO - [2025-09-07T09:11:32.690+0000] {dagbag.py:545} INFO - Filling up the DagBag from /opt/airflow/dags/stock_pipeline_dag.py
[2025-09-07T09:11:32.713+0000] {processor.py:840} INFO - DAG(s) 'stock_pipeline_dag' retrieved from /opt/airflow/dags/stock_pipeline_dag.py
[2025-09-07T09:11:32.746+0000] {logging_mixin.py:188} INFO - [2025-09-07T09:11:32.746+0000] {dag.py:3096} INFO - Sync 1 DAGs
[2025-09-07T09:11:32.773+0000] {logging_mixin.py:188} INFO - [2025-09-07T09:11:32.773+0000] {dag.py:3954} INFO - Setting next_dagrun for stock_pipeline_dag to 2025-09-07 09:00:00+00:00, run_after=2025-09-07 10:00:00+00:00
[2025-09-07T09:11:32.801+0000] {processor.py:183} INFO - Processing /opt/airflow/dags/stock_pipeline_dag.py took 0.121 seconds
[2025-09-07T09:12:03.025+0000] {processor.py:161} INFO - Started process (PID=839) to work on /opt/airflow/dags/stock_pipeline_dag.py
[2025-09-07T09:12:03.026+0000] {processor.py:830} INFO - Processing file /opt/airflow/dags/stock_pipeline_dag.py for tasks to queue
[2025-09-07T09:12:03.028+0000] {logging_mixin.py:188} INFO - [2025-09-07T09:12:03.028+0000] {dagbag.py:545} INFO - Filling up the DagBag from /opt/airflow/dags/stock_pipeline_dag.py
[2025-09-07T09:12:03.052+0000] {processor.py:840} INFO - DAG(s) 'stock_pipeline_dag' retrieved from /opt/airflow/dags/stock_pipeline_dag.py
[2025-09-07T09:12:03.089+0000] {logging_mixin.py:188} INFO - [2025-09-07T09:12:03.089+0000] {dag.py:3096} INFO - Sync 1 DAGs
[2025-09-07T09:12:03.117+0000] {logging_mixin.py:188} INFO - [2025-09-07T09:12:03.117+0000] {dag.py:3954} INFO - Setting next_dagrun for stock_pipeline_dag to 2025-09-07 09:00:00+00:00, run_after=2025-09-07 10:00:00+00:00
[2025-09-07T09:12:03.146+0000] {processor.py:183} INFO - Processing /opt/airflow/dags/stock_pipeline_dag.py took 0.134 seconds
[2025-09-07T09:12:33.414+0000] {processor.py:161} INFO - Started process (PID=844) to work on /opt/airflow/dags/stock_pipeline_dag.py
[2025-09-07T09:12:33.415+0000] {processor.py:830} INFO - Processing file /opt/airflow/dags/stock_pipeline_dag.py for tasks to queue
[2025-09-07T09:12:33.418+0000] {logging_mixin.py:188} INFO - [2025-09-07T09:12:33.418+0000] {dagbag.py:545} INFO - Filling up the DagBag from /opt/airflow/dags/stock_pipeline_dag.py
[2025-09-07T09:12:33.445+0000] {processor.py:840} INFO - DAG(s) 'stock_pipeline_dag' retrieved from /opt/airflow/dags/stock_pipeline_dag.py
[2025-09-07T09:12:33.482+0000] {logging_mixin.py:188} INFO - [2025-09-07T09:12:33.482+0000] {dag.py:3096} INFO - Sync 1 DAGs
[2025-09-07T09:12:33.511+0000] {logging_mixin.py:188} INFO - [2025-09-07T09:12:33.511+0000] {dag.py:3954} INFO - Setting next_dagrun for stock_pipeline_dag to 2025-09-07 09:00:00+00:00, run_after=2025-09-07 10:00:00+00:00
[2025-09-07T09:12:33.541+0000] {processor.py:183} INFO - Processing /opt/airflow/dags/stock_pipeline_dag.py took 0.137 seconds
[2025-09-07T09:13:03.903+0000] {processor.py:161} INFO - Started process (PID=849) to work on /opt/airflow/dags/stock_pipeline_dag.py
[2025-09-07T09:13:03.904+0000] {processor.py:830} INFO - Processing file /opt/airflow/dags/stock_pipeline_dag.py for tasks to queue
[2025-09-07T09:13:03.908+0000] {logging_mixin.py:188} INFO - [2025-09-07T09:13:03.908+0000] {dagbag.py:545} INFO - Filling up the DagBag from /opt/airflow/dags/stock_pipeline_dag.py
[2025-09-07T09:13:03.937+0000] {processor.py:840} INFO - DAG(s) 'stock_pipeline_dag' retrieved from /opt/airflow/dags/stock_pipeline_dag.py
[2025-09-07T09:13:03.971+0000] {logging_mixin.py:188} INFO - [2025-09-07T09:13:03.971+0000] {dag.py:3096} INFO - Sync 1 DAGs
[2025-09-07T09:13:04.004+0000] {logging_mixin.py:188} INFO - [2025-09-07T09:13:04.003+0000] {dag.py:3954} INFO - Setting next_dagrun for stock_pipeline_dag to 2025-09-07 09:00:00+00:00, run_after=2025-09-07 10:00:00+00:00
[2025-09-07T09:13:04.036+0000] {processor.py:183} INFO - Processing /opt/airflow/dags/stock_pipeline_dag.py took 0.140 seconds
[2025-09-07T09:13:34.351+0000] {processor.py:161} INFO - Started process (PID=854) to work on /opt/airflow/dags/stock_pipeline_dag.py
[2025-09-07T09:13:34.352+0000] {processor.py:830} INFO - Processing file /opt/airflow/dags/stock_pipeline_dag.py for tasks to queue
[2025-09-07T09:13:34.354+0000] {logging_mixin.py:188} INFO - [2025-09-07T09:13:34.354+0000] {dagbag.py:545} INFO - Filling up the DagBag from /opt/airflow/dags/stock_pipeline_dag.py
[2025-09-07T09:13:34.377+0000] {processor.py:840} INFO - DAG(s) 'stock_pipeline_dag' retrieved from /opt/airflow/dags/stock_pipeline_dag.py
[2025-09-07T09:13:34.415+0000] {logging_mixin.py:188} INFO - [2025-09-07T09:13:34.415+0000] {dag.py:3096} INFO - Sync 1 DAGs
[2025-09-07T09:13:34.443+0000] {logging_mixin.py:188} INFO - [2025-09-07T09:13:34.443+0000] {dag.py:3954} INFO - Setting next_dagrun for stock_pipeline_dag to 2025-09-07 09:00:00+00:00, run_after=2025-09-07 10:00:00+00:00
[2025-09-07T09:13:34.474+0000] {processor.py:183} INFO - Processing /opt/airflow/dags/stock_pipeline_dag.py took 0.130 seconds
[2025-09-07T09:14:04.727+0000] {processor.py:161} INFO - Started process (PID=859) to work on /opt/airflow/dags/stock_pipeline_dag.py
[2025-09-07T09:14:04.728+0000] {processor.py:830} INFO - Processing file /opt/airflow/dags/stock_pipeline_dag.py for tasks to queue
[2025-09-07T09:14:04.730+0000] {logging_mixin.py:188} INFO - [2025-09-07T09:14:04.729+0000] {dagbag.py:545} INFO - Filling up the DagBag from /opt/airflow/dags/stock_pipeline_dag.py
[2025-09-07T09:14:04.748+0000] {processor.py:840} INFO - DAG(s) 'stock_pipeline_dag' retrieved from /opt/airflow/dags/stock_pipeline_dag.py
[2025-09-07T09:14:04.779+0000] {logging_mixin.py:188} INFO - [2025-09-07T09:14:04.778+0000] {dag.py:3096} INFO - Sync 1 DAGs
[2025-09-07T09:14:04.802+0000] {logging_mixin.py:188} INFO - [2025-09-07T09:14:04.802+0000] {dag.py:3954} INFO - Setting next_dagrun for stock_pipeline_dag to 2025-09-07 09:00:00+00:00, run_after=2025-09-07 10:00:00+00:00
[2025-09-07T09:14:04.830+0000] {processor.py:183} INFO - Processing /opt/airflow/dags/stock_pipeline_dag.py took 0.109 seconds
[2025-09-07T09:14:35.244+0000] {processor.py:161} INFO - Started process (PID=864) to work on /opt/airflow/dags/stock_pipeline_dag.py
[2025-09-07T09:14:35.245+0000] {processor.py:830} INFO - Processing file /opt/airflow/dags/stock_pipeline_dag.py for tasks to queue
[2025-09-07T09:14:35.248+0000] {logging_mixin.py:188} INFO - [2025-09-07T09:14:35.247+0000] {dagbag.py:545} INFO - Filling up the DagBag from /opt/airflow/dags/stock_pipeline_dag.py
[2025-09-07T09:14:35.274+0000] {processor.py:840} INFO - DAG(s) 'stock_pipeline_dag' retrieved from /opt/airflow/dags/stock_pipeline_dag.py
[2025-09-07T09:14:35.310+0000] {logging_mixin.py:188} INFO - [2025-09-07T09:14:35.310+0000] {dag.py:3096} INFO - Sync 1 DAGs
[2025-09-07T09:14:35.339+0000] {logging_mixin.py:188} INFO - [2025-09-07T09:14:35.339+0000] {dag.py:3954} INFO - Setting next_dagrun for stock_pipeline_dag to 2025-09-07 09:00:00+00:00, run_after=2025-09-07 10:00:00+00:00
[2025-09-07T09:14:35.367+0000] {processor.py:183} INFO - Processing /opt/airflow/dags/stock_pipeline_dag.py took 0.142 seconds
[2025-09-07T09:15:05.675+0000] {processor.py:161} INFO - Started process (PID=869) to work on /opt/airflow/dags/stock_pipeline_dag.py
[2025-09-07T09:15:05.677+0000] {processor.py:830} INFO - Processing file /opt/airflow/dags/stock_pipeline_dag.py for tasks to queue
[2025-09-07T09:15:05.679+0000] {logging_mixin.py:188} INFO - [2025-09-07T09:15:05.679+0000] {dagbag.py:545} INFO - Filling up the DagBag from /opt/airflow/dags/stock_pipeline_dag.py
[2025-09-07T09:15:05.709+0000] {processor.py:840} INFO - DAG(s) 'stock_pipeline_dag' retrieved from /opt/airflow/dags/stock_pipeline_dag.py
[2025-09-07T09:15:05.748+0000] {logging_mixin.py:188} INFO - [2025-09-07T09:15:05.748+0000] {dag.py:3096} INFO - Sync 1 DAGs
[2025-09-07T09:15:05.781+0000] {logging_mixin.py:188} INFO - [2025-09-07T09:15:05.781+0000] {dag.py:3954} INFO - Setting next_dagrun for stock_pipeline_dag to 2025-09-07 09:00:00+00:00, run_after=2025-09-07 10:00:00+00:00
[2025-09-07T09:15:05.812+0000] {processor.py:183} INFO - Processing /opt/airflow/dags/stock_pipeline_dag.py took 0.147 seconds
[2025-09-07T09:15:36.169+0000] {processor.py:161} INFO - Started process (PID=874) to work on /opt/airflow/dags/stock_pipeline_dag.py
[2025-09-07T09:15:36.171+0000] {processor.py:830} INFO - Processing file /opt/airflow/dags/stock_pipeline_dag.py for tasks to queue
[2025-09-07T09:15:36.174+0000] {logging_mixin.py:188} INFO - [2025-09-07T09:15:36.173+0000] {dagbag.py:545} INFO - Filling up the DagBag from /opt/airflow/dags/stock_pipeline_dag.py
[2025-09-07T09:15:36.206+0000] {processor.py:840} INFO - DAG(s) 'stock_pipeline_dag' retrieved from /opt/airflow/dags/stock_pipeline_dag.py
[2025-09-07T09:15:36.240+0000] {logging_mixin.py:188} INFO - [2025-09-07T09:15:36.240+0000] {dag.py:3096} INFO - Sync 1 DAGs
[2025-09-07T09:15:36.270+0000] {logging_mixin.py:188} INFO - [2025-09-07T09:15:36.270+0000] {dag.py:3954} INFO - Setting next_dagrun for stock_pipeline_dag to 2025-09-07 09:00:00+00:00, run_after=2025-09-07 10:00:00+00:00
[2025-09-07T09:15:36.304+0000] {processor.py:183} INFO - Processing /opt/airflow/dags/stock_pipeline_dag.py took 0.144 seconds
[2025-09-07T09:16:06.732+0000] {processor.py:161} INFO - Started process (PID=879) to work on /opt/airflow/dags/stock_pipeline_dag.py
[2025-09-07T09:16:06.737+0000] {processor.py:830} INFO - Processing file /opt/airflow/dags/stock_pipeline_dag.py for tasks to queue
[2025-09-07T09:16:06.749+0000] {logging_mixin.py:188} INFO - [2025-09-07T09:16:06.748+0000] {dagbag.py:545} INFO - Filling up the DagBag from /opt/airflow/dags/stock_pipeline_dag.py
[2025-09-07T09:16:06.909+0000] {processor.py:840} INFO - DAG(s) 'stock_pipeline_dag' retrieved from /opt/airflow/dags/stock_pipeline_dag.py
[2025-09-07T09:16:07.039+0000] {logging_mixin.py:188} INFO - [2025-09-07T09:16:07.038+0000] {dag.py:3096} INFO - Sync 1 DAGs
[2025-09-07T09:16:07.117+0000] {logging_mixin.py:188} INFO - [2025-09-07T09:16:07.117+0000] {dag.py:3954} INFO - Setting next_dagrun for stock_pipeline_dag to 2025-09-07 09:00:00+00:00, run_after=2025-09-07 10:00:00+00:00
[2025-09-07T09:16:07.183+0000] {processor.py:183} INFO - Processing /opt/airflow/dags/stock_pipeline_dag.py took 0.487 seconds
[2025-09-07T09:16:37.809+0000] {processor.py:161} INFO - Started process (PID=884) to work on /opt/airflow/dags/stock_pipeline_dag.py
[2025-09-07T09:16:37.815+0000] {processor.py:830} INFO - Processing file /opt/airflow/dags/stock_pipeline_dag.py for tasks to queue
[2025-09-07T09:16:37.828+0000] {logging_mixin.py:188} INFO - [2025-09-07T09:16:37.826+0000] {dagbag.py:545} INFO - Filling up the DagBag from /opt/airflow/dags/stock_pipeline_dag.py
[2025-09-07T09:16:37.949+0000] {processor.py:840} INFO - DAG(s) 'stock_pipeline_dag' retrieved from /opt/airflow/dags/stock_pipeline_dag.py
[2025-09-07T09:16:38.104+0000] {logging_mixin.py:188} INFO - [2025-09-07T09:16:38.103+0000] {dag.py:3096} INFO - Sync 1 DAGs
[2025-09-07T09:16:38.224+0000] {logging_mixin.py:188} INFO - [2025-09-07T09:16:38.222+0000] {dag.py:3954} INFO - Setting next_dagrun for stock_pipeline_dag to 2025-09-07 09:00:00+00:00, run_after=2025-09-07 10:00:00+00:00
[2025-09-07T09:16:38.317+0000] {processor.py:183} INFO - Processing /opt/airflow/dags/stock_pipeline_dag.py took 0.547 seconds
[2025-09-07T09:17:08.795+0000] {processor.py:161} INFO - Started process (PID=889) to work on /opt/airflow/dags/stock_pipeline_dag.py
[2025-09-07T09:17:08.801+0000] {processor.py:830} INFO - Processing file /opt/airflow/dags/stock_pipeline_dag.py for tasks to queue
[2025-09-07T09:17:08.813+0000] {logging_mixin.py:188} INFO - [2025-09-07T09:17:08.810+0000] {dagbag.py:545} INFO - Filling up the DagBag from /opt/airflow/dags/stock_pipeline_dag.py
[2025-09-07T09:17:08.946+0000] {processor.py:840} INFO - DAG(s) 'stock_pipeline_dag' retrieved from /opt/airflow/dags/stock_pipeline_dag.py
[2025-09-07T09:17:09.077+0000] {logging_mixin.py:188} INFO - [2025-09-07T09:17:09.077+0000] {dag.py:3096} INFO - Sync 1 DAGs
[2025-09-07T09:17:09.134+0000] {logging_mixin.py:188} INFO - [2025-09-07T09:17:09.134+0000] {dag.py:3954} INFO - Setting next_dagrun for stock_pipeline_dag to 2025-09-07 09:00:00+00:00, run_after=2025-09-07 10:00:00+00:00
[2025-09-07T09:17:09.185+0000] {processor.py:183} INFO - Processing /opt/airflow/dags/stock_pipeline_dag.py took 0.431 seconds
[2025-09-07T09:17:39.378+0000] {processor.py:161} INFO - Started process (PID=894) to work on /opt/airflow/dags/stock_pipeline_dag.py
[2025-09-07T09:17:39.382+0000] {processor.py:830} INFO - Processing file /opt/airflow/dags/stock_pipeline_dag.py for tasks to queue
[2025-09-07T09:17:39.390+0000] {logging_mixin.py:188} INFO - [2025-09-07T09:17:39.389+0000] {dagbag.py:545} INFO - Filling up the DagBag from /opt/airflow/dags/stock_pipeline_dag.py
[2025-09-07T09:17:39.492+0000] {processor.py:840} INFO - DAG(s) 'stock_pipeline_dag' retrieved from /opt/airflow/dags/stock_pipeline_dag.py
[2025-09-07T09:17:39.620+0000] {logging_mixin.py:188} INFO - [2025-09-07T09:17:39.619+0000] {dag.py:3096} INFO - Sync 1 DAGs
[2025-09-07T09:17:39.682+0000] {logging_mixin.py:188} INFO - [2025-09-07T09:17:39.681+0000] {dag.py:3954} INFO - Setting next_dagrun for stock_pipeline_dag to 2025-09-07 09:00:00+00:00, run_after=2025-09-07 10:00:00+00:00
[2025-09-07T09:17:39.746+0000] {processor.py:183} INFO - Processing /opt/airflow/dags/stock_pipeline_dag.py took 0.395 seconds
[2025-09-07T09:18:10.209+0000] {processor.py:161} INFO - Started process (PID=899) to work on /opt/airflow/dags/stock_pipeline_dag.py
[2025-09-07T09:18:10.215+0000] {processor.py:830} INFO - Processing file /opt/airflow/dags/stock_pipeline_dag.py for tasks to queue
[2025-09-07T09:18:10.226+0000] {logging_mixin.py:188} INFO - [2025-09-07T09:18:10.224+0000] {dagbag.py:545} INFO - Filling up the DagBag from /opt/airflow/dags/stock_pipeline_dag.py
[2025-09-07T09:18:10.373+0000] {processor.py:840} INFO - DAG(s) 'stock_pipeline_dag' retrieved from /opt/airflow/dags/stock_pipeline_dag.py
[2025-09-07T09:18:10.478+0000] {logging_mixin.py:188} INFO - [2025-09-07T09:18:10.477+0000] {dag.py:3096} INFO - Sync 1 DAGs
[2025-09-07T09:18:10.606+0000] {logging_mixin.py:188} INFO - [2025-09-07T09:18:10.605+0000] {dag.py:3954} INFO - Setting next_dagrun for stock_pipeline_dag to 2025-09-07 09:00:00+00:00, run_after=2025-09-07 10:00:00+00:00
[2025-09-07T09:18:10.709+0000] {processor.py:183} INFO - Processing /opt/airflow/dags/stock_pipeline_dag.py took 0.537 seconds
[2025-09-07T09:18:41.331+0000] {processor.py:161} INFO - Started process (PID=904) to work on /opt/airflow/dags/stock_pipeline_dag.py
[2025-09-07T09:18:41.336+0000] {processor.py:830} INFO - Processing file /opt/airflow/dags/stock_pipeline_dag.py for tasks to queue
[2025-09-07T09:18:41.344+0000] {logging_mixin.py:188} INFO - [2025-09-07T09:18:41.343+0000] {dagbag.py:545} INFO - Filling up the DagBag from /opt/airflow/dags/stock_pipeline_dag.py
[2025-09-07T09:18:41.464+0000] {processor.py:840} INFO - DAG(s) 'stock_pipeline_dag' retrieved from /opt/airflow/dags/stock_pipeline_dag.py
[2025-09-07T09:18:41.605+0000] {logging_mixin.py:188} INFO - [2025-09-07T09:18:41.604+0000] {dag.py:3096} INFO - Sync 1 DAGs
[2025-09-07T09:18:41.712+0000] {logging_mixin.py:188} INFO - [2025-09-07T09:18:41.711+0000] {dag.py:3954} INFO - Setting next_dagrun for stock_pipeline_dag to 2025-09-07 09:00:00+00:00, run_after=2025-09-07 10:00:00+00:00
[2025-09-07T09:18:41.806+0000] {processor.py:183} INFO - Processing /opt/airflow/dags/stock_pipeline_dag.py took 0.506 seconds
[2025-09-07T09:19:12.150+0000] {processor.py:161} INFO - Started process (PID=911) to work on /opt/airflow/dags/stock_pipeline_dag.py
[2025-09-07T09:19:12.153+0000] {processor.py:830} INFO - Processing file /opt/airflow/dags/stock_pipeline_dag.py for tasks to queue
[2025-09-07T09:19:12.157+0000] {logging_mixin.py:188} INFO - [2025-09-07T09:19:12.157+0000] {dagbag.py:545} INFO - Filling up the DagBag from /opt/airflow/dags/stock_pipeline_dag.py
[2025-09-07T09:19:12.228+0000] {processor.py:840} INFO - DAG(s) 'stock_pipeline_dag' retrieved from /opt/airflow/dags/stock_pipeline_dag.py
[2025-09-07T09:19:12.305+0000] {logging_mixin.py:188} INFO - [2025-09-07T09:19:12.304+0000] {dag.py:3096} INFO - Sync 1 DAGs
[2025-09-07T09:19:12.373+0000] {logging_mixin.py:188} INFO - [2025-09-07T09:19:12.373+0000] {dag.py:3954} INFO - Setting next_dagrun for stock_pipeline_dag to 2025-09-07 09:00:00+00:00, run_after=2025-09-07 10:00:00+00:00
[2025-09-07T09:19:12.440+0000] {processor.py:183} INFO - Processing /opt/airflow/dags/stock_pipeline_dag.py took 0.308 seconds
[2025-09-07T09:19:42.655+0000] {processor.py:161} INFO - Started process (PID=928) to work on /opt/airflow/dags/stock_pipeline_dag.py
[2025-09-07T09:19:42.670+0000] {processor.py:830} INFO - Processing file /opt/airflow/dags/stock_pipeline_dag.py for tasks to queue
[2025-09-07T09:19:42.673+0000] {logging_mixin.py:188} INFO - [2025-09-07T09:19:42.673+0000] {dagbag.py:545} INFO - Filling up the DagBag from /opt/airflow/dags/stock_pipeline_dag.py
[2025-09-07T09:19:42.713+0000] {processor.py:840} INFO - DAG(s) 'stock_pipeline_dag' retrieved from /opt/airflow/dags/stock_pipeline_dag.py
[2025-09-07T09:19:42.771+0000] {logging_mixin.py:188} INFO - [2025-09-07T09:19:42.770+0000] {dag.py:3096} INFO - Sync 1 DAGs
[2025-09-07T09:19:42.818+0000] {logging_mixin.py:188} INFO - [2025-09-07T09:19:42.817+0000] {dag.py:3954} INFO - Setting next_dagrun for stock_pipeline_dag to 2025-09-07 09:00:00+00:00, run_after=2025-09-07 10:00:00+00:00
[2025-09-07T09:19:42.860+0000] {processor.py:183} INFO - Processing /opt/airflow/dags/stock_pipeline_dag.py took 0.218 seconds
[2025-09-07T09:20:13.362+0000] {processor.py:161} INFO - Started process (PID=940) to work on /opt/airflow/dags/stock_pipeline_dag.py
[2025-09-07T09:20:13.367+0000] {processor.py:830} INFO - Processing file /opt/airflow/dags/stock_pipeline_dag.py for tasks to queue
[2025-09-07T09:20:13.376+0000] {logging_mixin.py:188} INFO - [2025-09-07T09:20:13.374+0000] {dagbag.py:545} INFO - Filling up the DagBag from /opt/airflow/dags/stock_pipeline_dag.py
[2025-09-07T09:20:13.502+0000] {processor.py:840} INFO - DAG(s) 'stock_pipeline_dag' retrieved from /opt/airflow/dags/stock_pipeline_dag.py
[2025-09-07T09:20:13.684+0000] {logging_mixin.py:188} INFO - [2025-09-07T09:20:13.684+0000] {dag.py:3096} INFO - Sync 1 DAGs
[2025-09-07T09:20:13.759+0000] {logging_mixin.py:188} INFO - [2025-09-07T09:20:13.758+0000] {dag.py:3954} INFO - Setting next_dagrun for stock_pipeline_dag to 2025-09-07 09:00:00+00:00, run_after=2025-09-07 10:00:00+00:00
[2025-09-07T09:20:13.812+0000] {processor.py:183} INFO - Processing /opt/airflow/dags/stock_pipeline_dag.py took 0.478 seconds
[2025-09-07T09:20:44.488+0000] {processor.py:161} INFO - Started process (PID=945) to work on /opt/airflow/dags/stock_pipeline_dag.py
[2025-09-07T09:20:44.493+0000] {processor.py:830} INFO - Processing file /opt/airflow/dags/stock_pipeline_dag.py for tasks to queue
[2025-09-07T09:20:44.503+0000] {logging_mixin.py:188} INFO - [2025-09-07T09:20:44.502+0000] {dagbag.py:545} INFO - Filling up the DagBag from /opt/airflow/dags/stock_pipeline_dag.py
[2025-09-07T09:20:44.619+0000] {processor.py:840} INFO - DAG(s) 'stock_pipeline_dag' retrieved from /opt/airflow/dags/stock_pipeline_dag.py
[2025-09-07T09:20:44.743+0000] {logging_mixin.py:188} INFO - [2025-09-07T09:20:44.741+0000] {dag.py:3096} INFO - Sync 1 DAGs
[2025-09-07T09:20:44.844+0000] {logging_mixin.py:188} INFO - [2025-09-07T09:20:44.843+0000] {dag.py:3954} INFO - Setting next_dagrun for stock_pipeline_dag to 2025-09-07 09:00:00+00:00, run_after=2025-09-07 10:00:00+00:00
[2025-09-07T09:20:44.930+0000] {processor.py:183} INFO - Processing /opt/airflow/dags/stock_pipeline_dag.py took 0.469 seconds
[2025-09-07T09:21:15.089+0000] {processor.py:161} INFO - Started process (PID=950) to work on /opt/airflow/dags/stock_pipeline_dag.py
[2025-09-07T09:21:15.092+0000] {processor.py:830} INFO - Processing file /opt/airflow/dags/stock_pipeline_dag.py for tasks to queue
[2025-09-07T09:21:15.099+0000] {logging_mixin.py:188} INFO - [2025-09-07T09:21:15.098+0000] {dagbag.py:545} INFO - Filling up the DagBag from /opt/airflow/dags/stock_pipeline_dag.py
[2025-09-07T09:21:15.177+0000] {processor.py:840} INFO - DAG(s) 'stock_pipeline_dag' retrieved from /opt/airflow/dags/stock_pipeline_dag.py
[2025-09-07T09:21:15.267+0000] {logging_mixin.py:188} INFO - [2025-09-07T09:21:15.266+0000] {dag.py:3096} INFO - Sync 1 DAGs
[2025-09-07T09:21:15.336+0000] {logging_mixin.py:188} INFO - [2025-09-07T09:21:15.335+0000] {dag.py:3954} INFO - Setting next_dagrun for stock_pipeline_dag to 2025-09-07 09:00:00+00:00, run_after=2025-09-07 10:00:00+00:00
[2025-09-07T09:21:15.395+0000] {processor.py:183} INFO - Processing /opt/airflow/dags/stock_pipeline_dag.py took 0.325 seconds
[2025-09-07T09:21:45.807+0000] {processor.py:161} INFO - Started process (PID=955) to work on /opt/airflow/dags/stock_pipeline_dag.py
[2025-09-07T09:21:45.809+0000] {processor.py:830} INFO - Processing file /opt/airflow/dags/stock_pipeline_dag.py for tasks to queue
[2025-09-07T09:21:45.814+0000] {logging_mixin.py:188} INFO - [2025-09-07T09:21:45.813+0000] {dagbag.py:545} INFO - Filling up the DagBag from /opt/airflow/dags/stock_pipeline_dag.py
[2025-09-07T09:21:45.875+0000] {processor.py:840} INFO - DAG(s) 'stock_pipeline_dag' retrieved from /opt/airflow/dags/stock_pipeline_dag.py
[2025-09-07T09:21:45.937+0000] {logging_mixin.py:188} INFO - [2025-09-07T09:21:45.937+0000] {dag.py:3096} INFO - Sync 1 DAGs
[2025-09-07T09:21:45.980+0000] {logging_mixin.py:188} INFO - [2025-09-07T09:21:45.980+0000] {dag.py:3954} INFO - Setting next_dagrun for stock_pipeline_dag to 2025-09-07 09:00:00+00:00, run_after=2025-09-07 10:00:00+00:00
[2025-09-07T09:21:46.024+0000] {processor.py:183} INFO - Processing /opt/airflow/dags/stock_pipeline_dag.py took 0.232 seconds
[2025-09-07T09:22:16.355+0000] {processor.py:161} INFO - Started process (PID=960) to work on /opt/airflow/dags/stock_pipeline_dag.py
[2025-09-07T09:22:16.360+0000] {processor.py:830} INFO - Processing file /opt/airflow/dags/stock_pipeline_dag.py for tasks to queue
[2025-09-07T09:22:16.370+0000] {logging_mixin.py:188} INFO - [2025-09-07T09:22:16.368+0000] {dagbag.py:545} INFO - Filling up the DagBag from /opt/airflow/dags/stock_pipeline_dag.py
[2025-09-07T09:22:16.511+0000] {processor.py:840} INFO - DAG(s) 'stock_pipeline_dag' retrieved from /opt/airflow/dags/stock_pipeline_dag.py
[2025-09-07T09:22:16.643+0000] {logging_mixin.py:188} INFO - [2025-09-07T09:22:16.642+0000] {dag.py:3096} INFO - Sync 1 DAGs
[2025-09-07T09:22:16.758+0000] {logging_mixin.py:188} INFO - [2025-09-07T09:22:16.757+0000] {dag.py:3954} INFO - Setting next_dagrun for stock_pipeline_dag to 2025-09-07 09:00:00+00:00, run_after=2025-09-07 10:00:00+00:00
[2025-09-07T09:22:16.873+0000] {processor.py:183} INFO - Processing /opt/airflow/dags/stock_pipeline_dag.py took 0.545 seconds
[2025-09-07T09:22:47.143+0000] {processor.py:161} INFO - Started process (PID=965) to work on /opt/airflow/dags/stock_pipeline_dag.py
[2025-09-07T09:22:47.147+0000] {processor.py:830} INFO - Processing file /opt/airflow/dags/stock_pipeline_dag.py for tasks to queue
[2025-09-07T09:22:47.155+0000] {logging_mixin.py:188} INFO - [2025-09-07T09:22:47.154+0000] {dagbag.py:545} INFO - Filling up the DagBag from /opt/airflow/dags/stock_pipeline_dag.py
[2025-09-07T09:22:47.271+0000] {processor.py:840} INFO - DAG(s) 'stock_pipeline_dag' retrieved from /opt/airflow/dags/stock_pipeline_dag.py
[2025-09-07T09:22:47.404+0000] {logging_mixin.py:188} INFO - [2025-09-07T09:22:47.403+0000] {dag.py:3096} INFO - Sync 1 DAGs
[2025-09-07T09:22:47.471+0000] {logging_mixin.py:188} INFO - [2025-09-07T09:22:47.471+0000] {dag.py:3954} INFO - Setting next_dagrun for stock_pipeline_dag to 2025-09-07 09:00:00+00:00, run_after=2025-09-07 10:00:00+00:00
[2025-09-07T09:22:47.522+0000] {processor.py:183} INFO - Processing /opt/airflow/dags/stock_pipeline_dag.py took 0.409 seconds
[2025-09-07T09:23:17.944+0000] {processor.py:161} INFO - Started process (PID=970) to work on /opt/airflow/dags/stock_pipeline_dag.py
[2025-09-07T09:23:17.952+0000] {processor.py:830} INFO - Processing file /opt/airflow/dags/stock_pipeline_dag.py for tasks to queue
[2025-09-07T09:23:17.960+0000] {logging_mixin.py:188} INFO - [2025-09-07T09:23:17.959+0000] {dagbag.py:545} INFO - Filling up the DagBag from /opt/airflow/dags/stock_pipeline_dag.py
[2025-09-07T09:23:18.067+0000] {processor.py:840} INFO - DAG(s) 'stock_pipeline_dag' retrieved from /opt/airflow/dags/stock_pipeline_dag.py
[2025-09-07T09:23:18.165+0000] {logging_mixin.py:188} INFO - [2025-09-07T09:23:18.164+0000] {dag.py:3096} INFO - Sync 1 DAGs
[2025-09-07T09:23:18.199+0000] {logging_mixin.py:188} INFO - [2025-09-07T09:23:18.199+0000] {dag.py:3954} INFO - Setting next_dagrun for stock_pipeline_dag to 2025-09-07 09:00:00+00:00, run_after=2025-09-07 10:00:00+00:00
[2025-09-07T09:23:18.233+0000] {processor.py:183} INFO - Processing /opt/airflow/dags/stock_pipeline_dag.py took 0.322 seconds
[2025-09-07T09:23:48.543+0000] {processor.py:161} INFO - Started process (PID=975) to work on /opt/airflow/dags/stock_pipeline_dag.py
[2025-09-07T09:23:48.545+0000] {processor.py:830} INFO - Processing file /opt/airflow/dags/stock_pipeline_dag.py for tasks to queue
[2025-09-07T09:23:48.553+0000] {logging_mixin.py:188} INFO - [2025-09-07T09:23:48.552+0000] {dagbag.py:545} INFO - Filling up the DagBag from /opt/airflow/dags/stock_pipeline_dag.py
[2025-09-07T09:23:48.605+0000] {processor.py:840} INFO - DAG(s) 'stock_pipeline_dag' retrieved from /opt/airflow/dags/stock_pipeline_dag.py
[2025-09-07T09:23:48.686+0000] {logging_mixin.py:188} INFO - [2025-09-07T09:23:48.685+0000] {dag.py:3096} INFO - Sync 1 DAGs
[2025-09-07T09:23:48.763+0000] {logging_mixin.py:188} INFO - [2025-09-07T09:23:48.762+0000] {dag.py:3954} INFO - Setting next_dagrun for stock_pipeline_dag to 2025-09-07 09:00:00+00:00, run_after=2025-09-07 10:00:00+00:00
[2025-09-07T09:23:48.822+0000] {processor.py:183} INFO - Processing /opt/airflow/dags/stock_pipeline_dag.py took 0.296 seconds
[2025-09-07T09:24:19.304+0000] {processor.py:161} INFO - Started process (PID=980) to work on /opt/airflow/dags/stock_pipeline_dag.py
[2025-09-07T09:24:19.308+0000] {processor.py:830} INFO - Processing file /opt/airflow/dags/stock_pipeline_dag.py for tasks to queue
[2025-09-07T09:24:19.316+0000] {logging_mixin.py:188} INFO - [2025-09-07T09:24:19.315+0000] {dagbag.py:545} INFO - Filling up the DagBag from /opt/airflow/dags/stock_pipeline_dag.py
[2025-09-07T09:24:19.423+0000] {processor.py:840} INFO - DAG(s) 'stock_pipeline_dag' retrieved from /opt/airflow/dags/stock_pipeline_dag.py
[2025-09-07T09:24:19.490+0000] {logging_mixin.py:188} INFO - [2025-09-07T09:24:19.490+0000] {dag.py:3096} INFO - Sync 1 DAGs
[2025-09-07T09:24:19.551+0000] {logging_mixin.py:188} INFO - [2025-09-07T09:24:19.551+0000] {dag.py:3954} INFO - Setting next_dagrun for stock_pipeline_dag to 2025-09-07 09:00:00+00:00, run_after=2025-09-07 10:00:00+00:00
[2025-09-07T09:24:19.605+0000] {processor.py:183} INFO - Processing /opt/airflow/dags/stock_pipeline_dag.py took 0.327 seconds
[2025-09-07T09:24:49.826+0000] {processor.py:161} INFO - Started process (PID=985) to work on /opt/airflow/dags/stock_pipeline_dag.py
[2025-09-07T09:24:49.829+0000] {processor.py:830} INFO - Processing file /opt/airflow/dags/stock_pipeline_dag.py for tasks to queue
[2025-09-07T09:24:49.833+0000] {logging_mixin.py:188} INFO - [2025-09-07T09:24:49.833+0000] {dagbag.py:545} INFO - Filling up the DagBag from /opt/airflow/dags/stock_pipeline_dag.py
[2025-09-07T09:24:49.886+0000] {processor.py:840} INFO - DAG(s) 'stock_pipeline_dag' retrieved from /opt/airflow/dags/stock_pipeline_dag.py
[2025-09-07T09:24:49.953+0000] {logging_mixin.py:188} INFO - [2025-09-07T09:24:49.953+0000] {dag.py:3096} INFO - Sync 1 DAGs
[2025-09-07T09:24:50.010+0000] {logging_mixin.py:188} INFO - [2025-09-07T09:24:50.010+0000] {dag.py:3954} INFO - Setting next_dagrun for stock_pipeline_dag to 2025-09-07 09:00:00+00:00, run_after=2025-09-07 10:00:00+00:00
[2025-09-07T09:24:50.063+0000] {processor.py:183} INFO - Processing /opt/airflow/dags/stock_pipeline_dag.py took 0.255 seconds
[2025-09-07T09:25:20.650+0000] {processor.py:161} INFO - Started process (PID=990) to work on /opt/airflow/dags/stock_pipeline_dag.py
[2025-09-07T09:25:20.655+0000] {processor.py:830} INFO - Processing file /opt/airflow/dags/stock_pipeline_dag.py for tasks to queue
[2025-09-07T09:25:20.662+0000] {logging_mixin.py:188} INFO - [2025-09-07T09:25:20.661+0000] {dagbag.py:545} INFO - Filling up the DagBag from /opt/airflow/dags/stock_pipeline_dag.py
[2025-09-07T09:25:20.775+0000] {processor.py:840} INFO - DAG(s) 'stock_pipeline_dag' retrieved from /opt/airflow/dags/stock_pipeline_dag.py
[2025-09-07T09:25:20.898+0000] {logging_mixin.py:188} INFO - [2025-09-07T09:25:20.897+0000] {dag.py:3096} INFO - Sync 1 DAGs
[2025-09-07T09:25:20.942+0000] {logging_mixin.py:188} INFO - [2025-09-07T09:25:20.941+0000] {dag.py:3954} INFO - Setting next_dagrun for stock_pipeline_dag to 2025-09-07 09:00:00+00:00, run_after=2025-09-07 10:00:00+00:00
[2025-09-07T09:25:20.991+0000] {processor.py:183} INFO - Processing /opt/airflow/dags/stock_pipeline_dag.py took 0.368 seconds
[2025-09-07T09:25:51.821+0000] {processor.py:161} INFO - Started process (PID=995) to work on /opt/airflow/dags/stock_pipeline_dag.py
[2025-09-07T09:25:51.825+0000] {processor.py:830} INFO - Processing file /opt/airflow/dags/stock_pipeline_dag.py for tasks to queue
[2025-09-07T09:25:51.834+0000] {logging_mixin.py:188} INFO - [2025-09-07T09:25:51.831+0000] {dagbag.py:545} INFO - Filling up the DagBag from /opt/airflow/dags/stock_pipeline_dag.py
[2025-09-07T09:25:51.939+0000] {processor.py:840} INFO - DAG(s) 'stock_pipeline_dag' retrieved from /opt/airflow/dags/stock_pipeline_dag.py
[2025-09-07T09:25:52.057+0000] {logging_mixin.py:188} INFO - [2025-09-07T09:25:52.056+0000] {dag.py:3096} INFO - Sync 1 DAGs
[2025-09-07T09:25:52.168+0000] {logging_mixin.py:188} INFO - [2025-09-07T09:25:52.167+0000] {dag.py:3954} INFO - Setting next_dagrun for stock_pipeline_dag to 2025-09-07 09:00:00+00:00, run_after=2025-09-07 10:00:00+00:00
[2025-09-07T09:25:52.258+0000] {processor.py:183} INFO - Processing /opt/airflow/dags/stock_pipeline_dag.py took 0.470 seconds
[2025-09-07T09:26:22.469+0000] {processor.py:161} INFO - Started process (PID=1000) to work on /opt/airflow/dags/stock_pipeline_dag.py
[2025-09-07T09:26:22.473+0000] {processor.py:830} INFO - Processing file /opt/airflow/dags/stock_pipeline_dag.py for tasks to queue
[2025-09-07T09:26:22.482+0000] {logging_mixin.py:188} INFO - [2025-09-07T09:26:22.480+0000] {dagbag.py:545} INFO - Filling up the DagBag from /opt/airflow/dags/stock_pipeline_dag.py
[2025-09-07T09:26:22.594+0000] {processor.py:840} INFO - DAG(s) 'stock_pipeline_dag' retrieved from /opt/airflow/dags/stock_pipeline_dag.py
[2025-09-07T09:26:22.714+0000] {logging_mixin.py:188} INFO - [2025-09-07T09:26:22.713+0000] {dag.py:3096} INFO - Sync 1 DAGs
[2025-09-07T09:26:22.768+0000] {logging_mixin.py:188} INFO - [2025-09-07T09:26:22.767+0000] {dag.py:3954} INFO - Setting next_dagrun for stock_pipeline_dag to 2025-09-07 09:00:00+00:00, run_after=2025-09-07 10:00:00+00:00
[2025-09-07T09:26:22.820+0000] {processor.py:183} INFO - Processing /opt/airflow/dags/stock_pipeline_dag.py took 0.378 seconds
[2025-09-07T09:26:53.230+0000] {processor.py:161} INFO - Started process (PID=1005) to work on /opt/airflow/dags/stock_pipeline_dag.py
[2025-09-07T09:26:53.236+0000] {processor.py:830} INFO - Processing file /opt/airflow/dags/stock_pipeline_dag.py for tasks to queue
[2025-09-07T09:26:53.249+0000] {logging_mixin.py:188} INFO - [2025-09-07T09:26:53.246+0000] {dagbag.py:545} INFO - Filling up the DagBag from /opt/airflow/dags/stock_pipeline_dag.py
[2025-09-07T09:26:53.381+0000] {processor.py:840} INFO - DAG(s) 'stock_pipeline_dag' retrieved from /opt/airflow/dags/stock_pipeline_dag.py
[2025-09-07T09:26:53.457+0000] {logging_mixin.py:188} INFO - [2025-09-07T09:26:53.456+0000] {dag.py:3096} INFO - Sync 1 DAGs
[2025-09-07T09:26:53.503+0000] {logging_mixin.py:188} INFO - [2025-09-07T09:26:53.502+0000] {dag.py:3954} INFO - Setting next_dagrun for stock_pipeline_dag to 2025-09-07 09:00:00+00:00, run_after=2025-09-07 10:00:00+00:00
[2025-09-07T09:26:53.569+0000] {processor.py:183} INFO - Processing /opt/airflow/dags/stock_pipeline_dag.py took 0.377 seconds
[2025-09-07T09:27:23.794+0000] {processor.py:161} INFO - Started process (PID=1010) to work on /opt/airflow/dags/stock_pipeline_dag.py
[2025-09-07T09:27:23.796+0000] {processor.py:830} INFO - Processing file /opt/airflow/dags/stock_pipeline_dag.py for tasks to queue
[2025-09-07T09:27:23.799+0000] {logging_mixin.py:188} INFO - [2025-09-07T09:27:23.798+0000] {dagbag.py:545} INFO - Filling up the DagBag from /opt/airflow/dags/stock_pipeline_dag.py
[2025-09-07T09:27:23.853+0000] {processor.py:840} INFO - DAG(s) 'stock_pipeline_dag' retrieved from /opt/airflow/dags/stock_pipeline_dag.py
[2025-09-07T09:27:23.903+0000] {logging_mixin.py:188} INFO - [2025-09-07T09:27:23.902+0000] {dag.py:3096} INFO - Sync 1 DAGs
[2025-09-07T09:27:23.945+0000] {logging_mixin.py:188} INFO - [2025-09-07T09:27:23.944+0000] {dag.py:3954} INFO - Setting next_dagrun for stock_pipeline_dag to 2025-09-07 09:00:00+00:00, run_after=2025-09-07 10:00:00+00:00
[2025-09-07T09:27:24.017+0000] {processor.py:183} INFO - Processing /opt/airflow/dags/stock_pipeline_dag.py took 0.236 seconds
[2025-09-07T09:27:54.442+0000] {processor.py:161} INFO - Started process (PID=1015) to work on /opt/airflow/dags/stock_pipeline_dag.py
[2025-09-07T09:27:54.449+0000] {processor.py:830} INFO - Processing file /opt/airflow/dags/stock_pipeline_dag.py for tasks to queue
[2025-09-07T09:27:54.458+0000] {logging_mixin.py:188} INFO - [2025-09-07T09:27:54.456+0000] {dagbag.py:545} INFO - Filling up the DagBag from /opt/airflow/dags/stock_pipeline_dag.py
[2025-09-07T09:27:54.580+0000] {processor.py:840} INFO - DAG(s) 'stock_pipeline_dag' retrieved from /opt/airflow/dags/stock_pipeline_dag.py
[2025-09-07T09:27:54.710+0000] {logging_mixin.py:188} INFO - [2025-09-07T09:27:54.709+0000] {dag.py:3096} INFO - Sync 1 DAGs
[2025-09-07T09:27:54.822+0000] {logging_mixin.py:188} INFO - [2025-09-07T09:27:54.822+0000] {dag.py:3954} INFO - Setting next_dagrun for stock_pipeline_dag to 2025-09-07 09:00:00+00:00, run_after=2025-09-07 10:00:00+00:00
[2025-09-07T09:27:54.910+0000] {processor.py:183} INFO - Processing /opt/airflow/dags/stock_pipeline_dag.py took 0.498 seconds
[2025-09-07T09:28:25.498+0000] {processor.py:161} INFO - Started process (PID=1020) to work on /opt/airflow/dags/stock_pipeline_dag.py
[2025-09-07T09:28:25.500+0000] {processor.py:830} INFO - Processing file /opt/airflow/dags/stock_pipeline_dag.py for tasks to queue
[2025-09-07T09:28:25.504+0000] {logging_mixin.py:188} INFO - [2025-09-07T09:28:25.503+0000] {dagbag.py:545} INFO - Filling up the DagBag from /opt/airflow/dags/stock_pipeline_dag.py
[2025-09-07T09:28:25.562+0000] {processor.py:840} INFO - DAG(s) 'stock_pipeline_dag' retrieved from /opt/airflow/dags/stock_pipeline_dag.py
[2025-09-07T09:28:25.616+0000] {logging_mixin.py:188} INFO - [2025-09-07T09:28:25.616+0000] {dag.py:3096} INFO - Sync 1 DAGs
[2025-09-07T09:28:25.666+0000] {logging_mixin.py:188} INFO - [2025-09-07T09:28:25.665+0000] {dag.py:3954} INFO - Setting next_dagrun for stock_pipeline_dag to 2025-09-07 09:00:00+00:00, run_after=2025-09-07 10:00:00+00:00
[2025-09-07T09:28:25.705+0000] {processor.py:183} INFO - Processing /opt/airflow/dags/stock_pipeline_dag.py took 0.227 seconds
[2025-09-07T09:28:56.024+0000] {processor.py:161} INFO - Started process (PID=1025) to work on /opt/airflow/dags/stock_pipeline_dag.py
[2025-09-07T09:28:56.028+0000] {processor.py:830} INFO - Processing file /opt/airflow/dags/stock_pipeline_dag.py for tasks to queue
[2025-09-07T09:28:56.037+0000] {logging_mixin.py:188} INFO - [2025-09-07T09:28:56.036+0000] {dagbag.py:545} INFO - Filling up the DagBag from /opt/airflow/dags/stock_pipeline_dag.py
[2025-09-07T09:28:56.181+0000] {processor.py:840} INFO - DAG(s) 'stock_pipeline_dag' retrieved from /opt/airflow/dags/stock_pipeline_dag.py
[2025-09-07T09:28:56.315+0000] {logging_mixin.py:188} INFO - [2025-09-07T09:28:56.314+0000] {dag.py:3096} INFO - Sync 1 DAGs
[2025-09-07T09:28:56.418+0000] {logging_mixin.py:188} INFO - [2025-09-07T09:28:56.417+0000] {dag.py:3954} INFO - Setting next_dagrun for stock_pipeline_dag to 2025-09-07 09:00:00+00:00, run_after=2025-09-07 10:00:00+00:00
[2025-09-07T09:28:56.509+0000] {processor.py:183} INFO - Processing /opt/airflow/dags/stock_pipeline_dag.py took 0.517 seconds
[2025-09-07T09:29:26.954+0000] {processor.py:161} INFO - Started process (PID=1030) to work on /opt/airflow/dags/stock_pipeline_dag.py
[2025-09-07T09:29:26.956+0000] {processor.py:830} INFO - Processing file /opt/airflow/dags/stock_pipeline_dag.py for tasks to queue
[2025-09-07T09:29:26.960+0000] {logging_mixin.py:188} INFO - [2025-09-07T09:29:26.959+0000] {dagbag.py:545} INFO - Filling up the DagBag from /opt/airflow/dags/stock_pipeline_dag.py
[2025-09-07T09:29:27.020+0000] {processor.py:840} INFO - DAG(s) 'stock_pipeline_dag' retrieved from /opt/airflow/dags/stock_pipeline_dag.py
[2025-09-07T09:29:27.085+0000] {logging_mixin.py:188} INFO - [2025-09-07T09:29:27.084+0000] {dag.py:3096} INFO - Sync 1 DAGs
[2025-09-07T09:29:27.133+0000] {logging_mixin.py:188} INFO - [2025-09-07T09:29:27.133+0000] {dag.py:3954} INFO - Setting next_dagrun for stock_pipeline_dag to 2025-09-07 09:00:00+00:00, run_after=2025-09-07 10:00:00+00:00
[2025-09-07T09:29:27.179+0000] {processor.py:183} INFO - Processing /opt/airflow/dags/stock_pipeline_dag.py took 0.237 seconds
[2025-09-07T09:29:44.365+0000] {processor.py:161} INFO - Started process (PID=1035) to work on /opt/airflow/dags/stock_pipeline_dag.py
[2025-09-07T09:29:44.370+0000] {processor.py:830} INFO - Processing file /opt/airflow/dags/stock_pipeline_dag.py for tasks to queue
[2025-09-07T09:29:44.377+0000] {logging_mixin.py:188} INFO - [2025-09-07T09:29:44.376+0000] {dagbag.py:545} INFO - Filling up the DagBag from /opt/airflow/dags/stock_pipeline_dag.py
[2025-09-07T09:29:44.555+0000] {processor.py:840} INFO - DAG(s) 'stock_pipeline_dag' retrieved from /opt/airflow/dags/stock_pipeline_dag.py
[2025-09-07T09:29:44.674+0000] {logging_mixin.py:188} INFO - [2025-09-07T09:29:44.673+0000] {dag.py:3096} INFO - Sync 1 DAGs
[2025-09-07T09:29:44.724+0000] {logging_mixin.py:188} INFO - [2025-09-07T09:29:44.723+0000] {dag.py:3954} INFO - Setting next_dagrun for stock_pipeline_dag to 2025-09-07 09:00:00+00:00, run_after=2025-09-07 10:00:00+00:00
[2025-09-07T09:29:44.788+0000] {processor.py:183} INFO - Processing /opt/airflow/dags/stock_pipeline_dag.py took 0.450 seconds
[2025-09-07T09:29:45.703+0000] {processor.py:161} INFO - Started process (PID=1040) to work on /opt/airflow/dags/stock_pipeline_dag.py
[2025-09-07T09:29:45.707+0000] {processor.py:830} INFO - Processing file /opt/airflow/dags/stock_pipeline_dag.py for tasks to queue
[2025-09-07T09:29:45.715+0000] {logging_mixin.py:188} INFO - [2025-09-07T09:29:45.713+0000] {dagbag.py:545} INFO - Filling up the DagBag from /opt/airflow/dags/stock_pipeline_dag.py
[2025-09-07T09:29:45.845+0000] {processor.py:840} INFO - DAG(s) 'stock_pipeline_dag' retrieved from /opt/airflow/dags/stock_pipeline_dag.py
[2025-09-07T09:29:45.997+0000] {logging_mixin.py:188} INFO - [2025-09-07T09:29:45.996+0000] {dag.py:3096} INFO - Sync 1 DAGs
[2025-09-07T09:29:46.129+0000] {logging_mixin.py:188} INFO - [2025-09-07T09:29:46.128+0000] {dag.py:3954} INFO - Setting next_dagrun for stock_pipeline_dag to 2025-09-07 09:00:00+00:00, run_after=2025-09-07 10:00:00+00:00
[2025-09-07T09:29:46.259+0000] {processor.py:183} INFO - Processing /opt/airflow/dags/stock_pipeline_dag.py took 0.586 seconds
[2025-09-07T09:30:16.842+0000] {processor.py:161} INFO - Started process (PID=1045) to work on /opt/airflow/dags/stock_pipeline_dag.py
[2025-09-07T09:30:16.846+0000] {processor.py:830} INFO - Processing file /opt/airflow/dags/stock_pipeline_dag.py for tasks to queue
[2025-09-07T09:30:16.855+0000] {logging_mixin.py:188} INFO - [2025-09-07T09:30:16.853+0000] {dagbag.py:545} INFO - Filling up the DagBag from /opt/airflow/dags/stock_pipeline_dag.py
[2025-09-07T09:30:16.954+0000] {processor.py:840} INFO - DAG(s) 'stock_pipeline_dag' retrieved from /opt/airflow/dags/stock_pipeline_dag.py
[2025-09-07T09:30:17.093+0000] {logging_mixin.py:188} INFO - [2025-09-07T09:30:17.092+0000] {dag.py:3096} INFO - Sync 1 DAGs
[2025-09-07T09:30:17.185+0000] {logging_mixin.py:188} INFO - [2025-09-07T09:30:17.182+0000] {dag.py:3954} INFO - Setting next_dagrun for stock_pipeline_dag to 2025-09-07 09:00:00+00:00, run_after=2025-09-07 10:00:00+00:00
[2025-09-07T09:30:17.288+0000] {processor.py:183} INFO - Processing /opt/airflow/dags/stock_pipeline_dag.py took 0.477 seconds
[2025-09-07T09:30:48.004+0000] {processor.py:161} INFO - Started process (PID=1050) to work on /opt/airflow/dags/stock_pipeline_dag.py
[2025-09-07T09:30:48.008+0000] {processor.py:830} INFO - Processing file /opt/airflow/dags/stock_pipeline_dag.py for tasks to queue
[2025-09-07T09:30:48.016+0000] {logging_mixin.py:188} INFO - [2025-09-07T09:30:48.015+0000] {dagbag.py:545} INFO - Filling up the DagBag from /opt/airflow/dags/stock_pipeline_dag.py
[2025-09-07T09:30:48.122+0000] {processor.py:840} INFO - DAG(s) 'stock_pipeline_dag' retrieved from /opt/airflow/dags/stock_pipeline_dag.py
[2025-09-07T09:30:48.234+0000] {logging_mixin.py:188} INFO - [2025-09-07T09:30:48.233+0000] {dag.py:3096} INFO - Sync 1 DAGs
[2025-09-07T09:30:48.293+0000] {logging_mixin.py:188} INFO - [2025-09-07T09:30:48.293+0000] {dag.py:3954} INFO - Setting next_dagrun for stock_pipeline_dag to 2025-09-07 09:00:00+00:00, run_after=2025-09-07 10:00:00+00:00
[2025-09-07T09:30:48.344+0000] {processor.py:183} INFO - Processing /opt/airflow/dags/stock_pipeline_dag.py took 0.365 seconds
[2025-09-07T09:30:57.209+0000] {processor.py:161} INFO - Started process (PID=1055) to work on /opt/airflow/dags/stock_pipeline_dag.py
[2025-09-07T09:30:57.214+0000] {processor.py:830} INFO - Processing file /opt/airflow/dags/stock_pipeline_dag.py for tasks to queue
[2025-09-07T09:30:57.224+0000] {logging_mixin.py:188} INFO - [2025-09-07T09:30:57.222+0000] {dagbag.py:545} INFO - Filling up the DagBag from /opt/airflow/dags/stock_pipeline_dag.py
[2025-09-07T09:30:57.428+0000] {processor.py:840} INFO - DAG(s) 'stock_pipeline_dag' retrieved from /opt/airflow/dags/stock_pipeline_dag.py
[2025-09-07T09:30:57.561+0000] {logging_mixin.py:188} INFO - [2025-09-07T09:30:57.560+0000] {dag.py:3096} INFO - Sync 1 DAGs
[2025-09-07T09:30:57.651+0000] {logging_mixin.py:188} INFO - [2025-09-07T09:30:57.651+0000] {dag.py:3954} INFO - Setting next_dagrun for stock_pipeline_dag to 2025-09-07 09:00:00+00:00, run_after=2025-09-07 10:00:00+00:00
[2025-09-07T09:30:57.706+0000] {processor.py:183} INFO - Processing /opt/airflow/dags/stock_pipeline_dag.py took 0.534 seconds
[2025-09-07T09:31:28.116+0000] {processor.py:161} INFO - Started process (PID=1060) to work on /opt/airflow/dags/stock_pipeline_dag.py
[2025-09-07T09:31:28.120+0000] {processor.py:830} INFO - Processing file /opt/airflow/dags/stock_pipeline_dag.py for tasks to queue
[2025-09-07T09:31:28.128+0000] {logging_mixin.py:188} INFO - [2025-09-07T09:31:28.126+0000] {dagbag.py:545} INFO - Filling up the DagBag from /opt/airflow/dags/stock_pipeline_dag.py
[2025-09-07T09:31:28.264+0000] {processor.py:840} INFO - DAG(s) 'stock_pipeline_dag' retrieved from /opt/airflow/dags/stock_pipeline_dag.py
[2025-09-07T09:31:28.416+0000] {logging_mixin.py:188} INFO - [2025-09-07T09:31:28.415+0000] {dag.py:3096} INFO - Sync 1 DAGs
[2025-09-07T09:31:28.473+0000] {logging_mixin.py:188} INFO - [2025-09-07T09:31:28.472+0000] {dag.py:3954} INFO - Setting next_dagrun for stock_pipeline_dag to 2025-09-07 09:00:00+00:00, run_after=2025-09-07 10:00:00+00:00
[2025-09-07T09:31:28.527+0000] {processor.py:183} INFO - Processing /opt/airflow/dags/stock_pipeline_dag.py took 0.439 seconds
[2025-09-07T09:31:58.920+0000] {processor.py:161} INFO - Started process (PID=1065) to work on /opt/airflow/dags/stock_pipeline_dag.py
[2025-09-07T09:31:58.925+0000] {processor.py:830} INFO - Processing file /opt/airflow/dags/stock_pipeline_dag.py for tasks to queue
[2025-09-07T09:31:58.936+0000] {logging_mixin.py:188} INFO - [2025-09-07T09:31:58.934+0000] {dagbag.py:545} INFO - Filling up the DagBag from /opt/airflow/dags/stock_pipeline_dag.py
[2025-09-07T09:31:59.065+0000] {processor.py:840} INFO - DAG(s) 'stock_pipeline_dag' retrieved from /opt/airflow/dags/stock_pipeline_dag.py
[2025-09-07T09:31:59.211+0000] {logging_mixin.py:188} INFO - [2025-09-07T09:31:59.211+0000] {dag.py:3096} INFO - Sync 1 DAGs
[2025-09-07T09:31:59.281+0000] {logging_mixin.py:188} INFO - [2025-09-07T09:31:59.281+0000] {dag.py:3954} INFO - Setting next_dagrun for stock_pipeline_dag to 2025-09-07 09:00:00+00:00, run_after=2025-09-07 10:00:00+00:00
[2025-09-07T09:31:59.336+0000] {processor.py:183} INFO - Processing /opt/airflow/dags/stock_pipeline_dag.py took 0.454 seconds
[2025-09-07T09:32:29.572+0000] {processor.py:161} INFO - Started process (PID=1070) to work on /opt/airflow/dags/stock_pipeline_dag.py
[2025-09-07T09:32:29.574+0000] {processor.py:830} INFO - Processing file /opt/airflow/dags/stock_pipeline_dag.py for tasks to queue
[2025-09-07T09:32:29.578+0000] {logging_mixin.py:188} INFO - [2025-09-07T09:32:29.577+0000] {dagbag.py:545} INFO - Filling up the DagBag from /opt/airflow/dags/stock_pipeline_dag.py
[2025-09-07T09:32:29.636+0000] {processor.py:840} INFO - DAG(s) 'stock_pipeline_dag' retrieved from /opt/airflow/dags/stock_pipeline_dag.py
[2025-09-07T09:32:29.722+0000] {logging_mixin.py:188} INFO - [2025-09-07T09:32:29.722+0000] {dag.py:3096} INFO - Sync 1 DAGs
[2025-09-07T09:32:29.804+0000] {logging_mixin.py:188} INFO - [2025-09-07T09:32:29.803+0000] {dag.py:3954} INFO - Setting next_dagrun for stock_pipeline_dag to 2025-09-07 09:00:00+00:00, run_after=2025-09-07 10:00:00+00:00
[2025-09-07T09:32:29.873+0000] {processor.py:183} INFO - Processing /opt/airflow/dags/stock_pipeline_dag.py took 0.315 seconds
[2025-09-07T09:33:00.347+0000] {processor.py:161} INFO - Started process (PID=1075) to work on /opt/airflow/dags/stock_pipeline_dag.py
[2025-09-07T09:33:00.350+0000] {processor.py:830} INFO - Processing file /opt/airflow/dags/stock_pipeline_dag.py for tasks to queue
[2025-09-07T09:33:00.355+0000] {logging_mixin.py:188} INFO - [2025-09-07T09:33:00.354+0000] {dagbag.py:545} INFO - Filling up the DagBag from /opt/airflow/dags/stock_pipeline_dag.py
[2025-09-07T09:33:00.418+0000] {processor.py:840} INFO - DAG(s) 'stock_pipeline_dag' retrieved from /opt/airflow/dags/stock_pipeline_dag.py
[2025-09-07T09:33:00.492+0000] {logging_mixin.py:188} INFO - [2025-09-07T09:33:00.491+0000] {dag.py:3096} INFO - Sync 1 DAGs
[2025-09-07T09:33:00.576+0000] {logging_mixin.py:188} INFO - [2025-09-07T09:33:00.576+0000] {dag.py:3954} INFO - Setting next_dagrun for stock_pipeline_dag to 2025-09-07 09:00:00+00:00, run_after=2025-09-07 10:00:00+00:00
[2025-09-07T09:33:00.634+0000] {processor.py:183} INFO - Processing /opt/airflow/dags/stock_pipeline_dag.py took 0.302 seconds
[2025-09-07T09:33:31.035+0000] {processor.py:161} INFO - Started process (PID=1080) to work on /opt/airflow/dags/stock_pipeline_dag.py
[2025-09-07T09:33:31.037+0000] {processor.py:830} INFO - Processing file /opt/airflow/dags/stock_pipeline_dag.py for tasks to queue
[2025-09-07T09:33:31.042+0000] {logging_mixin.py:188} INFO - [2025-09-07T09:33:31.041+0000] {dagbag.py:545} INFO - Filling up the DagBag from /opt/airflow/dags/stock_pipeline_dag.py
[2025-09-07T09:33:31.105+0000] {processor.py:840} INFO - DAG(s) 'stock_pipeline_dag' retrieved from /opt/airflow/dags/stock_pipeline_dag.py
[2025-09-07T09:33:31.171+0000] {logging_mixin.py:188} INFO - [2025-09-07T09:33:31.170+0000] {dag.py:3096} INFO - Sync 1 DAGs
[2025-09-07T09:33:31.222+0000] {logging_mixin.py:188} INFO - [2025-09-07T09:33:31.222+0000] {dag.py:3954} INFO - Setting next_dagrun for stock_pipeline_dag to 2025-09-07 09:00:00+00:00, run_after=2025-09-07 10:00:00+00:00
[2025-09-07T09:33:31.272+0000] {processor.py:183} INFO - Processing /opt/airflow/dags/stock_pipeline_dag.py took 0.255 seconds
[2025-09-07T09:34:01.740+0000] {processor.py:161} INFO - Started process (PID=1085) to work on /opt/airflow/dags/stock_pipeline_dag.py
[2025-09-07T09:34:01.743+0000] {processor.py:830} INFO - Processing file /opt/airflow/dags/stock_pipeline_dag.py for tasks to queue
[2025-09-07T09:34:01.746+0000] {logging_mixin.py:188} INFO - [2025-09-07T09:34:01.745+0000] {dagbag.py:545} INFO - Filling up the DagBag from /opt/airflow/dags/stock_pipeline_dag.py
[2025-09-07T09:34:01.799+0000] {processor.py:840} INFO - DAG(s) 'stock_pipeline_dag' retrieved from /opt/airflow/dags/stock_pipeline_dag.py
[2025-09-07T09:34:01.862+0000] {logging_mixin.py:188} INFO - [2025-09-07T09:34:01.861+0000] {dag.py:3096} INFO - Sync 1 DAGs
[2025-09-07T09:34:01.910+0000] {logging_mixin.py:188} INFO - [2025-09-07T09:34:01.909+0000] {dag.py:3954} INFO - Setting next_dagrun for stock_pipeline_dag to 2025-09-07 09:00:00+00:00, run_after=2025-09-07 10:00:00+00:00
[2025-09-07T09:34:01.956+0000] {processor.py:183} INFO - Processing /opt/airflow/dags/stock_pipeline_dag.py took 0.229 seconds
[2025-09-07T09:34:29.163+0000] {processor.py:161} INFO - Started process (PID=1090) to work on /opt/airflow/dags/stock_pipeline_dag.py
[2025-09-07T09:34:29.170+0000] {processor.py:830} INFO - Processing file /opt/airflow/dags/stock_pipeline_dag.py for tasks to queue
[2025-09-07T09:34:29.181+0000] {logging_mixin.py:188} INFO - [2025-09-07T09:34:29.179+0000] {dagbag.py:545} INFO - Filling up the DagBag from /opt/airflow/dags/stock_pipeline_dag.py
[2025-09-07T09:34:29.379+0000] {processor.py:840} INFO - DAG(s) 'stock_pipeline_dag' retrieved from /opt/airflow/dags/stock_pipeline_dag.py
[2025-09-07T09:34:29.486+0000] {logging_mixin.py:188} INFO - [2025-09-07T09:34:29.486+0000] {dag.py:3096} INFO - Sync 1 DAGs
[2025-09-07T09:34:29.563+0000] {logging_mixin.py:188} INFO - [2025-09-07T09:34:29.562+0000] {dag.py:3954} INFO - Setting next_dagrun for stock_pipeline_dag to 2025-09-07 09:00:00+00:00, run_after=2025-09-07 10:00:00+00:00
[2025-09-07T09:34:29.627+0000] {processor.py:183} INFO - Processing /opt/airflow/dags/stock_pipeline_dag.py took 0.499 seconds
[2025-09-07T09:34:59.993+0000] {processor.py:161} INFO - Started process (PID=1095) to work on /opt/airflow/dags/stock_pipeline_dag.py
[2025-09-07T09:34:59.997+0000] {processor.py:830} INFO - Processing file /opt/airflow/dags/stock_pipeline_dag.py for tasks to queue
[2025-09-07T09:35:00.009+0000] {logging_mixin.py:188} INFO - [2025-09-07T09:35:00.006+0000] {dagbag.py:545} INFO - Filling up the DagBag from /opt/airflow/dags/stock_pipeline_dag.py
[2025-09-07T09:35:00.136+0000] {processor.py:840} INFO - DAG(s) 'stock_pipeline_dag' retrieved from /opt/airflow/dags/stock_pipeline_dag.py
[2025-09-07T09:35:00.219+0000] {logging_mixin.py:188} INFO - [2025-09-07T09:35:00.219+0000] {dag.py:3096} INFO - Sync 1 DAGs
[2025-09-07T09:35:00.270+0000] {logging_mixin.py:188} INFO - [2025-09-07T09:35:00.270+0000] {dag.py:3954} INFO - Setting next_dagrun for stock_pipeline_dag to 2025-09-07 09:00:00+00:00, run_after=2025-09-07 10:00:00+00:00
[2025-09-07T09:35:00.316+0000] {processor.py:183} INFO - Processing /opt/airflow/dags/stock_pipeline_dag.py took 0.352 seconds
[2025-09-07T09:35:30.696+0000] {processor.py:161} INFO - Started process (PID=1100) to work on /opt/airflow/dags/stock_pipeline_dag.py
[2025-09-07T09:35:30.699+0000] {processor.py:830} INFO - Processing file /opt/airflow/dags/stock_pipeline_dag.py for tasks to queue
[2025-09-07T09:35:30.704+0000] {logging_mixin.py:188} INFO - [2025-09-07T09:35:30.703+0000] {dagbag.py:545} INFO - Filling up the DagBag from /opt/airflow/dags/stock_pipeline_dag.py
[2025-09-07T09:35:30.770+0000] {processor.py:840} INFO - DAG(s) 'stock_pipeline_dag' retrieved from /opt/airflow/dags/stock_pipeline_dag.py
[2025-09-07T09:35:30.840+0000] {logging_mixin.py:188} INFO - [2025-09-07T09:35:30.840+0000] {dag.py:3096} INFO - Sync 1 DAGs
[2025-09-07T09:35:30.905+0000] {logging_mixin.py:188} INFO - [2025-09-07T09:35:30.904+0000] {dag.py:3954} INFO - Setting next_dagrun for stock_pipeline_dag to 2025-09-07 09:00:00+00:00, run_after=2025-09-07 10:00:00+00:00
[2025-09-07T09:35:30.961+0000] {processor.py:183} INFO - Processing /opt/airflow/dags/stock_pipeline_dag.py took 0.280 seconds
[2025-09-07T09:36:01.170+0000] {processor.py:161} INFO - Started process (PID=1105) to work on /opt/airflow/dags/stock_pipeline_dag.py
[2025-09-07T09:36:01.172+0000] {processor.py:830} INFO - Processing file /opt/airflow/dags/stock_pipeline_dag.py for tasks to queue
[2025-09-07T09:36:01.176+0000] {logging_mixin.py:188} INFO - [2025-09-07T09:36:01.175+0000] {dagbag.py:545} INFO - Filling up the DagBag from /opt/airflow/dags/stock_pipeline_dag.py
[2025-09-07T09:36:01.227+0000] {processor.py:840} INFO - DAG(s) 'stock_pipeline_dag' retrieved from /opt/airflow/dags/stock_pipeline_dag.py
[2025-09-07T09:36:01.282+0000] {logging_mixin.py:188} INFO - [2025-09-07T09:36:01.282+0000] {dag.py:3096} INFO - Sync 1 DAGs
[2025-09-07T09:36:01.329+0000] {logging_mixin.py:188} INFO - [2025-09-07T09:36:01.328+0000] {dag.py:3954} INFO - Setting next_dagrun for stock_pipeline_dag to 2025-09-07 09:00:00+00:00, run_after=2025-09-07 10:00:00+00:00
[2025-09-07T09:36:01.375+0000] {processor.py:183} INFO - Processing /opt/airflow/dags/stock_pipeline_dag.py took 0.220 seconds
[2025-09-07T09:36:31.910+0000] {processor.py:161} INFO - Started process (PID=1110) to work on /opt/airflow/dags/stock_pipeline_dag.py
[2025-09-07T09:36:31.915+0000] {processor.py:830} INFO - Processing file /opt/airflow/dags/stock_pipeline_dag.py for tasks to queue
[2025-09-07T09:36:31.923+0000] {logging_mixin.py:188} INFO - [2025-09-07T09:36:31.921+0000] {dagbag.py:545} INFO - Filling up the DagBag from /opt/airflow/dags/stock_pipeline_dag.py
[2025-09-07T09:36:32.039+0000] {processor.py:840} INFO - DAG(s) 'stock_pipeline_dag' retrieved from /opt/airflow/dags/stock_pipeline_dag.py
[2025-09-07T09:36:32.219+0000] {logging_mixin.py:188} INFO - [2025-09-07T09:36:32.218+0000] {dag.py:3096} INFO - Sync 1 DAGs
[2025-09-07T09:36:32.278+0000] {logging_mixin.py:188} INFO - [2025-09-07T09:36:32.278+0000] {dag.py:3954} INFO - Setting next_dagrun for stock_pipeline_dag to 2025-09-07 09:00:00+00:00, run_after=2025-09-07 10:00:00+00:00
[2025-09-07T09:36:32.330+0000] {processor.py:183} INFO - Processing /opt/airflow/dags/stock_pipeline_dag.py took 0.449 seconds
[2025-09-07T09:37:02.875+0000] {processor.py:161} INFO - Started process (PID=1115) to work on /opt/airflow/dags/stock_pipeline_dag.py
[2025-09-07T09:37:02.879+0000] {processor.py:830} INFO - Processing file /opt/airflow/dags/stock_pipeline_dag.py for tasks to queue
[2025-09-07T09:37:02.887+0000] {logging_mixin.py:188} INFO - [2025-09-07T09:37:02.886+0000] {dagbag.py:545} INFO - Filling up the DagBag from /opt/airflow/dags/stock_pipeline_dag.py
[2025-09-07T09:37:03.000+0000] {processor.py:840} INFO - DAG(s) 'stock_pipeline_dag' retrieved from /opt/airflow/dags/stock_pipeline_dag.py
[2025-09-07T09:37:03.125+0000] {logging_mixin.py:188} INFO - [2025-09-07T09:37:03.124+0000] {dag.py:3096} INFO - Sync 1 DAGs
[2025-09-07T09:37:03.178+0000] {logging_mixin.py:188} INFO - [2025-09-07T09:37:03.178+0000] {dag.py:3954} INFO - Setting next_dagrun for stock_pipeline_dag to 2025-09-07 09:00:00+00:00, run_after=2025-09-07 10:00:00+00:00
[2025-09-07T09:37:03.221+0000] {processor.py:183} INFO - Processing /opt/airflow/dags/stock_pipeline_dag.py took 0.373 seconds
[2025-09-07T09:37:33.771+0000] {processor.py:161} INFO - Started process (PID=1120) to work on /opt/airflow/dags/stock_pipeline_dag.py
[2025-09-07T09:37:33.774+0000] {processor.py:830} INFO - Processing file /opt/airflow/dags/stock_pipeline_dag.py for tasks to queue
[2025-09-07T09:37:33.778+0000] {logging_mixin.py:188} INFO - [2025-09-07T09:37:33.778+0000] {dagbag.py:545} INFO - Filling up the DagBag from /opt/airflow/dags/stock_pipeline_dag.py
[2025-09-07T09:37:33.828+0000] {processor.py:840} INFO - DAG(s) 'stock_pipeline_dag' retrieved from /opt/airflow/dags/stock_pipeline_dag.py
[2025-09-07T09:37:33.873+0000] {logging_mixin.py:188} INFO - [2025-09-07T09:37:33.873+0000] {dag.py:3096} INFO - Sync 1 DAGs
[2025-09-07T09:37:33.917+0000] {logging_mixin.py:188} INFO - [2025-09-07T09:37:33.917+0000] {dag.py:3954} INFO - Setting next_dagrun for stock_pipeline_dag to 2025-09-07 09:00:00+00:00, run_after=2025-09-07 10:00:00+00:00
[2025-09-07T09:37:33.955+0000] {processor.py:183} INFO - Processing /opt/airflow/dags/stock_pipeline_dag.py took 0.206 seconds
[2025-09-07T09:38:04.093+0000] {processor.py:161} INFO - Started process (PID=1125) to work on /opt/airflow/dags/stock_pipeline_dag.py
[2025-09-07T09:38:04.096+0000] {processor.py:830} INFO - Processing file /opt/airflow/dags/stock_pipeline_dag.py for tasks to queue
[2025-09-07T09:38:04.102+0000] {logging_mixin.py:188} INFO - [2025-09-07T09:38:04.101+0000] {dagbag.py:545} INFO - Filling up the DagBag from /opt/airflow/dags/stock_pipeline_dag.py
[2025-09-07T09:38:04.161+0000] {processor.py:840} INFO - DAG(s) 'stock_pipeline_dag' retrieved from /opt/airflow/dags/stock_pipeline_dag.py
[2025-09-07T09:38:04.219+0000] {logging_mixin.py:188} INFO - [2025-09-07T09:38:04.218+0000] {dag.py:3096} INFO - Sync 1 DAGs
[2025-09-07T09:38:04.266+0000] {logging_mixin.py:188} INFO - [2025-09-07T09:38:04.266+0000] {dag.py:3954} INFO - Setting next_dagrun for stock_pipeline_dag to 2025-09-07 09:00:00+00:00, run_after=2025-09-07 10:00:00+00:00
[2025-09-07T09:38:04.314+0000] {processor.py:183} INFO - Processing /opt/airflow/dags/stock_pipeline_dag.py took 0.242 seconds
[2025-09-07T09:38:34.861+0000] {processor.py:161} INFO - Started process (PID=1130) to work on /opt/airflow/dags/stock_pipeline_dag.py
[2025-09-07T09:38:34.864+0000] {processor.py:830} INFO - Processing file /opt/airflow/dags/stock_pipeline_dag.py for tasks to queue
[2025-09-07T09:38:34.870+0000] {logging_mixin.py:188} INFO - [2025-09-07T09:38:34.869+0000] {dagbag.py:545} INFO - Filling up the DagBag from /opt/airflow/dags/stock_pipeline_dag.py
[2025-09-07T09:38:35.004+0000] {processor.py:840} INFO - DAG(s) 'stock_pipeline_dag' retrieved from /opt/airflow/dags/stock_pipeline_dag.py
[2025-09-07T09:38:35.165+0000] {logging_mixin.py:188} INFO - [2025-09-07T09:38:35.164+0000] {dag.py:3096} INFO - Sync 1 DAGs
[2025-09-07T09:38:35.337+0000] {logging_mixin.py:188} INFO - [2025-09-07T09:38:35.336+0000] {dag.py:3954} INFO - Setting next_dagrun for stock_pipeline_dag to 2025-09-07 09:00:00+00:00, run_after=2025-09-07 10:00:00+00:00
[2025-09-07T09:38:35.471+0000] {processor.py:183} INFO - Processing /opt/airflow/dags/stock_pipeline_dag.py took 0.623 seconds
[2025-09-07T09:39:06.066+0000] {processor.py:161} INFO - Started process (PID=1135) to work on /opt/airflow/dags/stock_pipeline_dag.py
[2025-09-07T09:39:06.071+0000] {processor.py:830} INFO - Processing file /opt/airflow/dags/stock_pipeline_dag.py for tasks to queue
[2025-09-07T09:39:06.079+0000] {logging_mixin.py:188} INFO - [2025-09-07T09:39:06.078+0000] {dagbag.py:545} INFO - Filling up the DagBag from /opt/airflow/dags/stock_pipeline_dag.py
[2025-09-07T09:39:06.166+0000] {processor.py:840} INFO - DAG(s) 'stock_pipeline_dag' retrieved from /opt/airflow/dags/stock_pipeline_dag.py
[2025-09-07T09:39:06.226+0000] {logging_mixin.py:188} INFO - [2025-09-07T09:39:06.226+0000] {dag.py:3096} INFO - Sync 1 DAGs
[2025-09-07T09:39:06.271+0000] {logging_mixin.py:188} INFO - [2025-09-07T09:39:06.271+0000] {dag.py:3954} INFO - Setting next_dagrun for stock_pipeline_dag to 2025-09-07 09:00:00+00:00, run_after=2025-09-07 10:00:00+00:00
[2025-09-07T09:39:06.310+0000] {processor.py:183} INFO - Processing /opt/airflow/dags/stock_pipeline_dag.py took 0.275 seconds
[2025-09-07T09:39:36.789+0000] {processor.py:161} INFO - Started process (PID=1140) to work on /opt/airflow/dags/stock_pipeline_dag.py
[2025-09-07T09:39:36.794+0000] {processor.py:830} INFO - Processing file /opt/airflow/dags/stock_pipeline_dag.py for tasks to queue
[2025-09-07T09:39:36.802+0000] {logging_mixin.py:188} INFO - [2025-09-07T09:39:36.800+0000] {dagbag.py:545} INFO - Filling up the DagBag from /opt/airflow/dags/stock_pipeline_dag.py
[2025-09-07T09:39:36.916+0000] {processor.py:840} INFO - DAG(s) 'stock_pipeline_dag' retrieved from /opt/airflow/dags/stock_pipeline_dag.py
[2025-09-07T09:39:37.048+0000] {logging_mixin.py:188} INFO - [2025-09-07T09:39:37.047+0000] {dag.py:3096} INFO - Sync 1 DAGs
[2025-09-07T09:39:37.152+0000] {logging_mixin.py:188} INFO - [2025-09-07T09:39:37.151+0000] {dag.py:3954} INFO - Setting next_dagrun for stock_pipeline_dag to 2025-09-07 09:00:00+00:00, run_after=2025-09-07 10:00:00+00:00
[2025-09-07T09:39:37.250+0000] {processor.py:183} INFO - Processing /opt/airflow/dags/stock_pipeline_dag.py took 0.490 seconds
[2025-09-07T09:40:07.708+0000] {processor.py:161} INFO - Started process (PID=1145) to work on /opt/airflow/dags/stock_pipeline_dag.py
[2025-09-07T09:40:07.711+0000] {processor.py:830} INFO - Processing file /opt/airflow/dags/stock_pipeline_dag.py for tasks to queue
[2025-09-07T09:40:07.716+0000] {logging_mixin.py:188} INFO - [2025-09-07T09:40:07.715+0000] {dagbag.py:545} INFO - Filling up the DagBag from /opt/airflow/dags/stock_pipeline_dag.py
[2025-09-07T09:40:07.775+0000] {processor.py:840} INFO - DAG(s) 'stock_pipeline_dag' retrieved from /opt/airflow/dags/stock_pipeline_dag.py
[2025-09-07T09:40:07.831+0000] {logging_mixin.py:188} INFO - [2025-09-07T09:40:07.830+0000] {dag.py:3096} INFO - Sync 1 DAGs
[2025-09-07T09:40:07.878+0000] {logging_mixin.py:188} INFO - [2025-09-07T09:40:07.878+0000] {dag.py:3954} INFO - Setting next_dagrun for stock_pipeline_dag to 2025-09-07 09:00:00+00:00, run_after=2025-09-07 10:00:00+00:00
[2025-09-07T09:40:07.929+0000] {processor.py:183} INFO - Processing /opt/airflow/dags/stock_pipeline_dag.py took 0.236 seconds
[2025-09-07T09:40:38.406+0000] {processor.py:161} INFO - Started process (PID=1150) to work on /opt/airflow/dags/stock_pipeline_dag.py
[2025-09-07T09:40:38.411+0000] {processor.py:830} INFO - Processing file /opt/airflow/dags/stock_pipeline_dag.py for tasks to queue
[2025-09-07T09:40:38.419+0000] {logging_mixin.py:188} INFO - [2025-09-07T09:40:38.418+0000] {dagbag.py:545} INFO - Filling up the DagBag from /opt/airflow/dags/stock_pipeline_dag.py
[2025-09-07T09:40:38.532+0000] {processor.py:840} INFO - DAG(s) 'stock_pipeline_dag' retrieved from /opt/airflow/dags/stock_pipeline_dag.py
[2025-09-07T09:40:38.673+0000] {logging_mixin.py:188} INFO - [2025-09-07T09:40:38.672+0000] {dag.py:3096} INFO - Sync 1 DAGs
[2025-09-07T09:40:38.757+0000] {logging_mixin.py:188} INFO - [2025-09-07T09:40:38.757+0000] {dag.py:3954} INFO - Setting next_dagrun for stock_pipeline_dag to 2025-09-07 09:00:00+00:00, run_after=2025-09-07 10:00:00+00:00
[2025-09-07T09:40:38.825+0000] {processor.py:183} INFO - Processing /opt/airflow/dags/stock_pipeline_dag.py took 0.446 seconds
[2025-09-07T09:40:49.072+0000] {processor.py:161} INFO - Started process (PID=1155) to work on /opt/airflow/dags/stock_pipeline_dag.py
[2025-09-07T09:40:49.075+0000] {processor.py:830} INFO - Processing file /opt/airflow/dags/stock_pipeline_dag.py for tasks to queue
[2025-09-07T09:40:49.079+0000] {logging_mixin.py:188} INFO - [2025-09-07T09:40:49.078+0000] {dagbag.py:545} INFO - Filling up the DagBag from /opt/airflow/dags/stock_pipeline_dag.py
[2025-09-07T09:40:49.158+0000] {processor.py:840} INFO - DAG(s) 'stock_pipeline_dag' retrieved from /opt/airflow/dags/stock_pipeline_dag.py
[2025-09-07T09:40:49.227+0000] {logging_mixin.py:188} INFO - [2025-09-07T09:40:49.226+0000] {dag.py:3096} INFO - Sync 1 DAGs
[2025-09-07T09:40:49.290+0000] {logging_mixin.py:188} INFO - [2025-09-07T09:40:49.290+0000] {dag.py:3954} INFO - Setting next_dagrun for stock_pipeline_dag to 2025-09-07 09:00:00+00:00, run_after=2025-09-07 10:00:00+00:00
[2025-09-07T09:40:49.365+0000] {processor.py:183} INFO - Processing /opt/airflow/dags/stock_pipeline_dag.py took 0.305 seconds
[2025-09-07T09:42:05.963+0000] {processor.py:161} INFO - Started process (PID=165) to work on /opt/airflow/dags/stock_pipeline_dag.py
[2025-09-07T09:42:05.965+0000] {processor.py:830} INFO - Processing file /opt/airflow/dags/stock_pipeline_dag.py for tasks to queue
[2025-09-07T09:42:05.970+0000] {logging_mixin.py:188} INFO - [2025-09-07T09:42:05.969+0000] {dagbag.py:545} INFO - Filling up the DagBag from /opt/airflow/dags/stock_pipeline_dag.py
[2025-09-07T09:42:06.065+0000] {processor.py:840} INFO - DAG(s) 'stock_pipeline_dag' retrieved from /opt/airflow/dags/stock_pipeline_dag.py
[2025-09-07T09:42:07.095+0000] {logging_mixin.py:188} INFO - [2025-09-07T09:42:06.748+0000] {override.py:1829} INFO - Created Permission View: can read on DAG:stock_pipeline_dag
[2025-09-07T09:42:07.335+0000] {logging_mixin.py:188} INFO - [2025-09-07T09:42:07.333+0000] {override.py:1829} INFO - Created Permission View: can delete on DAG:stock_pipeline_dag
[2025-09-07T09:42:07.358+0000] {logging_mixin.py:188} INFO - [2025-09-07T09:42:07.357+0000] {override.py:1829} INFO - Created Permission View: can edit on DAG:stock_pipeline_dag
[2025-09-07T09:42:07.360+0000] {logging_mixin.py:188} INFO - [2025-09-07T09:42:07.359+0000] {dag.py:3096} INFO - Sync 1 DAGs
[2025-09-07T09:42:07.412+0000] {logging_mixin.py:188} INFO - [2025-09-07T09:42:07.412+0000] {dag.py:3118} INFO - Creating ORM DAG for stock_pipeline_dag
[2025-09-07T09:42:07.509+0000] {logging_mixin.py:188} INFO - [2025-09-07T09:42:07.508+0000] {dag.py:3954} INFO - Setting next_dagrun for stock_pipeline_dag to 2025-09-07 08:00:00+00:00, run_after=2025-09-07 09:00:00+00:00
[2025-09-07T09:42:07.676+0000] {processor.py:183} INFO - Processing /opt/airflow/dags/stock_pipeline_dag.py took 1.729 seconds
[2025-09-07T09:42:38.140+0000] {processor.py:161} INFO - Started process (PID=170) to work on /opt/airflow/dags/stock_pipeline_dag.py
[2025-09-07T09:42:38.145+0000] {processor.py:830} INFO - Processing file /opt/airflow/dags/stock_pipeline_dag.py for tasks to queue
[2025-09-07T09:42:38.155+0000] {logging_mixin.py:188} INFO - [2025-09-07T09:42:38.153+0000] {dagbag.py:545} INFO - Filling up the DagBag from /opt/airflow/dags/stock_pipeline_dag.py
[2025-09-07T09:42:38.278+0000] {processor.py:840} INFO - DAG(s) 'stock_pipeline_dag' retrieved from /opt/airflow/dags/stock_pipeline_dag.py
[2025-09-07T09:42:38.387+0000] {logging_mixin.py:188} INFO - [2025-09-07T09:42:38.387+0000] {dag.py:3096} INFO - Sync 1 DAGs
[2025-09-07T09:42:38.457+0000] {logging_mixin.py:188} INFO - [2025-09-07T09:42:38.456+0000] {dag.py:3954} INFO - Setting next_dagrun for stock_pipeline_dag to 2025-09-07 08:00:00+00:00, run_after=2025-09-07 09:00:00+00:00
[2025-09-07T09:42:38.521+0000] {processor.py:183} INFO - Processing /opt/airflow/dags/stock_pipeline_dag.py took 0.415 seconds
[2025-09-07T09:43:08.791+0000] {processor.py:161} INFO - Started process (PID=175) to work on /opt/airflow/dags/stock_pipeline_dag.py
[2025-09-07T09:43:08.795+0000] {processor.py:830} INFO - Processing file /opt/airflow/dags/stock_pipeline_dag.py for tasks to queue
[2025-09-07T09:43:08.803+0000] {logging_mixin.py:188} INFO - [2025-09-07T09:43:08.802+0000] {dagbag.py:545} INFO - Filling up the DagBag from /opt/airflow/dags/stock_pipeline_dag.py
[2025-09-07T09:43:08.911+0000] {processor.py:840} INFO - DAG(s) 'stock_pipeline_dag' retrieved from /opt/airflow/dags/stock_pipeline_dag.py
[2025-09-07T09:43:09.036+0000] {logging_mixin.py:188} INFO - [2025-09-07T09:43:09.035+0000] {dag.py:3096} INFO - Sync 1 DAGs
[2025-09-07T09:43:09.079+0000] {logging_mixin.py:188} INFO - [2025-09-07T09:43:09.079+0000] {dag.py:3954} INFO - Setting next_dagrun for stock_pipeline_dag to 2025-09-07 08:00:00+00:00, run_after=2025-09-07 09:00:00+00:00
[2025-09-07T09:43:09.121+0000] {processor.py:183} INFO - Processing /opt/airflow/dags/stock_pipeline_dag.py took 0.356 seconds
[2025-09-07T09:43:39.490+0000] {processor.py:161} INFO - Started process (PID=180) to work on /opt/airflow/dags/stock_pipeline_dag.py
[2025-09-07T09:43:39.496+0000] {processor.py:830} INFO - Processing file /opt/airflow/dags/stock_pipeline_dag.py for tasks to queue
[2025-09-07T09:43:39.507+0000] {logging_mixin.py:188} INFO - [2025-09-07T09:43:39.505+0000] {dagbag.py:545} INFO - Filling up the DagBag from /opt/airflow/dags/stock_pipeline_dag.py
[2025-09-07T09:43:39.618+0000] {processor.py:840} INFO - DAG(s) 'stock_pipeline_dag' retrieved from /opt/airflow/dags/stock_pipeline_dag.py
[2025-09-07T09:43:39.697+0000] {logging_mixin.py:188} INFO - [2025-09-07T09:43:39.697+0000] {dag.py:3096} INFO - Sync 1 DAGs
[2025-09-07T09:43:39.757+0000] {logging_mixin.py:188} INFO - [2025-09-07T09:43:39.756+0000] {dag.py:3954} INFO - Setting next_dagrun for stock_pipeline_dag to 2025-09-07 08:00:00+00:00, run_after=2025-09-07 09:00:00+00:00
[2025-09-07T09:43:40.013+0000] {processor.py:183} INFO - Processing /opt/airflow/dags/stock_pipeline_dag.py took 0.554 seconds
[2025-09-07T09:44:10.629+0000] {processor.py:161} INFO - Started process (PID=185) to work on /opt/airflow/dags/stock_pipeline_dag.py
[2025-09-07T09:44:10.635+0000] {processor.py:830} INFO - Processing file /opt/airflow/dags/stock_pipeline_dag.py for tasks to queue
[2025-09-07T09:44:10.652+0000] {logging_mixin.py:188} INFO - [2025-09-07T09:44:10.648+0000] {dagbag.py:545} INFO - Filling up the DagBag from /opt/airflow/dags/stock_pipeline_dag.py
[2025-09-07T09:44:10.787+0000] {processor.py:840} INFO - DAG(s) 'stock_pipeline_dag' retrieved from /opt/airflow/dags/stock_pipeline_dag.py
[2025-09-07T09:44:10.915+0000] {logging_mixin.py:188} INFO - [2025-09-07T09:44:10.915+0000] {dag.py:3096} INFO - Sync 1 DAGs
[2025-09-07T09:44:11.239+0000] {logging_mixin.py:188} INFO - [2025-09-07T09:44:11.238+0000] {dag.py:3954} INFO - Setting next_dagrun for stock_pipeline_dag to 2025-09-07 08:00:00+00:00, run_after=2025-09-07 09:00:00+00:00
[2025-09-07T09:44:11.297+0000] {processor.py:183} INFO - Processing /opt/airflow/dags/stock_pipeline_dag.py took 0.708 seconds
[2025-09-07T09:44:41.833+0000] {processor.py:161} INFO - Started process (PID=190) to work on /opt/airflow/dags/stock_pipeline_dag.py
[2025-09-07T09:44:41.838+0000] {processor.py:830} INFO - Processing file /opt/airflow/dags/stock_pipeline_dag.py for tasks to queue
[2025-09-07T09:44:41.850+0000] {logging_mixin.py:188} INFO - [2025-09-07T09:44:41.848+0000] {dagbag.py:545} INFO - Filling up the DagBag from /opt/airflow/dags/stock_pipeline_dag.py
[2025-09-07T09:44:41.985+0000] {processor.py:840} INFO - DAG(s) 'stock_pipeline_dag' retrieved from /opt/airflow/dags/stock_pipeline_dag.py
[2025-09-07T09:44:42.471+0000] {logging_mixin.py:188} INFO - [2025-09-07T09:44:42.470+0000] {dag.py:3096} INFO - Sync 1 DAGs
[2025-09-07T09:44:42.577+0000] {logging_mixin.py:188} INFO - [2025-09-07T09:44:42.576+0000] {dag.py:3954} INFO - Setting next_dagrun for stock_pipeline_dag to 2025-09-07 08:00:00+00:00, run_after=2025-09-07 09:00:00+00:00
[2025-09-07T09:44:42.667+0000] {processor.py:183} INFO - Processing /opt/airflow/dags/stock_pipeline_dag.py took 0.866 seconds
[2025-09-07T09:45:13.178+0000] {processor.py:161} INFO - Started process (PID=195) to work on /opt/airflow/dags/stock_pipeline_dag.py
[2025-09-07T09:45:13.182+0000] {processor.py:830} INFO - Processing file /opt/airflow/dags/stock_pipeline_dag.py for tasks to queue
[2025-09-07T09:45:13.193+0000] {logging_mixin.py:188} INFO - [2025-09-07T09:45:13.191+0000] {dagbag.py:545} INFO - Filling up the DagBag from /opt/airflow/dags/stock_pipeline_dag.py
[2025-09-07T09:45:13.317+0000] {processor.py:840} INFO - DAG(s) 'stock_pipeline_dag' retrieved from /opt/airflow/dags/stock_pipeline_dag.py
[2025-09-07T09:45:13.399+0000] {logging_mixin.py:188} INFO - [2025-09-07T09:45:13.398+0000] {dag.py:3096} INFO - Sync 1 DAGs
[2025-09-07T09:45:13.465+0000] {logging_mixin.py:188} INFO - [2025-09-07T09:45:13.464+0000] {dag.py:3954} INFO - Setting next_dagrun for stock_pipeline_dag to 2025-09-07 08:00:00+00:00, run_after=2025-09-07 09:00:00+00:00
[2025-09-07T09:45:13.529+0000] {processor.py:183} INFO - Processing /opt/airflow/dags/stock_pipeline_dag.py took 0.377 seconds
[2025-09-07T09:45:44.162+0000] {processor.py:161} INFO - Started process (PID=200) to work on /opt/airflow/dags/stock_pipeline_dag.py
[2025-09-07T09:45:44.166+0000] {processor.py:830} INFO - Processing file /opt/airflow/dags/stock_pipeline_dag.py for tasks to queue
[2025-09-07T09:45:44.175+0000] {logging_mixin.py:188} INFO - [2025-09-07T09:45:44.173+0000] {dagbag.py:545} INFO - Filling up the DagBag from /opt/airflow/dags/stock_pipeline_dag.py
[2025-09-07T09:45:44.291+0000] {processor.py:840} INFO - DAG(s) 'stock_pipeline_dag' retrieved from /opt/airflow/dags/stock_pipeline_dag.py
[2025-09-07T09:45:44.389+0000] {logging_mixin.py:188} INFO - [2025-09-07T09:45:44.388+0000] {dag.py:3096} INFO - Sync 1 DAGs
[2025-09-07T09:45:44.436+0000] {logging_mixin.py:188} INFO - [2025-09-07T09:45:44.435+0000] {dag.py:3954} INFO - Setting next_dagrun for stock_pipeline_dag to 2025-09-07 08:00:00+00:00, run_after=2025-09-07 09:00:00+00:00
[2025-09-07T09:45:44.472+0000] {processor.py:183} INFO - Processing /opt/airflow/dags/stock_pipeline_dag.py took 0.340 seconds
[2025-09-07T09:46:15.056+0000] {processor.py:161} INFO - Started process (PID=205) to work on /opt/airflow/dags/stock_pipeline_dag.py
[2025-09-07T09:46:15.063+0000] {processor.py:830} INFO - Processing file /opt/airflow/dags/stock_pipeline_dag.py for tasks to queue
[2025-09-07T09:46:15.074+0000] {logging_mixin.py:188} INFO - [2025-09-07T09:46:15.071+0000] {dagbag.py:545} INFO - Filling up the DagBag from /opt/airflow/dags/stock_pipeline_dag.py
[2025-09-07T09:46:15.192+0000] {processor.py:840} INFO - DAG(s) 'stock_pipeline_dag' retrieved from /opt/airflow/dags/stock_pipeline_dag.py
[2025-09-07T09:46:15.333+0000] {logging_mixin.py:188} INFO - [2025-09-07T09:46:15.332+0000] {dag.py:3096} INFO - Sync 1 DAGs
[2025-09-07T09:46:15.452+0000] {logging_mixin.py:188} INFO - [2025-09-07T09:46:15.451+0000] {dag.py:3954} INFO - Setting next_dagrun for stock_pipeline_dag to 2025-09-07 08:00:00+00:00, run_after=2025-09-07 09:00:00+00:00
[2025-09-07T09:46:15.522+0000] {processor.py:183} INFO - Processing /opt/airflow/dags/stock_pipeline_dag.py took 0.512 seconds
[2025-09-07T09:46:45.923+0000] {processor.py:161} INFO - Started process (PID=210) to work on /opt/airflow/dags/stock_pipeline_dag.py
[2025-09-07T09:46:45.925+0000] {processor.py:830} INFO - Processing file /opt/airflow/dags/stock_pipeline_dag.py for tasks to queue
[2025-09-07T09:46:45.930+0000] {logging_mixin.py:188} INFO - [2025-09-07T09:46:45.930+0000] {dagbag.py:545} INFO - Filling up the DagBag from /opt/airflow/dags/stock_pipeline_dag.py
[2025-09-07T09:46:45.988+0000] {processor.py:840} INFO - DAG(s) 'stock_pipeline_dag' retrieved from /opt/airflow/dags/stock_pipeline_dag.py
[2025-09-07T09:46:46.060+0000] {logging_mixin.py:188} INFO - [2025-09-07T09:46:46.059+0000] {dag.py:3096} INFO - Sync 1 DAGs
[2025-09-07T09:46:46.116+0000] {logging_mixin.py:188} INFO - [2025-09-07T09:46:46.115+0000] {dag.py:3954} INFO - Setting next_dagrun for stock_pipeline_dag to 2025-09-07 08:00:00+00:00, run_after=2025-09-07 09:00:00+00:00
[2025-09-07T09:46:46.175+0000] {processor.py:183} INFO - Processing /opt/airflow/dags/stock_pipeline_dag.py took 0.264 seconds
[2025-09-07T09:48:03.156+0000] {processor.py:161} INFO - Started process (PID=164) to work on /opt/airflow/dags/stock_pipeline_dag.py
[2025-09-07T09:48:03.158+0000] {processor.py:830} INFO - Processing file /opt/airflow/dags/stock_pipeline_dag.py for tasks to queue
[2025-09-07T09:48:03.161+0000] {logging_mixin.py:188} INFO - [2025-09-07T09:48:03.161+0000] {dagbag.py:545} INFO - Filling up the DagBag from /opt/airflow/dags/stock_pipeline_dag.py
[2025-09-07T09:48:03.219+0000] {processor.py:840} INFO - DAG(s) 'stock_pipeline_dag' retrieved from /opt/airflow/dags/stock_pipeline_dag.py
[2025-09-07T09:48:04.302+0000] {logging_mixin.py:188} INFO - [2025-09-07T09:48:03.978+0000] {override.py:1829} INFO - Created Permission View: can edit on DAG:stock_pipeline_dag
[2025-09-07T09:48:04.326+0000] {logging_mixin.py:188} INFO - [2025-09-07T09:48:04.325+0000] {override.py:1829} INFO - Created Permission View: can read on DAG:stock_pipeline_dag
[2025-09-07T09:48:04.344+0000] {logging_mixin.py:188} INFO - [2025-09-07T09:48:04.343+0000] {override.py:1829} INFO - Created Permission View: can delete on DAG:stock_pipeline_dag
[2025-09-07T09:48:04.345+0000] {logging_mixin.py:188} INFO - [2025-09-07T09:48:04.345+0000] {dag.py:3096} INFO - Sync 1 DAGs
[2025-09-07T09:48:04.365+0000] {logging_mixin.py:188} INFO - [2025-09-07T09:48:04.365+0000] {dag.py:3118} INFO - Creating ORM DAG for stock_pipeline_dag
[2025-09-07T09:48:04.393+0000] {logging_mixin.py:188} INFO - [2025-09-07T09:48:04.393+0000] {dag.py:3954} INFO - Setting next_dagrun for stock_pipeline_dag to 2025-09-07 08:00:00+00:00, run_after=2025-09-07 09:00:00+00:00
[2025-09-07T09:48:04.447+0000] {processor.py:183} INFO - Processing /opt/airflow/dags/stock_pipeline_dag.py took 1.304 seconds
[2025-09-07T09:48:35.016+0000] {processor.py:161} INFO - Started process (PID=169) to work on /opt/airflow/dags/stock_pipeline_dag.py
[2025-09-07T09:48:35.021+0000] {processor.py:830} INFO - Processing file /opt/airflow/dags/stock_pipeline_dag.py for tasks to queue
[2025-09-07T09:48:35.027+0000] {logging_mixin.py:188} INFO - [2025-09-07T09:48:35.025+0000] {dagbag.py:545} INFO - Filling up the DagBag from /opt/airflow/dags/stock_pipeline_dag.py
[2025-09-07T09:48:35.094+0000] {processor.py:840} INFO - DAG(s) 'stock_pipeline_dag' retrieved from /opt/airflow/dags/stock_pipeline_dag.py
[2025-09-07T09:48:35.184+0000] {logging_mixin.py:188} INFO - [2025-09-07T09:48:35.184+0000] {dag.py:3096} INFO - Sync 1 DAGs
[2025-09-07T09:48:35.310+0000] {logging_mixin.py:188} INFO - [2025-09-07T09:48:35.309+0000] {dag.py:3954} INFO - Setting next_dagrun for stock_pipeline_dag to 2025-09-07 08:00:00+00:00, run_after=2025-09-07 09:00:00+00:00
[2025-09-07T09:48:35.416+0000] {processor.py:183} INFO - Processing /opt/airflow/dags/stock_pipeline_dag.py took 0.419 seconds
[2025-09-07T09:49:05.948+0000] {processor.py:161} INFO - Started process (PID=174) to work on /opt/airflow/dags/stock_pipeline_dag.py
[2025-09-07T09:49:05.950+0000] {processor.py:830} INFO - Processing file /opt/airflow/dags/stock_pipeline_dag.py for tasks to queue
[2025-09-07T09:49:05.954+0000] {logging_mixin.py:188} INFO - [2025-09-07T09:49:05.953+0000] {dagbag.py:545} INFO - Filling up the DagBag from /opt/airflow/dags/stock_pipeline_dag.py
[2025-09-07T09:49:06.009+0000] {processor.py:840} INFO - DAG(s) 'stock_pipeline_dag' retrieved from /opt/airflow/dags/stock_pipeline_dag.py
[2025-09-07T09:49:06.076+0000] {logging_mixin.py:188} INFO - [2025-09-07T09:49:06.075+0000] {dag.py:3096} INFO - Sync 1 DAGs
[2025-09-07T09:49:06.125+0000] {logging_mixin.py:188} INFO - [2025-09-07T09:49:06.124+0000] {dag.py:3954} INFO - Setting next_dagrun for stock_pipeline_dag to 2025-09-07 08:00:00+00:00, run_after=2025-09-07 09:00:00+00:00
[2025-09-07T09:49:06.176+0000] {processor.py:183} INFO - Processing /opt/airflow/dags/stock_pipeline_dag.py took 0.242 seconds
[2025-09-07T09:49:36.698+0000] {processor.py:161} INFO - Started process (PID=179) to work on /opt/airflow/dags/stock_pipeline_dag.py
[2025-09-07T09:49:36.704+0000] {processor.py:830} INFO - Processing file /opt/airflow/dags/stock_pipeline_dag.py for tasks to queue
[2025-09-07T09:49:36.716+0000] {logging_mixin.py:188} INFO - [2025-09-07T09:49:36.714+0000] {dagbag.py:545} INFO - Filling up the DagBag from /opt/airflow/dags/stock_pipeline_dag.py
[2025-09-07T09:49:36.818+0000] {processor.py:840} INFO - DAG(s) 'stock_pipeline_dag' retrieved from /opt/airflow/dags/stock_pipeline_dag.py
[2025-09-07T09:49:36.889+0000] {logging_mixin.py:188} INFO - [2025-09-07T09:49:36.889+0000] {dag.py:3096} INFO - Sync 1 DAGs
[2025-09-07T09:49:36.958+0000] {logging_mixin.py:188} INFO - [2025-09-07T09:49:36.958+0000] {dag.py:3954} INFO - Setting next_dagrun for stock_pipeline_dag to 2025-09-07 08:00:00+00:00, run_after=2025-09-07 09:00:00+00:00
[2025-09-07T09:49:37.378+0000] {processor.py:183} INFO - Processing /opt/airflow/dags/stock_pipeline_dag.py took 0.717 seconds
[2025-09-07T09:50:08.018+0000] {processor.py:161} INFO - Started process (PID=184) to work on /opt/airflow/dags/stock_pipeline_dag.py
[2025-09-07T09:50:08.024+0000] {processor.py:830} INFO - Processing file /opt/airflow/dags/stock_pipeline_dag.py for tasks to queue
[2025-09-07T09:50:08.031+0000] {logging_mixin.py:188} INFO - [2025-09-07T09:50:08.030+0000] {dagbag.py:545} INFO - Filling up the DagBag from /opt/airflow/dags/stock_pipeline_dag.py
[2025-09-07T09:50:08.130+0000] {processor.py:840} INFO - DAG(s) 'stock_pipeline_dag' retrieved from /opt/airflow/dags/stock_pipeline_dag.py
[2025-09-07T09:50:08.225+0000] {logging_mixin.py:188} INFO - [2025-09-07T09:50:08.225+0000] {dag.py:3096} INFO - Sync 1 DAGs
[2025-09-07T09:50:08.545+0000] {logging_mixin.py:188} INFO - [2025-09-07T09:50:08.544+0000] {dag.py:3954} INFO - Setting next_dagrun for stock_pipeline_dag to 2025-09-07 08:00:00+00:00, run_after=2025-09-07 09:00:00+00:00
[2025-09-07T09:50:08.596+0000] {processor.py:183} INFO - Processing /opt/airflow/dags/stock_pipeline_dag.py took 0.604 seconds
[2025-09-07T09:50:38.998+0000] {processor.py:161} INFO - Started process (PID=189) to work on /opt/airflow/dags/stock_pipeline_dag.py
[2025-09-07T09:50:39.000+0000] {processor.py:830} INFO - Processing file /opt/airflow/dags/stock_pipeline_dag.py for tasks to queue
[2025-09-07T09:50:39.005+0000] {logging_mixin.py:188} INFO - [2025-09-07T09:50:39.004+0000] {dagbag.py:545} INFO - Filling up the DagBag from /opt/airflow/dags/stock_pipeline_dag.py
[2025-09-07T09:50:39.062+0000] {processor.py:840} INFO - DAG(s) 'stock_pipeline_dag' retrieved from /opt/airflow/dags/stock_pipeline_dag.py
[2025-09-07T09:50:39.330+0000] {logging_mixin.py:188} INFO - [2025-09-07T09:50:39.329+0000] {dag.py:3096} INFO - Sync 1 DAGs
[2025-09-07T09:50:39.366+0000] {logging_mixin.py:188} INFO - [2025-09-07T09:50:39.366+0000] {dag.py:3954} INFO - Setting next_dagrun for stock_pipeline_dag to 2025-09-07 08:00:00+00:00, run_after=2025-09-07 09:00:00+00:00
[2025-09-07T09:50:39.403+0000] {processor.py:183} INFO - Processing /opt/airflow/dags/stock_pipeline_dag.py took 0.420 seconds
[2025-09-07T09:51:10.158+0000] {processor.py:161} INFO - Started process (PID=194) to work on /opt/airflow/dags/stock_pipeline_dag.py
[2025-09-07T09:51:10.161+0000] {processor.py:830} INFO - Processing file /opt/airflow/dags/stock_pipeline_dag.py for tasks to queue
[2025-09-07T09:51:10.168+0000] {logging_mixin.py:188} INFO - [2025-09-07T09:51:10.166+0000] {dagbag.py:545} INFO - Filling up the DagBag from /opt/airflow/dags/stock_pipeline_dag.py
[2025-09-07T09:51:10.241+0000] {processor.py:840} INFO - DAG(s) 'stock_pipeline_dag' retrieved from /opt/airflow/dags/stock_pipeline_dag.py
[2025-09-07T09:51:10.322+0000] {logging_mixin.py:188} INFO - [2025-09-07T09:51:10.322+0000] {dag.py:3096} INFO - Sync 1 DAGs
[2025-09-07T09:51:10.383+0000] {logging_mixin.py:188} INFO - [2025-09-07T09:51:10.383+0000] {dag.py:3954} INFO - Setting next_dagrun for stock_pipeline_dag to 2025-09-07 08:00:00+00:00, run_after=2025-09-07 09:00:00+00:00
[2025-09-07T09:51:10.439+0000] {processor.py:183} INFO - Processing /opt/airflow/dags/stock_pipeline_dag.py took 0.299 seconds
[2025-09-07T09:51:40.565+0000] {processor.py:161} INFO - Started process (PID=199) to work on /opt/airflow/dags/stock_pipeline_dag.py
[2025-09-07T09:51:40.568+0000] {processor.py:830} INFO - Processing file /opt/airflow/dags/stock_pipeline_dag.py for tasks to queue
[2025-09-07T09:51:40.573+0000] {logging_mixin.py:188} INFO - [2025-09-07T09:51:40.572+0000] {dagbag.py:545} INFO - Filling up the DagBag from /opt/airflow/dags/stock_pipeline_dag.py
[2025-09-07T09:51:40.621+0000] {processor.py:840} INFO - DAG(s) 'stock_pipeline_dag' retrieved from /opt/airflow/dags/stock_pipeline_dag.py
[2025-09-07T09:51:40.687+0000] {logging_mixin.py:188} INFO - [2025-09-07T09:51:40.687+0000] {dag.py:3096} INFO - Sync 1 DAGs
[2025-09-07T09:51:40.745+0000] {logging_mixin.py:188} INFO - [2025-09-07T09:51:40.744+0000] {dag.py:3954} INFO - Setting next_dagrun for stock_pipeline_dag to 2025-09-07 08:00:00+00:00, run_after=2025-09-07 09:00:00+00:00
[2025-09-07T09:51:40.789+0000] {processor.py:183} INFO - Processing /opt/airflow/dags/stock_pipeline_dag.py took 0.243 seconds
[2025-09-07T09:52:11.208+0000] {processor.py:161} INFO - Started process (PID=204) to work on /opt/airflow/dags/stock_pipeline_dag.py
[2025-09-07T09:52:11.210+0000] {processor.py:830} INFO - Processing file /opt/airflow/dags/stock_pipeline_dag.py for tasks to queue
[2025-09-07T09:52:11.215+0000] {logging_mixin.py:188} INFO - [2025-09-07T09:52:11.214+0000] {dagbag.py:545} INFO - Filling up the DagBag from /opt/airflow/dags/stock_pipeline_dag.py
[2025-09-07T09:52:11.267+0000] {processor.py:840} INFO - DAG(s) 'stock_pipeline_dag' retrieved from /opt/airflow/dags/stock_pipeline_dag.py
[2025-09-07T09:52:11.316+0000] {logging_mixin.py:188} INFO - [2025-09-07T09:52:11.316+0000] {dag.py:3096} INFO - Sync 1 DAGs
[2025-09-07T09:52:11.358+0000] {logging_mixin.py:188} INFO - [2025-09-07T09:52:11.358+0000] {dag.py:3954} INFO - Setting next_dagrun for stock_pipeline_dag to 2025-09-07 08:00:00+00:00, run_after=2025-09-07 09:00:00+00:00
[2025-09-07T09:52:11.406+0000] {processor.py:183} INFO - Processing /opt/airflow/dags/stock_pipeline_dag.py took 0.214 seconds
[2025-09-07T09:52:41.736+0000] {processor.py:161} INFO - Started process (PID=209) to work on /opt/airflow/dags/stock_pipeline_dag.py
[2025-09-07T09:52:41.740+0000] {processor.py:830} INFO - Processing file /opt/airflow/dags/stock_pipeline_dag.py for tasks to queue
[2025-09-07T09:52:41.749+0000] {logging_mixin.py:188} INFO - [2025-09-07T09:52:41.748+0000] {dagbag.py:545} INFO - Filling up the DagBag from /opt/airflow/dags/stock_pipeline_dag.py
[2025-09-07T09:52:41.853+0000] {processor.py:840} INFO - DAG(s) 'stock_pipeline_dag' retrieved from /opt/airflow/dags/stock_pipeline_dag.py
[2025-09-07T09:52:41.962+0000] {logging_mixin.py:188} INFO - [2025-09-07T09:52:41.961+0000] {dag.py:3096} INFO - Sync 1 DAGs
[2025-09-07T09:52:42.047+0000] {logging_mixin.py:188} INFO - [2025-09-07T09:52:42.046+0000] {dag.py:3954} INFO - Setting next_dagrun for stock_pipeline_dag to 2025-09-07 08:00:00+00:00, run_after=2025-09-07 09:00:00+00:00
[2025-09-07T09:52:42.125+0000] {processor.py:183} INFO - Processing /opt/airflow/dags/stock_pipeline_dag.py took 0.422 seconds
[2025-09-07T09:53:12.599+0000] {processor.py:161} INFO - Started process (PID=214) to work on /opt/airflow/dags/stock_pipeline_dag.py
[2025-09-07T09:53:12.604+0000] {processor.py:830} INFO - Processing file /opt/airflow/dags/stock_pipeline_dag.py for tasks to queue
[2025-09-07T09:53:12.612+0000] {logging_mixin.py:188} INFO - [2025-09-07T09:53:12.610+0000] {dagbag.py:545} INFO - Filling up the DagBag from /opt/airflow/dags/stock_pipeline_dag.py
[2025-09-07T09:53:12.727+0000] {processor.py:840} INFO - DAG(s) 'stock_pipeline_dag' retrieved from /opt/airflow/dags/stock_pipeline_dag.py
[2025-09-07T09:53:12.841+0000] {logging_mixin.py:188} INFO - [2025-09-07T09:53:12.840+0000] {dag.py:3096} INFO - Sync 1 DAGs
[2025-09-07T09:53:12.881+0000] {logging_mixin.py:188} INFO - [2025-09-07T09:53:12.881+0000] {dag.py:3954} INFO - Setting next_dagrun for stock_pipeline_dag to 2025-09-07 08:00:00+00:00, run_after=2025-09-07 09:00:00+00:00
[2025-09-07T09:53:12.928+0000] {processor.py:183} INFO - Processing /opt/airflow/dags/stock_pipeline_dag.py took 0.353 seconds
[2025-09-07T09:53:43.411+0000] {processor.py:161} INFO - Started process (PID=219) to work on /opt/airflow/dags/stock_pipeline_dag.py
[2025-09-07T09:53:43.416+0000] {processor.py:830} INFO - Processing file /opt/airflow/dags/stock_pipeline_dag.py for tasks to queue
[2025-09-07T09:53:43.428+0000] {logging_mixin.py:188} INFO - [2025-09-07T09:53:43.426+0000] {dagbag.py:545} INFO - Filling up the DagBag from /opt/airflow/dags/stock_pipeline_dag.py
[2025-09-07T09:53:43.515+0000] {processor.py:840} INFO - DAG(s) 'stock_pipeline_dag' retrieved from /opt/airflow/dags/stock_pipeline_dag.py
[2025-09-07T09:53:43.585+0000] {logging_mixin.py:188} INFO - [2025-09-07T09:53:43.584+0000] {dag.py:3096} INFO - Sync 1 DAGs
[2025-09-07T09:53:43.638+0000] {logging_mixin.py:188} INFO - [2025-09-07T09:53:43.638+0000] {dag.py:3954} INFO - Setting next_dagrun for stock_pipeline_dag to 2025-09-07 08:00:00+00:00, run_after=2025-09-07 09:00:00+00:00
[2025-09-07T09:53:43.696+0000] {processor.py:183} INFO - Processing /opt/airflow/dags/stock_pipeline_dag.py took 0.324 seconds
[2025-09-07T09:54:14.208+0000] {processor.py:161} INFO - Started process (PID=224) to work on /opt/airflow/dags/stock_pipeline_dag.py
[2025-09-07T09:54:14.211+0000] {processor.py:830} INFO - Processing file /opt/airflow/dags/stock_pipeline_dag.py for tasks to queue
[2025-09-07T09:54:14.215+0000] {logging_mixin.py:188} INFO - [2025-09-07T09:54:14.215+0000] {dagbag.py:545} INFO - Filling up the DagBag from /opt/airflow/dags/stock_pipeline_dag.py
[2025-09-07T09:54:14.287+0000] {processor.py:840} INFO - DAG(s) 'stock_pipeline_dag' retrieved from /opt/airflow/dags/stock_pipeline_dag.py
[2025-09-07T09:54:14.361+0000] {logging_mixin.py:188} INFO - [2025-09-07T09:54:14.361+0000] {dag.py:3096} INFO - Sync 1 DAGs
[2025-09-07T09:54:14.418+0000] {logging_mixin.py:188} INFO - [2025-09-07T09:54:14.417+0000] {dag.py:3954} INFO - Setting next_dagrun for stock_pipeline_dag to 2025-09-07 08:00:00+00:00, run_after=2025-09-07 09:00:00+00:00
[2025-09-07T09:54:14.508+0000] {processor.py:183} INFO - Processing /opt/airflow/dags/stock_pipeline_dag.py took 0.314 seconds
[2025-09-07T09:54:15.318+0000] {processor.py:161} INFO - Started process (PID=229) to work on /opt/airflow/dags/stock_pipeline_dag.py
[2025-09-07T09:54:15.323+0000] {processor.py:830} INFO - Processing file /opt/airflow/dags/stock_pipeline_dag.py for tasks to queue
[2025-09-07T09:54:15.331+0000] {logging_mixin.py:188} INFO - [2025-09-07T09:54:15.329+0000] {dagbag.py:545} INFO - Filling up the DagBag from /opt/airflow/dags/stock_pipeline_dag.py
[2025-09-07T09:54:15.495+0000] {processor.py:840} INFO - DAG(s) 'stock_pipeline_dag' retrieved from /opt/airflow/dags/stock_pipeline_dag.py
[2025-09-07T09:54:15.629+0000] {logging_mixin.py:188} INFO - [2025-09-07T09:54:15.628+0000] {dag.py:3096} INFO - Sync 1 DAGs
[2025-09-07T09:54:15.733+0000] {logging_mixin.py:188} INFO - [2025-09-07T09:54:15.733+0000] {dag.py:3954} INFO - Setting next_dagrun for stock_pipeline_dag to 2025-09-07 08:00:00+00:00, run_after=2025-09-07 09:00:00+00:00
[2025-09-07T09:54:15.851+0000] {processor.py:183} INFO - Processing /opt/airflow/dags/stock_pipeline_dag.py took 0.565 seconds
[2025-09-07T09:55:33.303+0000] {processor.py:161} INFO - Started process (PID=164) to work on /opt/airflow/dags/stock_pipeline_dag.py
[2025-09-07T09:55:33.306+0000] {processor.py:830} INFO - Processing file /opt/airflow/dags/stock_pipeline_dag.py for tasks to queue
[2025-09-07T09:55:33.312+0000] {logging_mixin.py:188} INFO - [2025-09-07T09:55:33.311+0000] {dagbag.py:545} INFO - Filling up the DagBag from /opt/airflow/dags/stock_pipeline_dag.py
[2025-09-07T09:55:33.365+0000] {processor.py:840} INFO - DAG(s) 'stock_pipeline_dag' retrieved from /opt/airflow/dags/stock_pipeline_dag.py
[2025-09-07T09:55:33.428+0000] {logging_mixin.py:188} INFO - [2025-09-07T09:55:33.428+0000] {dag.py:3096} INFO - Sync 1 DAGs
[2025-09-07T09:55:33.477+0000] {logging_mixin.py:188} INFO - [2025-09-07T09:55:33.476+0000] {dag.py:3954} INFO - Setting next_dagrun for stock_pipeline_dag to 2025-09-07 08:00:00+00:00, run_after=2025-09-07 09:00:00+00:00
[2025-09-07T09:55:33.520+0000] {processor.py:183} INFO - Processing /opt/airflow/dags/stock_pipeline_dag.py took 0.246 seconds
[2025-09-07T09:56:03.651+0000] {processor.py:161} INFO - Started process (PID=169) to work on /opt/airflow/dags/stock_pipeline_dag.py
[2025-09-07T09:56:03.653+0000] {processor.py:830} INFO - Processing file /opt/airflow/dags/stock_pipeline_dag.py for tasks to queue
[2025-09-07T09:56:03.657+0000] {logging_mixin.py:188} INFO - [2025-09-07T09:56:03.656+0000] {dagbag.py:545} INFO - Filling up the DagBag from /opt/airflow/dags/stock_pipeline_dag.py
[2025-09-07T09:56:03.701+0000] {processor.py:840} INFO - DAG(s) 'stock_pipeline_dag' retrieved from /opt/airflow/dags/stock_pipeline_dag.py
[2025-09-07T09:56:03.912+0000] {logging_mixin.py:188} INFO - [2025-09-07T09:56:03.912+0000] {dag.py:3096} INFO - Sync 1 DAGs
[2025-09-07T09:56:04.150+0000] {logging_mixin.py:188} INFO - [2025-09-07T09:56:04.150+0000] {dag.py:3954} INFO - Setting next_dagrun for stock_pipeline_dag to 2025-09-07 08:00:00+00:00, run_after=2025-09-07 09:00:00+00:00
[2025-09-07T09:56:04.186+0000] {processor.py:183} INFO - Processing /opt/airflow/dags/stock_pipeline_dag.py took 0.545 seconds
[2025-09-07T09:56:34.709+0000] {processor.py:161} INFO - Started process (PID=174) to work on /opt/airflow/dags/stock_pipeline_dag.py
[2025-09-07T09:56:34.714+0000] {processor.py:830} INFO - Processing file /opt/airflow/dags/stock_pipeline_dag.py for tasks to queue
[2025-09-07T09:56:34.724+0000] {logging_mixin.py:188} INFO - [2025-09-07T09:56:34.723+0000] {dagbag.py:545} INFO - Filling up the DagBag from /opt/airflow/dags/stock_pipeline_dag.py
[2025-09-07T09:56:34.859+0000] {processor.py:840} INFO - DAG(s) 'stock_pipeline_dag' retrieved from /opt/airflow/dags/stock_pipeline_dag.py
[2025-09-07T09:56:34.961+0000] {logging_mixin.py:188} INFO - [2025-09-07T09:56:34.960+0000] {dag.py:3096} INFO - Sync 1 DAGs
[2025-09-07T09:56:35.026+0000] {logging_mixin.py:188} INFO - [2025-09-07T09:56:35.025+0000] {dag.py:3954} INFO - Setting next_dagrun for stock_pipeline_dag to 2025-09-07 08:00:00+00:00, run_after=2025-09-07 09:00:00+00:00
[2025-09-07T09:56:35.081+0000] {processor.py:183} INFO - Processing /opt/airflow/dags/stock_pipeline_dag.py took 0.399 seconds
[2025-09-07T09:57:05.655+0000] {processor.py:161} INFO - Started process (PID=179) to work on /opt/airflow/dags/stock_pipeline_dag.py
[2025-09-07T09:57:05.659+0000] {processor.py:830} INFO - Processing file /opt/airflow/dags/stock_pipeline_dag.py for tasks to queue
[2025-09-07T09:57:05.668+0000] {logging_mixin.py:188} INFO - [2025-09-07T09:57:05.666+0000] {dagbag.py:545} INFO - Filling up the DagBag from /opt/airflow/dags/stock_pipeline_dag.py
[2025-09-07T09:57:05.774+0000] {processor.py:840} INFO - DAG(s) 'stock_pipeline_dag' retrieved from /opt/airflow/dags/stock_pipeline_dag.py
[2025-09-07T09:57:05.902+0000] {logging_mixin.py:188} INFO - [2025-09-07T09:57:05.901+0000] {dag.py:3096} INFO - Sync 1 DAGs
[2025-09-07T09:57:05.940+0000] {logging_mixin.py:188} INFO - [2025-09-07T09:57:05.940+0000] {dag.py:3954} INFO - Setting next_dagrun for stock_pipeline_dag to 2025-09-07 08:00:00+00:00, run_after=2025-09-07 09:00:00+00:00
[2025-09-07T09:57:05.996+0000] {processor.py:183} INFO - Processing /opt/airflow/dags/stock_pipeline_dag.py took 0.368 seconds
[2025-09-07T09:57:36.626+0000] {processor.py:161} INFO - Started process (PID=184) to work on /opt/airflow/dags/stock_pipeline_dag.py
[2025-09-07T09:57:36.630+0000] {processor.py:830} INFO - Processing file /opt/airflow/dags/stock_pipeline_dag.py for tasks to queue
[2025-09-07T09:57:36.636+0000] {logging_mixin.py:188} INFO - [2025-09-07T09:57:36.635+0000] {dagbag.py:545} INFO - Filling up the DagBag from /opt/airflow/dags/stock_pipeline_dag.py
[2025-09-07T09:57:36.702+0000] {processor.py:840} INFO - DAG(s) 'stock_pipeline_dag' retrieved from /opt/airflow/dags/stock_pipeline_dag.py
[2025-09-07T09:57:36.772+0000] {logging_mixin.py:188} INFO - [2025-09-07T09:57:36.772+0000] {dag.py:3096} INFO - Sync 1 DAGs
[2025-09-07T09:57:36.834+0000] {logging_mixin.py:188} INFO - [2025-09-07T09:57:36.834+0000] {dag.py:3954} INFO - Setting next_dagrun for stock_pipeline_dag to 2025-09-07 08:00:00+00:00, run_after=2025-09-07 09:00:00+00:00
[2025-09-07T09:57:36.888+0000] {processor.py:183} INFO - Processing /opt/airflow/dags/stock_pipeline_dag.py took 0.295 seconds
[2025-09-07T09:58:07.200+0000] {processor.py:161} INFO - Started process (PID=189) to work on /opt/airflow/dags/stock_pipeline_dag.py
[2025-09-07T09:58:07.202+0000] {processor.py:830} INFO - Processing file /opt/airflow/dags/stock_pipeline_dag.py for tasks to queue
[2025-09-07T09:58:07.206+0000] {logging_mixin.py:188} INFO - [2025-09-07T09:58:07.206+0000] {dagbag.py:545} INFO - Filling up the DagBag from /opt/airflow/dags/stock_pipeline_dag.py
[2025-09-07T09:58:07.269+0000] {processor.py:840} INFO - DAG(s) 'stock_pipeline_dag' retrieved from /opt/airflow/dags/stock_pipeline_dag.py
[2025-09-07T09:58:07.461+0000] {logging_mixin.py:188} INFO - [2025-09-07T09:58:07.451+0000] {dag.py:3096} INFO - Sync 1 DAGs
[2025-09-07T09:58:07.589+0000] {logging_mixin.py:188} INFO - [2025-09-07T09:58:07.588+0000] {dag.py:3954} INFO - Setting next_dagrun for stock_pipeline_dag to 2025-09-07 08:00:00+00:00, run_after=2025-09-07 09:00:00+00:00
[2025-09-07T09:58:07.649+0000] {processor.py:183} INFO - Processing /opt/airflow/dags/stock_pipeline_dag.py took 0.466 seconds
[2025-09-07T09:58:38.109+0000] {processor.py:161} INFO - Started process (PID=194) to work on /opt/airflow/dags/stock_pipeline_dag.py
[2025-09-07T09:58:38.114+0000] {processor.py:830} INFO - Processing file /opt/airflow/dags/stock_pipeline_dag.py for tasks to queue
[2025-09-07T09:58:38.124+0000] {logging_mixin.py:188} INFO - [2025-09-07T09:58:38.122+0000] {dagbag.py:545} INFO - Filling up the DagBag from /opt/airflow/dags/stock_pipeline_dag.py
[2025-09-07T09:58:38.222+0000] {processor.py:840} INFO - DAG(s) 'stock_pipeline_dag' retrieved from /opt/airflow/dags/stock_pipeline_dag.py
[2025-09-07T09:58:38.308+0000] {logging_mixin.py:188} INFO - [2025-09-07T09:58:38.307+0000] {dag.py:3096} INFO - Sync 1 DAGs
[2025-09-07T09:58:38.734+0000] {logging_mixin.py:188} INFO - [2025-09-07T09:58:38.733+0000] {dag.py:3954} INFO - Setting next_dagrun for stock_pipeline_dag to 2025-09-07 08:00:00+00:00, run_after=2025-09-07 09:00:00+00:00
[2025-09-07T09:58:38.775+0000] {processor.py:183} INFO - Processing /opt/airflow/dags/stock_pipeline_dag.py took 0.692 seconds
[2025-09-07T09:59:09.434+0000] {processor.py:161} INFO - Started process (PID=199) to work on /opt/airflow/dags/stock_pipeline_dag.py
[2025-09-07T09:59:09.438+0000] {processor.py:830} INFO - Processing file /opt/airflow/dags/stock_pipeline_dag.py for tasks to queue
[2025-09-07T09:59:09.446+0000] {logging_mixin.py:188} INFO - [2025-09-07T09:59:09.444+0000] {dagbag.py:545} INFO - Filling up the DagBag from /opt/airflow/dags/stock_pipeline_dag.py
[2025-09-07T09:59:09.558+0000] {processor.py:840} INFO - DAG(s) 'stock_pipeline_dag' retrieved from /opt/airflow/dags/stock_pipeline_dag.py
[2025-09-07T09:59:09.638+0000] {logging_mixin.py:188} INFO - [2025-09-07T09:59:09.638+0000] {dag.py:3096} INFO - Sync 1 DAGs
[2025-09-07T09:59:09.937+0000] {logging_mixin.py:188} INFO - [2025-09-07T09:59:09.937+0000] {dag.py:3954} INFO - Setting next_dagrun for stock_pipeline_dag to 2025-09-07 08:00:00+00:00, run_after=2025-09-07 09:00:00+00:00
[2025-09-07T09:59:09.980+0000] {processor.py:183} INFO - Processing /opt/airflow/dags/stock_pipeline_dag.py took 0.571 seconds
[2025-09-07T09:59:40.659+0000] {processor.py:161} INFO - Started process (PID=204) to work on /opt/airflow/dags/stock_pipeline_dag.py
[2025-09-07T09:59:40.667+0000] {processor.py:830} INFO - Processing file /opt/airflow/dags/stock_pipeline_dag.py for tasks to queue
[2025-09-07T09:59:40.673+0000] {logging_mixin.py:188} INFO - [2025-09-07T09:59:40.672+0000] {dagbag.py:545} INFO - Filling up the DagBag from /opt/airflow/dags/stock_pipeline_dag.py
[2025-09-07T09:59:41.161+0000] {processor.py:840} INFO - DAG(s) 'stock_pipeline_dag' retrieved from /opt/airflow/dags/stock_pipeline_dag.py
[2025-09-07T09:59:41.224+0000] {logging_mixin.py:188} INFO - [2025-09-07T09:59:41.223+0000] {dag.py:3096} INFO - Sync 1 DAGs
[2025-09-07T09:59:41.288+0000] {logging_mixin.py:188} INFO - [2025-09-07T09:59:41.287+0000] {dag.py:3954} INFO - Setting next_dagrun for stock_pipeline_dag to 2025-09-07 08:00:00+00:00, run_after=2025-09-07 09:00:00+00:00
[2025-09-07T09:59:41.345+0000] {processor.py:183} INFO - Processing /opt/airflow/dags/stock_pipeline_dag.py took 0.716 seconds
[2025-09-07T10:30:50.471+0000] {processor.py:161} INFO - Started process (PID=209) to work on /opt/airflow/dags/stock_pipeline_dag.py
[2025-09-07T10:30:50.474+0000] {processor.py:830} INFO - Processing file /opt/airflow/dags/stock_pipeline_dag.py for tasks to queue
[2025-09-07T10:30:50.480+0000] {logging_mixin.py:188} INFO - [2025-09-07T10:30:50.479+0000] {dagbag.py:545} INFO - Filling up the DagBag from /opt/airflow/dags/stock_pipeline_dag.py
[2025-09-07T10:30:50.548+0000] {processor.py:840} INFO - DAG(s) 'stock_pipeline_dag' retrieved from /opt/airflow/dags/stock_pipeline_dag.py
[2025-09-07T10:30:50.636+0000] {logging_mixin.py:188} INFO - [2025-09-07T10:30:50.635+0000] {dag.py:3096} INFO - Sync 1 DAGs
[2025-09-07T10:30:50.708+0000] {logging_mixin.py:188} INFO - [2025-09-07T10:30:50.707+0000] {dag.py:3954} INFO - Setting next_dagrun for stock_pipeline_dag to 2025-09-07 09:00:00+00:00, run_after=2025-09-07 10:00:00+00:00
[2025-09-07T10:30:50.769+0000] {processor.py:183} INFO - Processing /opt/airflow/dags/stock_pipeline_dag.py took 0.319 seconds
[2025-09-07T10:31:21.258+0000] {processor.py:161} INFO - Started process (PID=214) to work on /opt/airflow/dags/stock_pipeline_dag.py
[2025-09-07T10:31:21.261+0000] {processor.py:830} INFO - Processing file /opt/airflow/dags/stock_pipeline_dag.py for tasks to queue
[2025-09-07T10:31:21.266+0000] {logging_mixin.py:188} INFO - [2025-09-07T10:31:21.265+0000] {dagbag.py:545} INFO - Filling up the DagBag from /opt/airflow/dags/stock_pipeline_dag.py
[2025-09-07T10:31:21.324+0000] {processor.py:840} INFO - DAG(s) 'stock_pipeline_dag' retrieved from /opt/airflow/dags/stock_pipeline_dag.py
[2025-09-07T10:31:21.401+0000] {logging_mixin.py:188} INFO - [2025-09-07T10:31:21.400+0000] {dag.py:3096} INFO - Sync 1 DAGs
[2025-09-07T10:31:21.483+0000] {logging_mixin.py:188} INFO - [2025-09-07T10:31:21.483+0000] {dag.py:3954} INFO - Setting next_dagrun for stock_pipeline_dag to 2025-09-07 09:00:00+00:00, run_after=2025-09-07 10:00:00+00:00
[2025-09-07T10:31:21.546+0000] {processor.py:183} INFO - Processing /opt/airflow/dags/stock_pipeline_dag.py took 0.303 seconds
[2025-09-07T10:31:51.780+0000] {processor.py:161} INFO - Started process (PID=219) to work on /opt/airflow/dags/stock_pipeline_dag.py
[2025-09-07T10:31:51.785+0000] {processor.py:830} INFO - Processing file /opt/airflow/dags/stock_pipeline_dag.py for tasks to queue
[2025-09-07T10:31:51.793+0000] {logging_mixin.py:188} INFO - [2025-09-07T10:31:51.792+0000] {dagbag.py:545} INFO - Filling up the DagBag from /opt/airflow/dags/stock_pipeline_dag.py
[2025-09-07T10:31:51.906+0000] {processor.py:840} INFO - DAG(s) 'stock_pipeline_dag' retrieved from /opt/airflow/dags/stock_pipeline_dag.py
[2025-09-07T10:31:52.049+0000] {logging_mixin.py:188} INFO - [2025-09-07T10:31:52.048+0000] {dag.py:3096} INFO - Sync 1 DAGs
[2025-09-07T10:31:52.159+0000] {logging_mixin.py:188} INFO - [2025-09-07T10:31:52.158+0000] {dag.py:3954} INFO - Setting next_dagrun for stock_pipeline_dag to 2025-09-07 09:00:00+00:00, run_after=2025-09-07 10:00:00+00:00
[2025-09-07T10:31:52.250+0000] {processor.py:183} INFO - Processing /opt/airflow/dags/stock_pipeline_dag.py took 0.498 seconds
[2025-09-07T10:32:01.198+0000] {processor.py:161} INFO - Started process (PID=224) to work on /opt/airflow/dags/stock_pipeline_dag.py
[2025-09-07T10:32:01.205+0000] {processor.py:830} INFO - Processing file /opt/airflow/dags/stock_pipeline_dag.py for tasks to queue
[2025-09-07T10:32:01.213+0000] {logging_mixin.py:188} INFO - [2025-09-07T10:32:01.212+0000] {dagbag.py:545} INFO - Filling up the DagBag from /opt/airflow/dags/stock_pipeline_dag.py
[2025-09-07T10:32:01.381+0000] {processor.py:840} INFO - DAG(s) 'stock_pipeline_dag' retrieved from /opt/airflow/dags/stock_pipeline_dag.py
[2025-09-07T10:32:01.515+0000] {logging_mixin.py:188} INFO - [2025-09-07T10:32:01.514+0000] {dag.py:3096} INFO - Sync 1 DAGs
[2025-09-07T10:32:01.619+0000] {logging_mixin.py:188} INFO - [2025-09-07T10:32:01.619+0000] {dag.py:3954} INFO - Setting next_dagrun for stock_pipeline_dag to 2025-09-07 09:00:00+00:00, run_after=2025-09-07 10:00:00+00:00
[2025-09-07T10:32:01.682+0000] {processor.py:183} INFO - Processing /opt/airflow/dags/stock_pipeline_dag.py took 0.514 seconds
[2025-09-07T10:32:31.995+0000] {processor.py:161} INFO - Started process (PID=229) to work on /opt/airflow/dags/stock_pipeline_dag.py
[2025-09-07T10:32:31.999+0000] {processor.py:830} INFO - Processing file /opt/airflow/dags/stock_pipeline_dag.py for tasks to queue
[2025-09-07T10:32:32.008+0000] {logging_mixin.py:188} INFO - [2025-09-07T10:32:32.006+0000] {dagbag.py:545} INFO - Filling up the DagBag from /opt/airflow/dags/stock_pipeline_dag.py
[2025-09-07T10:32:32.110+0000] {processor.py:840} INFO - DAG(s) 'stock_pipeline_dag' retrieved from /opt/airflow/dags/stock_pipeline_dag.py
[2025-09-07T10:32:32.185+0000] {logging_mixin.py:188} INFO - [2025-09-07T10:32:32.184+0000] {dag.py:3096} INFO - Sync 1 DAGs
[2025-09-07T10:32:32.253+0000] {logging_mixin.py:188} INFO - [2025-09-07T10:32:32.253+0000] {dag.py:3954} INFO - Setting next_dagrun for stock_pipeline_dag to 2025-09-07 09:00:00+00:00, run_after=2025-09-07 10:00:00+00:00
[2025-09-07T10:32:32.314+0000] {processor.py:183} INFO - Processing /opt/airflow/dags/stock_pipeline_dag.py took 0.350 seconds
[2025-09-07T10:33:02.607+0000] {processor.py:161} INFO - Started process (PID=234) to work on /opt/airflow/dags/stock_pipeline_dag.py
[2025-09-07T10:33:02.612+0000] {processor.py:830} INFO - Processing file /opt/airflow/dags/stock_pipeline_dag.py for tasks to queue
[2025-09-07T10:33:02.620+0000] {logging_mixin.py:188} INFO - [2025-09-07T10:33:02.619+0000] {dagbag.py:545} INFO - Filling up the DagBag from /opt/airflow/dags/stock_pipeline_dag.py
[2025-09-07T10:33:02.738+0000] {processor.py:840} INFO - DAG(s) 'stock_pipeline_dag' retrieved from /opt/airflow/dags/stock_pipeline_dag.py
[2025-09-07T10:33:02.875+0000] {logging_mixin.py:188} INFO - [2025-09-07T10:33:02.874+0000] {dag.py:3096} INFO - Sync 1 DAGs
[2025-09-07T10:33:02.990+0000] {logging_mixin.py:188} INFO - [2025-09-07T10:33:02.989+0000] {dag.py:3954} INFO - Setting next_dagrun for stock_pipeline_dag to 2025-09-07 09:00:00+00:00, run_after=2025-09-07 10:00:00+00:00
[2025-09-07T10:33:03.078+0000] {processor.py:183} INFO - Processing /opt/airflow/dags/stock_pipeline_dag.py took 0.496 seconds
[2025-09-07T10:33:33.598+0000] {processor.py:161} INFO - Started process (PID=239) to work on /opt/airflow/dags/stock_pipeline_dag.py
[2025-09-07T10:33:33.601+0000] {processor.py:830} INFO - Processing file /opt/airflow/dags/stock_pipeline_dag.py for tasks to queue
[2025-09-07T10:33:33.605+0000] {logging_mixin.py:188} INFO - [2025-09-07T10:33:33.604+0000] {dagbag.py:545} INFO - Filling up the DagBag from /opt/airflow/dags/stock_pipeline_dag.py
[2025-09-07T10:33:33.672+0000] {processor.py:840} INFO - DAG(s) 'stock_pipeline_dag' retrieved from /opt/airflow/dags/stock_pipeline_dag.py
[2025-09-07T10:33:33.744+0000] {logging_mixin.py:188} INFO - [2025-09-07T10:33:33.743+0000] {dag.py:3096} INFO - Sync 1 DAGs
[2025-09-07T10:33:33.801+0000] {logging_mixin.py:188} INFO - [2025-09-07T10:33:33.801+0000] {dag.py:3954} INFO - Setting next_dagrun for stock_pipeline_dag to 2025-09-07 09:00:00+00:00, run_after=2025-09-07 10:00:00+00:00
[2025-09-07T10:33:33.859+0000] {processor.py:183} INFO - Processing /opt/airflow/dags/stock_pipeline_dag.py took 0.276 seconds
[2025-09-07T10:34:04.151+0000] {processor.py:161} INFO - Started process (PID=244) to work on /opt/airflow/dags/stock_pipeline_dag.py
[2025-09-07T10:34:04.155+0000] {processor.py:830} INFO - Processing file /opt/airflow/dags/stock_pipeline_dag.py for tasks to queue
[2025-09-07T10:34:04.160+0000] {logging_mixin.py:188} INFO - [2025-09-07T10:34:04.159+0000] {dagbag.py:545} INFO - Filling up the DagBag from /opt/airflow/dags/stock_pipeline_dag.py
[2025-09-07T10:34:04.217+0000] {processor.py:840} INFO - DAG(s) 'stock_pipeline_dag' retrieved from /opt/airflow/dags/stock_pipeline_dag.py
[2025-09-07T10:34:04.282+0000] {logging_mixin.py:188} INFO - [2025-09-07T10:34:04.281+0000] {dag.py:3096} INFO - Sync 1 DAGs
[2025-09-07T10:34:04.333+0000] {logging_mixin.py:188} INFO - [2025-09-07T10:34:04.332+0000] {dag.py:3954} INFO - Setting next_dagrun for stock_pipeline_dag to 2025-09-07 09:00:00+00:00, run_after=2025-09-07 10:00:00+00:00
[2025-09-07T10:34:04.380+0000] {processor.py:183} INFO - Processing /opt/airflow/dags/stock_pipeline_dag.py took 0.252 seconds
[2025-09-07T10:34:34.793+0000] {processor.py:161} INFO - Started process (PID=249) to work on /opt/airflow/dags/stock_pipeline_dag.py
[2025-09-07T10:34:34.795+0000] {processor.py:830} INFO - Processing file /opt/airflow/dags/stock_pipeline_dag.py for tasks to queue
[2025-09-07T10:34:34.801+0000] {logging_mixin.py:188} INFO - [2025-09-07T10:34:34.800+0000] {dagbag.py:545} INFO - Filling up the DagBag from /opt/airflow/dags/stock_pipeline_dag.py
[2025-09-07T10:34:34.873+0000] {processor.py:840} INFO - DAG(s) 'stock_pipeline_dag' retrieved from /opt/airflow/dags/stock_pipeline_dag.py
[2025-09-07T10:34:34.957+0000] {logging_mixin.py:188} INFO - [2025-09-07T10:34:34.957+0000] {dag.py:3096} INFO - Sync 1 DAGs
[2025-09-07T10:34:35.029+0000] {logging_mixin.py:188} INFO - [2025-09-07T10:34:35.028+0000] {dag.py:3954} INFO - Setting next_dagrun for stock_pipeline_dag to 2025-09-07 09:00:00+00:00, run_after=2025-09-07 10:00:00+00:00
[2025-09-07T10:34:35.097+0000] {processor.py:183} INFO - Processing /opt/airflow/dags/stock_pipeline_dag.py took 0.322 seconds
[2025-09-07T10:35:05.608+0000] {processor.py:161} INFO - Started process (PID=254) to work on /opt/airflow/dags/stock_pipeline_dag.py
[2025-09-07T10:35:05.612+0000] {processor.py:830} INFO - Processing file /opt/airflow/dags/stock_pipeline_dag.py for tasks to queue
[2025-09-07T10:35:05.620+0000] {logging_mixin.py:188} INFO - [2025-09-07T10:35:05.618+0000] {dagbag.py:545} INFO - Filling up the DagBag from /opt/airflow/dags/stock_pipeline_dag.py
[2025-09-07T10:35:05.732+0000] {processor.py:840} INFO - DAG(s) 'stock_pipeline_dag' retrieved from /opt/airflow/dags/stock_pipeline_dag.py
[2025-09-07T10:35:05.853+0000] {logging_mixin.py:188} INFO - [2025-09-07T10:35:05.853+0000] {dag.py:3096} INFO - Sync 1 DAGs
[2025-09-07T10:35:05.920+0000] {logging_mixin.py:188} INFO - [2025-09-07T10:35:05.920+0000] {dag.py:3954} INFO - Setting next_dagrun for stock_pipeline_dag to 2025-09-07 09:00:00+00:00, run_after=2025-09-07 10:00:00+00:00
[2025-09-07T10:35:05.982+0000] {processor.py:183} INFO - Processing /opt/airflow/dags/stock_pipeline_dag.py took 0.400 seconds
[2025-09-07T10:35:36.530+0000] {processor.py:161} INFO - Started process (PID=259) to work on /opt/airflow/dags/stock_pipeline_dag.py
[2025-09-07T10:35:36.537+0000] {processor.py:830} INFO - Processing file /opt/airflow/dags/stock_pipeline_dag.py for tasks to queue
[2025-09-07T10:35:36.553+0000] {logging_mixin.py:188} INFO - [2025-09-07T10:35:36.551+0000] {dagbag.py:545} INFO - Filling up the DagBag from /opt/airflow/dags/stock_pipeline_dag.py
[2025-09-07T10:35:36.659+0000] {processor.py:840} INFO - DAG(s) 'stock_pipeline_dag' retrieved from /opt/airflow/dags/stock_pipeline_dag.py
[2025-09-07T10:35:36.724+0000] {logging_mixin.py:188} INFO - [2025-09-07T10:35:36.723+0000] {dag.py:3096} INFO - Sync 1 DAGs
[2025-09-07T10:35:36.818+0000] {logging_mixin.py:188} INFO - [2025-09-07T10:35:36.817+0000] {dag.py:3954} INFO - Setting next_dagrun for stock_pipeline_dag to 2025-09-07 09:00:00+00:00, run_after=2025-09-07 10:00:00+00:00
[2025-09-07T10:35:36.950+0000] {processor.py:183} INFO - Processing /opt/airflow/dags/stock_pipeline_dag.py took 0.468 seconds
[2025-09-07T10:36:07.631+0000] {processor.py:161} INFO - Started process (PID=264) to work on /opt/airflow/dags/stock_pipeline_dag.py
[2025-09-07T10:36:07.640+0000] {processor.py:830} INFO - Processing file /opt/airflow/dags/stock_pipeline_dag.py for tasks to queue
[2025-09-07T10:36:07.646+0000] {logging_mixin.py:188} INFO - [2025-09-07T10:36:07.645+0000] {dagbag.py:545} INFO - Filling up the DagBag from /opt/airflow/dags/stock_pipeline_dag.py
[2025-09-07T10:36:07.724+0000] {processor.py:840} INFO - DAG(s) 'stock_pipeline_dag' retrieved from /opt/airflow/dags/stock_pipeline_dag.py
[2025-09-07T10:36:07.814+0000] {logging_mixin.py:188} INFO - [2025-09-07T10:36:07.813+0000] {dag.py:3096} INFO - Sync 1 DAGs
[2025-09-07T10:36:07.905+0000] {logging_mixin.py:188} INFO - [2025-09-07T10:36:07.904+0000] {dag.py:3954} INFO - Setting next_dagrun for stock_pipeline_dag to 2025-09-07 09:00:00+00:00, run_after=2025-09-07 10:00:00+00:00
[2025-09-07T10:36:07.990+0000] {processor.py:183} INFO - Processing /opt/airflow/dags/stock_pipeline_dag.py took 0.388 seconds
[2025-09-07T10:36:38.647+0000] {processor.py:161} INFO - Started process (PID=269) to work on /opt/airflow/dags/stock_pipeline_dag.py
[2025-09-07T10:36:38.653+0000] {processor.py:830} INFO - Processing file /opt/airflow/dags/stock_pipeline_dag.py for tasks to queue
[2025-09-07T10:36:38.663+0000] {logging_mixin.py:188} INFO - [2025-09-07T10:36:38.661+0000] {dagbag.py:545} INFO - Filling up the DagBag from /opt/airflow/dags/stock_pipeline_dag.py
[2025-09-07T10:36:38.789+0000] {processor.py:840} INFO - DAG(s) 'stock_pipeline_dag' retrieved from /opt/airflow/dags/stock_pipeline_dag.py
[2025-09-07T10:36:38.923+0000] {logging_mixin.py:188} INFO - [2025-09-07T10:36:38.922+0000] {dag.py:3096} INFO - Sync 1 DAGs
[2025-09-07T10:36:38.989+0000] {logging_mixin.py:188} INFO - [2025-09-07T10:36:38.988+0000] {dag.py:3954} INFO - Setting next_dagrun for stock_pipeline_dag to 2025-09-07 09:00:00+00:00, run_after=2025-09-07 10:00:00+00:00
[2025-09-07T10:36:39.050+0000] {processor.py:183} INFO - Processing /opt/airflow/dags/stock_pipeline_dag.py took 0.438 seconds
[2025-09-07T10:37:09.641+0000] {processor.py:161} INFO - Started process (PID=274) to work on /opt/airflow/dags/stock_pipeline_dag.py
[2025-09-07T10:37:09.646+0000] {processor.py:830} INFO - Processing file /opt/airflow/dags/stock_pipeline_dag.py for tasks to queue
[2025-09-07T10:37:09.655+0000] {logging_mixin.py:188} INFO - [2025-09-07T10:37:09.654+0000] {dagbag.py:545} INFO - Filling up the DagBag from /opt/airflow/dags/stock_pipeline_dag.py
[2025-09-07T10:37:09.785+0000] {processor.py:840} INFO - DAG(s) 'stock_pipeline_dag' retrieved from /opt/airflow/dags/stock_pipeline_dag.py
[2025-09-07T10:37:09.927+0000] {logging_mixin.py:188} INFO - [2025-09-07T10:37:09.926+0000] {dag.py:3096} INFO - Sync 1 DAGs
[2025-09-07T10:37:10.045+0000] {logging_mixin.py:188} INFO - [2025-09-07T10:37:10.044+0000] {dag.py:3954} INFO - Setting next_dagrun for stock_pipeline_dag to 2025-09-07 09:00:00+00:00, run_after=2025-09-07 10:00:00+00:00
[2025-09-07T10:37:10.146+0000] {processor.py:183} INFO - Processing /opt/airflow/dags/stock_pipeline_dag.py took 0.535 seconds
[2025-09-07T10:37:40.725+0000] {processor.py:161} INFO - Started process (PID=279) to work on /opt/airflow/dags/stock_pipeline_dag.py
[2025-09-07T10:37:40.728+0000] {processor.py:830} INFO - Processing file /opt/airflow/dags/stock_pipeline_dag.py for tasks to queue
[2025-09-07T10:37:40.736+0000] {logging_mixin.py:188} INFO - [2025-09-07T10:37:40.735+0000] {dagbag.py:545} INFO - Filling up the DagBag from /opt/airflow/dags/stock_pipeline_dag.py
[2025-09-07T10:37:40.845+0000] {processor.py:840} INFO - DAG(s) 'stock_pipeline_dag' retrieved from /opt/airflow/dags/stock_pipeline_dag.py
[2025-09-07T10:37:40.967+0000] {logging_mixin.py:188} INFO - [2025-09-07T10:37:40.966+0000] {dag.py:3096} INFO - Sync 1 DAGs
[2025-09-07T10:37:41.030+0000] {logging_mixin.py:188} INFO - [2025-09-07T10:37:41.029+0000] {dag.py:3954} INFO - Setting next_dagrun for stock_pipeline_dag to 2025-09-07 09:00:00+00:00, run_after=2025-09-07 10:00:00+00:00
[2025-09-07T10:37:41.091+0000] {processor.py:183} INFO - Processing /opt/airflow/dags/stock_pipeline_dag.py took 0.391 seconds
[2025-09-07T10:38:11.629+0000] {processor.py:161} INFO - Started process (PID=284) to work on /opt/airflow/dags/stock_pipeline_dag.py
[2025-09-07T10:38:11.632+0000] {processor.py:830} INFO - Processing file /opt/airflow/dags/stock_pipeline_dag.py for tasks to queue
[2025-09-07T10:38:11.636+0000] {logging_mixin.py:188} INFO - [2025-09-07T10:38:11.636+0000] {dagbag.py:545} INFO - Filling up the DagBag from /opt/airflow/dags/stock_pipeline_dag.py
[2025-09-07T10:38:11.680+0000] {processor.py:840} INFO - DAG(s) 'stock_pipeline_dag' retrieved from /opt/airflow/dags/stock_pipeline_dag.py
[2025-09-07T10:38:11.750+0000] {logging_mixin.py:188} INFO - [2025-09-07T10:38:11.750+0000] {dag.py:3096} INFO - Sync 1 DAGs
[2025-09-07T10:38:11.806+0000] {logging_mixin.py:188} INFO - [2025-09-07T10:38:11.806+0000] {dag.py:3954} INFO - Setting next_dagrun for stock_pipeline_dag to 2025-09-07 09:00:00+00:00, run_after=2025-09-07 10:00:00+00:00
[2025-09-07T10:38:11.856+0000] {processor.py:183} INFO - Processing /opt/airflow/dags/stock_pipeline_dag.py took 0.240 seconds
[2025-09-07T10:38:42.142+0000] {processor.py:161} INFO - Started process (PID=289) to work on /opt/airflow/dags/stock_pipeline_dag.py
[2025-09-07T10:38:42.147+0000] {processor.py:830} INFO - Processing file /opt/airflow/dags/stock_pipeline_dag.py for tasks to queue
[2025-09-07T10:38:42.156+0000] {logging_mixin.py:188} INFO - [2025-09-07T10:38:42.155+0000] {dagbag.py:545} INFO - Filling up the DagBag from /opt/airflow/dags/stock_pipeline_dag.py
[2025-09-07T10:38:42.288+0000] {processor.py:840} INFO - DAG(s) 'stock_pipeline_dag' retrieved from /opt/airflow/dags/stock_pipeline_dag.py
[2025-09-07T10:38:42.395+0000] {logging_mixin.py:188} INFO - [2025-09-07T10:38:42.394+0000] {dag.py:3096} INFO - Sync 1 DAGs
[2025-09-07T10:38:42.453+0000] {logging_mixin.py:188} INFO - [2025-09-07T10:38:42.453+0000] {dag.py:3954} INFO - Setting next_dagrun for stock_pipeline_dag to 2025-09-07 09:00:00+00:00, run_after=2025-09-07 10:00:00+00:00
[2025-09-07T10:38:42.540+0000] {processor.py:183} INFO - Processing /opt/airflow/dags/stock_pipeline_dag.py took 0.427 seconds
[2025-09-07T10:39:12.992+0000] {processor.py:161} INFO - Started process (PID=294) to work on /opt/airflow/dags/stock_pipeline_dag.py
[2025-09-07T10:39:12.994+0000] {processor.py:830} INFO - Processing file /opt/airflow/dags/stock_pipeline_dag.py for tasks to queue
[2025-09-07T10:39:12.998+0000] {logging_mixin.py:188} INFO - [2025-09-07T10:39:12.997+0000] {dagbag.py:545} INFO - Filling up the DagBag from /opt/airflow/dags/stock_pipeline_dag.py
[2025-09-07T10:39:13.049+0000] {processor.py:840} INFO - DAG(s) 'stock_pipeline_dag' retrieved from /opt/airflow/dags/stock_pipeline_dag.py
[2025-09-07T10:39:13.116+0000] {logging_mixin.py:188} INFO - [2025-09-07T10:39:13.116+0000] {dag.py:3096} INFO - Sync 1 DAGs
[2025-09-07T10:39:13.180+0000] {logging_mixin.py:188} INFO - [2025-09-07T10:39:13.179+0000] {dag.py:3954} INFO - Setting next_dagrun for stock_pipeline_dag to 2025-09-07 09:00:00+00:00, run_after=2025-09-07 10:00:00+00:00
[2025-09-07T10:39:13.237+0000] {processor.py:183} INFO - Processing /opt/airflow/dags/stock_pipeline_dag.py took 0.258 seconds
[2025-09-07T10:39:43.676+0000] {processor.py:161} INFO - Started process (PID=299) to work on /opt/airflow/dags/stock_pipeline_dag.py
[2025-09-07T10:39:43.681+0000] {processor.py:830} INFO - Processing file /opt/airflow/dags/stock_pipeline_dag.py for tasks to queue
[2025-09-07T10:39:43.690+0000] {logging_mixin.py:188} INFO - [2025-09-07T10:39:43.689+0000] {dagbag.py:545} INFO - Filling up the DagBag from /opt/airflow/dags/stock_pipeline_dag.py
[2025-09-07T10:39:43.807+0000] {processor.py:840} INFO - DAG(s) 'stock_pipeline_dag' retrieved from /opt/airflow/dags/stock_pipeline_dag.py
[2025-09-07T10:39:43.937+0000] {logging_mixin.py:188} INFO - [2025-09-07T10:39:43.936+0000] {dag.py:3096} INFO - Sync 1 DAGs
[2025-09-07T10:39:44.036+0000] {logging_mixin.py:188} INFO - [2025-09-07T10:39:44.035+0000] {dag.py:3954} INFO - Setting next_dagrun for stock_pipeline_dag to 2025-09-07 09:00:00+00:00, run_after=2025-09-07 10:00:00+00:00
[2025-09-07T10:39:44.144+0000] {processor.py:183} INFO - Processing /opt/airflow/dags/stock_pipeline_dag.py took 0.497 seconds
[2025-09-07T10:40:39.843+0000] {processor.py:161} INFO - Started process (PID=163) to work on /opt/airflow/dags/stock_pipeline_dag.py
[2025-09-07T10:40:39.846+0000] {processor.py:830} INFO - Processing file /opt/airflow/dags/stock_pipeline_dag.py for tasks to queue
[2025-09-07T10:40:39.856+0000] {logging_mixin.py:188} INFO - [2025-09-07T10:40:39.853+0000] {dagbag.py:545} INFO - Filling up the DagBag from /opt/airflow/dags/stock_pipeline_dag.py
[2025-09-07T10:40:39.933+0000] {processor.py:840} INFO - DAG(s) 'stock_pipeline_dag' retrieved from /opt/airflow/dags/stock_pipeline_dag.py
[2025-09-07T10:40:40.851+0000] {logging_mixin.py:188} INFO - [2025-09-07T10:40:40.848+0000] {override.py:1829} INFO - Created Permission View: can edit on DAG:stock_pipeline_dag
[2025-09-07T10:40:40.880+0000] {logging_mixin.py:188} INFO - [2025-09-07T10:40:40.879+0000] {override.py:1829} INFO - Created Permission View: can read on DAG:stock_pipeline_dag
[2025-09-07T10:40:41.184+0000] {logging_mixin.py:188} INFO - [2025-09-07T10:40:41.183+0000] {override.py:1829} INFO - Created Permission View: can delete on DAG:stock_pipeline_dag
[2025-09-07T10:40:41.186+0000] {logging_mixin.py:188} INFO - [2025-09-07T10:40:41.185+0000] {dag.py:3096} INFO - Sync 1 DAGs
[2025-09-07T10:40:41.210+0000] {logging_mixin.py:188} INFO - [2025-09-07T10:40:41.210+0000] {dag.py:3118} INFO - Creating ORM DAG for stock_pipeline_dag
[2025-09-07T10:40:41.237+0000] {logging_mixin.py:188} INFO - [2025-09-07T10:40:41.237+0000] {dag.py:3954} INFO - Setting next_dagrun for stock_pipeline_dag to 2025-09-07 09:00:00+00:00, run_after=2025-09-07 10:00:00+00:00
[2025-09-07T10:40:41.293+0000] {processor.py:183} INFO - Processing /opt/airflow/dags/stock_pipeline_dag.py took 1.465 seconds
[2025-09-07T10:41:11.681+0000] {processor.py:161} INFO - Started process (PID=169) to work on /opt/airflow/dags/stock_pipeline_dag.py
[2025-09-07T10:41:11.686+0000] {processor.py:830} INFO - Processing file /opt/airflow/dags/stock_pipeline_dag.py for tasks to queue
[2025-09-07T10:41:11.697+0000] {logging_mixin.py:188} INFO - [2025-09-07T10:41:11.695+0000] {dagbag.py:545} INFO - Filling up the DagBag from /opt/airflow/dags/stock_pipeline_dag.py
[2025-09-07T10:41:11.764+0000] {processor.py:840} INFO - DAG(s) 'stock_pipeline_dag' retrieved from /opt/airflow/dags/stock_pipeline_dag.py
[2025-09-07T10:41:11.845+0000] {logging_mixin.py:188} INFO - [2025-09-07T10:41:11.845+0000] {dag.py:3096} INFO - Sync 1 DAGs
[2025-09-07T10:41:11.897+0000] {logging_mixin.py:188} INFO - [2025-09-07T10:41:11.897+0000] {dag.py:3954} INFO - Setting next_dagrun for stock_pipeline_dag to 2025-09-07 09:00:00+00:00, run_after=2025-09-07 10:00:00+00:00
[2025-09-07T10:41:11.943+0000] {processor.py:183} INFO - Processing /opt/airflow/dags/stock_pipeline_dag.py took 0.291 seconds
[2025-09-07T10:41:42.171+0000] {processor.py:161} INFO - Started process (PID=174) to work on /opt/airflow/dags/stock_pipeline_dag.py
[2025-09-07T10:41:42.176+0000] {processor.py:830} INFO - Processing file /opt/airflow/dags/stock_pipeline_dag.py for tasks to queue
[2025-09-07T10:41:42.185+0000] {logging_mixin.py:188} INFO - [2025-09-07T10:41:42.184+0000] {dagbag.py:545} INFO - Filling up the DagBag from /opt/airflow/dags/stock_pipeline_dag.py
[2025-09-07T10:41:42.298+0000] {processor.py:840} INFO - DAG(s) 'stock_pipeline_dag' retrieved from /opt/airflow/dags/stock_pipeline_dag.py
[2025-09-07T10:41:42.465+0000] {logging_mixin.py:188} INFO - [2025-09-07T10:41:42.464+0000] {dag.py:3096} INFO - Sync 1 DAGs
[2025-09-07T10:41:42.615+0000] {logging_mixin.py:188} INFO - [2025-09-07T10:41:42.614+0000] {dag.py:3954} INFO - Setting next_dagrun for stock_pipeline_dag to 2025-09-07 09:00:00+00:00, run_after=2025-09-07 10:00:00+00:00
[2025-09-07T10:41:42.713+0000] {processor.py:183} INFO - Processing /opt/airflow/dags/stock_pipeline_dag.py took 0.570 seconds
[2025-09-07T10:42:12.961+0000] {processor.py:161} INFO - Started process (PID=179) to work on /opt/airflow/dags/stock_pipeline_dag.py
[2025-09-07T10:42:12.967+0000] {processor.py:830} INFO - Processing file /opt/airflow/dags/stock_pipeline_dag.py for tasks to queue
[2025-09-07T10:42:12.977+0000] {logging_mixin.py:188} INFO - [2025-09-07T10:42:12.975+0000] {dagbag.py:545} INFO - Filling up the DagBag from /opt/airflow/dags/stock_pipeline_dag.py
[2025-09-07T10:42:13.096+0000] {processor.py:840} INFO - DAG(s) 'stock_pipeline_dag' retrieved from /opt/airflow/dags/stock_pipeline_dag.py
[2025-09-07T10:42:13.229+0000] {logging_mixin.py:188} INFO - [2025-09-07T10:42:13.229+0000] {dag.py:3096} INFO - Sync 1 DAGs
[2025-09-07T10:42:13.338+0000] {logging_mixin.py:188} INFO - [2025-09-07T10:42:13.337+0000] {dag.py:3954} INFO - Setting next_dagrun for stock_pipeline_dag to 2025-09-07 09:00:00+00:00, run_after=2025-09-07 10:00:00+00:00
[2025-09-07T10:42:13.429+0000] {processor.py:183} INFO - Processing /opt/airflow/dags/stock_pipeline_dag.py took 0.501 seconds
[2025-09-07T10:42:43.595+0000] {processor.py:161} INFO - Started process (PID=184) to work on /opt/airflow/dags/stock_pipeline_dag.py
[2025-09-07T10:42:43.598+0000] {processor.py:830} INFO - Processing file /opt/airflow/dags/stock_pipeline_dag.py for tasks to queue
[2025-09-07T10:42:43.604+0000] {logging_mixin.py:188} INFO - [2025-09-07T10:42:43.603+0000] {dagbag.py:545} INFO - Filling up the DagBag from /opt/airflow/dags/stock_pipeline_dag.py
[2025-09-07T10:42:43.668+0000] {processor.py:840} INFO - DAG(s) 'stock_pipeline_dag' retrieved from /opt/airflow/dags/stock_pipeline_dag.py
[2025-09-07T10:42:43.739+0000] {logging_mixin.py:188} INFO - [2025-09-07T10:42:43.738+0000] {dag.py:3096} INFO - Sync 1 DAGs
[2025-09-07T10:42:44.084+0000] {logging_mixin.py:188} INFO - [2025-09-07T10:42:44.084+0000] {dag.py:3954} INFO - Setting next_dagrun for stock_pipeline_dag to 2025-09-07 09:00:00+00:00, run_after=2025-09-07 10:00:00+00:00
[2025-09-07T10:42:44.134+0000] {processor.py:183} INFO - Processing /opt/airflow/dags/stock_pipeline_dag.py took 0.558 seconds
[2025-09-07T10:43:14.418+0000] {processor.py:161} INFO - Started process (PID=189) to work on /opt/airflow/dags/stock_pipeline_dag.py
[2025-09-07T10:43:14.423+0000] {processor.py:830} INFO - Processing file /opt/airflow/dags/stock_pipeline_dag.py for tasks to queue
[2025-09-07T10:43:14.433+0000] {logging_mixin.py:188} INFO - [2025-09-07T10:43:14.431+0000] {dagbag.py:545} INFO - Filling up the DagBag from /opt/airflow/dags/stock_pipeline_dag.py
[2025-09-07T10:43:14.543+0000] {processor.py:840} INFO - DAG(s) 'stock_pipeline_dag' retrieved from /opt/airflow/dags/stock_pipeline_dag.py
[2025-09-07T10:43:14.892+0000] {logging_mixin.py:188} INFO - [2025-09-07T10:43:14.891+0000] {dag.py:3096} INFO - Sync 1 DAGs
[2025-09-07T10:43:14.932+0000] {logging_mixin.py:188} INFO - [2025-09-07T10:43:14.931+0000] {dag.py:3954} INFO - Setting next_dagrun for stock_pipeline_dag to 2025-09-07 09:00:00+00:00, run_after=2025-09-07 10:00:00+00:00
[2025-09-07T10:43:14.978+0000] {processor.py:183} INFO - Processing /opt/airflow/dags/stock_pipeline_dag.py took 0.586 seconds
[2025-09-07T10:43:45.776+0000] {processor.py:161} INFO - Started process (PID=194) to work on /opt/airflow/dags/stock_pipeline_dag.py
[2025-09-07T10:43:45.780+0000] {processor.py:830} INFO - Processing file /opt/airflow/dags/stock_pipeline_dag.py for tasks to queue
[2025-09-07T10:43:45.786+0000] {logging_mixin.py:188} INFO - [2025-09-07T10:43:45.785+0000] {dagbag.py:545} INFO - Filling up the DagBag from /opt/airflow/dags/stock_pipeline_dag.py
[2025-09-07T10:43:45.863+0000] {processor.py:840} INFO - DAG(s) 'stock_pipeline_dag' retrieved from /opt/airflow/dags/stock_pipeline_dag.py
[2025-09-07T10:43:45.983+0000] {logging_mixin.py:188} INFO - [2025-09-07T10:43:45.983+0000] {dag.py:3096} INFO - Sync 1 DAGs
[2025-09-07T10:43:46.078+0000] {logging_mixin.py:188} INFO - [2025-09-07T10:43:46.078+0000] {dag.py:3954} INFO - Setting next_dagrun for stock_pipeline_dag to 2025-09-07 09:00:00+00:00, run_after=2025-09-07 10:00:00+00:00
[2025-09-07T10:43:46.163+0000] {processor.py:183} INFO - Processing /opt/airflow/dags/stock_pipeline_dag.py took 0.407 seconds
[2025-09-07T10:44:16.514+0000] {processor.py:161} INFO - Started process (PID=199) to work on /opt/airflow/dags/stock_pipeline_dag.py
[2025-09-07T10:44:16.519+0000] {processor.py:830} INFO - Processing file /opt/airflow/dags/stock_pipeline_dag.py for tasks to queue
[2025-09-07T10:44:16.527+0000] {logging_mixin.py:188} INFO - [2025-09-07T10:44:16.525+0000] {dagbag.py:545} INFO - Filling up the DagBag from /opt/airflow/dags/stock_pipeline_dag.py
[2025-09-07T10:44:16.602+0000] {processor.py:840} INFO - DAG(s) 'stock_pipeline_dag' retrieved from /opt/airflow/dags/stock_pipeline_dag.py
[2025-09-07T10:44:16.669+0000] {logging_mixin.py:188} INFO - [2025-09-07T10:44:16.669+0000] {dag.py:3096} INFO - Sync 1 DAGs
[2025-09-07T10:44:16.707+0000] {logging_mixin.py:188} INFO - [2025-09-07T10:44:16.706+0000] {dag.py:3954} INFO - Setting next_dagrun for stock_pipeline_dag to 2025-09-07 09:00:00+00:00, run_after=2025-09-07 10:00:00+00:00
[2025-09-07T10:44:16.744+0000] {processor.py:183} INFO - Processing /opt/airflow/dags/stock_pipeline_dag.py took 0.258 seconds
[2025-09-07T10:44:47.026+0000] {processor.py:161} INFO - Started process (PID=204) to work on /opt/airflow/dags/stock_pipeline_dag.py
[2025-09-07T10:44:47.029+0000] {processor.py:830} INFO - Processing file /opt/airflow/dags/stock_pipeline_dag.py for tasks to queue
[2025-09-07T10:44:47.034+0000] {logging_mixin.py:188} INFO - [2025-09-07T10:44:47.033+0000] {dagbag.py:545} INFO - Filling up the DagBag from /opt/airflow/dags/stock_pipeline_dag.py
[2025-09-07T10:44:47.098+0000] {processor.py:840} INFO - DAG(s) 'stock_pipeline_dag' retrieved from /opt/airflow/dags/stock_pipeline_dag.py
[2025-09-07T10:44:47.169+0000] {logging_mixin.py:188} INFO - [2025-09-07T10:44:47.168+0000] {dag.py:3096} INFO - Sync 1 DAGs
[2025-09-07T10:44:47.235+0000] {logging_mixin.py:188} INFO - [2025-09-07T10:44:47.234+0000] {dag.py:3954} INFO - Setting next_dagrun for stock_pipeline_dag to 2025-09-07 09:00:00+00:00, run_after=2025-09-07 10:00:00+00:00
[2025-09-07T10:44:47.292+0000] {processor.py:183} INFO - Processing /opt/airflow/dags/stock_pipeline_dag.py took 0.282 seconds
[2025-09-07T10:45:17.678+0000] {processor.py:161} INFO - Started process (PID=209) to work on /opt/airflow/dags/stock_pipeline_dag.py
[2025-09-07T10:45:17.682+0000] {processor.py:830} INFO - Processing file /opt/airflow/dags/stock_pipeline_dag.py for tasks to queue
[2025-09-07T10:45:17.690+0000] {logging_mixin.py:188} INFO - [2025-09-07T10:45:17.688+0000] {dagbag.py:545} INFO - Filling up the DagBag from /opt/airflow/dags/stock_pipeline_dag.py
[2025-09-07T10:45:17.800+0000] {processor.py:840} INFO - DAG(s) 'stock_pipeline_dag' retrieved from /opt/airflow/dags/stock_pipeline_dag.py
[2025-09-07T10:45:17.918+0000] {logging_mixin.py:188} INFO - [2025-09-07T10:45:17.917+0000] {dag.py:3096} INFO - Sync 1 DAGs
[2025-09-07T10:45:17.969+0000] {logging_mixin.py:188} INFO - [2025-09-07T10:45:17.969+0000] {dag.py:3954} INFO - Setting next_dagrun for stock_pipeline_dag to 2025-09-07 09:00:00+00:00, run_after=2025-09-07 10:00:00+00:00
[2025-09-07T10:45:18.021+0000] {processor.py:183} INFO - Processing /opt/airflow/dags/stock_pipeline_dag.py took 0.371 seconds
[2025-09-07T10:45:48.391+0000] {processor.py:161} INFO - Started process (PID=214) to work on /opt/airflow/dags/stock_pipeline_dag.py
[2025-09-07T10:45:48.397+0000] {processor.py:830} INFO - Processing file /opt/airflow/dags/stock_pipeline_dag.py for tasks to queue
[2025-09-07T10:45:48.407+0000] {logging_mixin.py:188} INFO - [2025-09-07T10:45:48.405+0000] {dagbag.py:545} INFO - Filling up the DagBag from /opt/airflow/dags/stock_pipeline_dag.py
[2025-09-07T10:45:48.523+0000] {processor.py:840} INFO - DAG(s) 'stock_pipeline_dag' retrieved from /opt/airflow/dags/stock_pipeline_dag.py
[2025-09-07T10:45:48.648+0000] {logging_mixin.py:188} INFO - [2025-09-07T10:45:48.647+0000] {dag.py:3096} INFO - Sync 1 DAGs
[2025-09-07T10:45:48.756+0000] {logging_mixin.py:188} INFO - [2025-09-07T10:45:48.755+0000] {dag.py:3954} INFO - Setting next_dagrun for stock_pipeline_dag to 2025-09-07 09:00:00+00:00, run_after=2025-09-07 10:00:00+00:00
[2025-09-07T10:45:48.835+0000] {processor.py:183} INFO - Processing /opt/airflow/dags/stock_pipeline_dag.py took 0.478 seconds
[2025-09-07T10:46:19.371+0000] {processor.py:161} INFO - Started process (PID=219) to work on /opt/airflow/dags/stock_pipeline_dag.py
[2025-09-07T10:46:19.374+0000] {processor.py:830} INFO - Processing file /opt/airflow/dags/stock_pipeline_dag.py for tasks to queue
[2025-09-07T10:46:19.378+0000] {logging_mixin.py:188} INFO - [2025-09-07T10:46:19.377+0000] {dagbag.py:545} INFO - Filling up the DagBag from /opt/airflow/dags/stock_pipeline_dag.py
[2025-09-07T10:46:19.442+0000] {processor.py:840} INFO - DAG(s) 'stock_pipeline_dag' retrieved from /opt/airflow/dags/stock_pipeline_dag.py
[2025-09-07T10:46:19.507+0000] {logging_mixin.py:188} INFO - [2025-09-07T10:46:19.506+0000] {dag.py:3096} INFO - Sync 1 DAGs
[2025-09-07T10:46:19.565+0000] {logging_mixin.py:188} INFO - [2025-09-07T10:46:19.565+0000] {dag.py:3954} INFO - Setting next_dagrun for stock_pipeline_dag to 2025-09-07 09:00:00+00:00, run_after=2025-09-07 10:00:00+00:00
[2025-09-07T10:46:19.620+0000] {processor.py:183} INFO - Processing /opt/airflow/dags/stock_pipeline_dag.py took 0.269 seconds
[2025-09-07T10:46:49.855+0000] {processor.py:161} INFO - Started process (PID=224) to work on /opt/airflow/dags/stock_pipeline_dag.py
[2025-09-07T10:46:49.859+0000] {processor.py:830} INFO - Processing file /opt/airflow/dags/stock_pipeline_dag.py for tasks to queue
[2025-09-07T10:46:49.867+0000] {logging_mixin.py:188} INFO - [2025-09-07T10:46:49.866+0000] {dagbag.py:545} INFO - Filling up the DagBag from /opt/airflow/dags/stock_pipeline_dag.py
[2025-09-07T10:46:49.978+0000] {processor.py:840} INFO - DAG(s) 'stock_pipeline_dag' retrieved from /opt/airflow/dags/stock_pipeline_dag.py
[2025-09-07T10:46:50.082+0000] {logging_mixin.py:188} INFO - [2025-09-07T10:46:50.082+0000] {dag.py:3096} INFO - Sync 1 DAGs
[2025-09-07T10:46:50.126+0000] {logging_mixin.py:188} INFO - [2025-09-07T10:46:50.126+0000] {dag.py:3954} INFO - Setting next_dagrun for stock_pipeline_dag to 2025-09-07 09:00:00+00:00, run_after=2025-09-07 10:00:00+00:00
[2025-09-07T10:46:50.177+0000] {processor.py:183} INFO - Processing /opt/airflow/dags/stock_pipeline_dag.py took 0.349 seconds
[2025-09-07T10:47:20.497+0000] {processor.py:161} INFO - Started process (PID=229) to work on /opt/airflow/dags/stock_pipeline_dag.py
[2025-09-07T10:47:20.500+0000] {processor.py:830} INFO - Processing file /opt/airflow/dags/stock_pipeline_dag.py for tasks to queue
[2025-09-07T10:47:20.504+0000] {logging_mixin.py:188} INFO - [2025-09-07T10:47:20.503+0000] {dagbag.py:545} INFO - Filling up the DagBag from /opt/airflow/dags/stock_pipeline_dag.py
[2025-09-07T10:47:20.569+0000] {processor.py:840} INFO - DAG(s) 'stock_pipeline_dag' retrieved from /opt/airflow/dags/stock_pipeline_dag.py
[2025-09-07T10:47:20.646+0000] {logging_mixin.py:188} INFO - [2025-09-07T10:47:20.646+0000] {dag.py:3096} INFO - Sync 1 DAGs
[2025-09-07T10:47:20.698+0000] {logging_mixin.py:188} INFO - [2025-09-07T10:47:20.698+0000] {dag.py:3954} INFO - Setting next_dagrun for stock_pipeline_dag to 2025-09-07 09:00:00+00:00, run_after=2025-09-07 10:00:00+00:00
[2025-09-07T10:47:20.749+0000] {processor.py:183} INFO - Processing /opt/airflow/dags/stock_pipeline_dag.py took 0.266 seconds
[2025-09-07T10:47:51.100+0000] {processor.py:161} INFO - Started process (PID=234) to work on /opt/airflow/dags/stock_pipeline_dag.py
[2025-09-07T10:47:51.106+0000] {processor.py:830} INFO - Processing file /opt/airflow/dags/stock_pipeline_dag.py for tasks to queue
[2025-09-07T10:47:51.114+0000] {logging_mixin.py:188} INFO - [2025-09-07T10:47:51.113+0000] {dagbag.py:545} INFO - Filling up the DagBag from /opt/airflow/dags/stock_pipeline_dag.py
[2025-09-07T10:47:51.235+0000] {processor.py:840} INFO - DAG(s) 'stock_pipeline_dag' retrieved from /opt/airflow/dags/stock_pipeline_dag.py
[2025-09-07T10:47:51.368+0000] {logging_mixin.py:188} INFO - [2025-09-07T10:47:51.367+0000] {dag.py:3096} INFO - Sync 1 DAGs
[2025-09-07T10:47:51.465+0000] {logging_mixin.py:188} INFO - [2025-09-07T10:47:51.464+0000] {dag.py:3954} INFO - Setting next_dagrun for stock_pipeline_dag to 2025-09-07 09:00:00+00:00, run_after=2025-09-07 10:00:00+00:00
[2025-09-07T10:47:51.573+0000] {processor.py:183} INFO - Processing /opt/airflow/dags/stock_pipeline_dag.py took 0.512 seconds
[2025-09-07T10:48:22.079+0000] {processor.py:161} INFO - Started process (PID=239) to work on /opt/airflow/dags/stock_pipeline_dag.py
[2025-09-07T10:48:22.082+0000] {processor.py:830} INFO - Processing file /opt/airflow/dags/stock_pipeline_dag.py for tasks to queue
[2025-09-07T10:48:22.087+0000] {logging_mixin.py:188} INFO - [2025-09-07T10:48:22.086+0000] {dagbag.py:545} INFO - Filling up the DagBag from /opt/airflow/dags/stock_pipeline_dag.py
[2025-09-07T10:48:22.365+0000] {processor.py:840} INFO - DAG(s) 'stock_pipeline_dag' retrieved from /opt/airflow/dags/stock_pipeline_dag.py
[2025-09-07T10:48:22.436+0000] {logging_mixin.py:188} INFO - [2025-09-07T10:48:22.435+0000] {dag.py:3096} INFO - Sync 1 DAGs
[2025-09-07T10:48:22.485+0000] {logging_mixin.py:188} INFO - [2025-09-07T10:48:22.485+0000] {dag.py:3954} INFO - Setting next_dagrun for stock_pipeline_dag to 2025-09-07 09:00:00+00:00, run_after=2025-09-07 10:00:00+00:00
[2025-09-07T10:48:22.535+0000] {processor.py:183} INFO - Processing /opt/airflow/dags/stock_pipeline_dag.py took 0.471 seconds
[2025-09-07T10:48:52.926+0000] {processor.py:161} INFO - Started process (PID=244) to work on /opt/airflow/dags/stock_pipeline_dag.py
[2025-09-07T10:48:52.928+0000] {processor.py:830} INFO - Processing file /opt/airflow/dags/stock_pipeline_dag.py for tasks to queue
[2025-09-07T10:48:52.932+0000] {logging_mixin.py:188} INFO - [2025-09-07T10:48:52.932+0000] {dagbag.py:545} INFO - Filling up the DagBag from /opt/airflow/dags/stock_pipeline_dag.py
[2025-09-07T10:48:52.986+0000] {processor.py:840} INFO - DAG(s) 'stock_pipeline_dag' retrieved from /opt/airflow/dags/stock_pipeline_dag.py
[2025-09-07T10:48:53.042+0000] {logging_mixin.py:188} INFO - [2025-09-07T10:48:53.042+0000] {dag.py:3096} INFO - Sync 1 DAGs
[2025-09-07T10:48:53.090+0000] {logging_mixin.py:188} INFO - [2025-09-07T10:48:53.090+0000] {dag.py:3954} INFO - Setting next_dagrun for stock_pipeline_dag to 2025-09-07 09:00:00+00:00, run_after=2025-09-07 10:00:00+00:00
[2025-09-07T10:48:53.132+0000] {processor.py:183} INFO - Processing /opt/airflow/dags/stock_pipeline_dag.py took 0.217 seconds
[2025-09-07T10:49:23.388+0000] {processor.py:161} INFO - Started process (PID=249) to work on /opt/airflow/dags/stock_pipeline_dag.py
[2025-09-07T10:49:23.391+0000] {processor.py:830} INFO - Processing file /opt/airflow/dags/stock_pipeline_dag.py for tasks to queue
[2025-09-07T10:49:23.395+0000] {logging_mixin.py:188} INFO - [2025-09-07T10:49:23.394+0000] {dagbag.py:545} INFO - Filling up the DagBag from /opt/airflow/dags/stock_pipeline_dag.py
[2025-09-07T10:49:23.446+0000] {processor.py:840} INFO - DAG(s) 'stock_pipeline_dag' retrieved from /opt/airflow/dags/stock_pipeline_dag.py
[2025-09-07T10:49:23.518+0000] {logging_mixin.py:188} INFO - [2025-09-07T10:49:23.517+0000] {dag.py:3096} INFO - Sync 1 DAGs
[2025-09-07T10:49:23.569+0000] {logging_mixin.py:188} INFO - [2025-09-07T10:49:23.568+0000] {dag.py:3954} INFO - Setting next_dagrun for stock_pipeline_dag to 2025-09-07 09:00:00+00:00, run_after=2025-09-07 10:00:00+00:00
[2025-09-07T10:49:23.613+0000] {processor.py:183} INFO - Processing /opt/airflow/dags/stock_pipeline_dag.py took 0.239 seconds
[2025-09-07T10:49:54.041+0000] {processor.py:161} INFO - Started process (PID=254) to work on /opt/airflow/dags/stock_pipeline_dag.py
[2025-09-07T10:49:54.045+0000] {processor.py:830} INFO - Processing file /opt/airflow/dags/stock_pipeline_dag.py for tasks to queue
[2025-09-07T10:49:54.053+0000] {logging_mixin.py:188} INFO - [2025-09-07T10:49:54.052+0000] {dagbag.py:545} INFO - Filling up the DagBag from /opt/airflow/dags/stock_pipeline_dag.py
[2025-09-07T10:49:54.171+0000] {processor.py:840} INFO - DAG(s) 'stock_pipeline_dag' retrieved from /opt/airflow/dags/stock_pipeline_dag.py
[2025-09-07T10:49:54.321+0000] {logging_mixin.py:188} INFO - [2025-09-07T10:49:54.320+0000] {dag.py:3096} INFO - Sync 1 DAGs
[2025-09-07T10:49:54.422+0000] {logging_mixin.py:188} INFO - [2025-09-07T10:49:54.421+0000] {dag.py:3954} INFO - Setting next_dagrun for stock_pipeline_dag to 2025-09-07 09:00:00+00:00, run_after=2025-09-07 10:00:00+00:00
[2025-09-07T10:49:54.525+0000] {processor.py:183} INFO - Processing /opt/airflow/dags/stock_pipeline_dag.py took 0.510 seconds
[2025-09-07T10:50:25.130+0000] {processor.py:161} INFO - Started process (PID=259) to work on /opt/airflow/dags/stock_pipeline_dag.py
[2025-09-07T10:50:25.134+0000] {processor.py:830} INFO - Processing file /opt/airflow/dags/stock_pipeline_dag.py for tasks to queue
[2025-09-07T10:50:25.143+0000] {logging_mixin.py:188} INFO - [2025-09-07T10:50:25.141+0000] {dagbag.py:545} INFO - Filling up the DagBag from /opt/airflow/dags/stock_pipeline_dag.py
[2025-09-07T10:50:25.254+0000] {processor.py:840} INFO - DAG(s) 'stock_pipeline_dag' retrieved from /opt/airflow/dags/stock_pipeline_dag.py
[2025-09-07T10:50:25.390+0000] {logging_mixin.py:188} INFO - [2025-09-07T10:50:25.389+0000] {dag.py:3096} INFO - Sync 1 DAGs
[2025-09-07T10:50:25.492+0000] {logging_mixin.py:188} INFO - [2025-09-07T10:50:25.491+0000] {dag.py:3954} INFO - Setting next_dagrun for stock_pipeline_dag to 2025-09-07 09:00:00+00:00, run_after=2025-09-07 10:00:00+00:00
[2025-09-07T10:50:25.545+0000] {processor.py:183} INFO - Processing /opt/airflow/dags/stock_pipeline_dag.py took 0.444 seconds
[2025-09-07T10:50:56.206+0000] {processor.py:161} INFO - Started process (PID=264) to work on /opt/airflow/dags/stock_pipeline_dag.py
[2025-09-07T10:50:56.209+0000] {processor.py:830} INFO - Processing file /opt/airflow/dags/stock_pipeline_dag.py for tasks to queue
[2025-09-07T10:50:56.216+0000] {logging_mixin.py:188} INFO - [2025-09-07T10:50:56.215+0000] {dagbag.py:545} INFO - Filling up the DagBag from /opt/airflow/dags/stock_pipeline_dag.py
[2025-09-07T10:50:56.322+0000] {processor.py:840} INFO - DAG(s) 'stock_pipeline_dag' retrieved from /opt/airflow/dags/stock_pipeline_dag.py
[2025-09-07T10:50:56.502+0000] {logging_mixin.py:188} INFO - [2025-09-07T10:50:56.501+0000] {dag.py:3096} INFO - Sync 1 DAGs
[2025-09-07T10:50:56.659+0000] {logging_mixin.py:188} INFO - [2025-09-07T10:50:56.657+0000] {dag.py:3954} INFO - Setting next_dagrun for stock_pipeline_dag to 2025-09-07 09:00:00+00:00, run_after=2025-09-07 10:00:00+00:00
[2025-09-07T10:50:56.744+0000] {processor.py:183} INFO - Processing /opt/airflow/dags/stock_pipeline_dag.py took 0.557 seconds
[2025-09-07T10:51:27.391+0000] {processor.py:161} INFO - Started process (PID=269) to work on /opt/airflow/dags/stock_pipeline_dag.py
[2025-09-07T10:51:27.397+0000] {processor.py:830} INFO - Processing file /opt/airflow/dags/stock_pipeline_dag.py for tasks to queue
[2025-09-07T10:51:27.407+0000] {logging_mixin.py:188} INFO - [2025-09-07T10:51:27.405+0000] {dagbag.py:545} INFO - Filling up the DagBag from /opt/airflow/dags/stock_pipeline_dag.py
[2025-09-07T10:51:27.531+0000] {processor.py:840} INFO - DAG(s) 'stock_pipeline_dag' retrieved from /opt/airflow/dags/stock_pipeline_dag.py
[2025-09-07T10:51:27.672+0000] {logging_mixin.py:188} INFO - [2025-09-07T10:51:27.672+0000] {dag.py:3096} INFO - Sync 1 DAGs
[2025-09-07T10:51:27.735+0000] {logging_mixin.py:188} INFO - [2025-09-07T10:51:27.734+0000] {dag.py:3954} INFO - Setting next_dagrun for stock_pipeline_dag to 2025-09-07 09:00:00+00:00, run_after=2025-09-07 10:00:00+00:00
[2025-09-07T10:51:27.789+0000] {processor.py:183} INFO - Processing /opt/airflow/dags/stock_pipeline_dag.py took 0.438 seconds
[2025-09-07T10:51:58.241+0000] {processor.py:161} INFO - Started process (PID=274) to work on /opt/airflow/dags/stock_pipeline_dag.py
[2025-09-07T10:51:58.246+0000] {processor.py:830} INFO - Processing file /opt/airflow/dags/stock_pipeline_dag.py for tasks to queue
[2025-09-07T10:51:58.257+0000] {logging_mixin.py:188} INFO - [2025-09-07T10:51:58.255+0000] {dagbag.py:545} INFO - Filling up the DagBag from /opt/airflow/dags/stock_pipeline_dag.py
[2025-09-07T10:51:58.389+0000] {processor.py:840} INFO - DAG(s) 'stock_pipeline_dag' retrieved from /opt/airflow/dags/stock_pipeline_dag.py
[2025-09-07T10:51:58.541+0000] {logging_mixin.py:188} INFO - [2025-09-07T10:51:58.540+0000] {dag.py:3096} INFO - Sync 1 DAGs
[2025-09-07T10:51:58.649+0000] {logging_mixin.py:188} INFO - [2025-09-07T10:51:58.648+0000] {dag.py:3954} INFO - Setting next_dagrun for stock_pipeline_dag to 2025-09-07 09:00:00+00:00, run_after=2025-09-07 10:00:00+00:00
[2025-09-07T10:51:58.736+0000] {processor.py:183} INFO - Processing /opt/airflow/dags/stock_pipeline_dag.py took 0.527 seconds
[2025-09-07T10:52:29.375+0000] {processor.py:161} INFO - Started process (PID=279) to work on /opt/airflow/dags/stock_pipeline_dag.py
[2025-09-07T10:52:29.379+0000] {processor.py:830} INFO - Processing file /opt/airflow/dags/stock_pipeline_dag.py for tasks to queue
[2025-09-07T10:52:29.387+0000] {logging_mixin.py:188} INFO - [2025-09-07T10:52:29.386+0000] {dagbag.py:545} INFO - Filling up the DagBag from /opt/airflow/dags/stock_pipeline_dag.py
[2025-09-07T10:52:29.493+0000] {processor.py:840} INFO - DAG(s) 'stock_pipeline_dag' retrieved from /opt/airflow/dags/stock_pipeline_dag.py
[2025-09-07T10:52:29.669+0000] {logging_mixin.py:188} INFO - [2025-09-07T10:52:29.668+0000] {dag.py:3096} INFO - Sync 1 DAGs
[2025-09-07T10:52:29.792+0000] {logging_mixin.py:188} INFO - [2025-09-07T10:52:29.792+0000] {dag.py:3954} INFO - Setting next_dagrun for stock_pipeline_dag to 2025-09-07 10:00:00+00:00, run_after=2025-09-07 11:00:00+00:00
[2025-09-07T10:52:29.851+0000] {processor.py:183} INFO - Processing /opt/airflow/dags/stock_pipeline_dag.py took 0.507 seconds
[2025-09-07T10:53:00.242+0000] {processor.py:161} INFO - Started process (PID=296) to work on /opt/airflow/dags/stock_pipeline_dag.py
[2025-09-07T10:53:00.246+0000] {processor.py:830} INFO - Processing file /opt/airflow/dags/stock_pipeline_dag.py for tasks to queue
[2025-09-07T10:53:00.254+0000] {logging_mixin.py:188} INFO - [2025-09-07T10:53:00.252+0000] {dagbag.py:545} INFO - Filling up the DagBag from /opt/airflow/dags/stock_pipeline_dag.py
[2025-09-07T10:53:00.363+0000] {processor.py:840} INFO - DAG(s) 'stock_pipeline_dag' retrieved from /opt/airflow/dags/stock_pipeline_dag.py
[2025-09-07T10:53:00.483+0000] {logging_mixin.py:188} INFO - [2025-09-07T10:53:00.482+0000] {dag.py:3096} INFO - Sync 1 DAGs
[2025-09-07T10:53:00.595+0000] {logging_mixin.py:188} INFO - [2025-09-07T10:53:00.594+0000] {dag.py:3954} INFO - Setting next_dagrun for stock_pipeline_dag to 2025-09-07 10:00:00+00:00, run_after=2025-09-07 11:00:00+00:00
[2025-09-07T10:53:00.677+0000] {processor.py:183} INFO - Processing /opt/airflow/dags/stock_pipeline_dag.py took 0.464 seconds
[2025-09-07T10:53:31.303+0000] {processor.py:161} INFO - Started process (PID=301) to work on /opt/airflow/dags/stock_pipeline_dag.py
[2025-09-07T10:53:31.309+0000] {processor.py:830} INFO - Processing file /opt/airflow/dags/stock_pipeline_dag.py for tasks to queue
[2025-09-07T10:53:31.318+0000] {logging_mixin.py:188} INFO - [2025-09-07T10:53:31.317+0000] {dagbag.py:545} INFO - Filling up the DagBag from /opt/airflow/dags/stock_pipeline_dag.py
[2025-09-07T10:53:31.430+0000] {processor.py:840} INFO - DAG(s) 'stock_pipeline_dag' retrieved from /opt/airflow/dags/stock_pipeline_dag.py
[2025-09-07T10:53:31.582+0000] {logging_mixin.py:188} INFO - [2025-09-07T10:53:31.581+0000] {dag.py:3096} INFO - Sync 1 DAGs
[2025-09-07T10:53:31.693+0000] {logging_mixin.py:188} INFO - [2025-09-07T10:53:31.692+0000] {dag.py:3954} INFO - Setting next_dagrun for stock_pipeline_dag to 2025-09-07 10:00:00+00:00, run_after=2025-09-07 11:00:00+00:00
[2025-09-07T10:53:31.785+0000] {processor.py:183} INFO - Processing /opt/airflow/dags/stock_pipeline_dag.py took 0.522 seconds
[2025-09-07T10:54:02.358+0000] {processor.py:161} INFO - Started process (PID=306) to work on /opt/airflow/dags/stock_pipeline_dag.py
[2025-09-07T10:54:02.363+0000] {processor.py:830} INFO - Processing file /opt/airflow/dags/stock_pipeline_dag.py for tasks to queue
[2025-09-07T10:54:02.372+0000] {logging_mixin.py:188} INFO - [2025-09-07T10:54:02.370+0000] {dagbag.py:545} INFO - Filling up the DagBag from /opt/airflow/dags/stock_pipeline_dag.py
[2025-09-07T10:54:02.490+0000] {processor.py:840} INFO - DAG(s) 'stock_pipeline_dag' retrieved from /opt/airflow/dags/stock_pipeline_dag.py
[2025-09-07T10:54:02.623+0000] {logging_mixin.py:188} INFO - [2025-09-07T10:54:02.622+0000] {dag.py:3096} INFO - Sync 1 DAGs
[2025-09-07T10:54:02.730+0000] {logging_mixin.py:188} INFO - [2025-09-07T10:54:02.729+0000] {dag.py:3954} INFO - Setting next_dagrun for stock_pipeline_dag to 2025-09-07 10:00:00+00:00, run_after=2025-09-07 11:00:00+00:00
[2025-09-07T10:54:02.819+0000] {processor.py:183} INFO - Processing /opt/airflow/dags/stock_pipeline_dag.py took 0.490 seconds
[2025-09-07T10:54:33.410+0000] {processor.py:161} INFO - Started process (PID=311) to work on /opt/airflow/dags/stock_pipeline_dag.py
[2025-09-07T10:54:33.413+0000] {processor.py:830} INFO - Processing file /opt/airflow/dags/stock_pipeline_dag.py for tasks to queue
[2025-09-07T10:54:33.417+0000] {logging_mixin.py:188} INFO - [2025-09-07T10:54:33.416+0000] {dagbag.py:545} INFO - Filling up the DagBag from /opt/airflow/dags/stock_pipeline_dag.py
[2025-09-07T10:54:33.486+0000] {processor.py:840} INFO - DAG(s) 'stock_pipeline_dag' retrieved from /opt/airflow/dags/stock_pipeline_dag.py
[2025-09-07T10:54:33.569+0000] {logging_mixin.py:188} INFO - [2025-09-07T10:54:33.568+0000] {dag.py:3096} INFO - Sync 1 DAGs
[2025-09-07T10:54:33.633+0000] {logging_mixin.py:188} INFO - [2025-09-07T10:54:33.632+0000] {dag.py:3954} INFO - Setting next_dagrun for stock_pipeline_dag to 2025-09-07 10:00:00+00:00, run_after=2025-09-07 11:00:00+00:00
[2025-09-07T10:54:33.708+0000] {processor.py:183} INFO - Processing /opt/airflow/dags/stock_pipeline_dag.py took 0.314 seconds
[2025-09-07T10:55:04.286+0000] {processor.py:161} INFO - Started process (PID=316) to work on /opt/airflow/dags/stock_pipeline_dag.py
[2025-09-07T10:55:04.291+0000] {processor.py:830} INFO - Processing file /opt/airflow/dags/stock_pipeline_dag.py for tasks to queue
[2025-09-07T10:55:04.300+0000] {logging_mixin.py:188} INFO - [2025-09-07T10:55:04.299+0000] {dagbag.py:545} INFO - Filling up the DagBag from /opt/airflow/dags/stock_pipeline_dag.py
[2025-09-07T10:55:04.379+0000] {processor.py:840} INFO - DAG(s) 'stock_pipeline_dag' retrieved from /opt/airflow/dags/stock_pipeline_dag.py
[2025-09-07T10:55:04.454+0000] {logging_mixin.py:188} INFO - [2025-09-07T10:55:04.454+0000] {dag.py:3096} INFO - Sync 1 DAGs
[2025-09-07T10:55:04.518+0000] {logging_mixin.py:188} INFO - [2025-09-07T10:55:04.518+0000] {dag.py:3954} INFO - Setting next_dagrun for stock_pipeline_dag to 2025-09-07 10:00:00+00:00, run_after=2025-09-07 11:00:00+00:00
[2025-09-07T10:55:04.555+0000] {processor.py:183} INFO - Processing /opt/airflow/dags/stock_pipeline_dag.py took 0.296 seconds
[2025-09-07T10:55:34.671+0000] {processor.py:161} INFO - Started process (PID=321) to work on /opt/airflow/dags/stock_pipeline_dag.py
[2025-09-07T10:55:34.675+0000] {processor.py:830} INFO - Processing file /opt/airflow/dags/stock_pipeline_dag.py for tasks to queue
[2025-09-07T10:55:34.682+0000] {logging_mixin.py:188} INFO - [2025-09-07T10:55:34.680+0000] {dagbag.py:545} INFO - Filling up the DagBag from /opt/airflow/dags/stock_pipeline_dag.py
[2025-09-07T10:55:34.750+0000] {processor.py:840} INFO - DAG(s) 'stock_pipeline_dag' retrieved from /opt/airflow/dags/stock_pipeline_dag.py
[2025-09-07T10:55:34.846+0000] {logging_mixin.py:188} INFO - [2025-09-07T10:55:34.845+0000] {dag.py:3096} INFO - Sync 1 DAGs
[2025-09-07T10:55:34.934+0000] {logging_mixin.py:188} INFO - [2025-09-07T10:55:34.933+0000] {dag.py:3954} INFO - Setting next_dagrun for stock_pipeline_dag to 2025-09-07 10:00:00+00:00, run_after=2025-09-07 11:00:00+00:00
[2025-09-07T10:55:34.993+0000] {processor.py:183} INFO - Processing /opt/airflow/dags/stock_pipeline_dag.py took 0.357 seconds
[2025-09-07T10:56:05.749+0000] {processor.py:161} INFO - Started process (PID=326) to work on /opt/airflow/dags/stock_pipeline_dag.py
[2025-09-07T10:56:05.753+0000] {processor.py:830} INFO - Processing file /opt/airflow/dags/stock_pipeline_dag.py for tasks to queue
[2025-09-07T10:56:05.760+0000] {logging_mixin.py:188} INFO - [2025-09-07T10:56:05.759+0000] {dagbag.py:545} INFO - Filling up the DagBag from /opt/airflow/dags/stock_pipeline_dag.py
[2025-09-07T10:56:05.873+0000] {processor.py:840} INFO - DAG(s) 'stock_pipeline_dag' retrieved from /opt/airflow/dags/stock_pipeline_dag.py
[2025-09-07T10:56:05.975+0000] {logging_mixin.py:188} INFO - [2025-09-07T10:56:05.975+0000] {dag.py:3096} INFO - Sync 1 DAGs
[2025-09-07T10:56:06.011+0000] {logging_mixin.py:188} INFO - [2025-09-07T10:56:06.011+0000] {dag.py:3954} INFO - Setting next_dagrun for stock_pipeline_dag to 2025-09-07 10:00:00+00:00, run_after=2025-09-07 11:00:00+00:00
[2025-09-07T10:56:06.058+0000] {processor.py:183} INFO - Processing /opt/airflow/dags/stock_pipeline_dag.py took 0.334 seconds
[2025-09-07T10:56:36.485+0000] {processor.py:161} INFO - Started process (PID=331) to work on /opt/airflow/dags/stock_pipeline_dag.py
[2025-09-07T10:56:36.490+0000] {processor.py:830} INFO - Processing file /opt/airflow/dags/stock_pipeline_dag.py for tasks to queue
[2025-09-07T10:56:36.498+0000] {logging_mixin.py:188} INFO - [2025-09-07T10:56:36.497+0000] {dagbag.py:545} INFO - Filling up the DagBag from /opt/airflow/dags/stock_pipeline_dag.py
[2025-09-07T10:56:36.610+0000] {processor.py:840} INFO - DAG(s) 'stock_pipeline_dag' retrieved from /opt/airflow/dags/stock_pipeline_dag.py
[2025-09-07T10:56:36.732+0000] {logging_mixin.py:188} INFO - [2025-09-07T10:56:36.732+0000] {dag.py:3096} INFO - Sync 1 DAGs
[2025-09-07T10:56:36.811+0000] {logging_mixin.py:188} INFO - [2025-09-07T10:56:36.811+0000] {dag.py:3954} INFO - Setting next_dagrun for stock_pipeline_dag to 2025-09-07 10:00:00+00:00, run_after=2025-09-07 11:00:00+00:00
[2025-09-07T10:56:36.894+0000] {processor.py:183} INFO - Processing /opt/airflow/dags/stock_pipeline_dag.py took 0.439 seconds
[2025-09-07T10:57:07.144+0000] {processor.py:161} INFO - Started process (PID=336) to work on /opt/airflow/dags/stock_pipeline_dag.py
[2025-09-07T10:57:07.149+0000] {processor.py:830} INFO - Processing file /opt/airflow/dags/stock_pipeline_dag.py for tasks to queue
[2025-09-07T10:57:07.157+0000] {logging_mixin.py:188} INFO - [2025-09-07T10:57:07.155+0000] {dagbag.py:545} INFO - Filling up the DagBag from /opt/airflow/dags/stock_pipeline_dag.py
[2025-09-07T10:57:07.275+0000] {processor.py:840} INFO - DAG(s) 'stock_pipeline_dag' retrieved from /opt/airflow/dags/stock_pipeline_dag.py
[2025-09-07T10:57:07.414+0000] {logging_mixin.py:188} INFO - [2025-09-07T10:57:07.413+0000] {dag.py:3096} INFO - Sync 1 DAGs
[2025-09-07T10:57:07.532+0000] {logging_mixin.py:188} INFO - [2025-09-07T10:57:07.531+0000] {dag.py:3954} INFO - Setting next_dagrun for stock_pipeline_dag to 2025-09-07 10:00:00+00:00, run_after=2025-09-07 11:00:00+00:00
[2025-09-07T10:57:07.626+0000] {processor.py:183} INFO - Processing /opt/airflow/dags/stock_pipeline_dag.py took 0.511 seconds
[2025-09-07T10:57:37.883+0000] {processor.py:161} INFO - Started process (PID=341) to work on /opt/airflow/dags/stock_pipeline_dag.py
[2025-09-07T10:57:37.885+0000] {processor.py:830} INFO - Processing file /opt/airflow/dags/stock_pipeline_dag.py for tasks to queue
[2025-09-07T10:57:37.890+0000] {logging_mixin.py:188} INFO - [2025-09-07T10:57:37.889+0000] {dagbag.py:545} INFO - Filling up the DagBag from /opt/airflow/dags/stock_pipeline_dag.py
[2025-09-07T10:57:37.995+0000] {processor.py:840} INFO - DAG(s) 'stock_pipeline_dag' retrieved from /opt/airflow/dags/stock_pipeline_dag.py
[2025-09-07T10:57:38.136+0000] {logging_mixin.py:188} INFO - [2025-09-07T10:57:38.135+0000] {dag.py:3096} INFO - Sync 1 DAGs
[2025-09-07T10:57:38.255+0000] {logging_mixin.py:188} INFO - [2025-09-07T10:57:38.254+0000] {dag.py:3954} INFO - Setting next_dagrun for stock_pipeline_dag to 2025-09-07 10:00:00+00:00, run_after=2025-09-07 11:00:00+00:00
[2025-09-07T10:57:38.342+0000] {processor.py:183} INFO - Processing /opt/airflow/dags/stock_pipeline_dag.py took 0.476 seconds
[2025-09-07T10:58:48.542+0000] {processor.py:161} INFO - Started process (PID=163) to work on /opt/airflow/dags/stock_pipeline_dag.py
[2025-09-07T10:58:48.546+0000] {processor.py:830} INFO - Processing file /opt/airflow/dags/stock_pipeline_dag.py for tasks to queue
[2025-09-07T10:58:48.552+0000] {logging_mixin.py:188} INFO - [2025-09-07T10:58:48.551+0000] {dagbag.py:545} INFO - Filling up the DagBag from /opt/airflow/dags/stock_pipeline_dag.py
[2025-09-07T10:58:48.627+0000] {processor.py:840} INFO - DAG(s) 'stock_pipeline_dag' retrieved from /opt/airflow/dags/stock_pipeline_dag.py
[2025-09-07T10:58:49.436+0000] {logging_mixin.py:188} INFO - [2025-09-07T10:58:49.433+0000] {override.py:1829} INFO - Created Permission View: can delete on DAG:stock_pipeline_dag
[2025-09-07T10:58:49.463+0000] {logging_mixin.py:188} INFO - [2025-09-07T10:58:49.463+0000] {override.py:1829} INFO - Created Permission View: can edit on DAG:stock_pipeline_dag
[2025-09-07T10:58:49.750+0000] {logging_mixin.py:188} INFO - [2025-09-07T10:58:49.749+0000] {override.py:1829} INFO - Created Permission View: can read on DAG:stock_pipeline_dag
[2025-09-07T10:58:49.752+0000] {logging_mixin.py:188} INFO - [2025-09-07T10:58:49.751+0000] {dag.py:3096} INFO - Sync 1 DAGs
[2025-09-07T10:58:49.774+0000] {logging_mixin.py:188} INFO - [2025-09-07T10:58:49.773+0000] {dag.py:3118} INFO - Creating ORM DAG for stock_pipeline_dag
[2025-09-07T10:58:49.797+0000] {logging_mixin.py:188} INFO - [2025-09-07T10:58:49.797+0000] {dag.py:3954} INFO - Setting next_dagrun for stock_pipeline_dag to 2025-09-07 09:00:00+00:00, run_after=2025-09-07 10:00:00+00:00
[2025-09-07T10:58:49.837+0000] {processor.py:183} INFO - Processing /opt/airflow/dags/stock_pipeline_dag.py took 1.307 seconds
[2025-09-07T10:59:20.018+0000] {processor.py:161} INFO - Started process (PID=169) to work on /opt/airflow/dags/stock_pipeline_dag.py
[2025-09-07T10:59:20.022+0000] {processor.py:830} INFO - Processing file /opt/airflow/dags/stock_pipeline_dag.py for tasks to queue
[2025-09-07T10:59:20.030+0000] {logging_mixin.py:188} INFO - [2025-09-07T10:59:20.029+0000] {dagbag.py:545} INFO - Filling up the DagBag from /opt/airflow/dags/stock_pipeline_dag.py
[2025-09-07T10:59:20.128+0000] {processor.py:840} INFO - DAG(s) 'stock_pipeline_dag' retrieved from /opt/airflow/dags/stock_pipeline_dag.py
[2025-09-07T10:59:20.244+0000] {logging_mixin.py:188} INFO - [2025-09-07T10:59:20.244+0000] {dag.py:3096} INFO - Sync 1 DAGs
[2025-09-07T10:59:20.298+0000] {logging_mixin.py:188} INFO - [2025-09-07T10:59:20.297+0000] {dag.py:3954} INFO - Setting next_dagrun for stock_pipeline_dag to 2025-09-07 09:00:00+00:00, run_after=2025-09-07 10:00:00+00:00
[2025-09-07T10:59:20.336+0000] {processor.py:183} INFO - Processing /opt/airflow/dags/stock_pipeline_dag.py took 0.346 seconds
[2025-09-07T10:59:50.668+0000] {processor.py:161} INFO - Started process (PID=174) to work on /opt/airflow/dags/stock_pipeline_dag.py
[2025-09-07T10:59:50.673+0000] {processor.py:830} INFO - Processing file /opt/airflow/dags/stock_pipeline_dag.py for tasks to queue
[2025-09-07T10:59:50.686+0000] {logging_mixin.py:188} INFO - [2025-09-07T10:59:50.680+0000] {dagbag.py:545} INFO - Filling up the DagBag from /opt/airflow/dags/stock_pipeline_dag.py
[2025-09-07T10:59:50.799+0000] {processor.py:840} INFO - DAG(s) 'stock_pipeline_dag' retrieved from /opt/airflow/dags/stock_pipeline_dag.py
[2025-09-07T10:59:50.881+0000] {logging_mixin.py:188} INFO - [2025-09-07T10:59:50.880+0000] {dag.py:3096} INFO - Sync 1 DAGs
[2025-09-07T10:59:50.945+0000] {logging_mixin.py:188} INFO - [2025-09-07T10:59:50.945+0000] {dag.py:3954} INFO - Setting next_dagrun for stock_pipeline_dag to 2025-09-07 09:00:00+00:00, run_after=2025-09-07 10:00:00+00:00
[2025-09-07T10:59:51.000+0000] {processor.py:183} INFO - Processing /opt/airflow/dags/stock_pipeline_dag.py took 0.366 seconds
[2025-09-07T11:00:21.290+0000] {processor.py:161} INFO - Started process (PID=179) to work on /opt/airflow/dags/stock_pipeline_dag.py
[2025-09-07T11:00:21.293+0000] {processor.py:830} INFO - Processing file /opt/airflow/dags/stock_pipeline_dag.py for tasks to queue
[2025-09-07T11:00:21.301+0000] {logging_mixin.py:188} INFO - [2025-09-07T11:00:21.299+0000] {dagbag.py:545} INFO - Filling up the DagBag from /opt/airflow/dags/stock_pipeline_dag.py
[2025-09-07T11:00:21.399+0000] {processor.py:840} INFO - DAG(s) 'stock_pipeline_dag' retrieved from /opt/airflow/dags/stock_pipeline_dag.py
[2025-09-07T11:00:21.498+0000] {logging_mixin.py:188} INFO - [2025-09-07T11:00:21.497+0000] {dag.py:3096} INFO - Sync 1 DAGs
[2025-09-07T11:00:21.581+0000] {logging_mixin.py:188} INFO - [2025-09-07T11:00:21.580+0000] {dag.py:3954} INFO - Setting next_dagrun for stock_pipeline_dag to 2025-09-07 10:00:00+00:00, run_after=2025-09-07 11:00:00+00:00
[2025-09-07T11:00:21.659+0000] {processor.py:183} INFO - Processing /opt/airflow/dags/stock_pipeline_dag.py took 0.391 seconds
[2025-09-07T11:00:51.943+0000] {processor.py:161} INFO - Started process (PID=184) to work on /opt/airflow/dags/stock_pipeline_dag.py
[2025-09-07T11:00:51.947+0000] {processor.py:830} INFO - Processing file /opt/airflow/dags/stock_pipeline_dag.py for tasks to queue
[2025-09-07T11:00:51.955+0000] {logging_mixin.py:188} INFO - [2025-09-07T11:00:51.953+0000] {dagbag.py:545} INFO - Filling up the DagBag from /opt/airflow/dags/stock_pipeline_dag.py
[2025-09-07T11:00:52.051+0000] {processor.py:840} INFO - DAG(s) 'stock_pipeline_dag' retrieved from /opt/airflow/dags/stock_pipeline_dag.py
[2025-09-07T11:00:52.141+0000] {logging_mixin.py:188} INFO - [2025-09-07T11:00:52.141+0000] {dag.py:3096} INFO - Sync 1 DAGs
[2025-09-07T11:00:52.363+0000] {logging_mixin.py:188} INFO - [2025-09-07T11:00:52.362+0000] {dag.py:3954} INFO - Setting next_dagrun for stock_pipeline_dag to 2025-09-07 10:00:00+00:00, run_after=2025-09-07 11:00:00+00:00
[2025-09-07T11:00:52.410+0000] {processor.py:183} INFO - Processing /opt/airflow/dags/stock_pipeline_dag.py took 0.490 seconds
[2025-09-07T11:01:22.612+0000] {processor.py:161} INFO - Started process (PID=189) to work on /opt/airflow/dags/stock_pipeline_dag.py
[2025-09-07T11:01:22.616+0000] {processor.py:830} INFO - Processing file /opt/airflow/dags/stock_pipeline_dag.py for tasks to queue
[2025-09-07T11:01:22.623+0000] {logging_mixin.py:188} INFO - [2025-09-07T11:01:22.622+0000] {dagbag.py:545} INFO - Filling up the DagBag from /opt/airflow/dags/stock_pipeline_dag.py
[2025-09-07T11:01:22.721+0000] {processor.py:840} INFO - DAG(s) 'stock_pipeline_dag' retrieved from /opt/airflow/dags/stock_pipeline_dag.py
[2025-09-07T11:01:23.025+0000] {logging_mixin.py:188} INFO - [2025-09-07T11:01:23.025+0000] {dag.py:3096} INFO - Sync 1 DAGs
[2025-09-07T11:01:23.072+0000] {logging_mixin.py:188} INFO - [2025-09-07T11:01:23.072+0000] {dag.py:3954} INFO - Setting next_dagrun for stock_pipeline_dag to 2025-09-07 10:00:00+00:00, run_after=2025-09-07 11:00:00+00:00
[2025-09-07T11:01:23.122+0000] {processor.py:183} INFO - Processing /opt/airflow/dags/stock_pipeline_dag.py took 0.537 seconds
[2025-09-07T11:24:58.241+0000] {processor.py:161} INFO - Started process (PID=164) to work on /opt/airflow/dags/stock_pipeline_dag.py
[2025-09-07T11:24:58.262+0000] {processor.py:830} INFO - Processing file /opt/airflow/dags/stock_pipeline_dag.py for tasks to queue
[2025-09-07T11:24:58.272+0000] {logging_mixin.py:188} INFO - [2025-09-07T11:24:58.270+0000] {dagbag.py:545} INFO - Filling up the DagBag from /opt/airflow/dags/stock_pipeline_dag.py
[2025-09-07T11:24:58.404+0000] {processor.py:840} INFO - DAG(s) 'stock_pipeline_dag' retrieved from /opt/airflow/dags/stock_pipeline_dag.py
[2025-09-07T11:24:59.225+0000] {logging_mixin.py:188} INFO - [2025-09-07T11:24:59.216+0000] {override.py:1829} INFO - Created Permission View: can read on DAG:stock_pipeline_dag
[2025-09-07T11:24:59.258+0000] {logging_mixin.py:188} INFO - [2025-09-07T11:24:59.257+0000] {override.py:1829} INFO - Created Permission View: can edit on DAG:stock_pipeline_dag
[2025-09-07T11:24:59.631+0000] {logging_mixin.py:188} INFO - [2025-09-07T11:24:59.630+0000] {override.py:1829} INFO - Created Permission View: can delete on DAG:stock_pipeline_dag
[2025-09-07T11:24:59.632+0000] {logging_mixin.py:188} INFO - [2025-09-07T11:24:59.632+0000] {dag.py:3096} INFO - Sync 1 DAGs
[2025-09-07T11:24:59.668+0000] {logging_mixin.py:188} INFO - [2025-09-07T11:24:59.667+0000] {dag.py:3118} INFO - Creating ORM DAG for stock_pipeline_dag
[2025-09-07T11:24:59.710+0000] {logging_mixin.py:188} INFO - [2025-09-07T11:24:59.709+0000] {dag.py:3954} INFO - Setting next_dagrun for stock_pipeline_dag to 2025-09-07 10:00:00+00:00, run_after=2025-09-07 11:00:00+00:00
[2025-09-07T11:24:59.774+0000] {processor.py:183} INFO - Processing /opt/airflow/dags/stock_pipeline_dag.py took 1.552 seconds
[2025-09-07T11:25:30.168+0000] {processor.py:161} INFO - Started process (PID=169) to work on /opt/airflow/dags/stock_pipeline_dag.py
[2025-09-07T11:25:30.171+0000] {processor.py:830} INFO - Processing file /opt/airflow/dags/stock_pipeline_dag.py for tasks to queue
[2025-09-07T11:25:30.181+0000] {logging_mixin.py:188} INFO - [2025-09-07T11:25:30.180+0000] {dagbag.py:545} INFO - Filling up the DagBag from /opt/airflow/dags/stock_pipeline_dag.py
[2025-09-07T11:25:30.240+0000] {processor.py:840} INFO - DAG(s) 'stock_pipeline_dag' retrieved from /opt/airflow/dags/stock_pipeline_dag.py
[2025-09-07T11:25:30.313+0000] {logging_mixin.py:188} INFO - [2025-09-07T11:25:30.313+0000] {dag.py:3096} INFO - Sync 1 DAGs
[2025-09-07T11:25:30.363+0000] {logging_mixin.py:188} INFO - [2025-09-07T11:25:30.363+0000] {dag.py:3954} INFO - Setting next_dagrun for stock_pipeline_dag to 2025-09-07 10:00:00+00:00, run_after=2025-09-07 11:00:00+00:00
[2025-09-07T11:25:30.408+0000] {processor.py:183} INFO - Processing /opt/airflow/dags/stock_pipeline_dag.py took 0.254 seconds
[2025-09-07T11:26:00.547+0000] {processor.py:161} INFO - Started process (PID=174) to work on /opt/airflow/dags/stock_pipeline_dag.py
[2025-09-07T11:26:00.551+0000] {processor.py:830} INFO - Processing file /opt/airflow/dags/stock_pipeline_dag.py for tasks to queue
[2025-09-07T11:26:00.557+0000] {logging_mixin.py:188} INFO - [2025-09-07T11:26:00.556+0000] {dagbag.py:545} INFO - Filling up the DagBag from /opt/airflow/dags/stock_pipeline_dag.py
[2025-09-07T11:26:00.622+0000] {processor.py:840} INFO - DAG(s) 'stock_pipeline_dag' retrieved from /opt/airflow/dags/stock_pipeline_dag.py
[2025-09-07T11:26:00.697+0000] {logging_mixin.py:188} INFO - [2025-09-07T11:26:00.696+0000] {dag.py:3096} INFO - Sync 1 DAGs
[2025-09-07T11:26:00.760+0000] {logging_mixin.py:188} INFO - [2025-09-07T11:26:00.759+0000] {dag.py:3954} INFO - Setting next_dagrun for stock_pipeline_dag to 2025-09-07 10:00:00+00:00, run_after=2025-09-07 11:00:00+00:00
[2025-09-07T11:26:00.805+0000] {processor.py:183} INFO - Processing /opt/airflow/dags/stock_pipeline_dag.py took 0.280 seconds
[2025-09-07T11:26:31.186+0000] {processor.py:161} INFO - Started process (PID=183) to work on /opt/airflow/dags/stock_pipeline_dag.py
[2025-09-07T11:26:31.190+0000] {processor.py:830} INFO - Processing file /opt/airflow/dags/stock_pipeline_dag.py for tasks to queue
[2025-09-07T11:26:31.196+0000] {logging_mixin.py:188} INFO - [2025-09-07T11:26:31.195+0000] {dagbag.py:545} INFO - Filling up the DagBag from /opt/airflow/dags/stock_pipeline_dag.py
[2025-09-07T11:26:31.268+0000] {processor.py:840} INFO - DAG(s) 'stock_pipeline_dag' retrieved from /opt/airflow/dags/stock_pipeline_dag.py
[2025-09-07T11:26:31.392+0000] {logging_mixin.py:188} INFO - [2025-09-07T11:26:31.391+0000] {dag.py:3096} INFO - Sync 1 DAGs
[2025-09-07T11:26:31.526+0000] {logging_mixin.py:188} INFO - [2025-09-07T11:26:31.525+0000] {dag.py:3954} INFO - Setting next_dagrun for stock_pipeline_dag to 2025-09-07 11:00:00+00:00, run_after=2025-09-07 12:00:00+00:00
[2025-09-07T11:26:31.620+0000] {processor.py:183} INFO - Processing /opt/airflow/dags/stock_pipeline_dag.py took 0.455 seconds
[2025-09-07T11:27:02.194+0000] {processor.py:161} INFO - Started process (PID=190) to work on /opt/airflow/dags/stock_pipeline_dag.py
[2025-09-07T11:27:02.198+0000] {processor.py:830} INFO - Processing file /opt/airflow/dags/stock_pipeline_dag.py for tasks to queue
[2025-09-07T11:27:02.206+0000] {logging_mixin.py:188} INFO - [2025-09-07T11:27:02.204+0000] {dagbag.py:545} INFO - Filling up the DagBag from /opt/airflow/dags/stock_pipeline_dag.py
[2025-09-07T11:27:02.310+0000] {processor.py:840} INFO - DAG(s) 'stock_pipeline_dag' retrieved from /opt/airflow/dags/stock_pipeline_dag.py
[2025-09-07T11:27:02.424+0000] {logging_mixin.py:188} INFO - [2025-09-07T11:27:02.423+0000] {dag.py:3096} INFO - Sync 1 DAGs
[2025-09-07T11:27:02.835+0000] {logging_mixin.py:188} INFO - [2025-09-07T11:27:02.835+0000] {dag.py:3954} INFO - Setting next_dagrun for stock_pipeline_dag to 2025-09-07 11:00:00+00:00, run_after=2025-09-07 12:00:00+00:00
[2025-09-07T11:27:02.891+0000] {processor.py:183} INFO - Processing /opt/airflow/dags/stock_pipeline_dag.py took 0.721 seconds
[2025-09-07T11:27:33.102+0000] {processor.py:161} INFO - Started process (PID=195) to work on /opt/airflow/dags/stock_pipeline_dag.py
[2025-09-07T11:27:33.107+0000] {processor.py:830} INFO - Processing file /opt/airflow/dags/stock_pipeline_dag.py for tasks to queue
[2025-09-07T11:27:33.119+0000] {logging_mixin.py:188} INFO - [2025-09-07T11:27:33.115+0000] {dagbag.py:545} INFO - Filling up the DagBag from /opt/airflow/dags/stock_pipeline_dag.py
[2025-09-07T11:27:33.242+0000] {processor.py:840} INFO - DAG(s) 'stock_pipeline_dag' retrieved from /opt/airflow/dags/stock_pipeline_dag.py
[2025-09-07T11:27:33.626+0000] {logging_mixin.py:188} INFO - [2025-09-07T11:27:33.625+0000] {dag.py:3096} INFO - Sync 1 DAGs
[2025-09-07T11:27:33.704+0000] {logging_mixin.py:188} INFO - [2025-09-07T11:27:33.703+0000] {dag.py:3954} INFO - Setting next_dagrun for stock_pipeline_dag to 2025-09-07 11:00:00+00:00, run_after=2025-09-07 12:00:00+00:00
[2025-09-07T11:27:33.759+0000] {processor.py:183} INFO - Processing /opt/airflow/dags/stock_pipeline_dag.py took 0.690 seconds
[2025-09-07T11:28:04.542+0000] {processor.py:161} INFO - Started process (PID=200) to work on /opt/airflow/dags/stock_pipeline_dag.py
[2025-09-07T11:28:04.545+0000] {processor.py:830} INFO - Processing file /opt/airflow/dags/stock_pipeline_dag.py for tasks to queue
[2025-09-07T11:28:04.553+0000] {logging_mixin.py:188} INFO - [2025-09-07T11:28:04.552+0000] {dagbag.py:545} INFO - Filling up the DagBag from /opt/airflow/dags/stock_pipeline_dag.py
[2025-09-07T11:28:04.624+0000] {processor.py:840} INFO - DAG(s) 'stock_pipeline_dag' retrieved from /opt/airflow/dags/stock_pipeline_dag.py
[2025-09-07T11:28:04.716+0000] {logging_mixin.py:188} INFO - [2025-09-07T11:28:04.715+0000] {dag.py:3096} INFO - Sync 1 DAGs
[2025-09-07T11:28:04.792+0000] {logging_mixin.py:188} INFO - [2025-09-07T11:28:04.791+0000] {dag.py:3954} INFO - Setting next_dagrun for stock_pipeline_dag to 2025-09-07 11:00:00+00:00, run_after=2025-09-07 12:00:00+00:00
[2025-09-07T11:28:04.841+0000] {processor.py:183} INFO - Processing /opt/airflow/dags/stock_pipeline_dag.py took 0.322 seconds
[2025-09-07T11:28:35.193+0000] {processor.py:161} INFO - Started process (PID=205) to work on /opt/airflow/dags/stock_pipeline_dag.py
[2025-09-07T11:28:35.196+0000] {processor.py:830} INFO - Processing file /opt/airflow/dags/stock_pipeline_dag.py for tasks to queue
[2025-09-07T11:28:35.204+0000] {logging_mixin.py:188} INFO - [2025-09-07T11:28:35.203+0000] {dagbag.py:545} INFO - Filling up the DagBag from /opt/airflow/dags/stock_pipeline_dag.py
[2025-09-07T11:28:35.312+0000] {processor.py:840} INFO - DAG(s) 'stock_pipeline_dag' retrieved from /opt/airflow/dags/stock_pipeline_dag.py
[2025-09-07T11:28:35.427+0000] {logging_mixin.py:188} INFO - [2025-09-07T11:28:35.426+0000] {dag.py:3096} INFO - Sync 1 DAGs
[2025-09-07T11:28:35.500+0000] {logging_mixin.py:188} INFO - [2025-09-07T11:28:35.500+0000] {dag.py:3954} INFO - Setting next_dagrun for stock_pipeline_dag to 2025-09-07 11:00:00+00:00, run_after=2025-09-07 12:00:00+00:00
[2025-09-07T11:28:35.563+0000] {processor.py:183} INFO - Processing /opt/airflow/dags/stock_pipeline_dag.py took 0.396 seconds
[2025-09-07T11:29:05.833+0000] {processor.py:161} INFO - Started process (PID=210) to work on /opt/airflow/dags/stock_pipeline_dag.py
[2025-09-07T11:29:05.839+0000] {processor.py:830} INFO - Processing file /opt/airflow/dags/stock_pipeline_dag.py for tasks to queue
[2025-09-07T11:29:05.850+0000] {logging_mixin.py:188} INFO - [2025-09-07T11:29:05.848+0000] {dagbag.py:545} INFO - Filling up the DagBag from /opt/airflow/dags/stock_pipeline_dag.py
[2025-09-07T11:29:05.980+0000] {processor.py:840} INFO - DAG(s) 'stock_pipeline_dag' retrieved from /opt/airflow/dags/stock_pipeline_dag.py
[2025-09-07T11:29:06.116+0000] {logging_mixin.py:188} INFO - [2025-09-07T11:29:06.115+0000] {dag.py:3096} INFO - Sync 1 DAGs
[2025-09-07T11:29:06.231+0000] {logging_mixin.py:188} INFO - [2025-09-07T11:29:06.230+0000] {dag.py:3954} INFO - Setting next_dagrun for stock_pipeline_dag to 2025-09-07 11:00:00+00:00, run_after=2025-09-07 12:00:00+00:00
[2025-09-07T11:29:06.322+0000] {processor.py:183} INFO - Processing /opt/airflow/dags/stock_pipeline_dag.py took 0.526 seconds
[2025-09-07T11:29:36.509+0000] {processor.py:161} INFO - Started process (PID=215) to work on /opt/airflow/dags/stock_pipeline_dag.py
[2025-09-07T11:29:36.513+0000] {processor.py:830} INFO - Processing file /opt/airflow/dags/stock_pipeline_dag.py for tasks to queue
[2025-09-07T11:29:36.521+0000] {logging_mixin.py:188} INFO - [2025-09-07T11:29:36.519+0000] {dagbag.py:545} INFO - Filling up the DagBag from /opt/airflow/dags/stock_pipeline_dag.py
[2025-09-07T11:29:36.641+0000] {processor.py:840} INFO - DAG(s) 'stock_pipeline_dag' retrieved from /opt/airflow/dags/stock_pipeline_dag.py
[2025-09-07T11:29:36.725+0000] {logging_mixin.py:188} INFO - [2025-09-07T11:29:36.724+0000] {dag.py:3096} INFO - Sync 1 DAGs
[2025-09-07T11:29:36.795+0000] {logging_mixin.py:188} INFO - [2025-09-07T11:29:36.795+0000] {dag.py:3954} INFO - Setting next_dagrun for stock_pipeline_dag to 2025-09-07 11:00:00+00:00, run_after=2025-09-07 12:00:00+00:00
[2025-09-07T11:29:36.864+0000] {processor.py:183} INFO - Processing /opt/airflow/dags/stock_pipeline_dag.py took 0.381 seconds
[2025-09-07T11:30:07.473+0000] {processor.py:161} INFO - Started process (PID=220) to work on /opt/airflow/dags/stock_pipeline_dag.py
[2025-09-07T11:30:07.477+0000] {processor.py:830} INFO - Processing file /opt/airflow/dags/stock_pipeline_dag.py for tasks to queue
[2025-09-07T11:30:07.485+0000] {logging_mixin.py:188} INFO - [2025-09-07T11:30:07.484+0000] {dagbag.py:545} INFO - Filling up the DagBag from /opt/airflow/dags/stock_pipeline_dag.py
[2025-09-07T11:30:07.595+0000] {processor.py:840} INFO - DAG(s) 'stock_pipeline_dag' retrieved from /opt/airflow/dags/stock_pipeline_dag.py
[2025-09-07T11:30:07.673+0000] {logging_mixin.py:188} INFO - [2025-09-07T11:30:07.672+0000] {dag.py:3096} INFO - Sync 1 DAGs
[2025-09-07T11:30:07.736+0000] {logging_mixin.py:188} INFO - [2025-09-07T11:30:07.735+0000] {dag.py:3954} INFO - Setting next_dagrun for stock_pipeline_dag to 2025-09-07 11:00:00+00:00, run_after=2025-09-07 12:00:00+00:00
[2025-09-07T11:30:07.794+0000] {processor.py:183} INFO - Processing /opt/airflow/dags/stock_pipeline_dag.py took 0.346 seconds
[2025-09-07T11:30:37.988+0000] {processor.py:161} INFO - Started process (PID=225) to work on /opt/airflow/dags/stock_pipeline_dag.py
[2025-09-07T11:30:37.993+0000] {processor.py:830} INFO - Processing file /opt/airflow/dags/stock_pipeline_dag.py for tasks to queue
[2025-09-07T11:30:38.003+0000] {logging_mixin.py:188} INFO - [2025-09-07T11:30:38.001+0000] {dagbag.py:545} INFO - Filling up the DagBag from /opt/airflow/dags/stock_pipeline_dag.py
[2025-09-07T11:30:38.122+0000] {processor.py:840} INFO - DAG(s) 'stock_pipeline_dag' retrieved from /opt/airflow/dags/stock_pipeline_dag.py
[2025-09-07T11:30:38.305+0000] {logging_mixin.py:188} INFO - [2025-09-07T11:30:38.304+0000] {dag.py:3096} INFO - Sync 1 DAGs
[2025-09-07T11:30:38.427+0000] {logging_mixin.py:188} INFO - [2025-09-07T11:30:38.426+0000] {dag.py:3954} INFO - Setting next_dagrun for stock_pipeline_dag to 2025-09-07 11:00:00+00:00, run_after=2025-09-07 12:00:00+00:00
[2025-09-07T11:30:38.533+0000] {processor.py:183} INFO - Processing /opt/airflow/dags/stock_pipeline_dag.py took 0.579 seconds
[2025-09-07T11:31:08.778+0000] {processor.py:161} INFO - Started process (PID=230) to work on /opt/airflow/dags/stock_pipeline_dag.py
[2025-09-07T11:31:08.783+0000] {processor.py:830} INFO - Processing file /opt/airflow/dags/stock_pipeline_dag.py for tasks to queue
[2025-09-07T11:31:08.791+0000] {logging_mixin.py:188} INFO - [2025-09-07T11:31:08.789+0000] {dagbag.py:545} INFO - Filling up the DagBag from /opt/airflow/dags/stock_pipeline_dag.py
[2025-09-07T11:31:08.901+0000] {processor.py:840} INFO - DAG(s) 'stock_pipeline_dag' retrieved from /opt/airflow/dags/stock_pipeline_dag.py
[2025-09-07T11:31:09.017+0000] {logging_mixin.py:188} INFO - [2025-09-07T11:31:09.017+0000] {dag.py:3096} INFO - Sync 1 DAGs
[2025-09-07T11:31:09.079+0000] {logging_mixin.py:188} INFO - [2025-09-07T11:31:09.079+0000] {dag.py:3954} INFO - Setting next_dagrun for stock_pipeline_dag to 2025-09-07 11:00:00+00:00, run_after=2025-09-07 12:00:00+00:00
[2025-09-07T11:31:09.133+0000] {processor.py:183} INFO - Processing /opt/airflow/dags/stock_pipeline_dag.py took 0.382 seconds
[2025-09-07T11:31:39.504+0000] {processor.py:161} INFO - Started process (PID=235) to work on /opt/airflow/dags/stock_pipeline_dag.py
[2025-09-07T11:31:39.507+0000] {processor.py:830} INFO - Processing file /opt/airflow/dags/stock_pipeline_dag.py for tasks to queue
[2025-09-07T11:31:39.513+0000] {logging_mixin.py:188} INFO - [2025-09-07T11:31:39.512+0000] {dagbag.py:545} INFO - Filling up the DagBag from /opt/airflow/dags/stock_pipeline_dag.py
[2025-09-07T11:31:39.591+0000] {processor.py:840} INFO - DAG(s) 'stock_pipeline_dag' retrieved from /opt/airflow/dags/stock_pipeline_dag.py
[2025-09-07T11:31:39.715+0000] {logging_mixin.py:188} INFO - [2025-09-07T11:31:39.714+0000] {dag.py:3096} INFO - Sync 1 DAGs
[2025-09-07T11:31:39.818+0000] {logging_mixin.py:188} INFO - [2025-09-07T11:31:39.818+0000] {dag.py:3954} INFO - Setting next_dagrun for stock_pipeline_dag to 2025-09-07 11:00:00+00:00, run_after=2025-09-07 12:00:00+00:00
[2025-09-07T11:31:39.888+0000] {processor.py:183} INFO - Processing /opt/airflow/dags/stock_pipeline_dag.py took 0.404 seconds
[2025-09-07T11:32:10.170+0000] {processor.py:161} INFO - Started process (PID=240) to work on /opt/airflow/dags/stock_pipeline_dag.py
[2025-09-07T11:32:10.173+0000] {processor.py:830} INFO - Processing file /opt/airflow/dags/stock_pipeline_dag.py for tasks to queue
[2025-09-07T11:32:10.179+0000] {logging_mixin.py:188} INFO - [2025-09-07T11:32:10.177+0000] {dagbag.py:545} INFO - Filling up the DagBag from /opt/airflow/dags/stock_pipeline_dag.py
[2025-09-07T11:32:10.244+0000] {processor.py:840} INFO - DAG(s) 'stock_pipeline_dag' retrieved from /opt/airflow/dags/stock_pipeline_dag.py
[2025-09-07T11:32:10.316+0000] {logging_mixin.py:188} INFO - [2025-09-07T11:32:10.316+0000] {dag.py:3096} INFO - Sync 1 DAGs
[2025-09-07T11:32:10.418+0000] {logging_mixin.py:188} INFO - [2025-09-07T11:32:10.417+0000] {dag.py:3954} INFO - Setting next_dagrun for stock_pipeline_dag to 2025-09-07 11:00:00+00:00, run_after=2025-09-07 12:00:00+00:00
[2025-09-07T11:32:10.512+0000] {processor.py:183} INFO - Processing /opt/airflow/dags/stock_pipeline_dag.py took 0.360 seconds
[2025-09-07T11:32:40.855+0000] {processor.py:161} INFO - Started process (PID=245) to work on /opt/airflow/dags/stock_pipeline_dag.py
[2025-09-07T11:32:40.858+0000] {processor.py:830} INFO - Processing file /opt/airflow/dags/stock_pipeline_dag.py for tasks to queue
[2025-09-07T11:32:40.864+0000] {logging_mixin.py:188} INFO - [2025-09-07T11:32:40.863+0000] {dagbag.py:545} INFO - Filling up the DagBag from /opt/airflow/dags/stock_pipeline_dag.py
[2025-09-07T11:32:40.942+0000] {processor.py:840} INFO - DAG(s) 'stock_pipeline_dag' retrieved from /opt/airflow/dags/stock_pipeline_dag.py
[2025-09-07T11:32:41.031+0000] {logging_mixin.py:188} INFO - [2025-09-07T11:32:41.030+0000] {dag.py:3096} INFO - Sync 1 DAGs
[2025-09-07T11:32:41.104+0000] {logging_mixin.py:188} INFO - [2025-09-07T11:32:41.103+0000] {dag.py:3954} INFO - Setting next_dagrun for stock_pipeline_dag to 2025-09-07 11:00:00+00:00, run_after=2025-09-07 12:00:00+00:00
[2025-09-07T11:32:41.164+0000] {processor.py:183} INFO - Processing /opt/airflow/dags/stock_pipeline_dag.py took 0.328 seconds
[2025-09-07T11:33:11.634+0000] {processor.py:161} INFO - Started process (PID=250) to work on /opt/airflow/dags/stock_pipeline_dag.py
[2025-09-07T11:33:11.638+0000] {processor.py:830} INFO - Processing file /opt/airflow/dags/stock_pipeline_dag.py for tasks to queue
[2025-09-07T11:33:11.646+0000] {logging_mixin.py:188} INFO - [2025-09-07T11:33:11.645+0000] {dagbag.py:545} INFO - Filling up the DagBag from /opt/airflow/dags/stock_pipeline_dag.py
[2025-09-07T11:33:11.747+0000] {processor.py:840} INFO - DAG(s) 'stock_pipeline_dag' retrieved from /opt/airflow/dags/stock_pipeline_dag.py
[2025-09-07T11:33:11.815+0000] {logging_mixin.py:188} INFO - [2025-09-07T11:33:11.814+0000] {dag.py:3096} INFO - Sync 1 DAGs
[2025-09-07T11:33:11.903+0000] {logging_mixin.py:188} INFO - [2025-09-07T11:33:11.902+0000] {dag.py:3954} INFO - Setting next_dagrun for stock_pipeline_dag to 2025-09-07 11:00:00+00:00, run_after=2025-09-07 12:00:00+00:00
[2025-09-07T11:33:12.024+0000] {processor.py:183} INFO - Processing /opt/airflow/dags/stock_pipeline_dag.py took 0.417 seconds
[2025-09-07T11:33:42.604+0000] {processor.py:161} INFO - Started process (PID=255) to work on /opt/airflow/dags/stock_pipeline_dag.py
[2025-09-07T11:33:42.606+0000] {processor.py:830} INFO - Processing file /opt/airflow/dags/stock_pipeline_dag.py for tasks to queue
[2025-09-07T11:33:42.611+0000] {logging_mixin.py:188} INFO - [2025-09-07T11:33:42.610+0000] {dagbag.py:545} INFO - Filling up the DagBag from /opt/airflow/dags/stock_pipeline_dag.py
[2025-09-07T11:33:42.679+0000] {processor.py:840} INFO - DAG(s) 'stock_pipeline_dag' retrieved from /opt/airflow/dags/stock_pipeline_dag.py
[2025-09-07T11:33:42.773+0000] {logging_mixin.py:188} INFO - [2025-09-07T11:33:42.773+0000] {dag.py:3096} INFO - Sync 1 DAGs
[2025-09-07T11:33:42.869+0000] {logging_mixin.py:188} INFO - [2025-09-07T11:33:42.868+0000] {dag.py:3954} INFO - Setting next_dagrun for stock_pipeline_dag to 2025-09-07 11:00:00+00:00, run_after=2025-09-07 12:00:00+00:00
[2025-09-07T11:33:42.936+0000] {processor.py:183} INFO - Processing /opt/airflow/dags/stock_pipeline_dag.py took 0.351 seconds
[2025-09-07T11:33:47.794+0000] {processor.py:161} INFO - Started process (PID=260) to work on /opt/airflow/dags/stock_pipeline_dag.py
[2025-09-07T11:33:47.796+0000] {processor.py:830} INFO - Processing file /opt/airflow/dags/stock_pipeline_dag.py for tasks to queue
[2025-09-07T11:33:47.800+0000] {logging_mixin.py:188} INFO - [2025-09-07T11:33:47.799+0000] {dagbag.py:545} INFO - Filling up the DagBag from /opt/airflow/dags/stock_pipeline_dag.py
[2025-09-07T11:33:51.063+0000] {processor.py:840} INFO - DAG(s) 'fetch_api_data' retrieved from /opt/airflow/dags/stock_pipeline_dag.py
[2025-09-07T11:33:51.356+0000] {logging_mixin.py:188} INFO - [2025-09-07T11:33:51.355+0000] {override.py:1829} INFO - Created Permission View: can read on DAG:fetch_api_data
[2025-09-07T11:33:51.410+0000] {logging_mixin.py:188} INFO - [2025-09-07T11:33:51.408+0000] {override.py:1829} INFO - Created Permission View: can edit on DAG:fetch_api_data
[2025-09-07T11:33:51.449+0000] {logging_mixin.py:188} INFO - [2025-09-07T11:33:51.448+0000] {override.py:1829} INFO - Created Permission View: can delete on DAG:fetch_api_data
[2025-09-07T11:33:51.453+0000] {logging_mixin.py:188} INFO - [2025-09-07T11:33:51.452+0000] {dag.py:3096} INFO - Sync 1 DAGs
[2025-09-07T11:33:51.503+0000] {logging_mixin.py:188} INFO - [2025-09-07T11:33:51.501+0000] {dag.py:3118} INFO - Creating ORM DAG for fetch_api_data
[2025-09-07T11:33:51.551+0000] {logging_mixin.py:188} INFO - [2025-09-07T11:33:51.551+0000] {dag.py:3954} INFO - Setting next_dagrun for fetch_api_data to 2025-09-07 00:00:00+00:00, run_after=2025-09-08 00:00:00+00:00
[2025-09-07T11:33:51.595+0000] {processor.py:183} INFO - Processing /opt/airflow/dags/stock_pipeline_dag.py took 3.814 seconds
[2025-09-07T11:34:22.204+0000] {processor.py:161} INFO - Started process (PID=266) to work on /opt/airflow/dags/stock_pipeline_dag.py
[2025-09-07T11:34:22.208+0000] {processor.py:830} INFO - Processing file /opt/airflow/dags/stock_pipeline_dag.py for tasks to queue
[2025-09-07T11:34:22.218+0000] {logging_mixin.py:188} INFO - [2025-09-07T11:34:22.216+0000] {dagbag.py:545} INFO - Filling up the DagBag from /opt/airflow/dags/stock_pipeline_dag.py
[2025-09-07T11:34:23.161+0000] {processor.py:840} INFO - DAG(s) 'fetch_api_data' retrieved from /opt/airflow/dags/stock_pipeline_dag.py
[2025-09-07T11:34:23.221+0000] {logging_mixin.py:188} INFO - [2025-09-07T11:34:23.220+0000] {dag.py:3096} INFO - Sync 1 DAGs
[2025-09-07T11:34:23.285+0000] {logging_mixin.py:188} INFO - [2025-09-07T11:34:23.284+0000] {dag.py:3954} INFO - Setting next_dagrun for fetch_api_data to 2025-09-07 00:00:00+00:00, run_after=2025-09-08 00:00:00+00:00
[2025-09-07T11:34:23.338+0000] {processor.py:183} INFO - Processing /opt/airflow/dags/stock_pipeline_dag.py took 1.160 seconds
[2025-09-07T11:34:53.629+0000] {processor.py:161} INFO - Started process (PID=272) to work on /opt/airflow/dags/stock_pipeline_dag.py
[2025-09-07T11:34:53.633+0000] {processor.py:830} INFO - Processing file /opt/airflow/dags/stock_pipeline_dag.py for tasks to queue
[2025-09-07T11:34:53.640+0000] {logging_mixin.py:188} INFO - [2025-09-07T11:34:53.639+0000] {dagbag.py:545} INFO - Filling up the DagBag from /opt/airflow/dags/stock_pipeline_dag.py
[2025-09-07T11:34:54.656+0000] {processor.py:840} INFO - DAG(s) 'fetch_api_data' retrieved from /opt/airflow/dags/stock_pipeline_dag.py
[2025-09-07T11:34:54.735+0000] {logging_mixin.py:188} INFO - [2025-09-07T11:34:54.734+0000] {dag.py:3096} INFO - Sync 1 DAGs
[2025-09-07T11:34:54.803+0000] {logging_mixin.py:188} INFO - [2025-09-07T11:34:54.803+0000] {dag.py:3954} INFO - Setting next_dagrun for fetch_api_data to 2025-09-07 00:00:00+00:00, run_after=2025-09-08 00:00:00+00:00
[2025-09-07T11:34:54.866+0000] {processor.py:183} INFO - Processing /opt/airflow/dags/stock_pipeline_dag.py took 1.255 seconds
[2025-09-07T11:35:25.544+0000] {processor.py:161} INFO - Started process (PID=278) to work on /opt/airflow/dags/stock_pipeline_dag.py
[2025-09-07T11:35:25.548+0000] {processor.py:830} INFO - Processing file /opt/airflow/dags/stock_pipeline_dag.py for tasks to queue
[2025-09-07T11:35:25.552+0000] {logging_mixin.py:188} INFO - [2025-09-07T11:35:25.551+0000] {dagbag.py:545} INFO - Filling up the DagBag from /opt/airflow/dags/stock_pipeline_dag.py
[2025-09-07T11:35:26.369+0000] {processor.py:840} INFO - DAG(s) 'fetch_api_data' retrieved from /opt/airflow/dags/stock_pipeline_dag.py
[2025-09-07T11:35:26.457+0000] {logging_mixin.py:188} INFO - [2025-09-07T11:35:26.455+0000] {dag.py:3096} INFO - Sync 1 DAGs
[2025-09-07T11:35:26.549+0000] {logging_mixin.py:188} INFO - [2025-09-07T11:35:26.548+0000] {dag.py:3954} INFO - Setting next_dagrun for fetch_api_data to 2025-09-07 00:00:00+00:00, run_after=2025-09-08 00:00:00+00:00
[2025-09-07T11:35:26.617+0000] {processor.py:183} INFO - Processing /opt/airflow/dags/stock_pipeline_dag.py took 1.097 seconds
[2025-09-07T11:35:56.990+0000] {processor.py:161} INFO - Started process (PID=284) to work on /opt/airflow/dags/stock_pipeline_dag.py
[2025-09-07T11:35:56.993+0000] {processor.py:830} INFO - Processing file /opt/airflow/dags/stock_pipeline_dag.py for tasks to queue
[2025-09-07T11:35:57.002+0000] {logging_mixin.py:188} INFO - [2025-09-07T11:35:57.001+0000] {dagbag.py:545} INFO - Filling up the DagBag from /opt/airflow/dags/stock_pipeline_dag.py
[2025-09-07T11:35:57.853+0000] {processor.py:840} INFO - DAG(s) 'fetch_api_data' retrieved from /opt/airflow/dags/stock_pipeline_dag.py
[2025-09-07T11:35:57.917+0000] {logging_mixin.py:188} INFO - [2025-09-07T11:35:57.916+0000] {dag.py:3096} INFO - Sync 1 DAGs
[2025-09-07T11:35:57.979+0000] {logging_mixin.py:188} INFO - [2025-09-07T11:35:57.978+0000] {dag.py:3954} INFO - Setting next_dagrun for fetch_api_data to 2025-09-07 00:00:00+00:00, run_after=2025-09-08 00:00:00+00:00
[2025-09-07T11:35:58.035+0000] {processor.py:183} INFO - Processing /opt/airflow/dags/stock_pipeline_dag.py took 1.061 seconds
[2025-09-07T11:36:28.579+0000] {processor.py:161} INFO - Started process (PID=290) to work on /opt/airflow/dags/stock_pipeline_dag.py
[2025-09-07T11:36:28.584+0000] {processor.py:830} INFO - Processing file /opt/airflow/dags/stock_pipeline_dag.py for tasks to queue
[2025-09-07T11:36:28.589+0000] {logging_mixin.py:188} INFO - [2025-09-07T11:36:28.587+0000] {dagbag.py:545} INFO - Filling up the DagBag from /opt/airflow/dags/stock_pipeline_dag.py
[2025-09-07T11:36:29.486+0000] {processor.py:840} INFO - DAG(s) 'fetch_api_data' retrieved from /opt/airflow/dags/stock_pipeline_dag.py
[2025-09-07T11:36:29.542+0000] {logging_mixin.py:188} INFO - [2025-09-07T11:36:29.541+0000] {dag.py:3096} INFO - Sync 1 DAGs
[2025-09-07T11:36:29.597+0000] {logging_mixin.py:188} INFO - [2025-09-07T11:36:29.596+0000] {dag.py:3954} INFO - Setting next_dagrun for fetch_api_data to 2025-09-07 00:00:00+00:00, run_after=2025-09-08 00:00:00+00:00
[2025-09-07T11:36:29.647+0000] {processor.py:183} INFO - Processing /opt/airflow/dags/stock_pipeline_dag.py took 1.097 seconds
[2025-09-07T11:37:00.046+0000] {processor.py:161} INFO - Started process (PID=296) to work on /opt/airflow/dags/stock_pipeline_dag.py
[2025-09-07T11:37:00.049+0000] {processor.py:830} INFO - Processing file /opt/airflow/dags/stock_pipeline_dag.py for tasks to queue
[2025-09-07T11:37:00.052+0000] {logging_mixin.py:188} INFO - [2025-09-07T11:37:00.051+0000] {dagbag.py:545} INFO - Filling up the DagBag from /opt/airflow/dags/stock_pipeline_dag.py
[2025-09-07T11:37:00.984+0000] {processor.py:840} INFO - DAG(s) 'fetch_api_data' retrieved from /opt/airflow/dags/stock_pipeline_dag.py
[2025-09-07T11:37:01.054+0000] {logging_mixin.py:188} INFO - [2025-09-07T11:37:01.053+0000] {dag.py:3096} INFO - Sync 1 DAGs
[2025-09-07T11:37:01.129+0000] {logging_mixin.py:188} INFO - [2025-09-07T11:37:01.128+0000] {dag.py:3954} INFO - Setting next_dagrun for fetch_api_data to 2025-09-07 00:00:00+00:00, run_after=2025-09-08 00:00:00+00:00
[2025-09-07T11:37:01.180+0000] {processor.py:183} INFO - Processing /opt/airflow/dags/stock_pipeline_dag.py took 1.165 seconds
[2025-09-07T11:37:31.616+0000] {processor.py:161} INFO - Started process (PID=302) to work on /opt/airflow/dags/stock_pipeline_dag.py
[2025-09-07T11:37:31.619+0000] {processor.py:830} INFO - Processing file /opt/airflow/dags/stock_pipeline_dag.py for tasks to queue
[2025-09-07T11:37:31.624+0000] {logging_mixin.py:188} INFO - [2025-09-07T11:37:31.623+0000] {dagbag.py:545} INFO - Filling up the DagBag from /opt/airflow/dags/stock_pipeline_dag.py
[2025-09-07T11:37:33.047+0000] {processor.py:840} INFO - DAG(s) 'fetch_api_data' retrieved from /opt/airflow/dags/stock_pipeline_dag.py
[2025-09-07T11:37:33.164+0000] {logging_mixin.py:188} INFO - [2025-09-07T11:37:33.162+0000] {dag.py:3096} INFO - Sync 1 DAGs
[2025-09-07T11:37:33.298+0000] {logging_mixin.py:188} INFO - [2025-09-07T11:37:33.297+0000] {dag.py:3954} INFO - Setting next_dagrun for fetch_api_data to 2025-09-07 00:00:00+00:00, run_after=2025-09-08 00:00:00+00:00
[2025-09-07T11:37:33.397+0000] {processor.py:183} INFO - Processing /opt/airflow/dags/stock_pipeline_dag.py took 1.794 seconds
[2025-09-07T11:38:03.982+0000] {processor.py:161} INFO - Started process (PID=308) to work on /opt/airflow/dags/stock_pipeline_dag.py
[2025-09-07T11:38:03.984+0000] {processor.py:830} INFO - Processing file /opt/airflow/dags/stock_pipeline_dag.py for tasks to queue
[2025-09-07T11:38:03.989+0000] {logging_mixin.py:188} INFO - [2025-09-07T11:38:03.986+0000] {dagbag.py:545} INFO - Filling up the DagBag from /opt/airflow/dags/stock_pipeline_dag.py
[2025-09-07T11:38:04.926+0000] {processor.py:840} INFO - DAG(s) 'fetch_api_data' retrieved from /opt/airflow/dags/stock_pipeline_dag.py
[2025-09-07T11:38:04.983+0000] {logging_mixin.py:188} INFO - [2025-09-07T11:38:04.982+0000] {dag.py:3096} INFO - Sync 1 DAGs
[2025-09-07T11:38:05.034+0000] {logging_mixin.py:188} INFO - [2025-09-07T11:38:05.034+0000] {dag.py:3954} INFO - Setting next_dagrun for fetch_api_data to 2025-09-07 00:00:00+00:00, run_after=2025-09-08 00:00:00+00:00
[2025-09-07T11:38:05.084+0000] {processor.py:183} INFO - Processing /opt/airflow/dags/stock_pipeline_dag.py took 1.118 seconds
[2025-09-07T11:38:35.583+0000] {processor.py:161} INFO - Started process (PID=314) to work on /opt/airflow/dags/stock_pipeline_dag.py
[2025-09-07T11:38:35.585+0000] {processor.py:830} INFO - Processing file /opt/airflow/dags/stock_pipeline_dag.py for tasks to queue
[2025-09-07T11:38:35.589+0000] {logging_mixin.py:188} INFO - [2025-09-07T11:38:35.588+0000] {dagbag.py:545} INFO - Filling up the DagBag from /opt/airflow/dags/stock_pipeline_dag.py
[2025-09-07T11:38:36.523+0000] {processor.py:840} INFO - DAG(s) 'fetch_api_data' retrieved from /opt/airflow/dags/stock_pipeline_dag.py
[2025-09-07T11:38:36.581+0000] {logging_mixin.py:188} INFO - [2025-09-07T11:38:36.580+0000] {dag.py:3096} INFO - Sync 1 DAGs
[2025-09-07T11:38:36.643+0000] {logging_mixin.py:188} INFO - [2025-09-07T11:38:36.642+0000] {dag.py:3954} INFO - Setting next_dagrun for fetch_api_data to 2025-09-07 00:00:00+00:00, run_after=2025-09-08 00:00:00+00:00
[2025-09-07T11:38:36.700+0000] {processor.py:183} INFO - Processing /opt/airflow/dags/stock_pipeline_dag.py took 1.138 seconds
[2025-09-07T11:39:07.154+0000] {processor.py:161} INFO - Started process (PID=320) to work on /opt/airflow/dags/stock_pipeline_dag.py
[2025-09-07T11:39:07.158+0000] {processor.py:830} INFO - Processing file /opt/airflow/dags/stock_pipeline_dag.py for tasks to queue
[2025-09-07T11:39:07.163+0000] {logging_mixin.py:188} INFO - [2025-09-07T11:39:07.161+0000] {dagbag.py:545} INFO - Filling up the DagBag from /opt/airflow/dags/stock_pipeline_dag.py
[2025-09-07T11:39:08.141+0000] {processor.py:840} INFO - DAG(s) 'fetch_api_data' retrieved from /opt/airflow/dags/stock_pipeline_dag.py
[2025-09-07T11:39:08.206+0000] {logging_mixin.py:188} INFO - [2025-09-07T11:39:08.205+0000] {dag.py:3096} INFO - Sync 1 DAGs
[2025-09-07T11:39:08.263+0000] {logging_mixin.py:188} INFO - [2025-09-07T11:39:08.263+0000] {dag.py:3954} INFO - Setting next_dagrun for fetch_api_data to 2025-09-07 00:00:00+00:00, run_after=2025-09-08 00:00:00+00:00
[2025-09-07T11:39:08.313+0000] {processor.py:183} INFO - Processing /opt/airflow/dags/stock_pipeline_dag.py took 1.197 seconds
[2025-09-07T11:39:38.748+0000] {processor.py:161} INFO - Started process (PID=326) to work on /opt/airflow/dags/stock_pipeline_dag.py
[2025-09-07T11:39:38.752+0000] {processor.py:830} INFO - Processing file /opt/airflow/dags/stock_pipeline_dag.py for tasks to queue
[2025-09-07T11:39:38.757+0000] {logging_mixin.py:188} INFO - [2025-09-07T11:39:38.755+0000] {dagbag.py:545} INFO - Filling up the DagBag from /opt/airflow/dags/stock_pipeline_dag.py
[2025-09-07T11:39:39.511+0000] {processor.py:840} INFO - DAG(s) 'fetch_api_data' retrieved from /opt/airflow/dags/stock_pipeline_dag.py
[2025-09-07T11:39:39.580+0000] {logging_mixin.py:188} INFO - [2025-09-07T11:39:39.579+0000] {dag.py:3096} INFO - Sync 1 DAGs
[2025-09-07T11:39:39.637+0000] {logging_mixin.py:188} INFO - [2025-09-07T11:39:39.637+0000] {dag.py:3954} INFO - Setting next_dagrun for fetch_api_data to 2025-09-07 00:00:00+00:00, run_after=2025-09-08 00:00:00+00:00
[2025-09-07T11:39:39.712+0000] {processor.py:183} INFO - Processing /opt/airflow/dags/stock_pipeline_dag.py took 0.990 seconds
[2025-09-07T11:40:10.399+0000] {processor.py:161} INFO - Started process (PID=332) to work on /opt/airflow/dags/stock_pipeline_dag.py
[2025-09-07T11:40:10.403+0000] {processor.py:830} INFO - Processing file /opt/airflow/dags/stock_pipeline_dag.py for tasks to queue
[2025-09-07T11:40:10.407+0000] {logging_mixin.py:188} INFO - [2025-09-07T11:40:10.405+0000] {dagbag.py:545} INFO - Filling up the DagBag from /opt/airflow/dags/stock_pipeline_dag.py
[2025-09-07T11:40:11.474+0000] {processor.py:840} INFO - DAG(s) 'fetch_api_data' retrieved from /opt/airflow/dags/stock_pipeline_dag.py
[2025-09-07T11:40:11.549+0000] {logging_mixin.py:188} INFO - [2025-09-07T11:40:11.548+0000] {dag.py:3096} INFO - Sync 1 DAGs
[2025-09-07T11:40:11.619+0000] {logging_mixin.py:188} INFO - [2025-09-07T11:40:11.619+0000] {dag.py:3954} INFO - Setting next_dagrun for fetch_api_data to 2025-09-07 00:00:00+00:00, run_after=2025-09-08 00:00:00+00:00
[2025-09-07T11:40:11.681+0000] {processor.py:183} INFO - Processing /opt/airflow/dags/stock_pipeline_dag.py took 1.304 seconds
[2025-09-07T11:40:41.891+0000] {processor.py:161} INFO - Started process (PID=338) to work on /opt/airflow/dags/stock_pipeline_dag.py
[2025-09-07T11:40:41.893+0000] {processor.py:830} INFO - Processing file /opt/airflow/dags/stock_pipeline_dag.py for tasks to queue
[2025-09-07T11:40:41.896+0000] {logging_mixin.py:188} INFO - [2025-09-07T11:40:41.895+0000] {dagbag.py:545} INFO - Filling up the DagBag from /opt/airflow/dags/stock_pipeline_dag.py
[2025-09-07T11:40:42.694+0000] {processor.py:840} INFO - DAG(s) 'fetch_api_data' retrieved from /opt/airflow/dags/stock_pipeline_dag.py
[2025-09-07T11:40:42.757+0000] {logging_mixin.py:188} INFO - [2025-09-07T11:40:42.756+0000] {dag.py:3096} INFO - Sync 1 DAGs
[2025-09-07T11:40:42.813+0000] {logging_mixin.py:188} INFO - [2025-09-07T11:40:42.813+0000] {dag.py:3954} INFO - Setting next_dagrun for fetch_api_data to 2025-09-07 00:00:00+00:00, run_after=2025-09-08 00:00:00+00:00
[2025-09-07T11:40:42.868+0000] {processor.py:183} INFO - Processing /opt/airflow/dags/stock_pipeline_dag.py took 0.992 seconds
[2025-09-07T11:41:10.340+0000] {processor.py:161} INFO - Started process (PID=344) to work on /opt/airflow/dags/stock_pipeline_dag.py
[2025-09-07T11:41:10.342+0000] {processor.py:830} INFO - Processing file /opt/airflow/dags/stock_pipeline_dag.py for tasks to queue
[2025-09-07T11:41:10.345+0000] {logging_mixin.py:188} INFO - [2025-09-07T11:41:10.344+0000] {dagbag.py:545} INFO - Filling up the DagBag from /opt/airflow/dags/stock_pipeline_dag.py
[2025-09-07T11:41:11.154+0000] {processor.py:840} INFO - DAG(s) 'fetch_api_data' retrieved from /opt/airflow/dags/stock_pipeline_dag.py
[2025-09-07T11:41:11.234+0000] {logging_mixin.py:188} INFO - [2025-09-07T11:41:11.233+0000] {dag.py:3096} INFO - Sync 1 DAGs
[2025-09-07T11:41:11.325+0000] {logging_mixin.py:188} INFO - [2025-09-07T11:41:11.323+0000] {dag.py:3954} INFO - Setting next_dagrun for fetch_api_data to 2025-09-07 00:00:00+00:00, run_after=2025-09-08 00:00:00+00:00
[2025-09-07T11:41:11.452+0000] {processor.py:183} INFO - Processing /opt/airflow/dags/stock_pipeline_dag.py took 1.127 seconds
[2025-09-07T11:41:41.873+0000] {processor.py:161} INFO - Started process (PID=350) to work on /opt/airflow/dags/stock_pipeline_dag.py
[2025-09-07T11:41:41.875+0000] {processor.py:830} INFO - Processing file /opt/airflow/dags/stock_pipeline_dag.py for tasks to queue
[2025-09-07T11:41:41.878+0000] {logging_mixin.py:188} INFO - [2025-09-07T11:41:41.877+0000] {dagbag.py:545} INFO - Filling up the DagBag from /opt/airflow/dags/stock_pipeline_dag.py
[2025-09-07T11:41:43.152+0000] {processor.py:840} INFO - DAG(s) 'fetch_api_data' retrieved from /opt/airflow/dags/stock_pipeline_dag.py
[2025-09-07T11:41:43.215+0000] {logging_mixin.py:188} INFO - [2025-09-07T11:41:43.214+0000] {dag.py:3096} INFO - Sync 1 DAGs
[2025-09-07T11:41:43.277+0000] {logging_mixin.py:188} INFO - [2025-09-07T11:41:43.277+0000] {dag.py:3954} INFO - Setting next_dagrun for fetch_api_data to 2025-09-07 00:00:00+00:00, run_after=2025-09-08 00:00:00+00:00
[2025-09-07T11:41:43.331+0000] {processor.py:183} INFO - Processing /opt/airflow/dags/stock_pipeline_dag.py took 1.471 seconds
[2025-09-07T11:42:13.706+0000] {processor.py:161} INFO - Started process (PID=356) to work on /opt/airflow/dags/stock_pipeline_dag.py
[2025-09-07T11:42:13.708+0000] {processor.py:830} INFO - Processing file /opt/airflow/dags/stock_pipeline_dag.py for tasks to queue
[2025-09-07T11:42:13.711+0000] {logging_mixin.py:188} INFO - [2025-09-07T11:42:13.710+0000] {dagbag.py:545} INFO - Filling up the DagBag from /opt/airflow/dags/stock_pipeline_dag.py
[2025-09-07T11:42:14.710+0000] {processor.py:840} INFO - DAG(s) 'fetch_api_data' retrieved from /opt/airflow/dags/stock_pipeline_dag.py
[2025-09-07T11:42:14.758+0000] {logging_mixin.py:188} INFO - [2025-09-07T11:42:14.757+0000] {dag.py:3096} INFO - Sync 1 DAGs
[2025-09-07T11:42:14.841+0000] {logging_mixin.py:188} INFO - [2025-09-07T11:42:14.840+0000] {dag.py:3954} INFO - Setting next_dagrun for fetch_api_data to 2025-09-07 00:00:00+00:00, run_after=2025-09-08 00:00:00+00:00
[2025-09-07T11:42:14.911+0000] {processor.py:183} INFO - Processing /opt/airflow/dags/stock_pipeline_dag.py took 1.227 seconds
[2025-09-07T11:42:45.215+0000] {processor.py:161} INFO - Started process (PID=362) to work on /opt/airflow/dags/stock_pipeline_dag.py
[2025-09-07T11:42:45.220+0000] {processor.py:830} INFO - Processing file /opt/airflow/dags/stock_pipeline_dag.py for tasks to queue
[2025-09-07T11:42:45.226+0000] {logging_mixin.py:188} INFO - [2025-09-07T11:42:45.224+0000] {dagbag.py:545} INFO - Filling up the DagBag from /opt/airflow/dags/stock_pipeline_dag.py
[2025-09-07T11:42:46.026+0000] {processor.py:840} INFO - DAG(s) 'fetch_api_data' retrieved from /opt/airflow/dags/stock_pipeline_dag.py
[2025-09-07T11:42:46.332+0000] {logging_mixin.py:188} INFO - [2025-09-07T11:42:46.332+0000] {dag.py:3096} INFO - Sync 1 DAGs
[2025-09-07T11:42:46.380+0000] {logging_mixin.py:188} INFO - [2025-09-07T11:42:46.379+0000] {dag.py:3954} INFO - Setting next_dagrun for fetch_api_data to 2025-09-07 00:00:00+00:00, run_after=2025-09-08 00:00:00+00:00
[2025-09-07T11:42:46.428+0000] {processor.py:183} INFO - Processing /opt/airflow/dags/stock_pipeline_dag.py took 1.242 seconds
[2025-09-07T11:43:16.881+0000] {processor.py:161} INFO - Started process (PID=368) to work on /opt/airflow/dags/stock_pipeline_dag.py
[2025-09-07T11:43:16.883+0000] {processor.py:830} INFO - Processing file /opt/airflow/dags/stock_pipeline_dag.py for tasks to queue
[2025-09-07T11:43:16.886+0000] {logging_mixin.py:188} INFO - [2025-09-07T11:43:16.885+0000] {dagbag.py:545} INFO - Filling up the DagBag from /opt/airflow/dags/stock_pipeline_dag.py
[2025-09-07T11:43:17.720+0000] {processor.py:840} INFO - DAG(s) 'fetch_api_data' retrieved from /opt/airflow/dags/stock_pipeline_dag.py
[2025-09-07T11:43:17.799+0000] {logging_mixin.py:188} INFO - [2025-09-07T11:43:17.798+0000] {dag.py:3096} INFO - Sync 1 DAGs
[2025-09-07T11:43:17.883+0000] {logging_mixin.py:188} INFO - [2025-09-07T11:43:17.882+0000] {dag.py:3954} INFO - Setting next_dagrun for fetch_api_data to 2025-09-07 00:00:00+00:00, run_after=2025-09-08 00:00:00+00:00
[2025-09-07T11:43:17.956+0000] {processor.py:183} INFO - Processing /opt/airflow/dags/stock_pipeline_dag.py took 1.089 seconds
[2025-09-07T11:43:48.444+0000] {processor.py:161} INFO - Started process (PID=377) to work on /opt/airflow/dags/stock_pipeline_dag.py
[2025-09-07T11:43:48.448+0000] {processor.py:830} INFO - Processing file /opt/airflow/dags/stock_pipeline_dag.py for tasks to queue
[2025-09-07T11:43:48.453+0000] {logging_mixin.py:188} INFO - [2025-09-07T11:43:48.451+0000] {dagbag.py:545} INFO - Filling up the DagBag from /opt/airflow/dags/stock_pipeline_dag.py
[2025-09-07T11:43:49.203+0000] {processor.py:840} INFO - DAG(s) 'fetch_api_data' retrieved from /opt/airflow/dags/stock_pipeline_dag.py
[2025-09-07T11:43:49.262+0000] {logging_mixin.py:188} INFO - [2025-09-07T11:43:49.261+0000] {dag.py:3096} INFO - Sync 1 DAGs
[2025-09-07T11:43:49.315+0000] {logging_mixin.py:188} INFO - [2025-09-07T11:43:49.314+0000] {dag.py:3954} INFO - Setting next_dagrun for fetch_api_data to 2025-09-07 00:00:00+00:00, run_after=2025-09-08 00:00:00+00:00
[2025-09-07T11:43:49.366+0000] {processor.py:183} INFO - Processing /opt/airflow/dags/stock_pipeline_dag.py took 0.944 seconds
[2025-09-07T11:44:19.950+0000] {processor.py:161} INFO - Started process (PID=383) to work on /opt/airflow/dags/stock_pipeline_dag.py
[2025-09-07T11:44:19.953+0000] {processor.py:830} INFO - Processing file /opt/airflow/dags/stock_pipeline_dag.py for tasks to queue
[2025-09-07T11:44:19.955+0000] {logging_mixin.py:188} INFO - [2025-09-07T11:44:19.955+0000] {dagbag.py:545} INFO - Filling up the DagBag from /opt/airflow/dags/stock_pipeline_dag.py
[2025-09-07T11:44:20.863+0000] {processor.py:840} INFO - DAG(s) 'fetch_api_data' retrieved from /opt/airflow/dags/stock_pipeline_dag.py
[2025-09-07T11:44:20.942+0000] {logging_mixin.py:188} INFO - [2025-09-07T11:44:20.940+0000] {dag.py:3096} INFO - Sync 1 DAGs
[2025-09-07T11:44:21.009+0000] {logging_mixin.py:188} INFO - [2025-09-07T11:44:21.008+0000] {dag.py:3954} INFO - Setting next_dagrun for fetch_api_data to 2025-09-07 00:00:00+00:00, run_after=2025-09-08 00:00:00+00:00
[2025-09-07T11:44:21.074+0000] {processor.py:183} INFO - Processing /opt/airflow/dags/stock_pipeline_dag.py took 1.148 seconds
[2025-09-07T11:44:51.459+0000] {processor.py:161} INFO - Started process (PID=389) to work on /opt/airflow/dags/stock_pipeline_dag.py
[2025-09-07T11:44:51.463+0000] {processor.py:830} INFO - Processing file /opt/airflow/dags/stock_pipeline_dag.py for tasks to queue
[2025-09-07T11:44:51.468+0000] {logging_mixin.py:188} INFO - [2025-09-07T11:44:51.466+0000] {dagbag.py:545} INFO - Filling up the DagBag from /opt/airflow/dags/stock_pipeline_dag.py
[2025-09-07T11:44:52.437+0000] {processor.py:840} INFO - DAG(s) 'fetch_api_data' retrieved from /opt/airflow/dags/stock_pipeline_dag.py
[2025-09-07T11:44:52.489+0000] {logging_mixin.py:188} INFO - [2025-09-07T11:44:52.489+0000] {dag.py:3096} INFO - Sync 1 DAGs
[2025-09-07T11:44:52.548+0000] {logging_mixin.py:188} INFO - [2025-09-07T11:44:52.547+0000] {dag.py:3954} INFO - Setting next_dagrun for fetch_api_data to 2025-09-07 00:00:00+00:00, run_after=2025-09-08 00:00:00+00:00
[2025-09-07T11:44:52.600+0000] {processor.py:183} INFO - Processing /opt/airflow/dags/stock_pipeline_dag.py took 1.175 seconds
[2025-09-07T11:45:23.211+0000] {processor.py:161} INFO - Started process (PID=395) to work on /opt/airflow/dags/stock_pipeline_dag.py
[2025-09-07T11:45:23.214+0000] {processor.py:830} INFO - Processing file /opt/airflow/dags/stock_pipeline_dag.py for tasks to queue
[2025-09-07T11:45:23.217+0000] {logging_mixin.py:188} INFO - [2025-09-07T11:45:23.216+0000] {dagbag.py:545} INFO - Filling up the DagBag from /opt/airflow/dags/stock_pipeline_dag.py
[2025-09-07T11:45:23.977+0000] {processor.py:840} INFO - DAG(s) 'fetch_api_data' retrieved from /opt/airflow/dags/stock_pipeline_dag.py
[2025-09-07T11:45:24.040+0000] {logging_mixin.py:188} INFO - [2025-09-07T11:45:24.039+0000] {dag.py:3096} INFO - Sync 1 DAGs
[2025-09-07T11:45:24.094+0000] {logging_mixin.py:188} INFO - [2025-09-07T11:45:24.093+0000] {dag.py:3954} INFO - Setting next_dagrun for fetch_api_data to 2025-09-07 00:00:00+00:00, run_after=2025-09-08 00:00:00+00:00
[2025-09-07T11:45:24.143+0000] {processor.py:183} INFO - Processing /opt/airflow/dags/stock_pipeline_dag.py took 0.946 seconds
[2025-09-07T11:45:54.724+0000] {processor.py:161} INFO - Started process (PID=401) to work on /opt/airflow/dags/stock_pipeline_dag.py
[2025-09-07T11:45:54.728+0000] {processor.py:830} INFO - Processing file /opt/airflow/dags/stock_pipeline_dag.py for tasks to queue
[2025-09-07T11:45:54.733+0000] {logging_mixin.py:188} INFO - [2025-09-07T11:45:54.730+0000] {dagbag.py:545} INFO - Filling up the DagBag from /opt/airflow/dags/stock_pipeline_dag.py
[2025-09-07T11:45:55.494+0000] {processor.py:840} INFO - DAG(s) 'fetch_api_data' retrieved from /opt/airflow/dags/stock_pipeline_dag.py
[2025-09-07T11:45:55.554+0000] {logging_mixin.py:188} INFO - [2025-09-07T11:45:55.553+0000] {dag.py:3096} INFO - Sync 1 DAGs
[2025-09-07T11:45:55.609+0000] {logging_mixin.py:188} INFO - [2025-09-07T11:45:55.608+0000] {dag.py:3954} INFO - Setting next_dagrun for fetch_api_data to 2025-09-07 00:00:00+00:00, run_after=2025-09-08 00:00:00+00:00
[2025-09-07T11:45:55.659+0000] {processor.py:183} INFO - Processing /opt/airflow/dags/stock_pipeline_dag.py took 0.959 seconds
[2025-09-07T11:46:26.201+0000] {processor.py:161} INFO - Started process (PID=407) to work on /opt/airflow/dags/stock_pipeline_dag.py
[2025-09-07T11:46:26.204+0000] {processor.py:830} INFO - Processing file /opt/airflow/dags/stock_pipeline_dag.py for tasks to queue
[2025-09-07T11:46:26.207+0000] {logging_mixin.py:188} INFO - [2025-09-07T11:46:26.206+0000] {dagbag.py:545} INFO - Filling up the DagBag from /opt/airflow/dags/stock_pipeline_dag.py
[2025-09-07T11:46:27.383+0000] {processor.py:840} INFO - DAG(s) 'fetch_api_data' retrieved from /opt/airflow/dags/stock_pipeline_dag.py
[2025-09-07T11:46:27.456+0000] {logging_mixin.py:188} INFO - [2025-09-07T11:46:27.455+0000] {dag.py:3096} INFO - Sync 1 DAGs
[2025-09-07T11:46:27.513+0000] {logging_mixin.py:188} INFO - [2025-09-07T11:46:27.512+0000] {dag.py:3954} INFO - Setting next_dagrun for fetch_api_data to 2025-09-07 00:00:00+00:00, run_after=2025-09-08 00:00:00+00:00
[2025-09-07T11:46:27.565+0000] {processor.py:183} INFO - Processing /opt/airflow/dags/stock_pipeline_dag.py took 1.383 seconds
[2025-09-07T11:46:40.430+0000] {processor.py:161} INFO - Started process (PID=413) to work on /opt/airflow/dags/stock_pipeline_dag.py
[2025-09-07T11:46:40.432+0000] {processor.py:830} INFO - Processing file /opt/airflow/dags/stock_pipeline_dag.py for tasks to queue
[2025-09-07T11:46:40.435+0000] {logging_mixin.py:188} INFO - [2025-09-07T11:46:40.434+0000] {dagbag.py:545} INFO - Filling up the DagBag from /opt/airflow/dags/stock_pipeline_dag.py
[2025-09-07T11:46:41.132+0000] {processor.py:840} INFO - DAG(s) 'fetch_api_data' retrieved from /opt/airflow/dags/stock_pipeline_dag.py
[2025-09-07T11:46:41.189+0000] {logging_mixin.py:188} INFO - [2025-09-07T11:46:41.189+0000] {dag.py:3096} INFO - Sync 1 DAGs
[2025-09-07T11:46:41.241+0000] {logging_mixin.py:188} INFO - [2025-09-07T11:46:41.240+0000] {dag.py:3954} INFO - Setting next_dagrun for fetch_api_data to 2025-09-07 00:00:00+00:00, run_after=2025-09-08 00:00:00+00:00
[2025-09-07T11:46:41.301+0000] {processor.py:183} INFO - Processing /opt/airflow/dags/stock_pipeline_dag.py took 0.887 seconds
[2025-09-07T11:47:11.885+0000] {processor.py:161} INFO - Started process (PID=419) to work on /opt/airflow/dags/stock_pipeline_dag.py
[2025-09-07T11:47:11.895+0000] {processor.py:830} INFO - Processing file /opt/airflow/dags/stock_pipeline_dag.py for tasks to queue
[2025-09-07T11:47:11.900+0000] {logging_mixin.py:188} INFO - [2025-09-07T11:47:11.899+0000] {dagbag.py:545} INFO - Filling up the DagBag from /opt/airflow/dags/stock_pipeline_dag.py
[2025-09-07T11:47:12.957+0000] {processor.py:840} INFO - DAG(s) 'fetch_api_data' retrieved from /opt/airflow/dags/stock_pipeline_dag.py
[2025-09-07T11:47:13.018+0000] {logging_mixin.py:188} INFO - [2025-09-07T11:47:13.017+0000] {dag.py:3096} INFO - Sync 1 DAGs
[2025-09-07T11:47:13.075+0000] {logging_mixin.py:188} INFO - [2025-09-07T11:47:13.074+0000] {dag.py:3954} INFO - Setting next_dagrun for fetch_api_data to 2025-09-07 00:00:00+00:00, run_after=2025-09-08 00:00:00+00:00
[2025-09-07T11:47:13.136+0000] {processor.py:183} INFO - Processing /opt/airflow/dags/stock_pipeline_dag.py took 1.294 seconds
[2025-09-07T11:47:43.419+0000] {processor.py:161} INFO - Started process (PID=425) to work on /opt/airflow/dags/stock_pipeline_dag.py
[2025-09-07T11:47:43.423+0000] {processor.py:830} INFO - Processing file /opt/airflow/dags/stock_pipeline_dag.py for tasks to queue
[2025-09-07T11:47:43.427+0000] {logging_mixin.py:188} INFO - [2025-09-07T11:47:43.426+0000] {dagbag.py:545} INFO - Filling up the DagBag from /opt/airflow/dags/stock_pipeline_dag.py
[2025-09-07T11:47:44.244+0000] {processor.py:840} INFO - DAG(s) 'fetch_api_data' retrieved from /opt/airflow/dags/stock_pipeline_dag.py
[2025-09-07T11:47:44.310+0000] {logging_mixin.py:188} INFO - [2025-09-07T11:47:44.308+0000] {dag.py:3096} INFO - Sync 1 DAGs
[2025-09-07T11:47:44.374+0000] {logging_mixin.py:188} INFO - [2025-09-07T11:47:44.373+0000] {dag.py:3954} INFO - Setting next_dagrun for fetch_api_data to 2025-09-07 00:00:00+00:00, run_after=2025-09-08 00:00:00+00:00
[2025-09-07T11:47:44.426+0000] {processor.py:183} INFO - Processing /opt/airflow/dags/stock_pipeline_dag.py took 1.033 seconds
[2025-09-07T11:48:14.802+0000] {processor.py:161} INFO - Started process (PID=431) to work on /opt/airflow/dags/stock_pipeline_dag.py
[2025-09-07T11:48:14.805+0000] {processor.py:830} INFO - Processing file /opt/airflow/dags/stock_pipeline_dag.py for tasks to queue
[2025-09-07T11:48:14.808+0000] {logging_mixin.py:188} INFO - [2025-09-07T11:48:14.807+0000] {dagbag.py:545} INFO - Filling up the DagBag from /opt/airflow/dags/stock_pipeline_dag.py
[2025-09-07T11:48:15.570+0000] {processor.py:840} INFO - DAG(s) 'fetch_api_data' retrieved from /opt/airflow/dags/stock_pipeline_dag.py
[2025-09-07T11:48:15.634+0000] {logging_mixin.py:188} INFO - [2025-09-07T11:48:15.633+0000] {dag.py:3096} INFO - Sync 1 DAGs
[2025-09-07T11:48:15.704+0000] {logging_mixin.py:188} INFO - [2025-09-07T11:48:15.703+0000] {dag.py:3954} INFO - Setting next_dagrun for fetch_api_data to 2025-09-07 00:00:00+00:00, run_after=2025-09-08 00:00:00+00:00
[2025-09-07T11:48:15.757+0000] {processor.py:183} INFO - Processing /opt/airflow/dags/stock_pipeline_dag.py took 0.973 seconds
[2025-09-07T11:48:46.322+0000] {processor.py:161} INFO - Started process (PID=437) to work on /opt/airflow/dags/stock_pipeline_dag.py
[2025-09-07T11:48:46.327+0000] {processor.py:830} INFO - Processing file /opt/airflow/dags/stock_pipeline_dag.py for tasks to queue
[2025-09-07T11:48:46.332+0000] {logging_mixin.py:188} INFO - [2025-09-07T11:48:46.330+0000] {dagbag.py:545} INFO - Filling up the DagBag from /opt/airflow/dags/stock_pipeline_dag.py
[2025-09-07T11:48:47.327+0000] {processor.py:840} INFO - DAG(s) 'fetch_api_data' retrieved from /opt/airflow/dags/stock_pipeline_dag.py
[2025-09-07T11:48:47.387+0000] {logging_mixin.py:188} INFO - [2025-09-07T11:48:47.386+0000] {dag.py:3096} INFO - Sync 1 DAGs
[2025-09-07T11:48:47.442+0000] {logging_mixin.py:188} INFO - [2025-09-07T11:48:47.441+0000] {dag.py:3954} INFO - Setting next_dagrun for fetch_api_data to 2025-09-07 00:00:00+00:00, run_after=2025-09-08 00:00:00+00:00
[2025-09-07T11:48:47.500+0000] {processor.py:183} INFO - Processing /opt/airflow/dags/stock_pipeline_dag.py took 1.203 seconds
[2025-09-07T11:49:17.817+0000] {processor.py:161} INFO - Started process (PID=443) to work on /opt/airflow/dags/stock_pipeline_dag.py
[2025-09-07T11:49:17.821+0000] {processor.py:830} INFO - Processing file /opt/airflow/dags/stock_pipeline_dag.py for tasks to queue
[2025-09-07T11:49:17.826+0000] {logging_mixin.py:188} INFO - [2025-09-07T11:49:17.825+0000] {dagbag.py:545} INFO - Filling up the DagBag from /opt/airflow/dags/stock_pipeline_dag.py
[2025-09-07T11:49:18.424+0000] {processor.py:840} INFO - DAG(s) 'fetch_api_data' retrieved from /opt/airflow/dags/stock_pipeline_dag.py
[2025-09-07T11:49:18.474+0000] {logging_mixin.py:188} INFO - [2025-09-07T11:49:18.473+0000] {dag.py:3096} INFO - Sync 1 DAGs
[2025-09-07T11:49:18.527+0000] {logging_mixin.py:188} INFO - [2025-09-07T11:49:18.526+0000] {dag.py:3954} INFO - Setting next_dagrun for fetch_api_data to 2025-09-07 00:00:00+00:00, run_after=2025-09-08 00:00:00+00:00
[2025-09-07T11:49:18.577+0000] {processor.py:183} INFO - Processing /opt/airflow/dags/stock_pipeline_dag.py took 0.785 seconds
[2025-09-07T11:49:49.069+0000] {processor.py:161} INFO - Started process (PID=449) to work on /opt/airflow/dags/stock_pipeline_dag.py
[2025-09-07T11:49:49.072+0000] {processor.py:830} INFO - Processing file /opt/airflow/dags/stock_pipeline_dag.py for tasks to queue
[2025-09-07T11:49:49.073+0000] {logging_mixin.py:188} INFO - [2025-09-07T11:49:49.073+0000] {dagbag.py:545} INFO - Filling up the DagBag from /opt/airflow/dags/stock_pipeline_dag.py
[2025-09-07T11:49:49.836+0000] {processor.py:840} INFO - DAG(s) 'fetch_api_data' retrieved from /opt/airflow/dags/stock_pipeline_dag.py
[2025-09-07T11:49:49.884+0000] {logging_mixin.py:188} INFO - [2025-09-07T11:49:49.883+0000] {dag.py:3096} INFO - Sync 1 DAGs
[2025-09-07T11:49:49.926+0000] {logging_mixin.py:188} INFO - [2025-09-07T11:49:49.925+0000] {dag.py:3954} INFO - Setting next_dagrun for fetch_api_data to 2025-09-07 00:00:00+00:00, run_after=2025-09-08 00:00:00+00:00
[2025-09-07T11:49:49.971+0000] {processor.py:183} INFO - Processing /opt/airflow/dags/stock_pipeline_dag.py took 0.914 seconds
[2025-09-07T11:50:20.685+0000] {processor.py:161} INFO - Started process (PID=455) to work on /opt/airflow/dags/stock_pipeline_dag.py
[2025-09-07T11:50:20.689+0000] {processor.py:830} INFO - Processing file /opt/airflow/dags/stock_pipeline_dag.py for tasks to queue
[2025-09-07T11:50:20.695+0000] {logging_mixin.py:188} INFO - [2025-09-07T11:50:20.693+0000] {dagbag.py:545} INFO - Filling up the DagBag from /opt/airflow/dags/stock_pipeline_dag.py
[2025-09-07T11:50:21.598+0000] {processor.py:840} INFO - DAG(s) 'fetch_api_data' retrieved from /opt/airflow/dags/stock_pipeline_dag.py
[2025-09-07T11:50:21.684+0000] {logging_mixin.py:188} INFO - [2025-09-07T11:50:21.683+0000] {dag.py:3096} INFO - Sync 1 DAGs
[2025-09-07T11:50:21.765+0000] {logging_mixin.py:188} INFO - [2025-09-07T11:50:21.765+0000] {dag.py:3954} INFO - Setting next_dagrun for fetch_api_data to 2025-09-07 00:00:00+00:00, run_after=2025-09-08 00:00:00+00:00
[2025-09-07T11:50:21.836+0000] {processor.py:183} INFO - Processing /opt/airflow/dags/stock_pipeline_dag.py took 1.187 seconds
[2025-09-07T11:50:52.344+0000] {processor.py:161} INFO - Started process (PID=461) to work on /opt/airflow/dags/stock_pipeline_dag.py
[2025-09-07T11:50:52.349+0000] {processor.py:830} INFO - Processing file /opt/airflow/dags/stock_pipeline_dag.py for tasks to queue
[2025-09-07T11:50:52.354+0000] {logging_mixin.py:188} INFO - [2025-09-07T11:50:52.352+0000] {dagbag.py:545} INFO - Filling up the DagBag from /opt/airflow/dags/stock_pipeline_dag.py
[2025-09-07T11:50:53.099+0000] {processor.py:840} INFO - DAG(s) 'fetch_api_data' retrieved from /opt/airflow/dags/stock_pipeline_dag.py
[2025-09-07T11:50:53.156+0000] {logging_mixin.py:188} INFO - [2025-09-07T11:50:53.155+0000] {dag.py:3096} INFO - Sync 1 DAGs
[2025-09-07T11:50:53.215+0000] {logging_mixin.py:188} INFO - [2025-09-07T11:50:53.214+0000] {dag.py:3954} INFO - Setting next_dagrun for fetch_api_data to 2025-09-07 00:00:00+00:00, run_after=2025-09-08 00:00:00+00:00
[2025-09-07T11:50:53.269+0000] {processor.py:183} INFO - Processing /opt/airflow/dags/stock_pipeline_dag.py took 0.960 seconds
[2025-09-07T11:51:23.810+0000] {processor.py:161} INFO - Started process (PID=467) to work on /opt/airflow/dags/stock_pipeline_dag.py
[2025-09-07T11:51:23.814+0000] {processor.py:830} INFO - Processing file /opt/airflow/dags/stock_pipeline_dag.py for tasks to queue
[2025-09-07T11:51:23.819+0000] {logging_mixin.py:188} INFO - [2025-09-07T11:51:23.817+0000] {dagbag.py:545} INFO - Filling up the DagBag from /opt/airflow/dags/stock_pipeline_dag.py
[2025-09-07T11:51:24.520+0000] {processor.py:840} INFO - DAG(s) 'fetch_api_data' retrieved from /opt/airflow/dags/stock_pipeline_dag.py
[2025-09-07T11:51:24.554+0000] {logging_mixin.py:188} INFO - [2025-09-07T11:51:24.554+0000] {dag.py:3096} INFO - Sync 1 DAGs
[2025-09-07T11:51:24.584+0000] {logging_mixin.py:188} INFO - [2025-09-07T11:51:24.583+0000] {dag.py:3954} INFO - Setting next_dagrun for fetch_api_data to 2025-09-07 00:00:00+00:00, run_after=2025-09-08 00:00:00+00:00
[2025-09-07T11:51:24.631+0000] {processor.py:183} INFO - Processing /opt/airflow/dags/stock_pipeline_dag.py took 0.849 seconds
[2025-09-07T11:51:55.245+0000] {processor.py:161} INFO - Started process (PID=473) to work on /opt/airflow/dags/stock_pipeline_dag.py
[2025-09-07T11:51:55.250+0000] {processor.py:830} INFO - Processing file /opt/airflow/dags/stock_pipeline_dag.py for tasks to queue
[2025-09-07T11:51:55.254+0000] {logging_mixin.py:188} INFO - [2025-09-07T11:51:55.253+0000] {dagbag.py:545} INFO - Filling up the DagBag from /opt/airflow/dags/stock_pipeline_dag.py
[2025-09-07T11:51:56.349+0000] {processor.py:840} INFO - DAG(s) 'fetch_api_data' retrieved from /opt/airflow/dags/stock_pipeline_dag.py
[2025-09-07T11:51:56.404+0000] {logging_mixin.py:188} INFO - [2025-09-07T11:51:56.402+0000] {dag.py:3096} INFO - Sync 1 DAGs
[2025-09-07T11:51:56.469+0000] {logging_mixin.py:188} INFO - [2025-09-07T11:51:56.468+0000] {dag.py:3954} INFO - Setting next_dagrun for fetch_api_data to 2025-09-07 00:00:00+00:00, run_after=2025-09-08 00:00:00+00:00
[2025-09-07T11:51:56.528+0000] {processor.py:183} INFO - Processing /opt/airflow/dags/stock_pipeline_dag.py took 1.309 seconds
[2025-09-07T11:52:26.743+0000] {processor.py:161} INFO - Started process (PID=479) to work on /opt/airflow/dags/stock_pipeline_dag.py
[2025-09-07T11:52:26.747+0000] {processor.py:830} INFO - Processing file /opt/airflow/dags/stock_pipeline_dag.py for tasks to queue
[2025-09-07T11:52:26.751+0000] {logging_mixin.py:188} INFO - [2025-09-07T11:52:26.750+0000] {dagbag.py:545} INFO - Filling up the DagBag from /opt/airflow/dags/stock_pipeline_dag.py
[2025-09-07T11:52:27.489+0000] {processor.py:840} INFO - DAG(s) 'fetch_api_data' retrieved from /opt/airflow/dags/stock_pipeline_dag.py
[2025-09-07T11:52:27.547+0000] {logging_mixin.py:188} INFO - [2025-09-07T11:52:27.546+0000] {dag.py:3096} INFO - Sync 1 DAGs
[2025-09-07T11:52:27.605+0000] {logging_mixin.py:188} INFO - [2025-09-07T11:52:27.604+0000] {dag.py:3954} INFO - Setting next_dagrun for fetch_api_data to 2025-09-07 00:00:00+00:00, run_after=2025-09-08 00:00:00+00:00
[2025-09-07T11:52:27.659+0000] {processor.py:183} INFO - Processing /opt/airflow/dags/stock_pipeline_dag.py took 0.944 seconds
[2025-09-07T11:52:58.182+0000] {processor.py:161} INFO - Started process (PID=485) to work on /opt/airflow/dags/stock_pipeline_dag.py
[2025-09-07T11:52:58.186+0000] {processor.py:830} INFO - Processing file /opt/airflow/dags/stock_pipeline_dag.py for tasks to queue
[2025-09-07T11:52:58.191+0000] {logging_mixin.py:188} INFO - [2025-09-07T11:52:58.189+0000] {dagbag.py:545} INFO - Filling up the DagBag from /opt/airflow/dags/stock_pipeline_dag.py
[2025-09-07T11:52:58.899+0000] {processor.py:840} INFO - DAG(s) 'fetch_api_data' retrieved from /opt/airflow/dags/stock_pipeline_dag.py
[2025-09-07T11:52:58.946+0000] {logging_mixin.py:188} INFO - [2025-09-07T11:52:58.946+0000] {dag.py:3096} INFO - Sync 1 DAGs
[2025-09-07T11:52:59.000+0000] {logging_mixin.py:188} INFO - [2025-09-07T11:52:58.999+0000] {dag.py:3954} INFO - Setting next_dagrun for fetch_api_data to 2025-09-07 00:00:00+00:00, run_after=2025-09-08 00:00:00+00:00
[2025-09-07T11:52:59.051+0000] {processor.py:183} INFO - Processing /opt/airflow/dags/stock_pipeline_dag.py took 0.892 seconds
[2025-09-07T11:53:29.655+0000] {processor.py:161} INFO - Started process (PID=491) to work on /opt/airflow/dags/stock_pipeline_dag.py
[2025-09-07T11:53:29.659+0000] {processor.py:830} INFO - Processing file /opt/airflow/dags/stock_pipeline_dag.py for tasks to queue
[2025-09-07T11:53:29.663+0000] {logging_mixin.py:188} INFO - [2025-09-07T11:53:29.662+0000] {dagbag.py:545} INFO - Filling up the DagBag from /opt/airflow/dags/stock_pipeline_dag.py
[2025-09-07T11:53:30.339+0000] {processor.py:840} INFO - DAG(s) 'fetch_api_data' retrieved from /opt/airflow/dags/stock_pipeline_dag.py
[2025-09-07T11:53:30.374+0000] {logging_mixin.py:188} INFO - [2025-09-07T11:53:30.373+0000] {dag.py:3096} INFO - Sync 1 DAGs
[2025-09-07T11:53:30.419+0000] {logging_mixin.py:188} INFO - [2025-09-07T11:53:30.419+0000] {dag.py:3954} INFO - Setting next_dagrun for fetch_api_data to 2025-09-07 00:00:00+00:00, run_after=2025-09-08 00:00:00+00:00
[2025-09-07T11:53:30.468+0000] {processor.py:183} INFO - Processing /opt/airflow/dags/stock_pipeline_dag.py took 0.838 seconds
[2025-09-07T11:54:01.081+0000] {processor.py:161} INFO - Started process (PID=497) to work on /opt/airflow/dags/stock_pipeline_dag.py
[2025-09-07T11:54:01.085+0000] {processor.py:830} INFO - Processing file /opt/airflow/dags/stock_pipeline_dag.py for tasks to queue
[2025-09-07T11:54:01.090+0000] {logging_mixin.py:188} INFO - [2025-09-07T11:54:01.088+0000] {dagbag.py:545} INFO - Filling up the DagBag from /opt/airflow/dags/stock_pipeline_dag.py
[2025-09-07T11:54:01.915+0000] {processor.py:840} INFO - DAG(s) 'fetch_api_data' retrieved from /opt/airflow/dags/stock_pipeline_dag.py
[2025-09-07T11:54:01.978+0000] {logging_mixin.py:188} INFO - [2025-09-07T11:54:01.977+0000] {dag.py:3096} INFO - Sync 1 DAGs
[2025-09-07T11:54:02.040+0000] {logging_mixin.py:188} INFO - [2025-09-07T11:54:02.040+0000] {dag.py:3954} INFO - Setting next_dagrun for fetch_api_data to 2025-09-07 00:00:00+00:00, run_after=2025-09-08 00:00:00+00:00
[2025-09-07T11:54:02.099+0000] {processor.py:183} INFO - Processing /opt/airflow/dags/stock_pipeline_dag.py took 1.043 seconds
[2025-09-07T11:54:32.628+0000] {processor.py:161} INFO - Started process (PID=503) to work on /opt/airflow/dags/stock_pipeline_dag.py
[2025-09-07T11:54:32.632+0000] {processor.py:830} INFO - Processing file /opt/airflow/dags/stock_pipeline_dag.py for tasks to queue
[2025-09-07T11:54:32.636+0000] {logging_mixin.py:188} INFO - [2025-09-07T11:54:32.634+0000] {dagbag.py:545} INFO - Filling up the DagBag from /opt/airflow/dags/stock_pipeline_dag.py
[2025-09-07T11:54:33.630+0000] {processor.py:840} INFO - DAG(s) 'fetch_api_data' retrieved from /opt/airflow/dags/stock_pipeline_dag.py
[2025-09-07T11:54:33.697+0000] {logging_mixin.py:188} INFO - [2025-09-07T11:54:33.696+0000] {dag.py:3096} INFO - Sync 1 DAGs
[2025-09-07T11:54:33.756+0000] {logging_mixin.py:188} INFO - [2025-09-07T11:54:33.755+0000] {dag.py:3954} INFO - Setting next_dagrun for fetch_api_data to 2025-09-07 00:00:00+00:00, run_after=2025-09-08 00:00:00+00:00
[2025-09-07T11:54:33.804+0000] {processor.py:183} INFO - Processing /opt/airflow/dags/stock_pipeline_dag.py took 1.204 seconds
[2025-09-07T11:55:04.132+0000] {processor.py:161} INFO - Started process (PID=509) to work on /opt/airflow/dags/stock_pipeline_dag.py
[2025-09-07T11:55:04.136+0000] {processor.py:830} INFO - Processing file /opt/airflow/dags/stock_pipeline_dag.py for tasks to queue
[2025-09-07T11:55:04.141+0000] {logging_mixin.py:188} INFO - [2025-09-07T11:55:04.139+0000] {dagbag.py:545} INFO - Filling up the DagBag from /opt/airflow/dags/stock_pipeline_dag.py
[2025-09-07T11:55:04.904+0000] {processor.py:840} INFO - DAG(s) 'fetch_api_data' retrieved from /opt/airflow/dags/stock_pipeline_dag.py
[2025-09-07T11:55:04.957+0000] {logging_mixin.py:188} INFO - [2025-09-07T11:55:04.956+0000] {dag.py:3096} INFO - Sync 1 DAGs
[2025-09-07T11:55:05.016+0000] {logging_mixin.py:188} INFO - [2025-09-07T11:55:05.016+0000] {dag.py:3954} INFO - Setting next_dagrun for fetch_api_data to 2025-09-07 00:00:00+00:00, run_after=2025-09-08 00:00:00+00:00
[2025-09-07T11:55:05.072+0000] {processor.py:183} INFO - Processing /opt/airflow/dags/stock_pipeline_dag.py took 0.970 seconds
[2025-09-07T11:55:35.607+0000] {processor.py:161} INFO - Started process (PID=515) to work on /opt/airflow/dags/stock_pipeline_dag.py
[2025-09-07T11:55:35.613+0000] {processor.py:830} INFO - Processing file /opt/airflow/dags/stock_pipeline_dag.py for tasks to queue
[2025-09-07T11:55:35.623+0000] {logging_mixin.py:188} INFO - [2025-09-07T11:55:35.621+0000] {dagbag.py:545} INFO - Filling up the DagBag from /opt/airflow/dags/stock_pipeline_dag.py
[2025-09-07T11:55:36.550+0000] {processor.py:840} INFO - DAG(s) 'fetch_api_data' retrieved from /opt/airflow/dags/stock_pipeline_dag.py
[2025-09-07T11:55:36.617+0000] {logging_mixin.py:188} INFO - [2025-09-07T11:55:36.616+0000] {dag.py:3096} INFO - Sync 1 DAGs
[2025-09-07T11:55:36.675+0000] {logging_mixin.py:188} INFO - [2025-09-07T11:55:36.675+0000] {dag.py:3954} INFO - Setting next_dagrun for fetch_api_data to 2025-09-07 00:00:00+00:00, run_after=2025-09-08 00:00:00+00:00
[2025-09-07T11:55:36.734+0000] {processor.py:183} INFO - Processing /opt/airflow/dags/stock_pipeline_dag.py took 1.160 seconds
[2025-09-07T11:56:07.088+0000] {processor.py:161} INFO - Started process (PID=521) to work on /opt/airflow/dags/stock_pipeline_dag.py
[2025-09-07T11:56:07.092+0000] {processor.py:830} INFO - Processing file /opt/airflow/dags/stock_pipeline_dag.py for tasks to queue
[2025-09-07T11:56:07.096+0000] {logging_mixin.py:188} INFO - [2025-09-07T11:56:07.095+0000] {dagbag.py:545} INFO - Filling up the DagBag from /opt/airflow/dags/stock_pipeline_dag.py
[2025-09-07T11:56:07.869+0000] {processor.py:840} INFO - DAG(s) 'fetch_api_data' retrieved from /opt/airflow/dags/stock_pipeline_dag.py
[2025-09-07T11:56:07.933+0000] {logging_mixin.py:188} INFO - [2025-09-07T11:56:07.932+0000] {dag.py:3096} INFO - Sync 1 DAGs
[2025-09-07T11:56:07.989+0000] {logging_mixin.py:188} INFO - [2025-09-07T11:56:07.988+0000] {dag.py:3954} INFO - Setting next_dagrun for fetch_api_data to 2025-09-07 00:00:00+00:00, run_after=2025-09-08 00:00:00+00:00
[2025-09-07T11:56:08.043+0000] {processor.py:183} INFO - Processing /opt/airflow/dags/stock_pipeline_dag.py took 0.979 seconds
[2025-09-07T11:56:38.585+0000] {processor.py:161} INFO - Started process (PID=527) to work on /opt/airflow/dags/stock_pipeline_dag.py
[2025-09-07T11:56:38.592+0000] {processor.py:830} INFO - Processing file /opt/airflow/dags/stock_pipeline_dag.py for tasks to queue
[2025-09-07T11:56:38.597+0000] {logging_mixin.py:188} INFO - [2025-09-07T11:56:38.595+0000] {dagbag.py:545} INFO - Filling up the DagBag from /opt/airflow/dags/stock_pipeline_dag.py
[2025-09-07T11:56:39.364+0000] {processor.py:840} INFO - DAG(s) 'fetch_api_data' retrieved from /opt/airflow/dags/stock_pipeline_dag.py
[2025-09-07T11:56:39.411+0000] {logging_mixin.py:188} INFO - [2025-09-07T11:56:39.410+0000] {dag.py:3096} INFO - Sync 1 DAGs
[2025-09-07T11:56:39.469+0000] {logging_mixin.py:188} INFO - [2025-09-07T11:56:39.468+0000] {dag.py:3954} INFO - Setting next_dagrun for fetch_api_data to 2025-09-07 00:00:00+00:00, run_after=2025-09-08 00:00:00+00:00
[2025-09-07T11:56:39.521+0000] {processor.py:183} INFO - Processing /opt/airflow/dags/stock_pipeline_dag.py took 0.959 seconds
[2025-09-07T11:57:10.112+0000] {processor.py:161} INFO - Started process (PID=533) to work on /opt/airflow/dags/stock_pipeline_dag.py
[2025-09-07T11:57:10.116+0000] {processor.py:830} INFO - Processing file /opt/airflow/dags/stock_pipeline_dag.py for tasks to queue
[2025-09-07T11:57:10.121+0000] {logging_mixin.py:188} INFO - [2025-09-07T11:57:10.120+0000] {dagbag.py:545} INFO - Filling up the DagBag from /opt/airflow/dags/stock_pipeline_dag.py
[2025-09-07T11:57:10.895+0000] {processor.py:840} INFO - DAG(s) 'fetch_api_data' retrieved from /opt/airflow/dags/stock_pipeline_dag.py
[2025-09-07T11:57:10.950+0000] {logging_mixin.py:188} INFO - [2025-09-07T11:57:10.949+0000] {dag.py:3096} INFO - Sync 1 DAGs
[2025-09-07T11:57:11.011+0000] {logging_mixin.py:188} INFO - [2025-09-07T11:57:11.011+0000] {dag.py:3954} INFO - Setting next_dagrun for fetch_api_data to 2025-09-07 00:00:00+00:00, run_after=2025-09-08 00:00:00+00:00
[2025-09-07T11:57:11.063+0000] {processor.py:183} INFO - Processing /opt/airflow/dags/stock_pipeline_dag.py took 0.991 seconds
[2025-09-07T11:57:41.647+0000] {processor.py:161} INFO - Started process (PID=539) to work on /opt/airflow/dags/stock_pipeline_dag.py
[2025-09-07T11:57:41.651+0000] {processor.py:830} INFO - Processing file /opt/airflow/dags/stock_pipeline_dag.py for tasks to queue
[2025-09-07T11:57:41.655+0000] {logging_mixin.py:188} INFO - [2025-09-07T11:57:41.653+0000] {dagbag.py:545} INFO - Filling up the DagBag from /opt/airflow/dags/stock_pipeline_dag.py
[2025-09-07T11:57:42.625+0000] {processor.py:840} INFO - DAG(s) 'fetch_api_data' retrieved from /opt/airflow/dags/stock_pipeline_dag.py
[2025-09-07T11:57:42.743+0000] {logging_mixin.py:188} INFO - [2025-09-07T11:57:42.741+0000] {dag.py:3096} INFO - Sync 1 DAGs
[2025-09-07T11:57:42.843+0000] {logging_mixin.py:188} INFO - [2025-09-07T11:57:42.842+0000] {dag.py:3954} INFO - Setting next_dagrun for fetch_api_data to 2025-09-07 00:00:00+00:00, run_after=2025-09-08 00:00:00+00:00
[2025-09-07T11:57:42.928+0000] {processor.py:183} INFO - Processing /opt/airflow/dags/stock_pipeline_dag.py took 1.307 seconds
[2025-09-07T11:58:13.227+0000] {processor.py:161} INFO - Started process (PID=545) to work on /opt/airflow/dags/stock_pipeline_dag.py
[2025-09-07T11:58:13.232+0000] {processor.py:830} INFO - Processing file /opt/airflow/dags/stock_pipeline_dag.py for tasks to queue
[2025-09-07T11:58:13.240+0000] {logging_mixin.py:188} INFO - [2025-09-07T11:58:13.237+0000] {dagbag.py:545} INFO - Filling up the DagBag from /opt/airflow/dags/stock_pipeline_dag.py
[2025-09-07T11:58:14.510+0000] {processor.py:840} INFO - DAG(s) 'fetch_api_data' retrieved from /opt/airflow/dags/stock_pipeline_dag.py
[2025-09-07T11:58:14.576+0000] {logging_mixin.py:188} INFO - [2025-09-07T11:58:14.575+0000] {dag.py:3096} INFO - Sync 1 DAGs
[2025-09-07T11:58:14.651+0000] {logging_mixin.py:188} INFO - [2025-09-07T11:58:14.650+0000] {dag.py:3954} INFO - Setting next_dagrun for fetch_api_data to 2025-09-07 00:00:00+00:00, run_after=2025-09-08 00:00:00+00:00
[2025-09-07T11:58:14.727+0000] {processor.py:183} INFO - Processing /opt/airflow/dags/stock_pipeline_dag.py took 1.542 seconds
[2025-09-07T11:58:45.118+0000] {processor.py:161} INFO - Started process (PID=551) to work on /opt/airflow/dags/stock_pipeline_dag.py
[2025-09-07T11:58:45.120+0000] {processor.py:830} INFO - Processing file /opt/airflow/dags/stock_pipeline_dag.py for tasks to queue
[2025-09-07T11:58:45.123+0000] {logging_mixin.py:188} INFO - [2025-09-07T11:58:45.122+0000] {dagbag.py:545} INFO - Filling up the DagBag from /opt/airflow/dags/stock_pipeline_dag.py
[2025-09-07T11:58:46.322+0000] {processor.py:840} INFO - DAG(s) 'fetch_api_data' retrieved from /opt/airflow/dags/stock_pipeline_dag.py
[2025-09-07T11:58:46.385+0000] {logging_mixin.py:188} INFO - [2025-09-07T11:58:46.384+0000] {dag.py:3096} INFO - Sync 1 DAGs
[2025-09-07T11:58:46.471+0000] {logging_mixin.py:188} INFO - [2025-09-07T11:58:46.471+0000] {dag.py:3954} INFO - Setting next_dagrun for fetch_api_data to 2025-09-07 00:00:00+00:00, run_after=2025-09-08 00:00:00+00:00
[2025-09-07T11:58:46.533+0000] {processor.py:183} INFO - Processing /opt/airflow/dags/stock_pipeline_dag.py took 1.440 seconds
[2025-09-07T11:59:16.814+0000] {processor.py:161} INFO - Started process (PID=557) to work on /opt/airflow/dags/stock_pipeline_dag.py
[2025-09-07T11:59:16.817+0000] {processor.py:830} INFO - Processing file /opt/airflow/dags/stock_pipeline_dag.py for tasks to queue
[2025-09-07T11:59:16.821+0000] {logging_mixin.py:188} INFO - [2025-09-07T11:59:16.820+0000] {dagbag.py:545} INFO - Filling up the DagBag from /opt/airflow/dags/stock_pipeline_dag.py
[2025-09-07T11:59:17.640+0000] {processor.py:840} INFO - DAG(s) 'fetch_api_data' retrieved from /opt/airflow/dags/stock_pipeline_dag.py
[2025-09-07T11:59:17.712+0000] {logging_mixin.py:188} INFO - [2025-09-07T11:59:17.711+0000] {dag.py:3096} INFO - Sync 1 DAGs
[2025-09-07T11:59:17.792+0000] {logging_mixin.py:188} INFO - [2025-09-07T11:59:17.792+0000] {dag.py:3954} INFO - Setting next_dagrun for fetch_api_data to 2025-09-07 00:00:00+00:00, run_after=2025-09-08 00:00:00+00:00
[2025-09-07T11:59:17.872+0000] {processor.py:183} INFO - Processing /opt/airflow/dags/stock_pipeline_dag.py took 1.081 seconds
[2025-09-07T11:59:48.270+0000] {processor.py:161} INFO - Started process (PID=563) to work on /opt/airflow/dags/stock_pipeline_dag.py
[2025-09-07T11:59:48.274+0000] {processor.py:830} INFO - Processing file /opt/airflow/dags/stock_pipeline_dag.py for tasks to queue
[2025-09-07T11:59:48.279+0000] {logging_mixin.py:188} INFO - [2025-09-07T11:59:48.277+0000] {dagbag.py:545} INFO - Filling up the DagBag from /opt/airflow/dags/stock_pipeline_dag.py
[2025-09-07T11:59:49.133+0000] {processor.py:840} INFO - DAG(s) 'fetch_api_data' retrieved from /opt/airflow/dags/stock_pipeline_dag.py
[2025-09-07T11:59:49.198+0000] {logging_mixin.py:188} INFO - [2025-09-07T11:59:49.197+0000] {dag.py:3096} INFO - Sync 1 DAGs
[2025-09-07T11:59:49.273+0000] {logging_mixin.py:188} INFO - [2025-09-07T11:59:49.273+0000] {dag.py:3954} INFO - Setting next_dagrun for fetch_api_data to 2025-09-07 00:00:00+00:00, run_after=2025-09-08 00:00:00+00:00
[2025-09-07T11:59:49.343+0000] {processor.py:183} INFO - Processing /opt/airflow/dags/stock_pipeline_dag.py took 1.099 seconds
[2025-09-07T12:00:20.072+0000] {processor.py:161} INFO - Started process (PID=569) to work on /opt/airflow/dags/stock_pipeline_dag.py
[2025-09-07T12:00:20.077+0000] {processor.py:830} INFO - Processing file /opt/airflow/dags/stock_pipeline_dag.py for tasks to queue
[2025-09-07T12:00:20.082+0000] {logging_mixin.py:188} INFO - [2025-09-07T12:00:20.080+0000] {dagbag.py:545} INFO - Filling up the DagBag from /opt/airflow/dags/stock_pipeline_dag.py
[2025-09-07T12:00:20.728+0000] {processor.py:840} INFO - DAG(s) 'fetch_api_data' retrieved from /opt/airflow/dags/stock_pipeline_dag.py
[2025-09-07T12:00:20.791+0000] {logging_mixin.py:188} INFO - [2025-09-07T12:00:20.790+0000] {dag.py:3096} INFO - Sync 1 DAGs
[2025-09-07T12:00:20.877+0000] {logging_mixin.py:188} INFO - [2025-09-07T12:00:20.877+0000] {dag.py:3954} INFO - Setting next_dagrun for fetch_api_data to 2025-09-07 00:00:00+00:00, run_after=2025-09-08 00:00:00+00:00
[2025-09-07T12:00:20.948+0000] {processor.py:183} INFO - Processing /opt/airflow/dags/stock_pipeline_dag.py took 0.901 seconds
[2025-09-07T12:00:51.552+0000] {processor.py:161} INFO - Started process (PID=575) to work on /opt/airflow/dags/stock_pipeline_dag.py
[2025-09-07T12:00:51.556+0000] {processor.py:830} INFO - Processing file /opt/airflow/dags/stock_pipeline_dag.py for tasks to queue
[2025-09-07T12:00:51.560+0000] {logging_mixin.py:188} INFO - [2025-09-07T12:00:51.559+0000] {dagbag.py:545} INFO - Filling up the DagBag from /opt/airflow/dags/stock_pipeline_dag.py
[2025-09-07T12:00:52.182+0000] {processor.py:840} INFO - DAG(s) 'fetch_api_data' retrieved from /opt/airflow/dags/stock_pipeline_dag.py
[2025-09-07T12:00:52.234+0000] {logging_mixin.py:188} INFO - [2025-09-07T12:00:52.233+0000] {dag.py:3096} INFO - Sync 1 DAGs
[2025-09-07T12:00:52.288+0000] {logging_mixin.py:188} INFO - [2025-09-07T12:00:52.288+0000] {dag.py:3954} INFO - Setting next_dagrun for fetch_api_data to 2025-09-07 00:00:00+00:00, run_after=2025-09-08 00:00:00+00:00
[2025-09-07T12:00:52.342+0000] {processor.py:183} INFO - Processing /opt/airflow/dags/stock_pipeline_dag.py took 0.814 seconds
[2025-09-07T12:01:22.953+0000] {processor.py:161} INFO - Started process (PID=581) to work on /opt/airflow/dags/stock_pipeline_dag.py
[2025-09-07T12:01:22.956+0000] {processor.py:830} INFO - Processing file /opt/airflow/dags/stock_pipeline_dag.py for tasks to queue
[2025-09-07T12:01:22.960+0000] {logging_mixin.py:188} INFO - [2025-09-07T12:01:22.959+0000] {dagbag.py:545} INFO - Filling up the DagBag from /opt/airflow/dags/stock_pipeline_dag.py
[2025-09-07T12:01:23.583+0000] {processor.py:840} INFO - DAG(s) 'fetch_api_data' retrieved from /opt/airflow/dags/stock_pipeline_dag.py
[2025-09-07T12:01:23.644+0000] {logging_mixin.py:188} INFO - [2025-09-07T12:01:23.643+0000] {dag.py:3096} INFO - Sync 1 DAGs
[2025-09-07T12:01:23.701+0000] {logging_mixin.py:188} INFO - [2025-09-07T12:01:23.700+0000] {dag.py:3954} INFO - Setting next_dagrun for fetch_api_data to 2025-09-07 00:00:00+00:00, run_after=2025-09-08 00:00:00+00:00
[2025-09-07T12:01:23.754+0000] {processor.py:183} INFO - Processing /opt/airflow/dags/stock_pipeline_dag.py took 0.825 seconds
[2025-09-07T12:01:54.347+0000] {processor.py:161} INFO - Started process (PID=587) to work on /opt/airflow/dags/stock_pipeline_dag.py
[2025-09-07T12:01:54.355+0000] {processor.py:830} INFO - Processing file /opt/airflow/dags/stock_pipeline_dag.py for tasks to queue
[2025-09-07T12:01:54.359+0000] {logging_mixin.py:188} INFO - [2025-09-07T12:01:54.357+0000] {dagbag.py:545} INFO - Filling up the DagBag from /opt/airflow/dags/stock_pipeline_dag.py
[2025-09-07T12:01:55.124+0000] {processor.py:840} INFO - DAG(s) 'fetch_api_data' retrieved from /opt/airflow/dags/stock_pipeline_dag.py
[2025-09-07T12:01:55.192+0000] {logging_mixin.py:188} INFO - [2025-09-07T12:01:55.191+0000] {dag.py:3096} INFO - Sync 1 DAGs
[2025-09-07T12:01:55.250+0000] {logging_mixin.py:188} INFO - [2025-09-07T12:01:55.249+0000] {dag.py:3954} INFO - Setting next_dagrun for fetch_api_data to 2025-09-07 00:00:00+00:00, run_after=2025-09-08 00:00:00+00:00
[2025-09-07T12:01:55.302+0000] {processor.py:183} INFO - Processing /opt/airflow/dags/stock_pipeline_dag.py took 0.980 seconds
[2025-09-07T12:02:25.852+0000] {processor.py:161} INFO - Started process (PID=593) to work on /opt/airflow/dags/stock_pipeline_dag.py
[2025-09-07T12:02:25.856+0000] {processor.py:830} INFO - Processing file /opt/airflow/dags/stock_pipeline_dag.py for tasks to queue
[2025-09-07T12:02:25.864+0000] {logging_mixin.py:188} INFO - [2025-09-07T12:02:25.863+0000] {dagbag.py:545} INFO - Filling up the DagBag from /opt/airflow/dags/stock_pipeline_dag.py
[2025-09-07T12:02:26.619+0000] {processor.py:840} INFO - DAG(s) 'fetch_api_data' retrieved from /opt/airflow/dags/stock_pipeline_dag.py
[2025-09-07T12:02:26.684+0000] {logging_mixin.py:188} INFO - [2025-09-07T12:02:26.683+0000] {dag.py:3096} INFO - Sync 1 DAGs
[2025-09-07T12:02:26.735+0000] {logging_mixin.py:188} INFO - [2025-09-07T12:02:26.735+0000] {dag.py:3954} INFO - Setting next_dagrun for fetch_api_data to 2025-09-07 00:00:00+00:00, run_after=2025-09-08 00:00:00+00:00
[2025-09-07T12:02:26.783+0000] {processor.py:183} INFO - Processing /opt/airflow/dags/stock_pipeline_dag.py took 0.960 seconds
[2025-09-07T12:02:57.323+0000] {processor.py:161} INFO - Started process (PID=599) to work on /opt/airflow/dags/stock_pipeline_dag.py
[2025-09-07T12:02:57.327+0000] {processor.py:830} INFO - Processing file /opt/airflow/dags/stock_pipeline_dag.py for tasks to queue
[2025-09-07T12:02:57.330+0000] {logging_mixin.py:188} INFO - [2025-09-07T12:02:57.329+0000] {dagbag.py:545} INFO - Filling up the DagBag from /opt/airflow/dags/stock_pipeline_dag.py
[2025-09-07T12:02:58.205+0000] {processor.py:840} INFO - DAG(s) 'fetch_api_data' retrieved from /opt/airflow/dags/stock_pipeline_dag.py
[2025-09-07T12:02:58.281+0000] {logging_mixin.py:188} INFO - [2025-09-07T12:02:58.280+0000] {dag.py:3096} INFO - Sync 1 DAGs
[2025-09-07T12:02:58.345+0000] {logging_mixin.py:188} INFO - [2025-09-07T12:02:58.345+0000] {dag.py:3954} INFO - Setting next_dagrun for fetch_api_data to 2025-09-07 00:00:00+00:00, run_after=2025-09-08 00:00:00+00:00
[2025-09-07T12:02:58.400+0000] {processor.py:183} INFO - Processing /opt/airflow/dags/stock_pipeline_dag.py took 1.103 seconds
[2025-09-07T12:03:28.784+0000] {processor.py:161} INFO - Started process (PID=605) to work on /opt/airflow/dags/stock_pipeline_dag.py
[2025-09-07T12:03:28.787+0000] {processor.py:830} INFO - Processing file /opt/airflow/dags/stock_pipeline_dag.py for tasks to queue
[2025-09-07T12:03:28.790+0000] {logging_mixin.py:188} INFO - [2025-09-07T12:03:28.789+0000] {dagbag.py:545} INFO - Filling up the DagBag from /opt/airflow/dags/stock_pipeline_dag.py
[2025-09-07T12:03:29.789+0000] {processor.py:840} INFO - DAG(s) 'fetch_api_data' retrieved from /opt/airflow/dags/stock_pipeline_dag.py
[2025-09-07T12:03:29.868+0000] {logging_mixin.py:188} INFO - [2025-09-07T12:03:29.867+0000] {dag.py:3096} INFO - Sync 1 DAGs
[2025-09-07T12:03:29.939+0000] {logging_mixin.py:188} INFO - [2025-09-07T12:03:29.939+0000] {dag.py:3954} INFO - Setting next_dagrun for fetch_api_data to 2025-09-07 00:00:00+00:00, run_after=2025-09-08 00:00:00+00:00
[2025-09-07T12:03:30.012+0000] {processor.py:183} INFO - Processing /opt/airflow/dags/stock_pipeline_dag.py took 1.250 seconds
[2025-09-07T12:04:00.378+0000] {processor.py:161} INFO - Started process (PID=611) to work on /opt/airflow/dags/stock_pipeline_dag.py
[2025-09-07T12:04:00.382+0000] {processor.py:830} INFO - Processing file /opt/airflow/dags/stock_pipeline_dag.py for tasks to queue
[2025-09-07T12:04:00.387+0000] {logging_mixin.py:188} INFO - [2025-09-07T12:04:00.385+0000] {dagbag.py:545} INFO - Filling up the DagBag from /opt/airflow/dags/stock_pipeline_dag.py
[2025-09-07T12:04:01.160+0000] {processor.py:840} INFO - DAG(s) 'fetch_api_data' retrieved from /opt/airflow/dags/stock_pipeline_dag.py
[2025-09-07T12:04:01.225+0000] {logging_mixin.py:188} INFO - [2025-09-07T12:04:01.224+0000] {dag.py:3096} INFO - Sync 1 DAGs
[2025-09-07T12:04:01.278+0000] {logging_mixin.py:188} INFO - [2025-09-07T12:04:01.278+0000] {dag.py:3954} INFO - Setting next_dagrun for fetch_api_data to 2025-09-07 00:00:00+00:00, run_after=2025-09-08 00:00:00+00:00
[2025-09-07T12:04:01.328+0000] {processor.py:183} INFO - Processing /opt/airflow/dags/stock_pipeline_dag.py took 0.977 seconds
[2025-09-07T12:04:31.901+0000] {processor.py:161} INFO - Started process (PID=617) to work on /opt/airflow/dags/stock_pipeline_dag.py
[2025-09-07T12:04:31.905+0000] {processor.py:830} INFO - Processing file /opt/airflow/dags/stock_pipeline_dag.py for tasks to queue
[2025-09-07T12:04:31.911+0000] {logging_mixin.py:188} INFO - [2025-09-07T12:04:31.909+0000] {dagbag.py:545} INFO - Filling up the DagBag from /opt/airflow/dags/stock_pipeline_dag.py
[2025-09-07T12:04:33.049+0000] {processor.py:840} INFO - DAG(s) 'fetch_api_data' retrieved from /opt/airflow/dags/stock_pipeline_dag.py
[2025-09-07T12:04:33.167+0000] {logging_mixin.py:188} INFO - [2025-09-07T12:04:33.165+0000] {dag.py:3096} INFO - Sync 1 DAGs
[2025-09-07T12:04:33.282+0000] {logging_mixin.py:188} INFO - [2025-09-07T12:04:33.281+0000] {dag.py:3954} INFO - Setting next_dagrun for fetch_api_data to 2025-09-07 00:00:00+00:00, run_after=2025-09-08 00:00:00+00:00
[2025-09-07T12:04:33.377+0000] {processor.py:183} INFO - Processing /opt/airflow/dags/stock_pipeline_dag.py took 1.503 seconds
[2025-09-07T12:05:04.240+0000] {processor.py:161} INFO - Started process (PID=623) to work on /opt/airflow/dags/stock_pipeline_dag.py
[2025-09-07T12:05:04.245+0000] {processor.py:830} INFO - Processing file /opt/airflow/dags/stock_pipeline_dag.py for tasks to queue
[2025-09-07T12:05:04.250+0000] {logging_mixin.py:188} INFO - [2025-09-07T12:05:04.249+0000] {dagbag.py:545} INFO - Filling up the DagBag from /opt/airflow/dags/stock_pipeline_dag.py
[2025-09-07T12:05:05.110+0000] {processor.py:840} INFO - DAG(s) 'fetch_api_data' retrieved from /opt/airflow/dags/stock_pipeline_dag.py
[2025-09-07T12:05:05.172+0000] {logging_mixin.py:188} INFO - [2025-09-07T12:05:05.171+0000] {dag.py:3096} INFO - Sync 1 DAGs
[2025-09-07T12:05:05.230+0000] {logging_mixin.py:188} INFO - [2025-09-07T12:05:05.229+0000] {dag.py:3954} INFO - Setting next_dagrun for fetch_api_data to 2025-09-07 00:00:00+00:00, run_after=2025-09-08 00:00:00+00:00
[2025-09-07T12:05:05.280+0000] {processor.py:183} INFO - Processing /opt/airflow/dags/stock_pipeline_dag.py took 1.069 seconds
[2025-09-07T12:05:35.765+0000] {processor.py:161} INFO - Started process (PID=629) to work on /opt/airflow/dags/stock_pipeline_dag.py
[2025-09-07T12:05:35.772+0000] {processor.py:830} INFO - Processing file /opt/airflow/dags/stock_pipeline_dag.py for tasks to queue
[2025-09-07T12:05:35.780+0000] {logging_mixin.py:188} INFO - [2025-09-07T12:05:35.778+0000] {dagbag.py:545} INFO - Filling up the DagBag from /opt/airflow/dags/stock_pipeline_dag.py
[2025-09-07T12:05:36.527+0000] {processor.py:840} INFO - DAG(s) 'fetch_api_data' retrieved from /opt/airflow/dags/stock_pipeline_dag.py
[2025-09-07T12:05:36.605+0000] {logging_mixin.py:188} INFO - [2025-09-07T12:05:36.604+0000] {dag.py:3096} INFO - Sync 1 DAGs
[2025-09-07T12:05:36.687+0000] {logging_mixin.py:188} INFO - [2025-09-07T12:05:36.686+0000] {dag.py:3954} INFO - Setting next_dagrun for fetch_api_data to 2025-09-07 00:00:00+00:00, run_after=2025-09-08 00:00:00+00:00
[2025-09-07T12:05:36.778+0000] {processor.py:183} INFO - Processing /opt/airflow/dags/stock_pipeline_dag.py took 1.059 seconds
[2025-09-07T12:06:07.297+0000] {processor.py:161} INFO - Started process (PID=635) to work on /opt/airflow/dags/stock_pipeline_dag.py
[2025-09-07T12:06:07.302+0000] {processor.py:830} INFO - Processing file /opt/airflow/dags/stock_pipeline_dag.py for tasks to queue
[2025-09-07T12:06:07.306+0000] {logging_mixin.py:188} INFO - [2025-09-07T12:06:07.304+0000] {dagbag.py:545} INFO - Filling up the DagBag from /opt/airflow/dags/stock_pipeline_dag.py
[2025-09-07T12:06:08.048+0000] {processor.py:840} INFO - DAG(s) 'fetch_api_data' retrieved from /opt/airflow/dags/stock_pipeline_dag.py
[2025-09-07T12:06:08.111+0000] {logging_mixin.py:188} INFO - [2025-09-07T12:06:08.110+0000] {dag.py:3096} INFO - Sync 1 DAGs
[2025-09-07T12:06:08.173+0000] {logging_mixin.py:188} INFO - [2025-09-07T12:06:08.173+0000] {dag.py:3954} INFO - Setting next_dagrun for fetch_api_data to 2025-09-07 00:00:00+00:00, run_after=2025-09-08 00:00:00+00:00
[2025-09-07T12:06:08.223+0000] {processor.py:183} INFO - Processing /opt/airflow/dags/stock_pipeline_dag.py took 0.950 seconds
[2025-09-07T12:06:38.832+0000] {processor.py:161} INFO - Started process (PID=641) to work on /opt/airflow/dags/stock_pipeline_dag.py
[2025-09-07T12:06:38.838+0000] {processor.py:830} INFO - Processing file /opt/airflow/dags/stock_pipeline_dag.py for tasks to queue
[2025-09-07T12:06:38.844+0000] {logging_mixin.py:188} INFO - [2025-09-07T12:06:38.842+0000] {dagbag.py:545} INFO - Filling up the DagBag from /opt/airflow/dags/stock_pipeline_dag.py
[2025-09-07T12:06:40.304+0000] {processor.py:840} INFO - DAG(s) 'fetch_api_data' retrieved from /opt/airflow/dags/stock_pipeline_dag.py
[2025-09-07T12:06:40.364+0000] {logging_mixin.py:188} INFO - [2025-09-07T12:06:40.364+0000] {dag.py:3096} INFO - Sync 1 DAGs
[2025-09-07T12:06:40.401+0000] {logging_mixin.py:188} INFO - [2025-09-07T12:06:40.401+0000] {dag.py:3954} INFO - Setting next_dagrun for fetch_api_data to 2025-09-07 00:00:00+00:00, run_after=2025-09-08 00:00:00+00:00
[2025-09-07T12:06:40.459+0000] {processor.py:183} INFO - Processing /opt/airflow/dags/stock_pipeline_dag.py took 1.659 seconds
[2025-09-07T12:07:11.075+0000] {processor.py:161} INFO - Started process (PID=647) to work on /opt/airflow/dags/stock_pipeline_dag.py
[2025-09-07T12:07:11.079+0000] {processor.py:830} INFO - Processing file /opt/airflow/dags/stock_pipeline_dag.py for tasks to queue
[2025-09-07T12:07:11.083+0000] {logging_mixin.py:188} INFO - [2025-09-07T12:07:11.082+0000] {dagbag.py:545} INFO - Filling up the DagBag from /opt/airflow/dags/stock_pipeline_dag.py
[2025-09-07T12:07:11.812+0000] {processor.py:840} INFO - DAG(s) 'fetch_api_data' retrieved from /opt/airflow/dags/stock_pipeline_dag.py
[2025-09-07T12:07:11.892+0000] {logging_mixin.py:188} INFO - [2025-09-07T12:07:11.891+0000] {dag.py:3096} INFO - Sync 1 DAGs
[2025-09-07T12:07:11.963+0000] {logging_mixin.py:188} INFO - [2025-09-07T12:07:11.962+0000] {dag.py:3954} INFO - Setting next_dagrun for fetch_api_data to 2025-09-07 00:00:00+00:00, run_after=2025-09-08 00:00:00+00:00
[2025-09-07T12:07:12.026+0000] {processor.py:183} INFO - Processing /opt/airflow/dags/stock_pipeline_dag.py took 0.980 seconds
[2025-09-07T12:07:42.549+0000] {processor.py:161} INFO - Started process (PID=653) to work on /opt/airflow/dags/stock_pipeline_dag.py
[2025-09-07T12:07:42.553+0000] {processor.py:830} INFO - Processing file /opt/airflow/dags/stock_pipeline_dag.py for tasks to queue
[2025-09-07T12:07:42.557+0000] {logging_mixin.py:188} INFO - [2025-09-07T12:07:42.555+0000] {dagbag.py:545} INFO - Filling up the DagBag from /opt/airflow/dags/stock_pipeline_dag.py
[2025-09-07T12:07:43.185+0000] {processor.py:840} INFO - DAG(s) 'fetch_api_data' retrieved from /opt/airflow/dags/stock_pipeline_dag.py
[2025-09-07T12:07:43.254+0000] {logging_mixin.py:188} INFO - [2025-09-07T12:07:43.253+0000] {dag.py:3096} INFO - Sync 1 DAGs
[2025-09-07T12:07:43.335+0000] {logging_mixin.py:188} INFO - [2025-09-07T12:07:43.334+0000] {dag.py:3954} INFO - Setting next_dagrun for fetch_api_data to 2025-09-07 00:00:00+00:00, run_after=2025-09-08 00:00:00+00:00
[2025-09-07T12:07:43.404+0000] {processor.py:183} INFO - Processing /opt/airflow/dags/stock_pipeline_dag.py took 0.884 seconds
[2025-09-07T12:08:14.009+0000] {processor.py:161} INFO - Started process (PID=659) to work on /opt/airflow/dags/stock_pipeline_dag.py
[2025-09-07T12:08:14.013+0000] {processor.py:830} INFO - Processing file /opt/airflow/dags/stock_pipeline_dag.py for tasks to queue
[2025-09-07T12:08:14.018+0000] {logging_mixin.py:188} INFO - [2025-09-07T12:08:14.016+0000] {dagbag.py:545} INFO - Filling up the DagBag from /opt/airflow/dags/stock_pipeline_dag.py
[2025-09-07T12:08:14.707+0000] {processor.py:840} INFO - DAG(s) 'fetch_api_data' retrieved from /opt/airflow/dags/stock_pipeline_dag.py
[2025-09-07T12:08:14.764+0000] {logging_mixin.py:188} INFO - [2025-09-07T12:08:14.763+0000] {dag.py:3096} INFO - Sync 1 DAGs
[2025-09-07T12:08:14.821+0000] {logging_mixin.py:188} INFO - [2025-09-07T12:08:14.820+0000] {dag.py:3954} INFO - Setting next_dagrun for fetch_api_data to 2025-09-07 00:00:00+00:00, run_after=2025-09-08 00:00:00+00:00
[2025-09-07T12:08:14.876+0000] {processor.py:183} INFO - Processing /opt/airflow/dags/stock_pipeline_dag.py took 0.894 seconds
[2025-09-07T12:08:45.468+0000] {processor.py:161} INFO - Started process (PID=665) to work on /opt/airflow/dags/stock_pipeline_dag.py
[2025-09-07T12:08:45.472+0000] {processor.py:830} INFO - Processing file /opt/airflow/dags/stock_pipeline_dag.py for tasks to queue
[2025-09-07T12:08:45.476+0000] {logging_mixin.py:188} INFO - [2025-09-07T12:08:45.475+0000] {dagbag.py:545} INFO - Filling up the DagBag from /opt/airflow/dags/stock_pipeline_dag.py
[2025-09-07T12:08:46.440+0000] {processor.py:840} INFO - DAG(s) 'fetch_api_data' retrieved from /opt/airflow/dags/stock_pipeline_dag.py
[2025-09-07T12:08:46.504+0000] {logging_mixin.py:188} INFO - [2025-09-07T12:08:46.503+0000] {dag.py:3096} INFO - Sync 1 DAGs
[2025-09-07T12:08:46.563+0000] {logging_mixin.py:188} INFO - [2025-09-07T12:08:46.562+0000] {dag.py:3954} INFO - Setting next_dagrun for fetch_api_data to 2025-09-07 00:00:00+00:00, run_after=2025-09-08 00:00:00+00:00
[2025-09-07T12:08:46.617+0000] {processor.py:183} INFO - Processing /opt/airflow/dags/stock_pipeline_dag.py took 1.176 seconds
[2025-09-07T12:09:16.985+0000] {processor.py:161} INFO - Started process (PID=671) to work on /opt/airflow/dags/stock_pipeline_dag.py
[2025-09-07T12:09:16.989+0000] {processor.py:830} INFO - Processing file /opt/airflow/dags/stock_pipeline_dag.py for tasks to queue
[2025-09-07T12:09:16.994+0000] {logging_mixin.py:188} INFO - [2025-09-07T12:09:16.992+0000] {dagbag.py:545} INFO - Filling up the DagBag from /opt/airflow/dags/stock_pipeline_dag.py
[2025-09-07T12:09:17.695+0000] {processor.py:840} INFO - DAG(s) 'fetch_api_data' retrieved from /opt/airflow/dags/stock_pipeline_dag.py
[2025-09-07T12:09:17.752+0000] {logging_mixin.py:188} INFO - [2025-09-07T12:09:17.751+0000] {dag.py:3096} INFO - Sync 1 DAGs
[2025-09-07T12:09:17.811+0000] {logging_mixin.py:188} INFO - [2025-09-07T12:09:17.810+0000] {dag.py:3954} INFO - Setting next_dagrun for fetch_api_data to 2025-09-07 00:00:00+00:00, run_after=2025-09-08 00:00:00+00:00
[2025-09-07T12:09:17.893+0000] {processor.py:183} INFO - Processing /opt/airflow/dags/stock_pipeline_dag.py took 0.946 seconds
[2025-09-07T12:09:48.431+0000] {processor.py:161} INFO - Started process (PID=677) to work on /opt/airflow/dags/stock_pipeline_dag.py
[2025-09-07T12:09:48.435+0000] {processor.py:830} INFO - Processing file /opt/airflow/dags/stock_pipeline_dag.py for tasks to queue
[2025-09-07T12:09:48.439+0000] {logging_mixin.py:188} INFO - [2025-09-07T12:09:48.438+0000] {dagbag.py:545} INFO - Filling up the DagBag from /opt/airflow/dags/stock_pipeline_dag.py
[2025-09-07T12:09:49.175+0000] {processor.py:840} INFO - DAG(s) 'fetch_api_data' retrieved from /opt/airflow/dags/stock_pipeline_dag.py
[2025-09-07T12:09:49.226+0000] {logging_mixin.py:188} INFO - [2025-09-07T12:09:49.226+0000] {dag.py:3096} INFO - Sync 1 DAGs
[2025-09-07T12:09:49.268+0000] {logging_mixin.py:188} INFO - [2025-09-07T12:09:49.268+0000] {dag.py:3954} INFO - Setting next_dagrun for fetch_api_data to 2025-09-07 00:00:00+00:00, run_after=2025-09-08 00:00:00+00:00
[2025-09-07T12:09:49.315+0000] {processor.py:183} INFO - Processing /opt/airflow/dags/stock_pipeline_dag.py took 0.909 seconds
[2025-09-07T12:10:20.131+0000] {processor.py:161} INFO - Started process (PID=683) to work on /opt/airflow/dags/stock_pipeline_dag.py
[2025-09-07T12:10:20.135+0000] {processor.py:830} INFO - Processing file /opt/airflow/dags/stock_pipeline_dag.py for tasks to queue
[2025-09-07T12:10:20.139+0000] {logging_mixin.py:188} INFO - [2025-09-07T12:10:20.138+0000] {dagbag.py:545} INFO - Filling up the DagBag from /opt/airflow/dags/stock_pipeline_dag.py
[2025-09-07T12:10:20.964+0000] {processor.py:840} INFO - DAG(s) 'fetch_api_data' retrieved from /opt/airflow/dags/stock_pipeline_dag.py
[2025-09-07T12:10:21.037+0000] {logging_mixin.py:188} INFO - [2025-09-07T12:10:21.036+0000] {dag.py:3096} INFO - Sync 1 DAGs
[2025-09-07T12:10:21.145+0000] {logging_mixin.py:188} INFO - [2025-09-07T12:10:21.144+0000] {dag.py:3954} INFO - Setting next_dagrun for fetch_api_data to 2025-09-07 00:00:00+00:00, run_after=2025-09-08 00:00:00+00:00
[2025-09-07T12:10:21.234+0000] {processor.py:183} INFO - Processing /opt/airflow/dags/stock_pipeline_dag.py took 1.130 seconds
[2025-09-07T12:10:51.639+0000] {processor.py:161} INFO - Started process (PID=689) to work on /opt/airflow/dags/stock_pipeline_dag.py
[2025-09-07T12:10:51.644+0000] {processor.py:830} INFO - Processing file /opt/airflow/dags/stock_pipeline_dag.py for tasks to queue
[2025-09-07T12:10:51.648+0000] {logging_mixin.py:188} INFO - [2025-09-07T12:10:51.647+0000] {dagbag.py:545} INFO - Filling up the DagBag from /opt/airflow/dags/stock_pipeline_dag.py
[2025-09-07T12:10:52.309+0000] {processor.py:840} INFO - DAG(s) 'fetch_api_data' retrieved from /opt/airflow/dags/stock_pipeline_dag.py
[2025-09-07T12:10:52.348+0000] {logging_mixin.py:188} INFO - [2025-09-07T12:10:52.348+0000] {dag.py:3096} INFO - Sync 1 DAGs
[2025-09-07T12:10:52.379+0000] {logging_mixin.py:188} INFO - [2025-09-07T12:10:52.379+0000] {dag.py:3954} INFO - Setting next_dagrun for fetch_api_data to 2025-09-07 00:00:00+00:00, run_after=2025-09-08 00:00:00+00:00
[2025-09-07T12:10:52.412+0000] {processor.py:183} INFO - Processing /opt/airflow/dags/stock_pipeline_dag.py took 0.809 seconds
[2025-09-07T12:11:23.039+0000] {processor.py:161} INFO - Started process (PID=695) to work on /opt/airflow/dags/stock_pipeline_dag.py
[2025-09-07T12:11:23.044+0000] {processor.py:830} INFO - Processing file /opt/airflow/dags/stock_pipeline_dag.py for tasks to queue
[2025-09-07T12:11:23.048+0000] {logging_mixin.py:188} INFO - [2025-09-07T12:11:23.047+0000] {dagbag.py:545} INFO - Filling up the DagBag from /opt/airflow/dags/stock_pipeline_dag.py
[2025-09-07T12:11:23.797+0000] {processor.py:840} INFO - DAG(s) 'fetch_api_data' retrieved from /opt/airflow/dags/stock_pipeline_dag.py
[2025-09-07T12:11:23.863+0000] {logging_mixin.py:188} INFO - [2025-09-07T12:11:23.861+0000] {dag.py:3096} INFO - Sync 1 DAGs
[2025-09-07T12:11:23.948+0000] {logging_mixin.py:188} INFO - [2025-09-07T12:11:23.947+0000] {dag.py:3954} INFO - Setting next_dagrun for fetch_api_data to 2025-09-07 00:00:00+00:00, run_after=2025-09-08 00:00:00+00:00
[2025-09-07T12:11:24.022+0000] {processor.py:183} INFO - Processing /opt/airflow/dags/stock_pipeline_dag.py took 1.010 seconds
[2025-09-07T12:11:54.537+0000] {processor.py:161} INFO - Started process (PID=701) to work on /opt/airflow/dags/stock_pipeline_dag.py
[2025-09-07T12:11:54.541+0000] {processor.py:830} INFO - Processing file /opt/airflow/dags/stock_pipeline_dag.py for tasks to queue
[2025-09-07T12:11:54.545+0000] {logging_mixin.py:188} INFO - [2025-09-07T12:11:54.544+0000] {dagbag.py:545} INFO - Filling up the DagBag from /opt/airflow/dags/stock_pipeline_dag.py
[2025-09-07T12:11:55.280+0000] {processor.py:840} INFO - DAG(s) 'fetch_api_data' retrieved from /opt/airflow/dags/stock_pipeline_dag.py
[2025-09-07T12:11:55.340+0000] {logging_mixin.py:188} INFO - [2025-09-07T12:11:55.339+0000] {dag.py:3096} INFO - Sync 1 DAGs
[2025-09-07T12:11:55.393+0000] {logging_mixin.py:188} INFO - [2025-09-07T12:11:55.393+0000] {dag.py:3954} INFO - Setting next_dagrun for fetch_api_data to 2025-09-07 00:00:00+00:00, run_after=2025-09-08 00:00:00+00:00
[2025-09-07T12:11:55.441+0000] {processor.py:183} INFO - Processing /opt/airflow/dags/stock_pipeline_dag.py took 0.929 seconds
[2025-09-07T12:12:26.056+0000] {processor.py:161} INFO - Started process (PID=707) to work on /opt/airflow/dags/stock_pipeline_dag.py
[2025-09-07T12:12:26.061+0000] {processor.py:830} INFO - Processing file /opt/airflow/dags/stock_pipeline_dag.py for tasks to queue
[2025-09-07T12:12:26.067+0000] {logging_mixin.py:188} INFO - [2025-09-07T12:12:26.065+0000] {dagbag.py:545} INFO - Filling up the DagBag from /opt/airflow/dags/stock_pipeline_dag.py
[2025-09-07T12:12:26.675+0000] {processor.py:840} INFO - DAG(s) 'fetch_api_data' retrieved from /opt/airflow/dags/stock_pipeline_dag.py
[2025-09-07T12:12:26.727+0000] {logging_mixin.py:188} INFO - [2025-09-07T12:12:26.726+0000] {dag.py:3096} INFO - Sync 1 DAGs
[2025-09-07T12:12:26.759+0000] {logging_mixin.py:188} INFO - [2025-09-07T12:12:26.758+0000] {dag.py:3954} INFO - Setting next_dagrun for fetch_api_data to 2025-09-07 00:00:00+00:00, run_after=2025-09-08 00:00:00+00:00
[2025-09-07T12:12:26.802+0000] {processor.py:183} INFO - Processing /opt/airflow/dags/stock_pipeline_dag.py took 0.787 seconds
[2025-09-07T12:12:57.314+0000] {processor.py:161} INFO - Started process (PID=713) to work on /opt/airflow/dags/stock_pipeline_dag.py
[2025-09-07T12:12:57.317+0000] {processor.py:830} INFO - Processing file /opt/airflow/dags/stock_pipeline_dag.py for tasks to queue
[2025-09-07T12:12:57.319+0000] {logging_mixin.py:188} INFO - [2025-09-07T12:12:57.318+0000] {dagbag.py:545} INFO - Filling up the DagBag from /opt/airflow/dags/stock_pipeline_dag.py
[2025-09-07T12:12:57.970+0000] {processor.py:840} INFO - DAG(s) 'fetch_api_data' retrieved from /opt/airflow/dags/stock_pipeline_dag.py
[2025-09-07T12:12:58.031+0000] {logging_mixin.py:188} INFO - [2025-09-07T12:12:58.030+0000] {dag.py:3096} INFO - Sync 1 DAGs
[2025-09-07T12:12:58.084+0000] {logging_mixin.py:188} INFO - [2025-09-07T12:12:58.083+0000] {dag.py:3954} INFO - Setting next_dagrun for fetch_api_data to 2025-09-07 00:00:00+00:00, run_after=2025-09-08 00:00:00+00:00
[2025-09-07T12:12:58.130+0000] {processor.py:183} INFO - Processing /opt/airflow/dags/stock_pipeline_dag.py took 0.831 seconds
[2025-09-07T12:13:28.535+0000] {processor.py:161} INFO - Started process (PID=719) to work on /opt/airflow/dags/stock_pipeline_dag.py
[2025-09-07T12:13:28.537+0000] {processor.py:830} INFO - Processing file /opt/airflow/dags/stock_pipeline_dag.py for tasks to queue
[2025-09-07T12:13:28.540+0000] {logging_mixin.py:188} INFO - [2025-09-07T12:13:28.539+0000] {dagbag.py:545} INFO - Filling up the DagBag from /opt/airflow/dags/stock_pipeline_dag.py
[2025-09-07T12:13:29.291+0000] {processor.py:840} INFO - DAG(s) 'fetch_api_data' retrieved from /opt/airflow/dags/stock_pipeline_dag.py
[2025-09-07T12:13:29.347+0000] {logging_mixin.py:188} INFO - [2025-09-07T12:13:29.346+0000] {dag.py:3096} INFO - Sync 1 DAGs
[2025-09-07T12:13:29.401+0000] {logging_mixin.py:188} INFO - [2025-09-07T12:13:29.401+0000] {dag.py:3954} INFO - Setting next_dagrun for fetch_api_data to 2025-09-07 00:00:00+00:00, run_after=2025-09-08 00:00:00+00:00
[2025-09-07T12:13:29.453+0000] {processor.py:183} INFO - Processing /opt/airflow/dags/stock_pipeline_dag.py took 0.933 seconds
[2025-09-07T12:13:59.858+0000] {processor.py:161} INFO - Started process (PID=725) to work on /opt/airflow/dags/stock_pipeline_dag.py
[2025-09-07T12:13:59.860+0000] {processor.py:830} INFO - Processing file /opt/airflow/dags/stock_pipeline_dag.py for tasks to queue
[2025-09-07T12:13:59.863+0000] {logging_mixin.py:188} INFO - [2025-09-07T12:13:59.862+0000] {dagbag.py:545} INFO - Filling up the DagBag from /opt/airflow/dags/stock_pipeline_dag.py
[2025-09-07T12:14:00.605+0000] {processor.py:840} INFO - DAG(s) 'fetch_api_data' retrieved from /opt/airflow/dags/stock_pipeline_dag.py
[2025-09-07T12:14:00.648+0000] {logging_mixin.py:188} INFO - [2025-09-07T12:14:00.647+0000] {dag.py:3096} INFO - Sync 1 DAGs
[2025-09-07T12:14:00.700+0000] {logging_mixin.py:188} INFO - [2025-09-07T12:14:00.700+0000] {dag.py:3954} INFO - Setting next_dagrun for fetch_api_data to 2025-09-07 00:00:00+00:00, run_after=2025-09-08 00:00:00+00:00
[2025-09-07T12:14:00.751+0000] {processor.py:183} INFO - Processing /opt/airflow/dags/stock_pipeline_dag.py took 0.909 seconds
[2025-09-07T12:14:31.341+0000] {processor.py:161} INFO - Started process (PID=731) to work on /opt/airflow/dags/stock_pipeline_dag.py
[2025-09-07T12:14:31.345+0000] {processor.py:830} INFO - Processing file /opt/airflow/dags/stock_pipeline_dag.py for tasks to queue
[2025-09-07T12:14:31.349+0000] {logging_mixin.py:188} INFO - [2025-09-07T12:14:31.348+0000] {dagbag.py:545} INFO - Filling up the DagBag from /opt/airflow/dags/stock_pipeline_dag.py
[2025-09-07T12:14:32.374+0000] {processor.py:840} INFO - DAG(s) 'fetch_api_data' retrieved from /opt/airflow/dags/stock_pipeline_dag.py
[2025-09-07T12:14:32.433+0000] {logging_mixin.py:188} INFO - [2025-09-07T12:14:32.432+0000] {dag.py:3096} INFO - Sync 1 DAGs
[2025-09-07T12:14:32.494+0000] {logging_mixin.py:188} INFO - [2025-09-07T12:14:32.494+0000] {dag.py:3954} INFO - Setting next_dagrun for fetch_api_data to 2025-09-07 00:00:00+00:00, run_after=2025-09-08 00:00:00+00:00
[2025-09-07T12:14:32.564+0000] {processor.py:183} INFO - Processing /opt/airflow/dags/stock_pipeline_dag.py took 1.245 seconds
[2025-09-07T12:15:03.172+0000] {processor.py:161} INFO - Started process (PID=737) to work on /opt/airflow/dags/stock_pipeline_dag.py
[2025-09-07T12:15:03.179+0000] {processor.py:830} INFO - Processing file /opt/airflow/dags/stock_pipeline_dag.py for tasks to queue
[2025-09-07T12:15:03.184+0000] {logging_mixin.py:188} INFO - [2025-09-07T12:15:03.182+0000] {dagbag.py:545} INFO - Filling up the DagBag from /opt/airflow/dags/stock_pipeline_dag.py
[2025-09-07T12:15:03.910+0000] {processor.py:840} INFO - DAG(s) 'fetch_api_data' retrieved from /opt/airflow/dags/stock_pipeline_dag.py
[2025-09-07T12:15:04.001+0000] {logging_mixin.py:188} INFO - [2025-09-07T12:15:03.999+0000] {dag.py:3096} INFO - Sync 1 DAGs
[2025-09-07T12:15:04.106+0000] {logging_mixin.py:188} INFO - [2025-09-07T12:15:04.105+0000] {dag.py:3954} INFO - Setting next_dagrun for fetch_api_data to 2025-09-07 00:00:00+00:00, run_after=2025-09-08 00:00:00+00:00
[2025-09-07T12:15:04.192+0000] {processor.py:183} INFO - Processing /opt/airflow/dags/stock_pipeline_dag.py took 1.076 seconds
[2025-09-07T12:15:34.692+0000] {processor.py:161} INFO - Started process (PID=743) to work on /opt/airflow/dags/stock_pipeline_dag.py
[2025-09-07T12:15:34.696+0000] {processor.py:830} INFO - Processing file /opt/airflow/dags/stock_pipeline_dag.py for tasks to queue
[2025-09-07T12:15:34.700+0000] {logging_mixin.py:188} INFO - [2025-09-07T12:15:34.699+0000] {dagbag.py:545} INFO - Filling up the DagBag from /opt/airflow/dags/stock_pipeline_dag.py
[2025-09-07T12:15:35.457+0000] {processor.py:840} INFO - DAG(s) 'fetch_api_data' retrieved from /opt/airflow/dags/stock_pipeline_dag.py
[2025-09-07T12:15:35.540+0000] {logging_mixin.py:188} INFO - [2025-09-07T12:15:35.538+0000] {dag.py:3096} INFO - Sync 1 DAGs
[2025-09-07T12:15:35.608+0000] {logging_mixin.py:188} INFO - [2025-09-07T12:15:35.607+0000] {dag.py:3954} INFO - Setting next_dagrun for fetch_api_data to 2025-09-07 00:00:00+00:00, run_after=2025-09-08 00:00:00+00:00
[2025-09-07T12:15:35.656+0000] {processor.py:183} INFO - Processing /opt/airflow/dags/stock_pipeline_dag.py took 0.988 seconds
[2025-09-07T12:16:06.230+0000] {processor.py:161} INFO - Started process (PID=749) to work on /opt/airflow/dags/stock_pipeline_dag.py
[2025-09-07T12:16:06.236+0000] {processor.py:830} INFO - Processing file /opt/airflow/dags/stock_pipeline_dag.py for tasks to queue
[2025-09-07T12:16:06.243+0000] {logging_mixin.py:188} INFO - [2025-09-07T12:16:06.241+0000] {dagbag.py:545} INFO - Filling up the DagBag from /opt/airflow/dags/stock_pipeline_dag.py
[2025-09-07T12:16:06.883+0000] {processor.py:840} INFO - DAG(s) 'fetch_api_data' retrieved from /opt/airflow/dags/stock_pipeline_dag.py
[2025-09-07T12:16:06.934+0000] {logging_mixin.py:188} INFO - [2025-09-07T12:16:06.933+0000] {dag.py:3096} INFO - Sync 1 DAGs
[2025-09-07T12:16:06.986+0000] {logging_mixin.py:188} INFO - [2025-09-07T12:16:06.986+0000] {dag.py:3954} INFO - Setting next_dagrun for fetch_api_data to 2025-09-07 00:00:00+00:00, run_after=2025-09-08 00:00:00+00:00
[2025-09-07T12:16:07.036+0000] {processor.py:183} INFO - Processing /opt/airflow/dags/stock_pipeline_dag.py took 0.858 seconds
[2025-09-07T12:16:37.628+0000] {processor.py:161} INFO - Started process (PID=755) to work on /opt/airflow/dags/stock_pipeline_dag.py
[2025-09-07T12:16:37.632+0000] {processor.py:830} INFO - Processing file /opt/airflow/dags/stock_pipeline_dag.py for tasks to queue
[2025-09-07T12:16:37.636+0000] {logging_mixin.py:188} INFO - [2025-09-07T12:16:37.635+0000] {dagbag.py:545} INFO - Filling up the DagBag from /opt/airflow/dags/stock_pipeline_dag.py
[2025-09-07T12:16:38.429+0000] {processor.py:840} INFO - DAG(s) 'fetch_api_data' retrieved from /opt/airflow/dags/stock_pipeline_dag.py
[2025-09-07T12:16:38.499+0000] {logging_mixin.py:188} INFO - [2025-09-07T12:16:38.498+0000] {dag.py:3096} INFO - Sync 1 DAGs
[2025-09-07T12:16:38.571+0000] {logging_mixin.py:188} INFO - [2025-09-07T12:16:38.571+0000] {dag.py:3954} INFO - Setting next_dagrun for fetch_api_data to 2025-09-07 00:00:00+00:00, run_after=2025-09-08 00:00:00+00:00
[2025-09-07T12:16:38.633+0000] {processor.py:183} INFO - Processing /opt/airflow/dags/stock_pipeline_dag.py took 1.030 seconds
[2025-09-07T12:17:09.123+0000] {processor.py:161} INFO - Started process (PID=761) to work on /opt/airflow/dags/stock_pipeline_dag.py
[2025-09-07T12:17:09.128+0000] {processor.py:830} INFO - Processing file /opt/airflow/dags/stock_pipeline_dag.py for tasks to queue
[2025-09-07T12:17:09.132+0000] {logging_mixin.py:188} INFO - [2025-09-07T12:17:09.131+0000] {dagbag.py:545} INFO - Filling up the DagBag from /opt/airflow/dags/stock_pipeline_dag.py
[2025-09-07T12:17:09.798+0000] {processor.py:840} INFO - DAG(s) 'fetch_api_data' retrieved from /opt/airflow/dags/stock_pipeline_dag.py
[2025-09-07T12:17:09.850+0000] {logging_mixin.py:188} INFO - [2025-09-07T12:17:09.849+0000] {dag.py:3096} INFO - Sync 1 DAGs
[2025-09-07T12:17:09.913+0000] {logging_mixin.py:188} INFO - [2025-09-07T12:17:09.912+0000] {dag.py:3954} INFO - Setting next_dagrun for fetch_api_data to 2025-09-07 00:00:00+00:00, run_after=2025-09-08 00:00:00+00:00
[2025-09-07T12:17:09.969+0000] {processor.py:183} INFO - Processing /opt/airflow/dags/stock_pipeline_dag.py took 0.871 seconds
[2025-09-07T12:17:40.594+0000] {processor.py:161} INFO - Started process (PID=767) to work on /opt/airflow/dags/stock_pipeline_dag.py
[2025-09-07T12:17:40.598+0000] {processor.py:830} INFO - Processing file /opt/airflow/dags/stock_pipeline_dag.py for tasks to queue
[2025-09-07T12:17:40.602+0000] {logging_mixin.py:188} INFO - [2025-09-07T12:17:40.600+0000] {dagbag.py:545} INFO - Filling up the DagBag from /opt/airflow/dags/stock_pipeline_dag.py
[2025-09-07T12:17:41.176+0000] {processor.py:840} INFO - DAG(s) 'fetch_api_data' retrieved from /opt/airflow/dags/stock_pipeline_dag.py
[2025-09-07T12:17:41.225+0000] {logging_mixin.py:188} INFO - [2025-09-07T12:17:41.224+0000] {dag.py:3096} INFO - Sync 1 DAGs
[2025-09-07T12:17:41.307+0000] {logging_mixin.py:188} INFO - [2025-09-07T12:17:41.307+0000] {dag.py:3954} INFO - Setting next_dagrun for fetch_api_data to 2025-09-07 00:00:00+00:00, run_after=2025-09-08 00:00:00+00:00
[2025-09-07T12:17:41.383+0000] {processor.py:183} INFO - Processing /opt/airflow/dags/stock_pipeline_dag.py took 0.813 seconds
[2025-09-07T12:18:11.983+0000] {processor.py:161} INFO - Started process (PID=773) to work on /opt/airflow/dags/stock_pipeline_dag.py
[2025-09-07T12:18:11.987+0000] {processor.py:830} INFO - Processing file /opt/airflow/dags/stock_pipeline_dag.py for tasks to queue
[2025-09-07T12:18:11.992+0000] {logging_mixin.py:188} INFO - [2025-09-07T12:18:11.991+0000] {dagbag.py:545} INFO - Filling up the DagBag from /opt/airflow/dags/stock_pipeline_dag.py
[2025-09-07T12:18:13.039+0000] {processor.py:840} INFO - DAG(s) 'fetch_api_data' retrieved from /opt/airflow/dags/stock_pipeline_dag.py
[2025-09-07T12:18:13.209+0000] {logging_mixin.py:188} INFO - [2025-09-07T12:18:13.208+0000] {dag.py:3096} INFO - Sync 1 DAGs
[2025-09-07T12:18:13.346+0000] {logging_mixin.py:188} INFO - [2025-09-07T12:18:13.346+0000] {dag.py:3954} INFO - Setting next_dagrun for fetch_api_data to 2025-09-07 00:00:00+00:00, run_after=2025-09-08 00:00:00+00:00
[2025-09-07T12:18:13.444+0000] {processor.py:183} INFO - Processing /opt/airflow/dags/stock_pipeline_dag.py took 1.485 seconds
[2025-09-07T12:18:43.935+0000] {processor.py:161} INFO - Started process (PID=779) to work on /opt/airflow/dags/stock_pipeline_dag.py
[2025-09-07T12:18:43.938+0000] {processor.py:830} INFO - Processing file /opt/airflow/dags/stock_pipeline_dag.py for tasks to queue
[2025-09-07T12:18:43.941+0000] {logging_mixin.py:188} INFO - [2025-09-07T12:18:43.940+0000] {dagbag.py:545} INFO - Filling up the DagBag from /opt/airflow/dags/stock_pipeline_dag.py
[2025-09-07T12:18:44.665+0000] {processor.py:840} INFO - DAG(s) 'fetch_api_data' retrieved from /opt/airflow/dags/stock_pipeline_dag.py
[2025-09-07T12:18:44.705+0000] {logging_mixin.py:188} INFO - [2025-09-07T12:18:44.705+0000] {dag.py:3096} INFO - Sync 1 DAGs
[2025-09-07T12:18:44.750+0000] {logging_mixin.py:188} INFO - [2025-09-07T12:18:44.749+0000] {dag.py:3954} INFO - Setting next_dagrun for fetch_api_data to 2025-09-07 00:00:00+00:00, run_after=2025-09-08 00:00:00+00:00
[2025-09-07T12:18:44.802+0000] {processor.py:183} INFO - Processing /opt/airflow/dags/stock_pipeline_dag.py took 0.888 seconds
[2025-09-07T12:20:33.130+0000] {processor.py:161} INFO - Started process (PID=785) to work on /opt/airflow/dags/stock_pipeline_dag.py
[2025-09-07T12:20:33.132+0000] {processor.py:830} INFO - Processing file /opt/airflow/dags/stock_pipeline_dag.py for tasks to queue
[2025-09-07T12:20:33.135+0000] {logging_mixin.py:188} INFO - [2025-09-07T12:20:33.134+0000] {dagbag.py:545} INFO - Filling up the DagBag from /opt/airflow/dags/stock_pipeline_dag.py
[2025-09-07T12:20:34.316+0000] {processor.py:840} INFO - DAG(s) 'fetch_api_data' retrieved from /opt/airflow/dags/stock_pipeline_dag.py
[2025-09-07T12:20:34.442+0000] {logging_mixin.py:188} INFO - [2025-09-07T12:20:34.440+0000] {dag.py:3096} INFO - Sync 1 DAGs
[2025-09-07T12:20:34.531+0000] {logging_mixin.py:188} INFO - [2025-09-07T12:20:34.530+0000] {dag.py:3954} INFO - Setting next_dagrun for fetch_api_data to 2025-09-07 00:00:00+00:00, run_after=2025-09-08 00:00:00+00:00
[2025-09-07T12:20:34.592+0000] {processor.py:183} INFO - Processing /opt/airflow/dags/stock_pipeline_dag.py took 1.495 seconds
[2025-09-07T12:21:05.259+0000] {processor.py:161} INFO - Started process (PID=791) to work on /opt/airflow/dags/stock_pipeline_dag.py
[2025-09-07T12:21:05.263+0000] {processor.py:830} INFO - Processing file /opt/airflow/dags/stock_pipeline_dag.py for tasks to queue
[2025-09-07T12:21:05.268+0000] {logging_mixin.py:188} INFO - [2025-09-07T12:21:05.267+0000] {dagbag.py:545} INFO - Filling up the DagBag from /opt/airflow/dags/stock_pipeline_dag.py
[2025-09-07T12:21:06.463+0000] {processor.py:840} INFO - DAG(s) 'fetch_api_data' retrieved from /opt/airflow/dags/stock_pipeline_dag.py
[2025-09-07T12:21:06.536+0000] {logging_mixin.py:188} INFO - [2025-09-07T12:21:06.534+0000] {dag.py:3096} INFO - Sync 1 DAGs
[2025-09-07T12:21:06.640+0000] {logging_mixin.py:188} INFO - [2025-09-07T12:21:06.639+0000] {dag.py:3954} INFO - Setting next_dagrun for fetch_api_data to 2025-09-07 00:00:00+00:00, run_after=2025-09-08 00:00:00+00:00
[2025-09-07T12:21:06.726+0000] {processor.py:183} INFO - Processing /opt/airflow/dags/stock_pipeline_dag.py took 1.497 seconds
[2025-09-07T12:21:37.202+0000] {processor.py:161} INFO - Started process (PID=797) to work on /opt/airflow/dags/stock_pipeline_dag.py
[2025-09-07T12:21:37.207+0000] {processor.py:830} INFO - Processing file /opt/airflow/dags/stock_pipeline_dag.py for tasks to queue
[2025-09-07T12:21:37.213+0000] {logging_mixin.py:188} INFO - [2025-09-07T12:21:37.211+0000] {dagbag.py:545} INFO - Filling up the DagBag from /opt/airflow/dags/stock_pipeline_dag.py
[2025-09-07T12:21:38.499+0000] {processor.py:840} INFO - DAG(s) 'fetch_api_data' retrieved from /opt/airflow/dags/stock_pipeline_dag.py
[2025-09-07T12:21:38.690+0000] {logging_mixin.py:188} INFO - [2025-09-07T12:21:38.688+0000] {dag.py:3096} INFO - Sync 1 DAGs
[2025-09-07T12:21:38.821+0000] {logging_mixin.py:188} INFO - [2025-09-07T12:21:38.820+0000] {dag.py:3954} INFO - Setting next_dagrun for fetch_api_data to 2025-09-07 00:00:00+00:00, run_after=2025-09-08 00:00:00+00:00
[2025-09-07T12:21:38.924+0000] {processor.py:183} INFO - Processing /opt/airflow/dags/stock_pipeline_dag.py took 1.753 seconds
[2025-09-07T12:22:09.539+0000] {processor.py:161} INFO - Started process (PID=803) to work on /opt/airflow/dags/stock_pipeline_dag.py
[2025-09-07T12:22:09.542+0000] {processor.py:830} INFO - Processing file /opt/airflow/dags/stock_pipeline_dag.py for tasks to queue
[2025-09-07T12:22:09.544+0000] {logging_mixin.py:188} INFO - [2025-09-07T12:22:09.543+0000] {dagbag.py:545} INFO - Filling up the DagBag from /opt/airflow/dags/stock_pipeline_dag.py
[2025-09-07T12:22:10.930+0000] {processor.py:840} INFO - DAG(s) 'fetch_api_data' retrieved from /opt/airflow/dags/stock_pipeline_dag.py
[2025-09-07T12:22:11.098+0000] {logging_mixin.py:188} INFO - [2025-09-07T12:22:11.096+0000] {dag.py:3096} INFO - Sync 1 DAGs
[2025-09-07T12:22:11.205+0000] {logging_mixin.py:188} INFO - [2025-09-07T12:22:11.205+0000] {dag.py:3954} INFO - Setting next_dagrun for fetch_api_data to 2025-09-07 00:00:00+00:00, run_after=2025-09-08 00:00:00+00:00
[2025-09-07T12:22:11.272+0000] {processor.py:183} INFO - Processing /opt/airflow/dags/stock_pipeline_dag.py took 1.748 seconds
[2025-09-07T12:22:41.944+0000] {processor.py:161} INFO - Started process (PID=809) to work on /opt/airflow/dags/stock_pipeline_dag.py
[2025-09-07T12:22:41.950+0000] {processor.py:830} INFO - Processing file /opt/airflow/dags/stock_pipeline_dag.py for tasks to queue
[2025-09-07T12:22:41.957+0000] {logging_mixin.py:188} INFO - [2025-09-07T12:22:41.955+0000] {dagbag.py:545} INFO - Filling up the DagBag from /opt/airflow/dags/stock_pipeline_dag.py
[2025-09-07T12:22:42.804+0000] {processor.py:840} INFO - DAG(s) 'fetch_api_data' retrieved from /opt/airflow/dags/stock_pipeline_dag.py
[2025-09-07T12:22:42.907+0000] {logging_mixin.py:188} INFO - [2025-09-07T12:22:42.906+0000] {dag.py:3096} INFO - Sync 1 DAGs
[2025-09-07T12:22:42.975+0000] {logging_mixin.py:188} INFO - [2025-09-07T12:22:42.975+0000] {dag.py:3954} INFO - Setting next_dagrun for fetch_api_data to 2025-09-07 00:00:00+00:00, run_after=2025-09-08 00:00:00+00:00
[2025-09-07T12:22:43.041+0000] {processor.py:183} INFO - Processing /opt/airflow/dags/stock_pipeline_dag.py took 1.143 seconds
[2025-09-07T12:23:13.430+0000] {processor.py:161} INFO - Started process (PID=815) to work on /opt/airflow/dags/stock_pipeline_dag.py
[2025-09-07T12:23:13.435+0000] {processor.py:830} INFO - Processing file /opt/airflow/dags/stock_pipeline_dag.py for tasks to queue
[2025-09-07T12:23:13.441+0000] {logging_mixin.py:188} INFO - [2025-09-07T12:23:13.439+0000] {dagbag.py:545} INFO - Filling up the DagBag from /opt/airflow/dags/stock_pipeline_dag.py
[2025-09-07T12:23:14.229+0000] {processor.py:840} INFO - DAG(s) 'fetch_api_data' retrieved from /opt/airflow/dags/stock_pipeline_dag.py
[2025-09-07T12:23:14.343+0000] {logging_mixin.py:188} INFO - [2025-09-07T12:23:14.341+0000] {dag.py:3096} INFO - Sync 1 DAGs
[2025-09-07T12:23:14.469+0000] {logging_mixin.py:188} INFO - [2025-09-07T12:23:14.468+0000] {dag.py:3954} INFO - Setting next_dagrun for fetch_api_data to 2025-09-07 00:00:00+00:00, run_after=2025-09-08 00:00:00+00:00
[2025-09-07T12:23:14.568+0000] {processor.py:183} INFO - Processing /opt/airflow/dags/stock_pipeline_dag.py took 1.172 seconds
[2025-09-07T12:23:45.053+0000] {processor.py:161} INFO - Started process (PID=821) to work on /opt/airflow/dags/stock_pipeline_dag.py
[2025-09-07T12:23:45.056+0000] {processor.py:830} INFO - Processing file /opt/airflow/dags/stock_pipeline_dag.py for tasks to queue
[2025-09-07T12:23:45.059+0000] {logging_mixin.py:188} INFO - [2025-09-07T12:23:45.058+0000] {dagbag.py:545} INFO - Filling up the DagBag from /opt/airflow/dags/stock_pipeline_dag.py
[2025-09-07T12:23:45.832+0000] {processor.py:840} INFO - DAG(s) 'fetch_api_data' retrieved from /opt/airflow/dags/stock_pipeline_dag.py
[2025-09-07T12:23:45.912+0000] {logging_mixin.py:188} INFO - [2025-09-07T12:23:45.911+0000] {dag.py:3096} INFO - Sync 1 DAGs
[2025-09-07T12:23:45.983+0000] {logging_mixin.py:188} INFO - [2025-09-07T12:23:45.982+0000] {dag.py:3954} INFO - Setting next_dagrun for fetch_api_data to 2025-09-07 00:00:00+00:00, run_after=2025-09-08 00:00:00+00:00
[2025-09-07T12:23:46.041+0000] {processor.py:183} INFO - Processing /opt/airflow/dags/stock_pipeline_dag.py took 1.005 seconds
[2025-09-07T12:24:16.682+0000] {processor.py:161} INFO - Started process (PID=827) to work on /opt/airflow/dags/stock_pipeline_dag.py
[2025-09-07T12:24:16.689+0000] {processor.py:830} INFO - Processing file /opt/airflow/dags/stock_pipeline_dag.py for tasks to queue
[2025-09-07T12:24:16.695+0000] {logging_mixin.py:188} INFO - [2025-09-07T12:24:16.693+0000] {dagbag.py:545} INFO - Filling up the DagBag from /opt/airflow/dags/stock_pipeline_dag.py
[2025-09-07T12:24:17.440+0000] {processor.py:840} INFO - DAG(s) 'fetch_api_data' retrieved from /opt/airflow/dags/stock_pipeline_dag.py
[2025-09-07T12:24:17.505+0000] {logging_mixin.py:188} INFO - [2025-09-07T12:24:17.504+0000] {dag.py:3096} INFO - Sync 1 DAGs
[2025-09-07T12:24:17.577+0000] {logging_mixin.py:188} INFO - [2025-09-07T12:24:17.576+0000] {dag.py:3954} INFO - Setting next_dagrun for fetch_api_data to 2025-09-07 00:00:00+00:00, run_after=2025-09-08 00:00:00+00:00
[2025-09-07T12:24:17.637+0000] {processor.py:183} INFO - Processing /opt/airflow/dags/stock_pipeline_dag.py took 0.996 seconds
[2025-09-07T12:24:48.154+0000] {processor.py:161} INFO - Started process (PID=833) to work on /opt/airflow/dags/stock_pipeline_dag.py
[2025-09-07T12:24:48.157+0000] {processor.py:830} INFO - Processing file /opt/airflow/dags/stock_pipeline_dag.py for tasks to queue
[2025-09-07T12:24:48.159+0000] {logging_mixin.py:188} INFO - [2025-09-07T12:24:48.158+0000] {dagbag.py:545} INFO - Filling up the DagBag from /opt/airflow/dags/stock_pipeline_dag.py
[2025-09-07T12:24:48.958+0000] {processor.py:840} INFO - DAG(s) 'fetch_api_data' retrieved from /opt/airflow/dags/stock_pipeline_dag.py
[2025-09-07T12:24:49.020+0000] {logging_mixin.py:188} INFO - [2025-09-07T12:24:49.019+0000] {dag.py:3096} INFO - Sync 1 DAGs
[2025-09-07T12:24:49.069+0000] {logging_mixin.py:188} INFO - [2025-09-07T12:24:49.069+0000] {dag.py:3954} INFO - Setting next_dagrun for fetch_api_data to 2025-09-07 00:00:00+00:00, run_after=2025-09-08 00:00:00+00:00
[2025-09-07T12:24:49.110+0000] {processor.py:183} INFO - Processing /opt/airflow/dags/stock_pipeline_dag.py took 0.982 seconds
[2025-09-07T12:25:19.467+0000] {processor.py:161} INFO - Started process (PID=839) to work on /opt/airflow/dags/stock_pipeline_dag.py
[2025-09-07T12:25:19.469+0000] {processor.py:830} INFO - Processing file /opt/airflow/dags/stock_pipeline_dag.py for tasks to queue
[2025-09-07T12:25:19.472+0000] {logging_mixin.py:188} INFO - [2025-09-07T12:25:19.471+0000] {dagbag.py:545} INFO - Filling up the DagBag from /opt/airflow/dags/stock_pipeline_dag.py
[2025-09-07T12:25:20.124+0000] {processor.py:840} INFO - DAG(s) 'fetch_api_data' retrieved from /opt/airflow/dags/stock_pipeline_dag.py
[2025-09-07T12:25:20.195+0000] {logging_mixin.py:188} INFO - [2025-09-07T12:25:20.194+0000] {dag.py:3096} INFO - Sync 1 DAGs
[2025-09-07T12:25:20.242+0000] {logging_mixin.py:188} INFO - [2025-09-07T12:25:20.241+0000] {dag.py:3954} INFO - Setting next_dagrun for fetch_api_data to 2025-09-07 00:00:00+00:00, run_after=2025-09-08 00:00:00+00:00
[2025-09-07T12:25:20.293+0000] {processor.py:183} INFO - Processing /opt/airflow/dags/stock_pipeline_dag.py took 0.839 seconds
[2025-09-07T12:25:51.108+0000] {processor.py:161} INFO - Started process (PID=845) to work on /opt/airflow/dags/stock_pipeline_dag.py
[2025-09-07T12:25:51.112+0000] {processor.py:830} INFO - Processing file /opt/airflow/dags/stock_pipeline_dag.py for tasks to queue
[2025-09-07T12:25:51.116+0000] {logging_mixin.py:188} INFO - [2025-09-07T12:25:51.114+0000] {dagbag.py:545} INFO - Filling up the DagBag from /opt/airflow/dags/stock_pipeline_dag.py
[2025-09-07T12:25:51.897+0000] {processor.py:840} INFO - DAG(s) 'fetch_api_data' retrieved from /opt/airflow/dags/stock_pipeline_dag.py
[2025-09-07T12:25:51.945+0000] {logging_mixin.py:188} INFO - [2025-09-07T12:25:51.944+0000] {dag.py:3096} INFO - Sync 1 DAGs
[2025-09-07T12:25:51.978+0000] {logging_mixin.py:188} INFO - [2025-09-07T12:25:51.978+0000] {dag.py:3954} INFO - Setting next_dagrun for fetch_api_data to 2025-09-07 00:00:00+00:00, run_after=2025-09-08 00:00:00+00:00
[2025-09-07T12:25:52.016+0000] {processor.py:183} INFO - Processing /opt/airflow/dags/stock_pipeline_dag.py took 0.945 seconds
[2025-09-07T12:26:22.468+0000] {processor.py:161} INFO - Started process (PID=851) to work on /opt/airflow/dags/stock_pipeline_dag.py
[2025-09-07T12:26:22.471+0000] {processor.py:830} INFO - Processing file /opt/airflow/dags/stock_pipeline_dag.py for tasks to queue
[2025-09-07T12:26:22.473+0000] {logging_mixin.py:188} INFO - [2025-09-07T12:26:22.472+0000] {dagbag.py:545} INFO - Filling up the DagBag from /opt/airflow/dags/stock_pipeline_dag.py
[2025-09-07T12:26:23.233+0000] {processor.py:840} INFO - DAG(s) 'fetch_api_data' retrieved from /opt/airflow/dags/stock_pipeline_dag.py
[2025-09-07T12:26:23.291+0000] {logging_mixin.py:188} INFO - [2025-09-07T12:26:23.290+0000] {dag.py:3096} INFO - Sync 1 DAGs
[2025-09-07T12:26:23.344+0000] {logging_mixin.py:188} INFO - [2025-09-07T12:26:23.343+0000] {dag.py:3954} INFO - Setting next_dagrun for fetch_api_data to 2025-09-07 00:00:00+00:00, run_after=2025-09-08 00:00:00+00:00
[2025-09-07T12:26:23.397+0000] {processor.py:183} INFO - Processing /opt/airflow/dags/stock_pipeline_dag.py took 0.943 seconds
[2025-09-07T12:26:54.021+0000] {processor.py:161} INFO - Started process (PID=857) to work on /opt/airflow/dags/stock_pipeline_dag.py
[2025-09-07T12:26:54.025+0000] {processor.py:830} INFO - Processing file /opt/airflow/dags/stock_pipeline_dag.py for tasks to queue
[2025-09-07T12:26:54.030+0000] {logging_mixin.py:188} INFO - [2025-09-07T12:26:54.029+0000] {dagbag.py:545} INFO - Filling up the DagBag from /opt/airflow/dags/stock_pipeline_dag.py
[2025-09-07T12:26:55.052+0000] {processor.py:840} INFO - DAG(s) 'fetch_api_data' retrieved from /opt/airflow/dags/stock_pipeline_dag.py
[2025-09-07T12:26:55.122+0000] {logging_mixin.py:188} INFO - [2025-09-07T12:26:55.121+0000] {dag.py:3096} INFO - Sync 1 DAGs
[2025-09-07T12:26:55.189+0000] {logging_mixin.py:188} INFO - [2025-09-07T12:26:55.189+0000] {dag.py:3954} INFO - Setting next_dagrun for fetch_api_data to 2025-09-07 00:00:00+00:00, run_after=2025-09-08 00:00:00+00:00
[2025-09-07T12:26:55.252+0000] {processor.py:183} INFO - Processing /opt/airflow/dags/stock_pipeline_dag.py took 1.256 seconds
[2025-09-07T12:27:25.657+0000] {processor.py:161} INFO - Started process (PID=863) to work on /opt/airflow/dags/stock_pipeline_dag.py
[2025-09-07T12:27:25.661+0000] {processor.py:830} INFO - Processing file /opt/airflow/dags/stock_pipeline_dag.py for tasks to queue
[2025-09-07T12:27:25.664+0000] {logging_mixin.py:188} INFO - [2025-09-07T12:27:25.663+0000] {dagbag.py:545} INFO - Filling up the DagBag from /opt/airflow/dags/stock_pipeline_dag.py
[2025-09-07T12:27:26.408+0000] {processor.py:840} INFO - DAG(s) 'fetch_api_data' retrieved from /opt/airflow/dags/stock_pipeline_dag.py
[2025-09-07T12:27:26.465+0000] {logging_mixin.py:188} INFO - [2025-09-07T12:27:26.463+0000] {dag.py:3096} INFO - Sync 1 DAGs
[2025-09-07T12:27:26.518+0000] {logging_mixin.py:188} INFO - [2025-09-07T12:27:26.518+0000] {dag.py:3954} INFO - Setting next_dagrun for fetch_api_data to 2025-09-07 00:00:00+00:00, run_after=2025-09-08 00:00:00+00:00
[2025-09-07T12:27:26.563+0000] {processor.py:183} INFO - Processing /opt/airflow/dags/stock_pipeline_dag.py took 0.935 seconds
[2025-09-07T12:27:57.015+0000] {processor.py:161} INFO - Started process (PID=869) to work on /opt/airflow/dags/stock_pipeline_dag.py
[2025-09-07T12:27:57.018+0000] {processor.py:830} INFO - Processing file /opt/airflow/dags/stock_pipeline_dag.py for tasks to queue
[2025-09-07T12:27:57.020+0000] {logging_mixin.py:188} INFO - [2025-09-07T12:27:57.020+0000] {dagbag.py:545} INFO - Filling up the DagBag from /opt/airflow/dags/stock_pipeline_dag.py
[2025-09-07T12:27:57.749+0000] {processor.py:840} INFO - DAG(s) 'fetch_api_data' retrieved from /opt/airflow/dags/stock_pipeline_dag.py
[2025-09-07T12:27:57.806+0000] {logging_mixin.py:188} INFO - [2025-09-07T12:27:57.805+0000] {dag.py:3096} INFO - Sync 1 DAGs
[2025-09-07T12:27:57.863+0000] {logging_mixin.py:188} INFO - [2025-09-07T12:27:57.863+0000] {dag.py:3954} INFO - Setting next_dagrun for fetch_api_data to 2025-09-07 00:00:00+00:00, run_after=2025-09-08 00:00:00+00:00
[2025-09-07T12:27:57.924+0000] {processor.py:183} INFO - Processing /opt/airflow/dags/stock_pipeline_dag.py took 0.927 seconds
[2025-09-07T12:28:28.509+0000] {processor.py:161} INFO - Started process (PID=875) to work on /opt/airflow/dags/stock_pipeline_dag.py
[2025-09-07T12:28:28.513+0000] {processor.py:830} INFO - Processing file /opt/airflow/dags/stock_pipeline_dag.py for tasks to queue
[2025-09-07T12:28:28.517+0000] {logging_mixin.py:188} INFO - [2025-09-07T12:28:28.516+0000] {dagbag.py:545} INFO - Filling up the DagBag from /opt/airflow/dags/stock_pipeline_dag.py
[2025-09-07T12:28:29.291+0000] {processor.py:840} INFO - DAG(s) 'fetch_api_data' retrieved from /opt/airflow/dags/stock_pipeline_dag.py
[2025-09-07T12:28:29.348+0000] {logging_mixin.py:188} INFO - [2025-09-07T12:28:29.347+0000] {dag.py:3096} INFO - Sync 1 DAGs
[2025-09-07T12:28:29.406+0000] {logging_mixin.py:188} INFO - [2025-09-07T12:28:29.405+0000] {dag.py:3954} INFO - Setting next_dagrun for fetch_api_data to 2025-09-07 00:00:00+00:00, run_after=2025-09-08 00:00:00+00:00
[2025-09-07T12:28:29.461+0000] {processor.py:183} INFO - Processing /opt/airflow/dags/stock_pipeline_dag.py took 0.979 seconds
[2025-09-07T12:29:00.065+0000] {processor.py:161} INFO - Started process (PID=881) to work on /opt/airflow/dags/stock_pipeline_dag.py
[2025-09-07T12:29:00.068+0000] {processor.py:830} INFO - Processing file /opt/airflow/dags/stock_pipeline_dag.py for tasks to queue
[2025-09-07T12:29:00.073+0000] {logging_mixin.py:188} INFO - [2025-09-07T12:29:00.071+0000] {dagbag.py:545} INFO - Filling up the DagBag from /opt/airflow/dags/stock_pipeline_dag.py
[2025-09-07T12:29:00.823+0000] {processor.py:840} INFO - DAG(s) 'fetch_api_data' retrieved from /opt/airflow/dags/stock_pipeline_dag.py
[2025-09-07T12:29:00.884+0000] {logging_mixin.py:188} INFO - [2025-09-07T12:29:00.883+0000] {dag.py:3096} INFO - Sync 1 DAGs
[2025-09-07T12:29:00.943+0000] {logging_mixin.py:188} INFO - [2025-09-07T12:29:00.942+0000] {dag.py:3954} INFO - Setting next_dagrun for fetch_api_data to 2025-09-07 00:00:00+00:00, run_after=2025-09-08 00:00:00+00:00
[2025-09-07T12:29:00.995+0000] {processor.py:183} INFO - Processing /opt/airflow/dags/stock_pipeline_dag.py took 0.963 seconds
[2025-09-07T12:29:31.561+0000] {processor.py:161} INFO - Started process (PID=887) to work on /opt/airflow/dags/stock_pipeline_dag.py
[2025-09-07T12:29:31.565+0000] {processor.py:830} INFO - Processing file /opt/airflow/dags/stock_pipeline_dag.py for tasks to queue
[2025-09-07T12:29:31.569+0000] {logging_mixin.py:188} INFO - [2025-09-07T12:29:31.568+0000] {dagbag.py:545} INFO - Filling up the DagBag from /opt/airflow/dags/stock_pipeline_dag.py
[2025-09-07T12:29:32.217+0000] {processor.py:840} INFO - DAG(s) 'fetch_api_data' retrieved from /opt/airflow/dags/stock_pipeline_dag.py
[2025-09-07T12:29:32.261+0000] {logging_mixin.py:188} INFO - [2025-09-07T12:29:32.260+0000] {dag.py:3096} INFO - Sync 1 DAGs
[2025-09-07T12:29:32.314+0000] {logging_mixin.py:188} INFO - [2025-09-07T12:29:32.313+0000] {dag.py:3954} INFO - Setting next_dagrun for fetch_api_data to 2025-09-07 00:00:00+00:00, run_after=2025-09-08 00:00:00+00:00
[2025-09-07T12:29:32.366+0000] {processor.py:183} INFO - Processing /opt/airflow/dags/stock_pipeline_dag.py took 0.829 seconds
[2025-09-07T12:30:02.908+0000] {processor.py:161} INFO - Started process (PID=893) to work on /opt/airflow/dags/stock_pipeline_dag.py
[2025-09-07T12:30:02.911+0000] {processor.py:830} INFO - Processing file /opt/airflow/dags/stock_pipeline_dag.py for tasks to queue
[2025-09-07T12:30:02.915+0000] {logging_mixin.py:188} INFO - [2025-09-07T12:30:02.914+0000] {dagbag.py:545} INFO - Filling up the DagBag from /opt/airflow/dags/stock_pipeline_dag.py
[2025-09-07T12:30:03.569+0000] {processor.py:840} INFO - DAG(s) 'fetch_api_data' retrieved from /opt/airflow/dags/stock_pipeline_dag.py
[2025-09-07T12:30:03.606+0000] {logging_mixin.py:188} INFO - [2025-09-07T12:30:03.606+0000] {dag.py:3096} INFO - Sync 1 DAGs
[2025-09-07T12:30:03.640+0000] {logging_mixin.py:188} INFO - [2025-09-07T12:30:03.639+0000] {dag.py:3954} INFO - Setting next_dagrun for fetch_api_data to 2025-09-07 00:00:00+00:00, run_after=2025-09-08 00:00:00+00:00
[2025-09-07T12:30:03.686+0000] {processor.py:183} INFO - Processing /opt/airflow/dags/stock_pipeline_dag.py took 0.803 seconds
[2025-09-07T12:30:34.462+0000] {processor.py:161} INFO - Started process (PID=899) to work on /opt/airflow/dags/stock_pipeline_dag.py
[2025-09-07T12:30:34.465+0000] {processor.py:830} INFO - Processing file /opt/airflow/dags/stock_pipeline_dag.py for tasks to queue
[2025-09-07T12:30:34.469+0000] {logging_mixin.py:188} INFO - [2025-09-07T12:30:34.468+0000] {dagbag.py:545} INFO - Filling up the DagBag from /opt/airflow/dags/stock_pipeline_dag.py
[2025-09-07T12:30:35.093+0000] {processor.py:840} INFO - DAG(s) 'fetch_api_data' retrieved from /opt/airflow/dags/stock_pipeline_dag.py
[2025-09-07T12:30:35.144+0000] {logging_mixin.py:188} INFO - [2025-09-07T12:30:35.143+0000] {dag.py:3096} INFO - Sync 1 DAGs
[2025-09-07T12:30:35.200+0000] {logging_mixin.py:188} INFO - [2025-09-07T12:30:35.199+0000] {dag.py:3954} INFO - Setting next_dagrun for fetch_api_data to 2025-09-07 00:00:00+00:00, run_after=2025-09-08 00:00:00+00:00
[2025-09-07T12:30:35.250+0000] {processor.py:183} INFO - Processing /opt/airflow/dags/stock_pipeline_dag.py took 0.813 seconds
[2025-09-07T12:31:05.844+0000] {processor.py:161} INFO - Started process (PID=905) to work on /opt/airflow/dags/stock_pipeline_dag.py
[2025-09-07T12:31:05.848+0000] {processor.py:830} INFO - Processing file /opt/airflow/dags/stock_pipeline_dag.py for tasks to queue
[2025-09-07T12:31:05.853+0000] {logging_mixin.py:188} INFO - [2025-09-07T12:31:05.851+0000] {dagbag.py:545} INFO - Filling up the DagBag from /opt/airflow/dags/stock_pipeline_dag.py
[2025-09-07T12:31:06.587+0000] {processor.py:840} INFO - DAG(s) 'fetch_api_data' retrieved from /opt/airflow/dags/stock_pipeline_dag.py
[2025-09-07T12:31:06.646+0000] {logging_mixin.py:188} INFO - [2025-09-07T12:31:06.645+0000] {dag.py:3096} INFO - Sync 1 DAGs
[2025-09-07T12:31:06.718+0000] {logging_mixin.py:188} INFO - [2025-09-07T12:31:06.718+0000] {dag.py:3954} INFO - Setting next_dagrun for fetch_api_data to 2025-09-07 00:00:00+00:00, run_after=2025-09-08 00:00:00+00:00
[2025-09-07T12:31:06.779+0000] {processor.py:183} INFO - Processing /opt/airflow/dags/stock_pipeline_dag.py took 0.958 seconds
[2025-09-07T12:31:37.337+0000] {processor.py:161} INFO - Started process (PID=911) to work on /opt/airflow/dags/stock_pipeline_dag.py
[2025-09-07T12:31:37.341+0000] {processor.py:830} INFO - Processing file /opt/airflow/dags/stock_pipeline_dag.py for tasks to queue
[2025-09-07T12:31:37.345+0000] {logging_mixin.py:188} INFO - [2025-09-07T12:31:37.344+0000] {dagbag.py:545} INFO - Filling up the DagBag from /opt/airflow/dags/stock_pipeline_dag.py
[2025-09-07T12:31:38.021+0000] {processor.py:840} INFO - DAG(s) 'fetch_api_data' retrieved from /opt/airflow/dags/stock_pipeline_dag.py
[2025-09-07T12:31:38.070+0000] {logging_mixin.py:188} INFO - [2025-09-07T12:31:38.069+0000] {dag.py:3096} INFO - Sync 1 DAGs
[2025-09-07T12:31:38.149+0000] {logging_mixin.py:188} INFO - [2025-09-07T12:31:38.148+0000] {dag.py:3954} INFO - Setting next_dagrun for fetch_api_data to 2025-09-07 00:00:00+00:00, run_after=2025-09-08 00:00:00+00:00
[2025-09-07T12:31:38.224+0000] {processor.py:183} INFO - Processing /opt/airflow/dags/stock_pipeline_dag.py took 0.911 seconds
[2025-09-07T12:32:08.827+0000] {processor.py:161} INFO - Started process (PID=917) to work on /opt/airflow/dags/stock_pipeline_dag.py
[2025-09-07T12:32:08.832+0000] {processor.py:830} INFO - Processing file /opt/airflow/dags/stock_pipeline_dag.py for tasks to queue
[2025-09-07T12:32:08.839+0000] {logging_mixin.py:188} INFO - [2025-09-07T12:32:08.837+0000] {dagbag.py:545} INFO - Filling up the DagBag from /opt/airflow/dags/stock_pipeline_dag.py
[2025-09-07T12:32:09.557+0000] {processor.py:840} INFO - DAG(s) 'fetch_api_data' retrieved from /opt/airflow/dags/stock_pipeline_dag.py
[2025-09-07T12:32:09.616+0000] {logging_mixin.py:188} INFO - [2025-09-07T12:32:09.615+0000] {dag.py:3096} INFO - Sync 1 DAGs
[2025-09-07T12:32:09.677+0000] {logging_mixin.py:188} INFO - [2025-09-07T12:32:09.676+0000] {dag.py:3954} INFO - Setting next_dagrun for fetch_api_data to 2025-09-07 00:00:00+00:00, run_after=2025-09-08 00:00:00+00:00
[2025-09-07T12:32:09.734+0000] {processor.py:183} INFO - Processing /opt/airflow/dags/stock_pipeline_dag.py took 0.938 seconds
[2025-09-07T12:32:40.379+0000] {processor.py:161} INFO - Started process (PID=923) to work on /opt/airflow/dags/stock_pipeline_dag.py
[2025-09-07T12:32:40.383+0000] {processor.py:830} INFO - Processing file /opt/airflow/dags/stock_pipeline_dag.py for tasks to queue
[2025-09-07T12:32:40.389+0000] {logging_mixin.py:188} INFO - [2025-09-07T12:32:40.387+0000] {dagbag.py:545} INFO - Filling up the DagBag from /opt/airflow/dags/stock_pipeline_dag.py
[2025-09-07T12:32:41.237+0000] {processor.py:840} INFO - DAG(s) 'fetch_api_data' retrieved from /opt/airflow/dags/stock_pipeline_dag.py
[2025-09-07T12:32:41.311+0000] {logging_mixin.py:188} INFO - [2025-09-07T12:32:41.310+0000] {dag.py:3096} INFO - Sync 1 DAGs
[2025-09-07T12:32:41.373+0000] {logging_mixin.py:188} INFO - [2025-09-07T12:32:41.373+0000] {dag.py:3954} INFO - Setting next_dagrun for fetch_api_data to 2025-09-07 00:00:00+00:00, run_after=2025-09-08 00:00:00+00:00
[2025-09-07T12:32:41.427+0000] {processor.py:183} INFO - Processing /opt/airflow/dags/stock_pipeline_dag.py took 1.076 seconds
[2025-09-07T12:32:52.648+0000] {processor.py:161} INFO - Started process (PID=929) to work on /opt/airflow/dags/stock_pipeline_dag.py
[2025-09-07T12:32:52.652+0000] {processor.py:830} INFO - Processing file /opt/airflow/dags/stock_pipeline_dag.py for tasks to queue
[2025-09-07T12:32:52.657+0000] {logging_mixin.py:188} INFO - [2025-09-07T12:32:52.655+0000] {dagbag.py:545} INFO - Filling up the DagBag from /opt/airflow/dags/stock_pipeline_dag.py
[2025-09-07T12:32:53.524+0000] {processor.py:840} INFO - DAG(s) 'fetch_api_data' retrieved from /opt/airflow/dags/stock_pipeline_dag.py
[2025-09-07T12:32:53.606+0000] {logging_mixin.py:188} INFO - [2025-09-07T12:32:53.605+0000] {dag.py:3096} INFO - Sync 1 DAGs
[2025-09-07T12:32:53.677+0000] {logging_mixin.py:188} INFO - [2025-09-07T12:32:53.677+0000] {dag.py:3954} INFO - Setting next_dagrun for fetch_api_data to 2025-09-07 00:00:00+00:00, run_after=2025-09-08 00:00:00+00:00
[2025-09-07T12:32:53.762+0000] {processor.py:183} INFO - Processing /opt/airflow/dags/stock_pipeline_dag.py took 1.140 seconds
[2025-09-07T12:33:14.062+0000] {processor.py:161} INFO - Started process (PID=935) to work on /opt/airflow/dags/stock_pipeline_dag.py
[2025-09-07T12:33:14.066+0000] {processor.py:830} INFO - Processing file /opt/airflow/dags/stock_pipeline_dag.py for tasks to queue
[2025-09-07T12:33:14.071+0000] {logging_mixin.py:188} INFO - [2025-09-07T12:33:14.069+0000] {dagbag.py:545} INFO - Filling up the DagBag from /opt/airflow/dags/stock_pipeline_dag.py
[2025-09-07T12:33:14.849+0000] {processor.py:840} INFO - DAG(s) 'fetch_api_data' retrieved from /opt/airflow/dags/stock_pipeline_dag.py
[2025-09-07T12:33:14.950+0000] {logging_mixin.py:188} INFO - [2025-09-07T12:33:14.948+0000] {dag.py:3096} INFO - Sync 1 DAGs
[2025-09-07T12:33:15.074+0000] {logging_mixin.py:188} INFO - [2025-09-07T12:33:15.073+0000] {dag.py:3954} INFO - Setting next_dagrun for fetch_api_data to 2025-09-07 00:00:00+00:00, run_after=2025-09-08 00:00:00+00:00
[2025-09-07T12:33:15.198+0000] {processor.py:183} INFO - Processing /opt/airflow/dags/stock_pipeline_dag.py took 1.165 seconds
[2025-09-07T12:33:45.755+0000] {processor.py:161} INFO - Started process (PID=941) to work on /opt/airflow/dags/stock_pipeline_dag.py
[2025-09-07T12:33:45.761+0000] {processor.py:830} INFO - Processing file /opt/airflow/dags/stock_pipeline_dag.py for tasks to queue
[2025-09-07T12:33:45.767+0000] {logging_mixin.py:188} INFO - [2025-09-07T12:33:45.765+0000] {dagbag.py:545} INFO - Filling up the DagBag from /opt/airflow/dags/stock_pipeline_dag.py
[2025-09-07T12:33:46.934+0000] {processor.py:840} INFO - DAG(s) 'fetch_api_data' retrieved from /opt/airflow/dags/stock_pipeline_dag.py
[2025-09-07T12:33:47.002+0000] {logging_mixin.py:188} INFO - [2025-09-07T12:33:47.001+0000] {dag.py:3096} INFO - Sync 1 DAGs
[2025-09-07T12:33:47.062+0000] {logging_mixin.py:188} INFO - [2025-09-07T12:33:47.062+0000] {dag.py:3954} INFO - Setting next_dagrun for fetch_api_data to 2025-09-07 00:00:00+00:00, run_after=2025-09-08 00:00:00+00:00
[2025-09-07T12:33:47.115+0000] {processor.py:183} INFO - Processing /opt/airflow/dags/stock_pipeline_dag.py took 1.397 seconds
[2025-09-07T12:34:17.711+0000] {processor.py:161} INFO - Started process (PID=947) to work on /opt/airflow/dags/stock_pipeline_dag.py
[2025-09-07T12:34:17.716+0000] {processor.py:830} INFO - Processing file /opt/airflow/dags/stock_pipeline_dag.py for tasks to queue
[2025-09-07T12:34:17.720+0000] {logging_mixin.py:188} INFO - [2025-09-07T12:34:17.719+0000] {dagbag.py:545} INFO - Filling up the DagBag from /opt/airflow/dags/stock_pipeline_dag.py
[2025-09-07T12:34:19.016+0000] {processor.py:840} INFO - DAG(s) 'fetch_api_data' retrieved from /opt/airflow/dags/stock_pipeline_dag.py
[2025-09-07T12:34:19.080+0000] {logging_mixin.py:188} INFO - [2025-09-07T12:34:19.079+0000] {dag.py:3096} INFO - Sync 1 DAGs
[2025-09-07T12:34:19.143+0000] {logging_mixin.py:188} INFO - [2025-09-07T12:34:19.142+0000] {dag.py:3954} INFO - Setting next_dagrun for fetch_api_data to 2025-09-07 00:00:00+00:00, run_after=2025-09-08 00:00:00+00:00
[2025-09-07T12:34:19.203+0000] {processor.py:183} INFO - Processing /opt/airflow/dags/stock_pipeline_dag.py took 1.519 seconds
[2025-09-07T12:34:49.774+0000] {processor.py:161} INFO - Started process (PID=953) to work on /opt/airflow/dags/stock_pipeline_dag.py
[2025-09-07T12:34:49.780+0000] {processor.py:830} INFO - Processing file /opt/airflow/dags/stock_pipeline_dag.py for tasks to queue
[2025-09-07T12:34:49.785+0000] {logging_mixin.py:188} INFO - [2025-09-07T12:34:49.783+0000] {dagbag.py:545} INFO - Filling up the DagBag from /opt/airflow/dags/stock_pipeline_dag.py
[2025-09-07T12:34:50.860+0000] {processor.py:840} INFO - DAG(s) 'fetch_api_data' retrieved from /opt/airflow/dags/stock_pipeline_dag.py
[2025-09-07T12:34:50.918+0000] {logging_mixin.py:188} INFO - [2025-09-07T12:34:50.917+0000] {dag.py:3096} INFO - Sync 1 DAGs
[2025-09-07T12:34:50.979+0000] {logging_mixin.py:188} INFO - [2025-09-07T12:34:50.979+0000] {dag.py:3954} INFO - Setting next_dagrun for fetch_api_data to 2025-09-07 00:00:00+00:00, run_after=2025-09-08 00:00:00+00:00
[2025-09-07T12:34:51.041+0000] {processor.py:183} INFO - Processing /opt/airflow/dags/stock_pipeline_dag.py took 1.302 seconds
[2025-09-07T12:35:21.296+0000] {processor.py:161} INFO - Started process (PID=959) to work on /opt/airflow/dags/stock_pipeline_dag.py
[2025-09-07T12:35:21.301+0000] {processor.py:830} INFO - Processing file /opt/airflow/dags/stock_pipeline_dag.py for tasks to queue
[2025-09-07T12:35:21.306+0000] {logging_mixin.py:188} INFO - [2025-09-07T12:35:21.304+0000] {dagbag.py:545} INFO - Filling up the DagBag from /opt/airflow/dags/stock_pipeline_dag.py
[2025-09-07T12:35:22.382+0000] {processor.py:840} INFO - DAG(s) 'fetch_api_data' retrieved from /opt/airflow/dags/stock_pipeline_dag.py
[2025-09-07T12:35:22.447+0000] {logging_mixin.py:188} INFO - [2025-09-07T12:35:22.446+0000] {dag.py:3096} INFO - Sync 1 DAGs
[2025-09-07T12:35:22.504+0000] {logging_mixin.py:188} INFO - [2025-09-07T12:35:22.504+0000] {dag.py:3954} INFO - Setting next_dagrun for fetch_api_data to 2025-09-07 00:00:00+00:00, run_after=2025-09-08 00:00:00+00:00
[2025-09-07T12:35:22.557+0000] {processor.py:183} INFO - Processing /opt/airflow/dags/stock_pipeline_dag.py took 1.302 seconds
[2025-09-07T12:35:53.296+0000] {processor.py:161} INFO - Started process (PID=965) to work on /opt/airflow/dags/stock_pipeline_dag.py
[2025-09-07T12:35:53.300+0000] {processor.py:830} INFO - Processing file /opt/airflow/dags/stock_pipeline_dag.py for tasks to queue
[2025-09-07T12:35:53.304+0000] {logging_mixin.py:188} INFO - [2025-09-07T12:35:53.302+0000] {dagbag.py:545} INFO - Filling up the DagBag from /opt/airflow/dags/stock_pipeline_dag.py
[2025-09-07T12:35:54.123+0000] {processor.py:840} INFO - DAG(s) 'fetch_api_data' retrieved from /opt/airflow/dags/stock_pipeline_dag.py
[2025-09-07T12:35:54.188+0000] {logging_mixin.py:188} INFO - [2025-09-07T12:35:54.187+0000] {dag.py:3096} INFO - Sync 1 DAGs
[2025-09-07T12:35:54.254+0000] {logging_mixin.py:188} INFO - [2025-09-07T12:35:54.254+0000] {dag.py:3954} INFO - Setting next_dagrun for fetch_api_data to 2025-09-07 00:00:00+00:00, run_after=2025-09-08 00:00:00+00:00
[2025-09-07T12:35:54.310+0000] {processor.py:183} INFO - Processing /opt/airflow/dags/stock_pipeline_dag.py took 1.038 seconds
[2025-09-07T12:36:24.883+0000] {processor.py:161} INFO - Started process (PID=971) to work on /opt/airflow/dags/stock_pipeline_dag.py
[2025-09-07T12:36:24.888+0000] {processor.py:830} INFO - Processing file /opt/airflow/dags/stock_pipeline_dag.py for tasks to queue
[2025-09-07T12:36:24.894+0000] {logging_mixin.py:188} INFO - [2025-09-07T12:36:24.892+0000] {dagbag.py:545} INFO - Filling up the DagBag from /opt/airflow/dags/stock_pipeline_dag.py
[2025-09-07T12:36:25.648+0000] {processor.py:840} INFO - DAG(s) 'fetch_api_data' retrieved from /opt/airflow/dags/stock_pipeline_dag.py
[2025-09-07T12:36:25.731+0000] {logging_mixin.py:188} INFO - [2025-09-07T12:36:25.729+0000] {dag.py:3096} INFO - Sync 1 DAGs
[2025-09-07T12:36:25.811+0000] {logging_mixin.py:188} INFO - [2025-09-07T12:36:25.810+0000] {dag.py:3954} INFO - Setting next_dagrun for fetch_api_data to 2025-09-07 00:00:00+00:00, run_after=2025-09-08 00:00:00+00:00
[2025-09-07T12:36:25.883+0000] {processor.py:183} INFO - Processing /opt/airflow/dags/stock_pipeline_dag.py took 1.042 seconds
[2025-09-07T12:36:56.349+0000] {processor.py:161} INFO - Started process (PID=977) to work on /opt/airflow/dags/stock_pipeline_dag.py
[2025-09-07T12:36:56.352+0000] {processor.py:830} INFO - Processing file /opt/airflow/dags/stock_pipeline_dag.py for tasks to queue
[2025-09-07T12:36:56.357+0000] {logging_mixin.py:188} INFO - [2025-09-07T12:36:56.356+0000] {dagbag.py:545} INFO - Filling up the DagBag from /opt/airflow/dags/stock_pipeline_dag.py
[2025-09-07T12:36:57.018+0000] {processor.py:840} INFO - DAG(s) 'fetch_api_data' retrieved from /opt/airflow/dags/stock_pipeline_dag.py
[2025-09-07T12:36:57.082+0000] {logging_mixin.py:188} INFO - [2025-09-07T12:36:57.081+0000] {dag.py:3096} INFO - Sync 1 DAGs
[2025-09-07T12:36:57.154+0000] {logging_mixin.py:188} INFO - [2025-09-07T12:36:57.153+0000] {dag.py:3954} INFO - Setting next_dagrun for fetch_api_data to 2025-09-07 00:00:00+00:00, run_after=2025-09-08 00:00:00+00:00
[2025-09-07T12:36:57.219+0000] {processor.py:183} INFO - Processing /opt/airflow/dags/stock_pipeline_dag.py took 0.894 seconds
[2025-09-07T12:37:27.729+0000] {processor.py:161} INFO - Started process (PID=983) to work on /opt/airflow/dags/stock_pipeline_dag.py
[2025-09-07T12:37:27.733+0000] {processor.py:830} INFO - Processing file /opt/airflow/dags/stock_pipeline_dag.py for tasks to queue
[2025-09-07T12:37:27.738+0000] {logging_mixin.py:188} INFO - [2025-09-07T12:37:27.736+0000] {dagbag.py:545} INFO - Filling up the DagBag from /opt/airflow/dags/stock_pipeline_dag.py
[2025-09-07T12:37:28.872+0000] {processor.py:840} INFO - DAG(s) 'fetch_api_data' retrieved from /opt/airflow/dags/stock_pipeline_dag.py
[2025-09-07T12:37:28.944+0000] {logging_mixin.py:188} INFO - [2025-09-07T12:37:28.943+0000] {dag.py:3096} INFO - Sync 1 DAGs
[2025-09-07T12:37:29.080+0000] {logging_mixin.py:188} INFO - [2025-09-07T12:37:29.078+0000] {dag.py:3954} INFO - Setting next_dagrun for fetch_api_data to 2025-09-07 00:00:00+00:00, run_after=2025-09-08 00:00:00+00:00
[2025-09-07T12:37:29.220+0000] {processor.py:183} INFO - Processing /opt/airflow/dags/stock_pipeline_dag.py took 1.519 seconds
[2025-09-07T12:37:39.758+0000] {processor.py:161} INFO - Started process (PID=989) to work on /opt/airflow/dags/stock_pipeline_dag.py
[2025-09-07T12:37:39.763+0000] {processor.py:830} INFO - Processing file /opt/airflow/dags/stock_pipeline_dag.py for tasks to queue
[2025-09-07T12:37:39.768+0000] {logging_mixin.py:188} INFO - [2025-09-07T12:37:39.767+0000] {dagbag.py:545} INFO - Filling up the DagBag from /opt/airflow/dags/stock_pipeline_dag.py
[2025-09-07T12:37:41.010+0000] {processor.py:840} INFO - DAG(s) 'fetch_api_data' retrieved from /opt/airflow/dags/stock_pipeline_dag.py
[2025-09-07T12:37:41.083+0000] {logging_mixin.py:188} INFO - [2025-09-07T12:37:41.082+0000] {dag.py:3096} INFO - Sync 1 DAGs
[2025-09-07T12:37:41.152+0000] {logging_mixin.py:188} INFO - [2025-09-07T12:37:41.151+0000] {dag.py:3954} INFO - Setting next_dagrun for fetch_api_data to 2025-09-07 00:00:00+00:00, run_after=2025-09-08 00:00:00+00:00
[2025-09-07T12:37:41.245+0000] {processor.py:183} INFO - Processing /opt/airflow/dags/stock_pipeline_dag.py took 1.517 seconds
[2025-09-07T12:38:11.917+0000] {processor.py:161} INFO - Started process (PID=995) to work on /opt/airflow/dags/stock_pipeline_dag.py
[2025-09-07T12:38:11.923+0000] {processor.py:830} INFO - Processing file /opt/airflow/dags/stock_pipeline_dag.py for tasks to queue
[2025-09-07T12:38:11.932+0000] {logging_mixin.py:188} INFO - [2025-09-07T12:38:11.931+0000] {dagbag.py:545} INFO - Filling up the DagBag from /opt/airflow/dags/stock_pipeline_dag.py
[2025-09-07T12:38:13.027+0000] {processor.py:840} INFO - DAG(s) 'fetch_api_data' retrieved from /opt/airflow/dags/stock_pipeline_dag.py
[2025-09-07T12:38:13.084+0000] {logging_mixin.py:188} INFO - [2025-09-07T12:38:13.083+0000] {dag.py:3096} INFO - Sync 1 DAGs
[2025-09-07T12:38:13.156+0000] {logging_mixin.py:188} INFO - [2025-09-07T12:38:13.156+0000] {dag.py:3954} INFO - Setting next_dagrun for fetch_api_data to 2025-09-07 00:00:00+00:00, run_after=2025-09-08 00:00:00+00:00
[2025-09-07T12:38:13.209+0000] {processor.py:183} INFO - Processing /opt/airflow/dags/stock_pipeline_dag.py took 1.329 seconds
[2025-09-07T12:38:43.603+0000] {processor.py:161} INFO - Started process (PID=1001) to work on /opt/airflow/dags/stock_pipeline_dag.py
[2025-09-07T12:38:43.605+0000] {processor.py:830} INFO - Processing file /opt/airflow/dags/stock_pipeline_dag.py for tasks to queue
[2025-09-07T12:38:43.607+0000] {logging_mixin.py:188} INFO - [2025-09-07T12:38:43.607+0000] {dagbag.py:545} INFO - Filling up the DagBag from /opt/airflow/dags/stock_pipeline_dag.py
[2025-09-07T12:38:44.240+0000] {processor.py:840} INFO - DAG(s) 'fetch_api_data' retrieved from /opt/airflow/dags/stock_pipeline_dag.py
[2025-09-07T12:38:44.284+0000] {logging_mixin.py:188} INFO - [2025-09-07T12:38:44.283+0000] {dag.py:3096} INFO - Sync 1 DAGs
[2025-09-07T12:38:44.327+0000] {logging_mixin.py:188} INFO - [2025-09-07T12:38:44.327+0000] {dag.py:3954} INFO - Setting next_dagrun for fetch_api_data to 2025-09-07 00:00:00+00:00, run_after=2025-09-08 00:00:00+00:00
[2025-09-07T12:38:44.372+0000] {processor.py:183} INFO - Processing /opt/airflow/dags/stock_pipeline_dag.py took 0.790 seconds
[2025-09-07T12:39:14.912+0000] {processor.py:161} INFO - Started process (PID=1007) to work on /opt/airflow/dags/stock_pipeline_dag.py
[2025-09-07T12:39:14.914+0000] {processor.py:830} INFO - Processing file /opt/airflow/dags/stock_pipeline_dag.py for tasks to queue
[2025-09-07T12:39:14.916+0000] {logging_mixin.py:188} INFO - [2025-09-07T12:39:14.916+0000] {dagbag.py:545} INFO - Filling up the DagBag from /opt/airflow/dags/stock_pipeline_dag.py
[2025-09-07T12:39:15.867+0000] {processor.py:840} INFO - DAG(s) 'fetch_api_data' retrieved from /opt/airflow/dags/stock_pipeline_dag.py
[2025-09-07T12:39:15.929+0000] {logging_mixin.py:188} INFO - [2025-09-07T12:39:15.928+0000] {dag.py:3096} INFO - Sync 1 DAGs
[2025-09-07T12:39:15.986+0000] {logging_mixin.py:188} INFO - [2025-09-07T12:39:15.986+0000] {dag.py:3954} INFO - Setting next_dagrun for fetch_api_data to 2025-09-07 00:00:00+00:00, run_after=2025-09-08 00:00:00+00:00
[2025-09-07T12:39:16.039+0000] {processor.py:183} INFO - Processing /opt/airflow/dags/stock_pipeline_dag.py took 1.152 seconds
[2025-09-07T12:39:46.417+0000] {processor.py:161} INFO - Started process (PID=1013) to work on /opt/airflow/dags/stock_pipeline_dag.py
[2025-09-07T12:39:46.421+0000] {processor.py:830} INFO - Processing file /opt/airflow/dags/stock_pipeline_dag.py for tasks to queue
[2025-09-07T12:39:46.426+0000] {logging_mixin.py:188} INFO - [2025-09-07T12:39:46.424+0000] {dagbag.py:545} INFO - Filling up the DagBag from /opt/airflow/dags/stock_pipeline_dag.py
[2025-09-07T12:39:47.086+0000] {processor.py:840} INFO - DAG(s) 'fetch_api_data' retrieved from /opt/airflow/dags/stock_pipeline_dag.py
[2025-09-07T12:39:47.130+0000] {logging_mixin.py:188} INFO - [2025-09-07T12:39:47.129+0000] {dag.py:3096} INFO - Sync 1 DAGs
[2025-09-07T12:39:47.202+0000] {logging_mixin.py:188} INFO - [2025-09-07T12:39:47.201+0000] {dag.py:3954} INFO - Setting next_dagrun for fetch_api_data to 2025-09-07 00:00:00+00:00, run_after=2025-09-08 00:00:00+00:00
[2025-09-07T12:39:47.278+0000] {processor.py:183} INFO - Processing /opt/airflow/dags/stock_pipeline_dag.py took 0.887 seconds
[2025-09-07T12:40:17.953+0000] {processor.py:161} INFO - Started process (PID=1019) to work on /opt/airflow/dags/stock_pipeline_dag.py
[2025-09-07T12:40:17.955+0000] {processor.py:830} INFO - Processing file /opt/airflow/dags/stock_pipeline_dag.py for tasks to queue
[2025-09-07T12:40:17.958+0000] {logging_mixin.py:188} INFO - [2025-09-07T12:40:17.957+0000] {dagbag.py:545} INFO - Filling up the DagBag from /opt/airflow/dags/stock_pipeline_dag.py
[2025-09-07T12:40:19.368+0000] {processor.py:840} INFO - DAG(s) 'fetch_api_data' retrieved from /opt/airflow/dags/stock_pipeline_dag.py
[2025-09-07T12:40:19.536+0000] {logging_mixin.py:188} INFO - [2025-09-07T12:40:19.534+0000] {dag.py:3096} INFO - Sync 1 DAGs
[2025-09-07T12:40:19.679+0000] {logging_mixin.py:188} INFO - [2025-09-07T12:40:19.678+0000] {dag.py:3954} INFO - Setting next_dagrun for fetch_api_data to 2025-09-07 00:00:00+00:00, run_after=2025-09-08 00:00:00+00:00
[2025-09-07T12:40:19.791+0000] {processor.py:183} INFO - Processing /opt/airflow/dags/stock_pipeline_dag.py took 1.855 seconds
[2025-09-07T12:40:50.473+0000] {processor.py:161} INFO - Started process (PID=1025) to work on /opt/airflow/dags/stock_pipeline_dag.py
[2025-09-07T12:40:50.480+0000] {processor.py:830} INFO - Processing file /opt/airflow/dags/stock_pipeline_dag.py for tasks to queue
[2025-09-07T12:40:50.484+0000] {logging_mixin.py:188} INFO - [2025-09-07T12:40:50.483+0000] {dagbag.py:545} INFO - Filling up the DagBag from /opt/airflow/dags/stock_pipeline_dag.py
[2025-09-07T12:40:51.528+0000] {processor.py:840} INFO - DAG(s) 'fetch_api_data' retrieved from /opt/airflow/dags/stock_pipeline_dag.py
[2025-09-07T12:40:51.596+0000] {logging_mixin.py:188} INFO - [2025-09-07T12:40:51.595+0000] {dag.py:3096} INFO - Sync 1 DAGs
[2025-09-07T12:40:51.659+0000] {logging_mixin.py:188} INFO - [2025-09-07T12:40:51.658+0000] {dag.py:3954} INFO - Setting next_dagrun for fetch_api_data to 2025-09-07 00:00:00+00:00, run_after=2025-09-08 00:00:00+00:00
[2025-09-07T12:40:51.774+0000] {processor.py:183} INFO - Processing /opt/airflow/dags/stock_pipeline_dag.py took 1.356 seconds
[2025-09-07T12:41:22.189+0000] {processor.py:161} INFO - Started process (PID=1031) to work on /opt/airflow/dags/stock_pipeline_dag.py
[2025-09-07T12:41:22.191+0000] {processor.py:830} INFO - Processing file /opt/airflow/dags/stock_pipeline_dag.py for tasks to queue
[2025-09-07T12:41:22.194+0000] {logging_mixin.py:188} INFO - [2025-09-07T12:41:22.193+0000] {dagbag.py:545} INFO - Filling up the DagBag from /opt/airflow/dags/stock_pipeline_dag.py
[2025-09-07T12:41:22.891+0000] {processor.py:840} INFO - DAG(s) 'fetch_api_data' retrieved from /opt/airflow/dags/stock_pipeline_dag.py
[2025-09-07T12:41:22.960+0000] {logging_mixin.py:188} INFO - [2025-09-07T12:41:22.959+0000] {dag.py:3096} INFO - Sync 1 DAGs
[2025-09-07T12:41:23.012+0000] {logging_mixin.py:188} INFO - [2025-09-07T12:41:23.012+0000] {dag.py:3954} INFO - Setting next_dagrun for fetch_api_data to 2025-09-07 00:00:00+00:00, run_after=2025-09-08 00:00:00+00:00
[2025-09-07T12:41:23.048+0000] {processor.py:183} INFO - Processing /opt/airflow/dags/stock_pipeline_dag.py took 0.874 seconds
[2025-09-07T12:41:53.551+0000] {processor.py:161} INFO - Started process (PID=1037) to work on /opt/airflow/dags/stock_pipeline_dag.py
[2025-09-07T12:41:53.557+0000] {processor.py:830} INFO - Processing file /opt/airflow/dags/stock_pipeline_dag.py for tasks to queue
[2025-09-07T12:41:53.562+0000] {logging_mixin.py:188} INFO - [2025-09-07T12:41:53.560+0000] {dagbag.py:545} INFO - Filling up the DagBag from /opt/airflow/dags/stock_pipeline_dag.py
[2025-09-07T12:41:54.364+0000] {processor.py:840} INFO - DAG(s) 'fetch_api_data' retrieved from /opt/airflow/dags/stock_pipeline_dag.py
[2025-09-07T12:41:54.459+0000] {logging_mixin.py:188} INFO - [2025-09-07T12:41:54.458+0000] {dag.py:3096} INFO - Sync 1 DAGs
[2025-09-07T12:41:54.555+0000] {logging_mixin.py:188} INFO - [2025-09-07T12:41:54.554+0000] {dag.py:3954} INFO - Setting next_dagrun for fetch_api_data to 2025-09-07 00:00:00+00:00, run_after=2025-09-08 00:00:00+00:00
[2025-09-07T12:41:54.598+0000] {processor.py:183} INFO - Processing /opt/airflow/dags/stock_pipeline_dag.py took 1.081 seconds
[2025-09-07T12:42:25.094+0000] {processor.py:161} INFO - Started process (PID=1043) to work on /opt/airflow/dags/stock_pipeline_dag.py
[2025-09-07T12:42:25.098+0000] {processor.py:830} INFO - Processing file /opt/airflow/dags/stock_pipeline_dag.py for tasks to queue
[2025-09-07T12:42:25.102+0000] {logging_mixin.py:188} INFO - [2025-09-07T12:42:25.101+0000] {dagbag.py:545} INFO - Filling up the DagBag from /opt/airflow/dags/stock_pipeline_dag.py
[2025-09-07T12:42:25.689+0000] {processor.py:840} INFO - DAG(s) 'fetch_api_data' retrieved from /opt/airflow/dags/stock_pipeline_dag.py
[2025-09-07T12:42:25.754+0000] {logging_mixin.py:188} INFO - [2025-09-07T12:42:25.753+0000] {dag.py:3096} INFO - Sync 1 DAGs
[2025-09-07T12:42:25.810+0000] {logging_mixin.py:188} INFO - [2025-09-07T12:42:25.809+0000] {dag.py:3954} INFO - Setting next_dagrun for fetch_api_data to 2025-09-07 00:00:00+00:00, run_after=2025-09-08 00:00:00+00:00
[2025-09-07T12:42:25.862+0000] {processor.py:183} INFO - Processing /opt/airflow/dags/stock_pipeline_dag.py took 0.792 seconds
[2025-09-07T12:42:56.479+0000] {processor.py:161} INFO - Started process (PID=1049) to work on /opt/airflow/dags/stock_pipeline_dag.py
[2025-09-07T12:42:56.483+0000] {processor.py:830} INFO - Processing file /opt/airflow/dags/stock_pipeline_dag.py for tasks to queue
[2025-09-07T12:42:56.487+0000] {logging_mixin.py:188} INFO - [2025-09-07T12:42:56.486+0000] {dagbag.py:545} INFO - Filling up the DagBag from /opt/airflow/dags/stock_pipeline_dag.py
[2025-09-07T12:42:57.363+0000] {processor.py:840} INFO - DAG(s) 'fetch_api_data' retrieved from /opt/airflow/dags/stock_pipeline_dag.py
[2025-09-07T12:42:57.427+0000] {logging_mixin.py:188} INFO - [2025-09-07T12:42:57.426+0000] {dag.py:3096} INFO - Sync 1 DAGs
[2025-09-07T12:42:57.477+0000] {logging_mixin.py:188} INFO - [2025-09-07T12:42:57.477+0000] {dag.py:3954} INFO - Setting next_dagrun for fetch_api_data to 2025-09-07 00:00:00+00:00, run_after=2025-09-08 00:00:00+00:00
[2025-09-07T12:42:57.527+0000] {processor.py:183} INFO - Processing /opt/airflow/dags/stock_pipeline_dag.py took 1.072 seconds
[2025-09-07T12:43:14.853+0000] {processor.py:161} INFO - Started process (PID=1055) to work on /opt/airflow/dags/stock_pipeline_dag.py
[2025-09-07T12:43:14.857+0000] {processor.py:830} INFO - Processing file /opt/airflow/dags/stock_pipeline_dag.py for tasks to queue
[2025-09-07T12:43:14.862+0000] {logging_mixin.py:188} INFO - [2025-09-07T12:43:14.861+0000] {dagbag.py:545} INFO - Filling up the DagBag from /opt/airflow/dags/stock_pipeline_dag.py
[2025-09-07T12:43:15.877+0000] {processor.py:840} INFO - DAG(s) 'fetch_stock_data' retrieved from /opt/airflow/dags/stock_pipeline_dag.py
[2025-09-07T12:43:16.243+0000] {logging_mixin.py:188} INFO - [2025-09-07T12:43:16.242+0000] {override.py:1829} INFO - Created Permission View: can read on DAG:fetch_stock_data
[2025-09-07T12:43:16.272+0000] {logging_mixin.py:188} INFO - [2025-09-07T12:43:16.272+0000] {override.py:1829} INFO - Created Permission View: can edit on DAG:fetch_stock_data
[2025-09-07T12:43:16.292+0000] {logging_mixin.py:188} INFO - [2025-09-07T12:43:16.292+0000] {override.py:1829} INFO - Created Permission View: can delete on DAG:fetch_stock_data
[2025-09-07T12:43:16.295+0000] {logging_mixin.py:188} INFO - [2025-09-07T12:43:16.294+0000] {dag.py:3096} INFO - Sync 1 DAGs
[2025-09-07T12:43:16.325+0000] {logging_mixin.py:188} INFO - [2025-09-07T12:43:16.324+0000] {dag.py:3118} INFO - Creating ORM DAG for fetch_stock_data
[2025-09-07T12:43:16.353+0000] {logging_mixin.py:188} INFO - [2025-09-07T12:43:16.352+0000] {dag.py:3954} INFO - Setting next_dagrun for fetch_stock_data to 2025-09-07 00:00:00+00:00, run_after=2025-09-08 00:00:00+00:00
[2025-09-07T12:43:16.408+0000] {processor.py:183} INFO - Processing /opt/airflow/dags/stock_pipeline_dag.py took 1.580 seconds
[2025-09-07T12:43:46.991+0000] {processor.py:161} INFO - Started process (PID=1061) to work on /opt/airflow/dags/stock_pipeline_dag.py
[2025-09-07T12:43:46.996+0000] {processor.py:830} INFO - Processing file /opt/airflow/dags/stock_pipeline_dag.py for tasks to queue
[2025-09-07T12:43:47.001+0000] {logging_mixin.py:188} INFO - [2025-09-07T12:43:47.000+0000] {dagbag.py:545} INFO - Filling up the DagBag from /opt/airflow/dags/stock_pipeline_dag.py
[2025-09-07T12:43:47.800+0000] {processor.py:840} INFO - DAG(s) 'fetch_stock_data' retrieved from /opt/airflow/dags/stock_pipeline_dag.py
[2025-09-07T12:43:47.891+0000] {logging_mixin.py:188} INFO - [2025-09-07T12:43:47.890+0000] {dag.py:3096} INFO - Sync 1 DAGs
[2025-09-07T12:43:47.955+0000] {logging_mixin.py:188} INFO - [2025-09-07T12:43:47.955+0000] {dag.py:3954} INFO - Setting next_dagrun for fetch_stock_data to 2025-09-07 00:00:00+00:00, run_after=2025-09-08 00:00:00+00:00
[2025-09-07T12:43:48.004+0000] {processor.py:183} INFO - Processing /opt/airflow/dags/stock_pipeline_dag.py took 1.046 seconds
[2025-09-07T12:44:18.471+0000] {processor.py:161} INFO - Started process (PID=1067) to work on /opt/airflow/dags/stock_pipeline_dag.py
[2025-09-07T12:44:18.476+0000] {processor.py:830} INFO - Processing file /opt/airflow/dags/stock_pipeline_dag.py for tasks to queue
[2025-09-07T12:44:18.482+0000] {logging_mixin.py:188} INFO - [2025-09-07T12:44:18.480+0000] {dagbag.py:545} INFO - Filling up the DagBag from /opt/airflow/dags/stock_pipeline_dag.py
[2025-09-07T12:44:19.426+0000] {processor.py:840} INFO - DAG(s) 'fetch_stock_data' retrieved from /opt/airflow/dags/stock_pipeline_dag.py
[2025-09-07T12:44:19.493+0000] {logging_mixin.py:188} INFO - [2025-09-07T12:44:19.492+0000] {dag.py:3096} INFO - Sync 1 DAGs
[2025-09-07T12:44:19.549+0000] {logging_mixin.py:188} INFO - [2025-09-07T12:44:19.549+0000] {dag.py:3954} INFO - Setting next_dagrun for fetch_stock_data to 2025-09-07 00:00:00+00:00, run_after=2025-09-08 00:00:00+00:00
[2025-09-07T12:44:19.604+0000] {processor.py:183} INFO - Processing /opt/airflow/dags/stock_pipeline_dag.py took 1.168 seconds
[2025-09-07T12:44:49.987+0000] {processor.py:161} INFO - Started process (PID=1073) to work on /opt/airflow/dags/stock_pipeline_dag.py
[2025-09-07T12:44:49.989+0000] {processor.py:830} INFO - Processing file /opt/airflow/dags/stock_pipeline_dag.py for tasks to queue
[2025-09-07T12:44:49.992+0000] {logging_mixin.py:188} INFO - [2025-09-07T12:44:49.991+0000] {dagbag.py:545} INFO - Filling up the DagBag from /opt/airflow/dags/stock_pipeline_dag.py
[2025-09-07T12:44:50.610+0000] {processor.py:840} INFO - DAG(s) 'fetch_stock_data' retrieved from /opt/airflow/dags/stock_pipeline_dag.py
[2025-09-07T12:44:50.683+0000] {logging_mixin.py:188} INFO - [2025-09-07T12:44:50.682+0000] {dag.py:3096} INFO - Sync 1 DAGs
[2025-09-07T12:44:50.776+0000] {logging_mixin.py:188} INFO - [2025-09-07T12:44:50.775+0000] {dag.py:3954} INFO - Setting next_dagrun for fetch_stock_data to 2025-09-07 00:00:00+00:00, run_after=2025-09-08 00:00:00+00:00
[2025-09-07T12:44:50.850+0000] {processor.py:183} INFO - Processing /opt/airflow/dags/stock_pipeline_dag.py took 0.879 seconds
[2025-09-07T12:45:21.363+0000] {processor.py:161} INFO - Started process (PID=1079) to work on /opt/airflow/dags/stock_pipeline_dag.py
[2025-09-07T12:45:21.368+0000] {processor.py:830} INFO - Processing file /opt/airflow/dags/stock_pipeline_dag.py for tasks to queue
[2025-09-07T12:45:21.373+0000] {logging_mixin.py:188} INFO - [2025-09-07T12:45:21.371+0000] {dagbag.py:545} INFO - Filling up the DagBag from /opt/airflow/dags/stock_pipeline_dag.py
[2025-09-07T12:45:22.066+0000] {processor.py:840} INFO - DAG(s) 'fetch_stock_data' retrieved from /opt/airflow/dags/stock_pipeline_dag.py
[2025-09-07T12:45:22.130+0000] {logging_mixin.py:188} INFO - [2025-09-07T12:45:22.129+0000] {dag.py:3096} INFO - Sync 1 DAGs
[2025-09-07T12:45:22.190+0000] {logging_mixin.py:188} INFO - [2025-09-07T12:45:22.190+0000] {dag.py:3954} INFO - Setting next_dagrun for fetch_stock_data to 2025-09-07 00:00:00+00:00, run_after=2025-09-08 00:00:00+00:00
[2025-09-07T12:45:22.244+0000] {processor.py:183} INFO - Processing /opt/airflow/dags/stock_pipeline_dag.py took 0.915 seconds
[2025-09-07T12:45:28.421+0000] {processor.py:161} INFO - Started process (PID=1085) to work on /opt/airflow/dags/stock_pipeline_dag.py
[2025-09-07T12:45:28.423+0000] {processor.py:830} INFO - Processing file /opt/airflow/dags/stock_pipeline_dag.py for tasks to queue
[2025-09-07T12:45:28.425+0000] {logging_mixin.py:188} INFO - [2025-09-07T12:45:28.425+0000] {dagbag.py:545} INFO - Filling up the DagBag from /opt/airflow/dags/stock_pipeline_dag.py
[2025-09-07T12:45:29.229+0000] {processor.py:840} INFO - DAG(s) 'fetch_stock_data' retrieved from /opt/airflow/dags/stock_pipeline_dag.py
[2025-09-07T12:45:29.307+0000] {logging_mixin.py:188} INFO - [2025-09-07T12:45:29.306+0000] {dag.py:3096} INFO - Sync 1 DAGs
[2025-09-07T12:45:29.370+0000] {logging_mixin.py:188} INFO - [2025-09-07T12:45:29.370+0000] {dag.py:3954} INFO - Setting next_dagrun for fetch_stock_data to 2025-09-07 00:00:00+00:00, run_after=2025-09-08 00:00:00+00:00
[2025-09-07T12:45:29.436+0000] {processor.py:183} INFO - Processing /opt/airflow/dags/stock_pipeline_dag.py took 1.030 seconds
[2025-09-07T12:46:00.109+0000] {processor.py:161} INFO - Started process (PID=1091) to work on /opt/airflow/dags/stock_pipeline_dag.py
[2025-09-07T12:46:00.113+0000] {processor.py:830} INFO - Processing file /opt/airflow/dags/stock_pipeline_dag.py for tasks to queue
[2025-09-07T12:46:00.119+0000] {logging_mixin.py:188} INFO - [2025-09-07T12:46:00.117+0000] {dagbag.py:545} INFO - Filling up the DagBag from /opt/airflow/dags/stock_pipeline_dag.py
[2025-09-07T12:46:00.955+0000] {processor.py:840} INFO - DAG(s) 'fetch_stock_data' retrieved from /opt/airflow/dags/stock_pipeline_dag.py
[2025-09-07T12:46:01.025+0000] {logging_mixin.py:188} INFO - [2025-09-07T12:46:01.024+0000] {dag.py:3096} INFO - Sync 1 DAGs
[2025-09-07T12:46:01.087+0000] {logging_mixin.py:188} INFO - [2025-09-07T12:46:01.087+0000] {dag.py:3954} INFO - Setting next_dagrun for fetch_stock_data to 2025-09-07 00:00:00+00:00, run_after=2025-09-08 00:00:00+00:00
[2025-09-07T12:46:01.146+0000] {processor.py:183} INFO - Processing /opt/airflow/dags/stock_pipeline_dag.py took 1.066 seconds
[2025-09-07T12:46:31.652+0000] {processor.py:161} INFO - Started process (PID=1097) to work on /opt/airflow/dags/stock_pipeline_dag.py
[2025-09-07T12:46:31.656+0000] {processor.py:830} INFO - Processing file /opt/airflow/dags/stock_pipeline_dag.py for tasks to queue
[2025-09-07T12:46:31.661+0000] {logging_mixin.py:188} INFO - [2025-09-07T12:46:31.660+0000] {dagbag.py:545} INFO - Filling up the DagBag from /opt/airflow/dags/stock_pipeline_dag.py
[2025-09-07T12:46:32.373+0000] {processor.py:840} INFO - DAG(s) 'fetch_stock_data' retrieved from /opt/airflow/dags/stock_pipeline_dag.py
[2025-09-07T12:46:32.435+0000] {logging_mixin.py:188} INFO - [2025-09-07T12:46:32.435+0000] {dag.py:3096} INFO - Sync 1 DAGs
[2025-09-07T12:46:32.495+0000] {logging_mixin.py:188} INFO - [2025-09-07T12:46:32.494+0000] {dag.py:3954} INFO - Setting next_dagrun for fetch_stock_data to 2025-09-07 00:00:00+00:00, run_after=2025-09-08 00:00:00+00:00
[2025-09-07T12:46:32.550+0000] {processor.py:183} INFO - Processing /opt/airflow/dags/stock_pipeline_dag.py took 0.928 seconds
[2025-09-07T12:47:03.101+0000] {processor.py:161} INFO - Started process (PID=1103) to work on /opt/airflow/dags/stock_pipeline_dag.py
[2025-09-07T12:47:03.106+0000] {processor.py:830} INFO - Processing file /opt/airflow/dags/stock_pipeline_dag.py for tasks to queue
[2025-09-07T12:47:03.110+0000] {logging_mixin.py:188} INFO - [2025-09-07T12:47:03.109+0000] {dagbag.py:545} INFO - Filling up the DagBag from /opt/airflow/dags/stock_pipeline_dag.py
[2025-09-07T12:47:03.711+0000] {processor.py:840} INFO - DAG(s) 'fetch_stock_data' retrieved from /opt/airflow/dags/stock_pipeline_dag.py
[2025-09-07T12:47:03.742+0000] {logging_mixin.py:188} INFO - [2025-09-07T12:47:03.742+0000] {dag.py:3096} INFO - Sync 1 DAGs
[2025-09-07T12:47:03.775+0000] {logging_mixin.py:188} INFO - [2025-09-07T12:47:03.774+0000] {dag.py:3954} INFO - Setting next_dagrun for fetch_stock_data to 2025-09-07 00:00:00+00:00, run_after=2025-09-08 00:00:00+00:00
[2025-09-07T12:47:03.819+0000] {processor.py:183} INFO - Processing /opt/airflow/dags/stock_pipeline_dag.py took 0.744 seconds
[2025-09-07T12:47:34.401+0000] {processor.py:161} INFO - Started process (PID=1109) to work on /opt/airflow/dags/stock_pipeline_dag.py
[2025-09-07T12:47:34.405+0000] {processor.py:830} INFO - Processing file /opt/airflow/dags/stock_pipeline_dag.py for tasks to queue
[2025-09-07T12:47:34.410+0000] {logging_mixin.py:188} INFO - [2025-09-07T12:47:34.408+0000] {dagbag.py:545} INFO - Filling up the DagBag from /opt/airflow/dags/stock_pipeline_dag.py
[2025-09-07T12:47:35.269+0000] {processor.py:840} INFO - DAG(s) 'fetch_stock_data' retrieved from /opt/airflow/dags/stock_pipeline_dag.py
[2025-09-07T12:47:35.328+0000] {logging_mixin.py:188} INFO - [2025-09-07T12:47:35.327+0000] {dag.py:3096} INFO - Sync 1 DAGs
[2025-09-07T12:47:35.384+0000] {logging_mixin.py:188} INFO - [2025-09-07T12:47:35.384+0000] {dag.py:3954} INFO - Setting next_dagrun for fetch_stock_data to 2025-09-07 00:00:00+00:00, run_after=2025-09-08 00:00:00+00:00
[2025-09-07T12:47:35.434+0000] {processor.py:183} INFO - Processing /opt/airflow/dags/stock_pipeline_dag.py took 1.059 seconds
[2025-09-07T16:42:06.285+0000] {processor.py:161} INFO - Started process (PID=164) to work on /opt/airflow/dags/stock_pipeline_dag.py
[2025-09-07T16:42:06.287+0000] {processor.py:830} INFO - Processing file /opt/airflow/dags/stock_pipeline_dag.py for tasks to queue
[2025-09-07T16:42:06.290+0000] {logging_mixin.py:188} INFO - [2025-09-07T16:42:06.289+0000] {dagbag.py:545} INFO - Filling up the DagBag from /opt/airflow/dags/stock_pipeline_dag.py
[2025-09-07T16:42:09.540+0000] {processor.py:840} INFO - DAG(s) 'fetch_stock_data' retrieved from /opt/airflow/dags/stock_pipeline_dag.py
[2025-09-07T16:42:09.793+0000] {logging_mixin.py:188} INFO - [2025-09-07T16:42:09.792+0000] {override.py:1829} INFO - Created Permission View: can edit on DAG:fetch_stock_data
[2025-09-07T16:42:09.810+0000] {logging_mixin.py:188} INFO - [2025-09-07T16:42:09.809+0000] {override.py:1829} INFO - Created Permission View: can delete on DAG:fetch_stock_data
[2025-09-07T16:42:09.821+0000] {logging_mixin.py:188} INFO - [2025-09-07T16:42:09.821+0000] {override.py:1829} INFO - Created Permission View: can read on DAG:fetch_stock_data
[2025-09-07T16:42:09.822+0000] {logging_mixin.py:188} INFO - [2025-09-07T16:42:09.822+0000] {dag.py:3096} INFO - Sync 1 DAGs
[2025-09-07T16:42:09.835+0000] {logging_mixin.py:188} INFO - [2025-09-07T16:42:09.834+0000] {dag.py:3118} INFO - Creating ORM DAG for fetch_stock_data
[2025-09-07T16:42:09.846+0000] {logging_mixin.py:188} INFO - [2025-09-07T16:42:09.845+0000] {dag.py:3954} INFO - Setting next_dagrun for fetch_stock_data to 2025-09-07 00:00:00+00:00, run_after=2025-09-08 00:00:00+00:00
[2025-09-07T16:42:09.873+0000] {processor.py:183} INFO - Processing /opt/airflow/dags/stock_pipeline_dag.py took 3.598 seconds
[2025-09-07T16:42:40.119+0000] {processor.py:161} INFO - Started process (PID=170) to work on /opt/airflow/dags/stock_pipeline_dag.py
[2025-09-07T16:42:40.120+0000] {processor.py:830} INFO - Processing file /opt/airflow/dags/stock_pipeline_dag.py for tasks to queue
[2025-09-07T16:42:40.124+0000] {logging_mixin.py:188} INFO - [2025-09-07T16:42:40.124+0000] {dagbag.py:545} INFO - Filling up the DagBag from /opt/airflow/dags/stock_pipeline_dag.py
[2025-09-07T16:42:40.618+0000] {processor.py:840} INFO - DAG(s) 'fetch_stock_data' retrieved from /opt/airflow/dags/stock_pipeline_dag.py
[2025-09-07T16:42:40.646+0000] {logging_mixin.py:188} INFO - [2025-09-07T16:42:40.646+0000] {dag.py:3096} INFO - Sync 1 DAGs
[2025-09-07T16:42:40.668+0000] {logging_mixin.py:188} INFO - [2025-09-07T16:42:40.668+0000] {dag.py:3954} INFO - Setting next_dagrun for fetch_stock_data to 2025-09-07 00:00:00+00:00, run_after=2025-09-08 00:00:00+00:00
[2025-09-07T16:42:40.692+0000] {processor.py:183} INFO - Processing /opt/airflow/dags/stock_pipeline_dag.py took 0.582 seconds
[2025-09-07T16:43:10.837+0000] {processor.py:161} INFO - Started process (PID=176) to work on /opt/airflow/dags/stock_pipeline_dag.py
[2025-09-07T16:43:10.838+0000] {processor.py:830} INFO - Processing file /opt/airflow/dags/stock_pipeline_dag.py for tasks to queue
[2025-09-07T16:43:10.840+0000] {logging_mixin.py:188} INFO - [2025-09-07T16:43:10.839+0000] {dagbag.py:545} INFO - Filling up the DagBag from /opt/airflow/dags/stock_pipeline_dag.py
[2025-09-07T16:43:11.376+0000] {processor.py:840} INFO - DAG(s) 'fetch_stock_data' retrieved from /opt/airflow/dags/stock_pipeline_dag.py
[2025-09-07T16:43:11.411+0000] {logging_mixin.py:188} INFO - [2025-09-07T16:43:11.411+0000] {dag.py:3096} INFO - Sync 1 DAGs
[2025-09-07T16:43:11.448+0000] {logging_mixin.py:188} INFO - [2025-09-07T16:43:11.447+0000] {dag.py:3954} INFO - Setting next_dagrun for fetch_stock_data to 2025-09-07 00:00:00+00:00, run_after=2025-09-08 00:00:00+00:00
[2025-09-07T16:43:11.485+0000] {processor.py:183} INFO - Processing /opt/airflow/dags/stock_pipeline_dag.py took 0.654 seconds
[2025-09-07T16:43:41.892+0000] {processor.py:161} INFO - Started process (PID=182) to work on /opt/airflow/dags/stock_pipeline_dag.py
[2025-09-07T16:43:41.893+0000] {processor.py:830} INFO - Processing file /opt/airflow/dags/stock_pipeline_dag.py for tasks to queue
[2025-09-07T16:43:41.895+0000] {logging_mixin.py:188} INFO - [2025-09-07T16:43:41.895+0000] {dagbag.py:545} INFO - Filling up the DagBag from /opt/airflow/dags/stock_pipeline_dag.py
[2025-09-07T16:43:42.403+0000] {processor.py:840} INFO - DAG(s) 'fetch_stock_data' retrieved from /opt/airflow/dags/stock_pipeline_dag.py
[2025-09-07T16:43:42.428+0000] {logging_mixin.py:188} INFO - [2025-09-07T16:43:42.428+0000] {dag.py:3096} INFO - Sync 1 DAGs
[2025-09-07T16:43:42.451+0000] {logging_mixin.py:188} INFO - [2025-09-07T16:43:42.450+0000] {dag.py:3954} INFO - Setting next_dagrun for fetch_stock_data to 2025-09-07 00:00:00+00:00, run_after=2025-09-08 00:00:00+00:00
[2025-09-07T16:43:42.477+0000] {processor.py:183} INFO - Processing /opt/airflow/dags/stock_pipeline_dag.py took 0.591 seconds
[2025-09-07T16:44:12.598+0000] {processor.py:161} INFO - Started process (PID=188) to work on /opt/airflow/dags/stock_pipeline_dag.py
[2025-09-07T16:44:12.599+0000] {processor.py:830} INFO - Processing file /opt/airflow/dags/stock_pipeline_dag.py for tasks to queue
[2025-09-07T16:44:12.601+0000] {logging_mixin.py:188} INFO - [2025-09-07T16:44:12.601+0000] {dagbag.py:545} INFO - Filling up the DagBag from /opt/airflow/dags/stock_pipeline_dag.py
[2025-09-07T16:44:13.089+0000] {processor.py:840} INFO - DAG(s) 'fetch_stock_data' retrieved from /opt/airflow/dags/stock_pipeline_dag.py
[2025-09-07T16:44:13.114+0000] {logging_mixin.py:188} INFO - [2025-09-07T16:44:13.113+0000] {dag.py:3096} INFO - Sync 1 DAGs
[2025-09-07T16:44:13.136+0000] {logging_mixin.py:188} INFO - [2025-09-07T16:44:13.136+0000] {dag.py:3954} INFO - Setting next_dagrun for fetch_stock_data to 2025-09-07 00:00:00+00:00, run_after=2025-09-08 00:00:00+00:00
[2025-09-07T16:44:13.163+0000] {processor.py:183} INFO - Processing /opt/airflow/dags/stock_pipeline_dag.py took 0.570 seconds
[2025-09-07T16:44:43.514+0000] {processor.py:161} INFO - Started process (PID=194) to work on /opt/airflow/dags/stock_pipeline_dag.py
[2025-09-07T16:44:43.515+0000] {processor.py:830} INFO - Processing file /opt/airflow/dags/stock_pipeline_dag.py for tasks to queue
[2025-09-07T16:44:43.517+0000] {logging_mixin.py:188} INFO - [2025-09-07T16:44:43.516+0000] {dagbag.py:545} INFO - Filling up the DagBag from /opt/airflow/dags/stock_pipeline_dag.py
[2025-09-07T16:44:44.035+0000] {processor.py:840} INFO - DAG(s) 'fetch_stock_data' retrieved from /opt/airflow/dags/stock_pipeline_dag.py
[2025-09-07T16:44:44.057+0000] {logging_mixin.py:188} INFO - [2025-09-07T16:44:44.057+0000] {dag.py:3096} INFO - Sync 1 DAGs
[2025-09-07T16:44:44.078+0000] {logging_mixin.py:188} INFO - [2025-09-07T16:44:44.077+0000] {dag.py:3954} INFO - Setting next_dagrun for fetch_stock_data to 2025-09-07 00:00:00+00:00, run_after=2025-09-08 00:00:00+00:00
[2025-09-07T16:44:44.101+0000] {processor.py:183} INFO - Processing /opt/airflow/dags/stock_pipeline_dag.py took 0.593 seconds
[2025-09-07T16:45:14.325+0000] {processor.py:161} INFO - Started process (PID=200) to work on /opt/airflow/dags/stock_pipeline_dag.py
[2025-09-07T16:45:14.326+0000] {processor.py:830} INFO - Processing file /opt/airflow/dags/stock_pipeline_dag.py for tasks to queue
[2025-09-07T16:45:14.328+0000] {logging_mixin.py:188} INFO - [2025-09-07T16:45:14.328+0000] {dagbag.py:545} INFO - Filling up the DagBag from /opt/airflow/dags/stock_pipeline_dag.py
[2025-09-07T16:45:14.806+0000] {processor.py:840} INFO - DAG(s) 'fetch_stock_data' retrieved from /opt/airflow/dags/stock_pipeline_dag.py
[2025-09-07T16:45:14.830+0000] {logging_mixin.py:188} INFO - [2025-09-07T16:45:14.830+0000] {dag.py:3096} INFO - Sync 1 DAGs
[2025-09-07T16:45:14.851+0000] {logging_mixin.py:188} INFO - [2025-09-07T16:45:14.851+0000] {dag.py:3954} INFO - Setting next_dagrun for fetch_stock_data to 2025-09-07 00:00:00+00:00, run_after=2025-09-08 00:00:00+00:00
[2025-09-07T16:45:14.877+0000] {processor.py:183} INFO - Processing /opt/airflow/dags/stock_pipeline_dag.py took 0.558 seconds
[2025-09-07T16:45:45.264+0000] {processor.py:161} INFO - Started process (PID=206) to work on /opt/airflow/dags/stock_pipeline_dag.py
[2025-09-07T16:45:45.265+0000] {processor.py:830} INFO - Processing file /opt/airflow/dags/stock_pipeline_dag.py for tasks to queue
[2025-09-07T16:45:45.267+0000] {logging_mixin.py:188} INFO - [2025-09-07T16:45:45.266+0000] {dagbag.py:545} INFO - Filling up the DagBag from /opt/airflow/dags/stock_pipeline_dag.py
[2025-09-07T16:45:45.767+0000] {processor.py:840} INFO - DAG(s) 'fetch_stock_data' retrieved from /opt/airflow/dags/stock_pipeline_dag.py
[2025-09-07T16:45:45.790+0000] {logging_mixin.py:188} INFO - [2025-09-07T16:45:45.790+0000] {dag.py:3096} INFO - Sync 1 DAGs
[2025-09-07T16:45:45.812+0000] {logging_mixin.py:188} INFO - [2025-09-07T16:45:45.812+0000] {dag.py:3954} INFO - Setting next_dagrun for fetch_stock_data to 2025-09-07 00:00:00+00:00, run_after=2025-09-08 00:00:00+00:00
[2025-09-07T16:45:45.837+0000] {processor.py:183} INFO - Processing /opt/airflow/dags/stock_pipeline_dag.py took 0.580 seconds
[2025-09-07T16:46:15.973+0000] {processor.py:161} INFO - Started process (PID=212) to work on /opt/airflow/dags/stock_pipeline_dag.py
[2025-09-07T16:46:15.974+0000] {processor.py:830} INFO - Processing file /opt/airflow/dags/stock_pipeline_dag.py for tasks to queue
[2025-09-07T16:46:15.976+0000] {logging_mixin.py:188} INFO - [2025-09-07T16:46:15.976+0000] {dagbag.py:545} INFO - Filling up the DagBag from /opt/airflow/dags/stock_pipeline_dag.py
[2025-09-07T16:46:16.509+0000] {processor.py:840} INFO - DAG(s) 'fetch_stock_data' retrieved from /opt/airflow/dags/stock_pipeline_dag.py
[2025-09-07T16:46:16.542+0000] {logging_mixin.py:188} INFO - [2025-09-07T16:46:16.541+0000] {dag.py:3096} INFO - Sync 1 DAGs
[2025-09-07T16:46:16.565+0000] {logging_mixin.py:188} INFO - [2025-09-07T16:46:16.565+0000] {dag.py:3954} INFO - Setting next_dagrun for fetch_stock_data to 2025-09-07 00:00:00+00:00, run_after=2025-09-08 00:00:00+00:00
[2025-09-07T16:46:16.590+0000] {processor.py:183} INFO - Processing /opt/airflow/dags/stock_pipeline_dag.py took 0.625 seconds
[2025-09-07T16:46:46.917+0000] {processor.py:161} INFO - Started process (PID=218) to work on /opt/airflow/dags/stock_pipeline_dag.py
[2025-09-07T16:46:46.919+0000] {processor.py:830} INFO - Processing file /opt/airflow/dags/stock_pipeline_dag.py for tasks to queue
[2025-09-07T16:46:46.922+0000] {logging_mixin.py:188} INFO - [2025-09-07T16:46:46.921+0000] {dagbag.py:545} INFO - Filling up the DagBag from /opt/airflow/dags/stock_pipeline_dag.py
[2025-09-07T16:46:47.277+0000] {processor.py:840} INFO - DAG(s) 'fetch_stock_data' retrieved from /opt/airflow/dags/stock_pipeline_dag.py
[2025-09-07T16:46:47.307+0000] {logging_mixin.py:188} INFO - [2025-09-07T16:46:47.306+0000] {dag.py:3096} INFO - Sync 1 DAGs
[2025-09-07T16:46:47.334+0000] {logging_mixin.py:188} INFO - [2025-09-07T16:46:47.333+0000] {dag.py:3954} INFO - Setting next_dagrun for fetch_stock_data to 2025-09-07 00:00:00+00:00, run_after=2025-09-08 00:00:00+00:00
[2025-09-07T16:46:47.362+0000] {processor.py:183} INFO - Processing /opt/airflow/dags/stock_pipeline_dag.py took 0.452 seconds
[2025-09-07T16:47:17.737+0000] {processor.py:161} INFO - Started process (PID=224) to work on /opt/airflow/dags/stock_pipeline_dag.py
[2025-09-07T16:47:17.738+0000] {processor.py:830} INFO - Processing file /opt/airflow/dags/stock_pipeline_dag.py for tasks to queue
[2025-09-07T16:47:17.740+0000] {logging_mixin.py:188} INFO - [2025-09-07T16:47:17.740+0000] {dagbag.py:545} INFO - Filling up the DagBag from /opt/airflow/dags/stock_pipeline_dag.py
[2025-09-07T16:47:18.072+0000] {processor.py:840} INFO - DAG(s) 'fetch_stock_data' retrieved from /opt/airflow/dags/stock_pipeline_dag.py
[2025-09-07T16:47:18.098+0000] {logging_mixin.py:188} INFO - [2025-09-07T16:47:18.098+0000] {dag.py:3096} INFO - Sync 1 DAGs
[2025-09-07T16:47:18.122+0000] {logging_mixin.py:188} INFO - [2025-09-07T16:47:18.122+0000] {dag.py:3954} INFO - Setting next_dagrun for fetch_stock_data to 2025-09-07 00:00:00+00:00, run_after=2025-09-08 00:00:00+00:00
[2025-09-07T16:47:18.149+0000] {processor.py:183} INFO - Processing /opt/airflow/dags/stock_pipeline_dag.py took 0.417 seconds
[2025-09-07T16:47:48.481+0000] {processor.py:161} INFO - Started process (PID=230) to work on /opt/airflow/dags/stock_pipeline_dag.py
[2025-09-07T16:47:48.483+0000] {processor.py:830} INFO - Processing file /opt/airflow/dags/stock_pipeline_dag.py for tasks to queue
[2025-09-07T16:47:48.486+0000] {logging_mixin.py:188} INFO - [2025-09-07T16:47:48.485+0000] {dagbag.py:545} INFO - Filling up the DagBag from /opt/airflow/dags/stock_pipeline_dag.py
[2025-09-07T16:47:48.839+0000] {processor.py:840} INFO - DAG(s) 'fetch_stock_data' retrieved from /opt/airflow/dags/stock_pipeline_dag.py
[2025-09-07T16:47:48.871+0000] {logging_mixin.py:188} INFO - [2025-09-07T16:47:48.871+0000] {dag.py:3096} INFO - Sync 1 DAGs
[2025-09-07T16:47:48.899+0000] {logging_mixin.py:188} INFO - [2025-09-07T16:47:48.899+0000] {dag.py:3954} INFO - Setting next_dagrun for fetch_stock_data to 2025-09-07 00:00:00+00:00, run_after=2025-09-08 00:00:00+00:00
[2025-09-07T16:47:48.928+0000] {processor.py:183} INFO - Processing /opt/airflow/dags/stock_pipeline_dag.py took 0.453 seconds
[2025-09-07T16:48:19.179+0000] {processor.py:161} INFO - Started process (PID=236) to work on /opt/airflow/dags/stock_pipeline_dag.py
[2025-09-07T16:48:19.180+0000] {processor.py:830} INFO - Processing file /opt/airflow/dags/stock_pipeline_dag.py for tasks to queue
[2025-09-07T16:48:19.183+0000] {logging_mixin.py:188} INFO - [2025-09-07T16:48:19.183+0000] {dagbag.py:545} INFO - Filling up the DagBag from /opt/airflow/dags/stock_pipeline_dag.py
[2025-09-07T16:48:19.520+0000] {processor.py:840} INFO - DAG(s) 'fetch_stock_data' retrieved from /opt/airflow/dags/stock_pipeline_dag.py
[2025-09-07T16:48:19.549+0000] {logging_mixin.py:188} INFO - [2025-09-07T16:48:19.549+0000] {dag.py:3096} INFO - Sync 1 DAGs
[2025-09-07T16:48:19.575+0000] {logging_mixin.py:188} INFO - [2025-09-07T16:48:19.574+0000] {dag.py:3954} INFO - Setting next_dagrun for fetch_stock_data to 2025-09-07 00:00:00+00:00, run_after=2025-09-08 00:00:00+00:00
[2025-09-07T16:48:19.603+0000] {processor.py:183} INFO - Processing /opt/airflow/dags/stock_pipeline_dag.py took 0.430 seconds
[2025-09-07T16:48:49.920+0000] {processor.py:161} INFO - Started process (PID=242) to work on /opt/airflow/dags/stock_pipeline_dag.py
[2025-09-07T16:48:49.921+0000] {processor.py:830} INFO - Processing file /opt/airflow/dags/stock_pipeline_dag.py for tasks to queue
[2025-09-07T16:48:49.925+0000] {logging_mixin.py:188} INFO - [2025-09-07T16:48:49.924+0000] {dagbag.py:545} INFO - Filling up the DagBag from /opt/airflow/dags/stock_pipeline_dag.py
[2025-09-07T16:48:50.252+0000] {processor.py:840} INFO - DAG(s) 'fetch_stock_data' retrieved from /opt/airflow/dags/stock_pipeline_dag.py
[2025-09-07T16:48:50.281+0000] {logging_mixin.py:188} INFO - [2025-09-07T16:48:50.281+0000] {dag.py:3096} INFO - Sync 1 DAGs
[2025-09-07T16:48:50.307+0000] {logging_mixin.py:188} INFO - [2025-09-07T16:48:50.307+0000] {dag.py:3954} INFO - Setting next_dagrun for fetch_stock_data to 2025-09-07 00:00:00+00:00, run_after=2025-09-08 00:00:00+00:00
[2025-09-07T16:48:50.335+0000] {processor.py:183} INFO - Processing /opt/airflow/dags/stock_pipeline_dag.py took 0.422 seconds
[2025-09-07T16:49:07.539+0000] {processor.py:161} INFO - Started process (PID=248) to work on /opt/airflow/dags/stock_pipeline_dag.py
[2025-09-07T16:49:07.541+0000] {processor.py:830} INFO - Processing file /opt/airflow/dags/stock_pipeline_dag.py for tasks to queue
[2025-09-07T16:49:07.543+0000] {logging_mixin.py:188} INFO - [2025-09-07T16:49:07.542+0000] {dagbag.py:545} INFO - Filling up the DagBag from /opt/airflow/dags/stock_pipeline_dag.py
[2025-09-07T16:49:07.886+0000] {processor.py:840} INFO - DAG(s) 'fetch_stock_data' retrieved from /opt/airflow/dags/stock_pipeline_dag.py
[2025-09-07T16:49:07.915+0000] {logging_mixin.py:188} INFO - [2025-09-07T16:49:07.915+0000] {dag.py:3096} INFO - Sync 1 DAGs
[2025-09-07T16:49:07.941+0000] {logging_mixin.py:188} INFO - [2025-09-07T16:49:07.941+0000] {dag.py:3954} INFO - Setting next_dagrun for fetch_stock_data to 2025-09-07 00:00:00+00:00, run_after=2025-09-08 00:00:00+00:00
[2025-09-07T16:49:07.976+0000] {processor.py:183} INFO - Processing /opt/airflow/dags/stock_pipeline_dag.py took 0.442 seconds
[2025-09-07T16:49:38.369+0000] {processor.py:161} INFO - Started process (PID=254) to work on /opt/airflow/dags/stock_pipeline_dag.py
[2025-09-07T16:49:38.370+0000] {processor.py:830} INFO - Processing file /opt/airflow/dags/stock_pipeline_dag.py for tasks to queue
[2025-09-07T16:49:38.372+0000] {logging_mixin.py:188} INFO - [2025-09-07T16:49:38.372+0000] {dagbag.py:545} INFO - Filling up the DagBag from /opt/airflow/dags/stock_pipeline_dag.py
[2025-09-07T16:49:38.733+0000] {processor.py:840} INFO - DAG(s) 'fetch_stock_data' retrieved from /opt/airflow/dags/stock_pipeline_dag.py
[2025-09-07T16:49:38.765+0000] {logging_mixin.py:188} INFO - [2025-09-07T16:49:38.765+0000] {dag.py:3096} INFO - Sync 1 DAGs
[2025-09-07T16:49:38.792+0000] {logging_mixin.py:188} INFO - [2025-09-07T16:49:38.792+0000] {dag.py:3954} INFO - Setting next_dagrun for fetch_stock_data to 2025-09-07 00:00:00+00:00, run_after=2025-09-08 00:00:00+00:00
[2025-09-07T16:49:38.822+0000] {processor.py:183} INFO - Processing /opt/airflow/dags/stock_pipeline_dag.py took 0.460 seconds
[2025-09-07T16:50:09.069+0000] {processor.py:161} INFO - Started process (PID=260) to work on /opt/airflow/dags/stock_pipeline_dag.py
[2025-09-07T16:50:09.070+0000] {processor.py:830} INFO - Processing file /opt/airflow/dags/stock_pipeline_dag.py for tasks to queue
[2025-09-07T16:50:09.073+0000] {logging_mixin.py:188} INFO - [2025-09-07T16:50:09.072+0000] {dagbag.py:545} INFO - Filling up the DagBag from /opt/airflow/dags/stock_pipeline_dag.py
[2025-09-07T16:50:09.437+0000] {processor.py:840} INFO - DAG(s) 'fetch_stock_data' retrieved from /opt/airflow/dags/stock_pipeline_dag.py
[2025-09-07T16:50:09.467+0000] {logging_mixin.py:188} INFO - [2025-09-07T16:50:09.466+0000] {dag.py:3096} INFO - Sync 1 DAGs
[2025-09-07T16:50:09.497+0000] {logging_mixin.py:188} INFO - [2025-09-07T16:50:09.496+0000] {dag.py:3954} INFO - Setting next_dagrun for fetch_stock_data to 2025-09-07 00:00:00+00:00, run_after=2025-09-08 00:00:00+00:00
[2025-09-07T16:50:09.526+0000] {processor.py:183} INFO - Processing /opt/airflow/dags/stock_pipeline_dag.py took 0.463 seconds
[2025-09-07T16:50:39.826+0000] {processor.py:161} INFO - Started process (PID=266) to work on /opt/airflow/dags/stock_pipeline_dag.py
[2025-09-07T16:50:39.827+0000] {processor.py:830} INFO - Processing file /opt/airflow/dags/stock_pipeline_dag.py for tasks to queue
[2025-09-07T16:50:39.829+0000] {logging_mixin.py:188} INFO - [2025-09-07T16:50:39.828+0000] {dagbag.py:545} INFO - Filling up the DagBag from /opt/airflow/dags/stock_pipeline_dag.py
[2025-09-07T16:50:40.185+0000] {processor.py:840} INFO - DAG(s) 'fetch_stock_data' retrieved from /opt/airflow/dags/stock_pipeline_dag.py
[2025-09-07T16:50:40.214+0000] {logging_mixin.py:188} INFO - [2025-09-07T16:50:40.214+0000] {dag.py:3096} INFO - Sync 1 DAGs
[2025-09-07T16:50:40.239+0000] {logging_mixin.py:188} INFO - [2025-09-07T16:50:40.239+0000] {dag.py:3954} INFO - Setting next_dagrun for fetch_stock_data to 2025-09-07 00:00:00+00:00, run_after=2025-09-08 00:00:00+00:00
[2025-09-07T16:50:40.265+0000] {processor.py:183} INFO - Processing /opt/airflow/dags/stock_pipeline_dag.py took 0.448 seconds
[2025-09-07T16:51:10.658+0000] {processor.py:161} INFO - Started process (PID=272) to work on /opt/airflow/dags/stock_pipeline_dag.py
[2025-09-07T16:51:10.659+0000] {processor.py:830} INFO - Processing file /opt/airflow/dags/stock_pipeline_dag.py for tasks to queue
[2025-09-07T16:51:10.661+0000] {logging_mixin.py:188} INFO - [2025-09-07T16:51:10.661+0000] {dagbag.py:545} INFO - Filling up the DagBag from /opt/airflow/dags/stock_pipeline_dag.py
[2025-09-07T16:51:11.020+0000] {processor.py:840} INFO - DAG(s) 'fetch_stock_data' retrieved from /opt/airflow/dags/stock_pipeline_dag.py
[2025-09-07T16:51:11.049+0000] {logging_mixin.py:188} INFO - [2025-09-07T16:51:11.049+0000] {dag.py:3096} INFO - Sync 1 DAGs
[2025-09-07T16:51:11.075+0000] {logging_mixin.py:188} INFO - [2025-09-07T16:51:11.075+0000] {dag.py:3954} INFO - Setting next_dagrun for fetch_stock_data to 2025-09-07 00:00:00+00:00, run_after=2025-09-08 00:00:00+00:00
[2025-09-07T16:51:11.105+0000] {processor.py:183} INFO - Processing /opt/airflow/dags/stock_pipeline_dag.py took 0.454 seconds
[2025-09-07T16:51:41.452+0000] {processor.py:161} INFO - Started process (PID=278) to work on /opt/airflow/dags/stock_pipeline_dag.py
[2025-09-07T16:51:41.453+0000] {processor.py:830} INFO - Processing file /opt/airflow/dags/stock_pipeline_dag.py for tasks to queue
[2025-09-07T16:51:41.456+0000] {logging_mixin.py:188} INFO - [2025-09-07T16:51:41.455+0000] {dagbag.py:545} INFO - Filling up the DagBag from /opt/airflow/dags/stock_pipeline_dag.py
[2025-09-07T16:51:41.782+0000] {processor.py:840} INFO - DAG(s) 'fetch_stock_data' retrieved from /opt/airflow/dags/stock_pipeline_dag.py
[2025-09-07T16:51:41.810+0000] {logging_mixin.py:188} INFO - [2025-09-07T16:51:41.810+0000] {dag.py:3096} INFO - Sync 1 DAGs
[2025-09-07T16:51:41.835+0000] {logging_mixin.py:188} INFO - [2025-09-07T16:51:41.835+0000] {dag.py:3954} INFO - Setting next_dagrun for fetch_stock_data to 2025-09-07 00:00:00+00:00, run_after=2025-09-08 00:00:00+00:00
[2025-09-07T16:51:41.862+0000] {processor.py:183} INFO - Processing /opt/airflow/dags/stock_pipeline_dag.py took 0.416 seconds
[2025-09-07T16:52:12.157+0000] {processor.py:161} INFO - Started process (PID=284) to work on /opt/airflow/dags/stock_pipeline_dag.py
[2025-09-07T16:52:12.158+0000] {processor.py:830} INFO - Processing file /opt/airflow/dags/stock_pipeline_dag.py for tasks to queue
[2025-09-07T16:52:12.161+0000] {logging_mixin.py:188} INFO - [2025-09-07T16:52:12.160+0000] {dagbag.py:545} INFO - Filling up the DagBag from /opt/airflow/dags/stock_pipeline_dag.py
[2025-09-07T16:52:12.570+0000] {processor.py:840} INFO - DAG(s) 'fetch_stock_data' retrieved from /opt/airflow/dags/stock_pipeline_dag.py
[2025-09-07T16:52:12.603+0000] {logging_mixin.py:188} INFO - [2025-09-07T16:52:12.602+0000] {dag.py:3096} INFO - Sync 1 DAGs
[2025-09-07T16:52:12.630+0000] {logging_mixin.py:188} INFO - [2025-09-07T16:52:12.630+0000] {dag.py:3954} INFO - Setting next_dagrun for fetch_stock_data to 2025-09-07 00:00:00+00:00, run_after=2025-09-08 00:00:00+00:00
[2025-09-07T16:52:12.660+0000] {processor.py:183} INFO - Processing /opt/airflow/dags/stock_pipeline_dag.py took 0.509 seconds
[2025-09-07T16:52:42.882+0000] {processor.py:161} INFO - Started process (PID=290) to work on /opt/airflow/dags/stock_pipeline_dag.py
[2025-09-07T16:52:42.883+0000] {processor.py:830} INFO - Processing file /opt/airflow/dags/stock_pipeline_dag.py for tasks to queue
[2025-09-07T16:52:42.884+0000] {logging_mixin.py:188} INFO - [2025-09-07T16:52:42.884+0000] {dagbag.py:545} INFO - Filling up the DagBag from /opt/airflow/dags/stock_pipeline_dag.py
[2025-09-07T16:52:43.215+0000] {processor.py:840} INFO - DAG(s) 'fetch_stock_data' retrieved from /opt/airflow/dags/stock_pipeline_dag.py
[2025-09-07T16:52:43.246+0000] {logging_mixin.py:188} INFO - [2025-09-07T16:52:43.245+0000] {dag.py:3096} INFO - Sync 1 DAGs
[2025-09-07T16:52:43.272+0000] {logging_mixin.py:188} INFO - [2025-09-07T16:52:43.272+0000] {dag.py:3954} INFO - Setting next_dagrun for fetch_stock_data to 2025-09-07 00:00:00+00:00, run_after=2025-09-08 00:00:00+00:00
[2025-09-07T16:52:43.299+0000] {processor.py:183} INFO - Processing /opt/airflow/dags/stock_pipeline_dag.py took 0.423 seconds
[2025-09-07T16:53:13.508+0000] {processor.py:161} INFO - Started process (PID=296) to work on /opt/airflow/dags/stock_pipeline_dag.py
[2025-09-07T16:53:13.509+0000] {processor.py:830} INFO - Processing file /opt/airflow/dags/stock_pipeline_dag.py for tasks to queue
[2025-09-07T16:53:13.511+0000] {logging_mixin.py:188} INFO - [2025-09-07T16:53:13.511+0000] {dagbag.py:545} INFO - Filling up the DagBag from /opt/airflow/dags/stock_pipeline_dag.py
[2025-09-07T16:53:13.874+0000] {processor.py:840} INFO - DAG(s) 'fetch_stock_data' retrieved from /opt/airflow/dags/stock_pipeline_dag.py
[2025-09-07T16:53:13.903+0000] {logging_mixin.py:188} INFO - [2025-09-07T16:53:13.903+0000] {dag.py:3096} INFO - Sync 1 DAGs
[2025-09-07T16:53:13.930+0000] {logging_mixin.py:188} INFO - [2025-09-07T16:53:13.930+0000] {dag.py:3954} INFO - Setting next_dagrun for fetch_stock_data to 2025-09-07 00:00:00+00:00, run_after=2025-09-08 00:00:00+00:00
[2025-09-07T16:53:13.958+0000] {processor.py:183} INFO - Processing /opt/airflow/dags/stock_pipeline_dag.py took 0.455 seconds
[2025-09-07T16:53:44.198+0000] {processor.py:161} INFO - Started process (PID=302) to work on /opt/airflow/dags/stock_pipeline_dag.py
[2025-09-07T16:53:44.199+0000] {processor.py:830} INFO - Processing file /opt/airflow/dags/stock_pipeline_dag.py for tasks to queue
[2025-09-07T16:53:44.201+0000] {logging_mixin.py:188} INFO - [2025-09-07T16:53:44.201+0000] {dagbag.py:545} INFO - Filling up the DagBag from /opt/airflow/dags/stock_pipeline_dag.py
[2025-09-07T16:53:44.523+0000] {processor.py:840} INFO - DAG(s) 'fetch_stock_data' retrieved from /opt/airflow/dags/stock_pipeline_dag.py
[2025-09-07T16:53:44.553+0000] {logging_mixin.py:188} INFO - [2025-09-07T16:53:44.553+0000] {dag.py:3096} INFO - Sync 1 DAGs
[2025-09-07T16:53:44.578+0000] {logging_mixin.py:188} INFO - [2025-09-07T16:53:44.578+0000] {dag.py:3954} INFO - Setting next_dagrun for fetch_stock_data to 2025-09-07 00:00:00+00:00, run_after=2025-09-08 00:00:00+00:00
[2025-09-07T16:53:44.603+0000] {processor.py:183} INFO - Processing /opt/airflow/dags/stock_pipeline_dag.py took 0.412 seconds
[2025-09-07T16:54:14.869+0000] {processor.py:161} INFO - Started process (PID=308) to work on /opt/airflow/dags/stock_pipeline_dag.py
[2025-09-07T16:54:14.870+0000] {processor.py:830} INFO - Processing file /opt/airflow/dags/stock_pipeline_dag.py for tasks to queue
[2025-09-07T16:54:14.872+0000] {logging_mixin.py:188} INFO - [2025-09-07T16:54:14.872+0000] {dagbag.py:545} INFO - Filling up the DagBag from /opt/airflow/dags/stock_pipeline_dag.py
[2025-09-07T16:54:15.192+0000] {processor.py:840} INFO - DAG(s) 'fetch_stock_data' retrieved from /opt/airflow/dags/stock_pipeline_dag.py
[2025-09-07T16:54:15.222+0000] {logging_mixin.py:188} INFO - [2025-09-07T16:54:15.221+0000] {dag.py:3096} INFO - Sync 1 DAGs
[2025-09-07T16:54:15.247+0000] {logging_mixin.py:188} INFO - [2025-09-07T16:54:15.246+0000] {dag.py:3954} INFO - Setting next_dagrun for fetch_stock_data to 2025-09-07 00:00:00+00:00, run_after=2025-09-08 00:00:00+00:00
[2025-09-07T16:54:15.274+0000] {processor.py:183} INFO - Processing /opt/airflow/dags/stock_pipeline_dag.py took 0.411 seconds
[2025-09-07T16:54:45.651+0000] {processor.py:161} INFO - Started process (PID=314) to work on /opt/airflow/dags/stock_pipeline_dag.py
[2025-09-07T16:54:45.652+0000] {processor.py:830} INFO - Processing file /opt/airflow/dags/stock_pipeline_dag.py for tasks to queue
[2025-09-07T16:54:45.654+0000] {logging_mixin.py:188} INFO - [2025-09-07T16:54:45.654+0000] {dagbag.py:545} INFO - Filling up the DagBag from /opt/airflow/dags/stock_pipeline_dag.py
[2025-09-07T16:54:46.022+0000] {processor.py:840} INFO - DAG(s) 'fetch_stock_data' retrieved from /opt/airflow/dags/stock_pipeline_dag.py
[2025-09-07T16:54:46.049+0000] {logging_mixin.py:188} INFO - [2025-09-07T16:54:46.048+0000] {dag.py:3096} INFO - Sync 1 DAGs
[2025-09-07T16:54:46.073+0000] {logging_mixin.py:188} INFO - [2025-09-07T16:54:46.073+0000] {dag.py:3954} INFO - Setting next_dagrun for fetch_stock_data to 2025-09-07 00:00:00+00:00, run_after=2025-09-08 00:00:00+00:00
[2025-09-07T16:54:46.107+0000] {processor.py:183} INFO - Processing /opt/airflow/dags/stock_pipeline_dag.py took 0.466 seconds
[2025-09-07T16:55:16.446+0000] {processor.py:161} INFO - Started process (PID=320) to work on /opt/airflow/dags/stock_pipeline_dag.py
[2025-09-07T16:55:16.447+0000] {processor.py:830} INFO - Processing file /opt/airflow/dags/stock_pipeline_dag.py for tasks to queue
[2025-09-07T16:55:16.449+0000] {logging_mixin.py:188} INFO - [2025-09-07T16:55:16.449+0000] {dagbag.py:545} INFO - Filling up the DagBag from /opt/airflow/dags/stock_pipeline_dag.py
[2025-09-07T16:55:16.765+0000] {processor.py:840} INFO - DAG(s) 'fetch_stock_data' retrieved from /opt/airflow/dags/stock_pipeline_dag.py
[2025-09-07T16:55:16.792+0000] {logging_mixin.py:188} INFO - [2025-09-07T16:55:16.792+0000] {dag.py:3096} INFO - Sync 1 DAGs
[2025-09-07T16:55:16.818+0000] {logging_mixin.py:188} INFO - [2025-09-07T16:55:16.818+0000] {dag.py:3954} INFO - Setting next_dagrun for fetch_stock_data to 2025-09-07 00:00:00+00:00, run_after=2025-09-08 00:00:00+00:00
[2025-09-07T16:55:16.845+0000] {processor.py:183} INFO - Processing /opt/airflow/dags/stock_pipeline_dag.py took 0.406 seconds
[2025-09-07T16:55:47.178+0000] {processor.py:161} INFO - Started process (PID=326) to work on /opt/airflow/dags/stock_pipeline_dag.py
[2025-09-07T16:55:47.182+0000] {processor.py:830} INFO - Processing file /opt/airflow/dags/stock_pipeline_dag.py for tasks to queue
[2025-09-07T16:55:47.185+0000] {logging_mixin.py:188} INFO - [2025-09-07T16:55:47.184+0000] {dagbag.py:545} INFO - Filling up the DagBag from /opt/airflow/dags/stock_pipeline_dag.py
[2025-09-07T16:55:47.789+0000] {processor.py:840} INFO - DAG(s) 'fetch_stock_data' retrieved from /opt/airflow/dags/stock_pipeline_dag.py
[2025-09-07T16:55:47.836+0000] {logging_mixin.py:188} INFO - [2025-09-07T16:55:47.835+0000] {dag.py:3096} INFO - Sync 1 DAGs
[2025-09-07T16:55:47.901+0000] {logging_mixin.py:188} INFO - [2025-09-07T16:55:47.900+0000] {dag.py:3954} INFO - Setting next_dagrun for fetch_stock_data to 2025-09-07 00:00:00+00:00, run_after=2025-09-08 00:00:00+00:00
[2025-09-07T16:55:47.963+0000] {processor.py:183} INFO - Processing /opt/airflow/dags/stock_pipeline_dag.py took 0.794 seconds
[2025-09-07T16:56:18.363+0000] {processor.py:161} INFO - Started process (PID=332) to work on /opt/airflow/dags/stock_pipeline_dag.py
[2025-09-07T16:56:18.365+0000] {processor.py:830} INFO - Processing file /opt/airflow/dags/stock_pipeline_dag.py for tasks to queue
[2025-09-07T16:56:18.367+0000] {logging_mixin.py:188} INFO - [2025-09-07T16:56:18.366+0000] {dagbag.py:545} INFO - Filling up the DagBag from /opt/airflow/dags/stock_pipeline_dag.py
[2025-09-07T16:56:18.707+0000] {processor.py:840} INFO - DAG(s) 'fetch_stock_data' retrieved from /opt/airflow/dags/stock_pipeline_dag.py
[2025-09-07T16:56:18.734+0000] {logging_mixin.py:188} INFO - [2025-09-07T16:56:18.733+0000] {dag.py:3096} INFO - Sync 1 DAGs
[2025-09-07T16:56:18.762+0000] {logging_mixin.py:188} INFO - [2025-09-07T16:56:18.762+0000] {dag.py:3954} INFO - Setting next_dagrun for fetch_stock_data to 2025-09-07 00:00:00+00:00, run_after=2025-09-08 00:00:00+00:00
[2025-09-07T16:56:18.792+0000] {processor.py:183} INFO - Processing /opt/airflow/dags/stock_pipeline_dag.py took 0.435 seconds
[2025-09-07T16:56:49.147+0000] {processor.py:161} INFO - Started process (PID=338) to work on /opt/airflow/dags/stock_pipeline_dag.py
[2025-09-07T16:56:49.148+0000] {processor.py:830} INFO - Processing file /opt/airflow/dags/stock_pipeline_dag.py for tasks to queue
[2025-09-07T16:56:49.150+0000] {logging_mixin.py:188} INFO - [2025-09-07T16:56:49.150+0000] {dagbag.py:545} INFO - Filling up the DagBag from /opt/airflow/dags/stock_pipeline_dag.py
[2025-09-07T16:56:49.457+0000] {processor.py:840} INFO - DAG(s) 'fetch_stock_data' retrieved from /opt/airflow/dags/stock_pipeline_dag.py
[2025-09-07T16:56:49.481+0000] {logging_mixin.py:188} INFO - [2025-09-07T16:56:49.481+0000] {dag.py:3096} INFO - Sync 1 DAGs
[2025-09-07T16:56:49.502+0000] {logging_mixin.py:188} INFO - [2025-09-07T16:56:49.502+0000] {dag.py:3954} INFO - Setting next_dagrun for fetch_stock_data to 2025-09-07 00:00:00+00:00, run_after=2025-09-08 00:00:00+00:00
[2025-09-07T16:56:49.529+0000] {processor.py:183} INFO - Processing /opt/airflow/dags/stock_pipeline_dag.py took 0.389 seconds
[2025-09-07T16:57:19.726+0000] {processor.py:161} INFO - Started process (PID=344) to work on /opt/airflow/dags/stock_pipeline_dag.py
[2025-09-07T16:57:19.727+0000] {processor.py:830} INFO - Processing file /opt/airflow/dags/stock_pipeline_dag.py for tasks to queue
[2025-09-07T16:57:19.729+0000] {logging_mixin.py:188} INFO - [2025-09-07T16:57:19.729+0000] {dagbag.py:545} INFO - Filling up the DagBag from /opt/airflow/dags/stock_pipeline_dag.py
[2025-09-07T16:57:20.124+0000] {processor.py:840} INFO - DAG(s) 'fetch_stock_data' retrieved from /opt/airflow/dags/stock_pipeline_dag.py
[2025-09-07T16:57:20.159+0000] {logging_mixin.py:188} INFO - [2025-09-07T16:57:20.159+0000] {dag.py:3096} INFO - Sync 1 DAGs
[2025-09-07T16:57:20.189+0000] {logging_mixin.py:188} INFO - [2025-09-07T16:57:20.188+0000] {dag.py:3954} INFO - Setting next_dagrun for fetch_stock_data to 2025-09-07 00:00:00+00:00, run_after=2025-09-08 00:00:00+00:00
[2025-09-07T16:57:20.223+0000] {processor.py:183} INFO - Processing /opt/airflow/dags/stock_pipeline_dag.py took 0.504 seconds
[2025-09-07T16:57:50.414+0000] {processor.py:161} INFO - Started process (PID=350) to work on /opt/airflow/dags/stock_pipeline_dag.py
[2025-09-07T16:57:50.415+0000] {processor.py:830} INFO - Processing file /opt/airflow/dags/stock_pipeline_dag.py for tasks to queue
[2025-09-07T16:57:50.417+0000] {logging_mixin.py:188} INFO - [2025-09-07T16:57:50.416+0000] {dagbag.py:545} INFO - Filling up the DagBag from /opt/airflow/dags/stock_pipeline_dag.py
[2025-09-07T16:57:50.781+0000] {processor.py:840} INFO - DAG(s) 'fetch_stock_data' retrieved from /opt/airflow/dags/stock_pipeline_dag.py
[2025-09-07T16:57:50.813+0000] {logging_mixin.py:188} INFO - [2025-09-07T16:57:50.812+0000] {dag.py:3096} INFO - Sync 1 DAGs
[2025-09-07T16:57:50.841+0000] {logging_mixin.py:188} INFO - [2025-09-07T16:57:50.840+0000] {dag.py:3954} INFO - Setting next_dagrun for fetch_stock_data to 2025-09-07 00:00:00+00:00, run_after=2025-09-08 00:00:00+00:00
[2025-09-07T16:57:50.870+0000] {processor.py:183} INFO - Processing /opt/airflow/dags/stock_pipeline_dag.py took 0.462 seconds
[2025-09-07T16:58:21.058+0000] {processor.py:161} INFO - Started process (PID=356) to work on /opt/airflow/dags/stock_pipeline_dag.py
[2025-09-07T16:58:21.059+0000] {processor.py:830} INFO - Processing file /opt/airflow/dags/stock_pipeline_dag.py for tasks to queue
[2025-09-07T16:58:21.062+0000] {logging_mixin.py:188} INFO - [2025-09-07T16:58:21.061+0000] {dagbag.py:545} INFO - Filling up the DagBag from /opt/airflow/dags/stock_pipeline_dag.py
[2025-09-07T16:58:21.444+0000] {processor.py:840} INFO - DAG(s) 'fetch_stock_data' retrieved from /opt/airflow/dags/stock_pipeline_dag.py
[2025-09-07T16:58:21.479+0000] {logging_mixin.py:188} INFO - [2025-09-07T16:58:21.478+0000] {dag.py:3096} INFO - Sync 1 DAGs
[2025-09-07T16:58:21.509+0000] {logging_mixin.py:188} INFO - [2025-09-07T16:58:21.509+0000] {dag.py:3954} INFO - Setting next_dagrun for fetch_stock_data to 2025-09-07 00:00:00+00:00, run_after=2025-09-08 00:00:00+00:00
[2025-09-07T16:58:21.543+0000] {processor.py:183} INFO - Processing /opt/airflow/dags/stock_pipeline_dag.py took 0.491 seconds
[2025-09-07T16:58:51.848+0000] {processor.py:161} INFO - Started process (PID=362) to work on /opt/airflow/dags/stock_pipeline_dag.py
[2025-09-07T16:58:51.849+0000] {processor.py:830} INFO - Processing file /opt/airflow/dags/stock_pipeline_dag.py for tasks to queue
[2025-09-07T16:58:51.851+0000] {logging_mixin.py:188} INFO - [2025-09-07T16:58:51.850+0000] {dagbag.py:545} INFO - Filling up the DagBag from /opt/airflow/dags/stock_pipeline_dag.py
[2025-09-07T16:58:52.169+0000] {processor.py:840} INFO - DAG(s) 'fetch_stock_data' retrieved from /opt/airflow/dags/stock_pipeline_dag.py
[2025-09-07T16:58:52.199+0000] {logging_mixin.py:188} INFO - [2025-09-07T16:58:52.199+0000] {dag.py:3096} INFO - Sync 1 DAGs
[2025-09-07T16:58:52.225+0000] {logging_mixin.py:188} INFO - [2025-09-07T16:58:52.225+0000] {dag.py:3954} INFO - Setting next_dagrun for fetch_stock_data to 2025-09-07 00:00:00+00:00, run_after=2025-09-08 00:00:00+00:00
[2025-09-07T16:58:52.255+0000] {processor.py:183} INFO - Processing /opt/airflow/dags/stock_pipeline_dag.py took 0.414 seconds
[2025-09-07T16:59:22.638+0000] {processor.py:161} INFO - Started process (PID=368) to work on /opt/airflow/dags/stock_pipeline_dag.py
[2025-09-07T16:59:22.639+0000] {processor.py:830} INFO - Processing file /opt/airflow/dags/stock_pipeline_dag.py for tasks to queue
[2025-09-07T16:59:22.642+0000] {logging_mixin.py:188} INFO - [2025-09-07T16:59:22.641+0000] {dagbag.py:545} INFO - Filling up the DagBag from /opt/airflow/dags/stock_pipeline_dag.py
[2025-09-07T16:59:22.961+0000] {processor.py:840} INFO - DAG(s) 'fetch_stock_data' retrieved from /opt/airflow/dags/stock_pipeline_dag.py
[2025-09-07T16:59:22.991+0000] {logging_mixin.py:188} INFO - [2025-09-07T16:59:22.990+0000] {dag.py:3096} INFO - Sync 1 DAGs
[2025-09-07T16:59:23.019+0000] {logging_mixin.py:188} INFO - [2025-09-07T16:59:23.018+0000] {dag.py:3954} INFO - Setting next_dagrun for fetch_stock_data to 2025-09-07 00:00:00+00:00, run_after=2025-09-08 00:00:00+00:00
[2025-09-07T16:59:23.049+0000] {processor.py:183} INFO - Processing /opt/airflow/dags/stock_pipeline_dag.py took 0.418 seconds
[2025-09-07T16:59:53.457+0000] {processor.py:161} INFO - Started process (PID=374) to work on /opt/airflow/dags/stock_pipeline_dag.py
[2025-09-07T16:59:53.458+0000] {processor.py:830} INFO - Processing file /opt/airflow/dags/stock_pipeline_dag.py for tasks to queue
[2025-09-07T16:59:53.460+0000] {logging_mixin.py:188} INFO - [2025-09-07T16:59:53.460+0000] {dagbag.py:545} INFO - Filling up the DagBag from /opt/airflow/dags/stock_pipeline_dag.py
[2025-09-07T16:59:53.772+0000] {processor.py:840} INFO - DAG(s) 'fetch_stock_data' retrieved from /opt/airflow/dags/stock_pipeline_dag.py
[2025-09-07T16:59:53.803+0000] {logging_mixin.py:188} INFO - [2025-09-07T16:59:53.802+0000] {dag.py:3096} INFO - Sync 1 DAGs
[2025-09-07T16:59:53.828+0000] {logging_mixin.py:188} INFO - [2025-09-07T16:59:53.828+0000] {dag.py:3954} INFO - Setting next_dagrun for fetch_stock_data to 2025-09-07 00:00:00+00:00, run_after=2025-09-08 00:00:00+00:00
[2025-09-07T16:59:53.858+0000] {processor.py:183} INFO - Processing /opt/airflow/dags/stock_pipeline_dag.py took 0.408 seconds
[2025-09-07T17:00:24.258+0000] {processor.py:161} INFO - Started process (PID=380) to work on /opt/airflow/dags/stock_pipeline_dag.py
[2025-09-07T17:00:24.259+0000] {processor.py:830} INFO - Processing file /opt/airflow/dags/stock_pipeline_dag.py for tasks to queue
[2025-09-07T17:00:24.261+0000] {logging_mixin.py:188} INFO - [2025-09-07T17:00:24.260+0000] {dagbag.py:545} INFO - Filling up the DagBag from /opt/airflow/dags/stock_pipeline_dag.py
[2025-09-07T17:00:24.567+0000] {processor.py:840} INFO - DAG(s) 'fetch_stock_data' retrieved from /opt/airflow/dags/stock_pipeline_dag.py
[2025-09-07T17:00:24.596+0000] {logging_mixin.py:188} INFO - [2025-09-07T17:00:24.595+0000] {dag.py:3096} INFO - Sync 1 DAGs
[2025-09-07T17:00:24.621+0000] {logging_mixin.py:188} INFO - [2025-09-07T17:00:24.621+0000] {dag.py:3954} INFO - Setting next_dagrun for fetch_stock_data to 2025-09-07 00:00:00+00:00, run_after=2025-09-08 00:00:00+00:00
[2025-09-07T17:00:24.650+0000] {processor.py:183} INFO - Processing /opt/airflow/dags/stock_pipeline_dag.py took 0.399 seconds
[2025-09-07T17:00:54.975+0000] {processor.py:161} INFO - Started process (PID=386) to work on /opt/airflow/dags/stock_pipeline_dag.py
[2025-09-07T17:00:54.976+0000] {processor.py:830} INFO - Processing file /opt/airflow/dags/stock_pipeline_dag.py for tasks to queue
[2025-09-07T17:00:54.978+0000] {logging_mixin.py:188} INFO - [2025-09-07T17:00:54.978+0000] {dagbag.py:545} INFO - Filling up the DagBag from /opt/airflow/dags/stock_pipeline_dag.py
[2025-09-07T17:00:55.313+0000] {processor.py:840} INFO - DAG(s) 'fetch_stock_data' retrieved from /opt/airflow/dags/stock_pipeline_dag.py
[2025-09-07T17:00:55.346+0000] {logging_mixin.py:188} INFO - [2025-09-07T17:00:55.345+0000] {dag.py:3096} INFO - Sync 1 DAGs
[2025-09-07T17:00:55.374+0000] {logging_mixin.py:188} INFO - [2025-09-07T17:00:55.374+0000] {dag.py:3954} INFO - Setting next_dagrun for fetch_stock_data to 2025-09-07 00:00:00+00:00, run_after=2025-09-08 00:00:00+00:00
[2025-09-07T17:00:55.401+0000] {processor.py:183} INFO - Processing /opt/airflow/dags/stock_pipeline_dag.py took 0.433 seconds
[2025-09-07T17:01:25.827+0000] {processor.py:161} INFO - Started process (PID=392) to work on /opt/airflow/dags/stock_pipeline_dag.py
[2025-09-07T17:01:25.829+0000] {processor.py:830} INFO - Processing file /opt/airflow/dags/stock_pipeline_dag.py for tasks to queue
[2025-09-07T17:01:25.832+0000] {logging_mixin.py:188} INFO - [2025-09-07T17:01:25.831+0000] {dagbag.py:545} INFO - Filling up the DagBag from /opt/airflow/dags/stock_pipeline_dag.py
[2025-09-07T17:01:26.158+0000] {processor.py:840} INFO - DAG(s) 'fetch_stock_data' retrieved from /opt/airflow/dags/stock_pipeline_dag.py
[2025-09-07T17:01:26.184+0000] {logging_mixin.py:188} INFO - [2025-09-07T17:01:26.184+0000] {dag.py:3096} INFO - Sync 1 DAGs
[2025-09-07T17:01:26.208+0000] {logging_mixin.py:188} INFO - [2025-09-07T17:01:26.208+0000] {dag.py:3954} INFO - Setting next_dagrun for fetch_stock_data to 2025-09-07 00:00:00+00:00, run_after=2025-09-08 00:00:00+00:00
[2025-09-07T17:01:26.237+0000] {processor.py:183} INFO - Processing /opt/airflow/dags/stock_pipeline_dag.py took 0.419 seconds
[2025-09-07T17:01:56.508+0000] {processor.py:161} INFO - Started process (PID=398) to work on /opt/airflow/dags/stock_pipeline_dag.py
[2025-09-07T17:01:56.509+0000] {processor.py:830} INFO - Processing file /opt/airflow/dags/stock_pipeline_dag.py for tasks to queue
[2025-09-07T17:01:56.513+0000] {logging_mixin.py:188} INFO - [2025-09-07T17:01:56.512+0000] {dagbag.py:545} INFO - Filling up the DagBag from /opt/airflow/dags/stock_pipeline_dag.py
[2025-09-07T17:01:56.865+0000] {processor.py:840} INFO - DAG(s) 'fetch_stock_data' retrieved from /opt/airflow/dags/stock_pipeline_dag.py
[2025-09-07T17:01:56.897+0000] {logging_mixin.py:188} INFO - [2025-09-07T17:01:56.896+0000] {dag.py:3096} INFO - Sync 1 DAGs
[2025-09-07T17:01:56.925+0000] {logging_mixin.py:188} INFO - [2025-09-07T17:01:56.925+0000] {dag.py:3954} INFO - Setting next_dagrun for fetch_stock_data to 2025-09-07 00:00:00+00:00, run_after=2025-09-08 00:00:00+00:00
[2025-09-07T17:01:56.954+0000] {processor.py:183} INFO - Processing /opt/airflow/dags/stock_pipeline_dag.py took 0.455 seconds
[2025-09-07T17:02:09.152+0000] {processor.py:161} INFO - Started process (PID=404) to work on /opt/airflow/dags/stock_pipeline_dag.py
[2025-09-07T17:02:09.153+0000] {processor.py:830} INFO - Processing file /opt/airflow/dags/stock_pipeline_dag.py for tasks to queue
[2025-09-07T17:02:09.155+0000] {logging_mixin.py:188} INFO - [2025-09-07T17:02:09.155+0000] {dagbag.py:545} INFO - Filling up the DagBag from /opt/airflow/dags/stock_pipeline_dag.py
[2025-09-07T17:02:09.464+0000] {processor.py:840} INFO - DAG(s) 'fetch_api_data' retrieved from /opt/airflow/dags/stock_pipeline_dag.py
[2025-09-07T17:02:09.571+0000] {logging_mixin.py:188} INFO - [2025-09-07T17:02:09.571+0000] {override.py:1829} INFO - Created Permission View: can edit on DAG:fetch_api_data
[2025-09-07T17:02:09.584+0000] {logging_mixin.py:188} INFO - [2025-09-07T17:02:09.584+0000] {override.py:1829} INFO - Created Permission View: can delete on DAG:fetch_api_data
[2025-09-07T17:02:09.596+0000] {logging_mixin.py:188} INFO - [2025-09-07T17:02:09.596+0000] {override.py:1829} INFO - Created Permission View: can read on DAG:fetch_api_data
[2025-09-07T17:02:09.597+0000] {logging_mixin.py:188} INFO - [2025-09-07T17:02:09.597+0000] {dag.py:3096} INFO - Sync 1 DAGs
[2025-09-07T17:02:09.609+0000] {logging_mixin.py:188} INFO - [2025-09-07T17:02:09.609+0000] {dag.py:3118} INFO - Creating ORM DAG for fetch_api_data
[2025-09-07T17:02:09.621+0000] {logging_mixin.py:188} INFO - [2025-09-07T17:02:09.621+0000] {dag.py:3954} INFO - Setting next_dagrun for fetch_api_data to 2025-09-07 00:00:00+00:00, run_after=2025-09-08 00:00:00+00:00
[2025-09-07T17:02:09.649+0000] {processor.py:183} INFO - Processing /opt/airflow/dags/stock_pipeline_dag.py took 0.504 seconds
[2025-09-07T17:02:42.235+0000] {processor.py:161} INFO - Started process (PID=164) to work on /opt/airflow/dags/stock_pipeline_dag.py
[2025-09-07T17:02:42.236+0000] {processor.py:830} INFO - Processing file /opt/airflow/dags/stock_pipeline_dag.py for tasks to queue
[2025-09-07T17:02:42.239+0000] {logging_mixin.py:188} INFO - [2025-09-07T17:02:42.238+0000] {dagbag.py:545} INFO - Filling up the DagBag from /opt/airflow/dags/stock_pipeline_dag.py
[2025-09-07T17:02:42.749+0000] {processor.py:840} INFO - DAG(s) 'fetch_api_data' retrieved from /opt/airflow/dags/stock_pipeline_dag.py
[2025-09-07T17:02:42.790+0000] {logging_mixin.py:188} INFO - [2025-09-07T17:02:42.790+0000] {dag.py:3096} INFO - Sync 1 DAGs
[2025-09-07T17:02:42.812+0000] {logging_mixin.py:188} INFO - [2025-09-07T17:02:42.812+0000] {dag.py:3954} INFO - Setting next_dagrun for fetch_api_data to 2025-09-07 00:00:00+00:00, run_after=2025-09-08 00:00:00+00:00
[2025-09-07T17:02:42.836+0000] {processor.py:183} INFO - Processing /opt/airflow/dags/stock_pipeline_dag.py took 0.606 seconds
[2025-09-07T17:03:13.191+0000] {processor.py:161} INFO - Started process (PID=170) to work on /opt/airflow/dags/stock_pipeline_dag.py
[2025-09-07T17:03:13.192+0000] {processor.py:830} INFO - Processing file /opt/airflow/dags/stock_pipeline_dag.py for tasks to queue
[2025-09-07T17:03:13.194+0000] {logging_mixin.py:188} INFO - [2025-09-07T17:03:13.194+0000] {dagbag.py:545} INFO - Filling up the DagBag from /opt/airflow/dags/stock_pipeline_dag.py
[2025-09-07T17:03:13.666+0000] {processor.py:840} INFO - DAG(s) 'fetch_api_data' retrieved from /opt/airflow/dags/stock_pipeline_dag.py
[2025-09-07T17:03:13.691+0000] {logging_mixin.py:188} INFO - [2025-09-07T17:03:13.690+0000] {dag.py:3096} INFO - Sync 1 DAGs
[2025-09-07T17:03:13.714+0000] {logging_mixin.py:188} INFO - [2025-09-07T17:03:13.713+0000] {dag.py:3954} INFO - Setting next_dagrun for fetch_api_data to 2025-09-07 00:00:00+00:00, run_after=2025-09-08 00:00:00+00:00
[2025-09-07T17:03:13.740+0000] {processor.py:183} INFO - Processing /opt/airflow/dags/stock_pipeline_dag.py took 0.554 seconds
[2025-09-07T17:03:44.076+0000] {processor.py:161} INFO - Started process (PID=176) to work on /opt/airflow/dags/stock_pipeline_dag.py
[2025-09-07T17:03:44.078+0000] {processor.py:830} INFO - Processing file /opt/airflow/dags/stock_pipeline_dag.py for tasks to queue
[2025-09-07T17:03:44.079+0000] {logging_mixin.py:188} INFO - [2025-09-07T17:03:44.078+0000] {dagbag.py:545} INFO - Filling up the DagBag from /opt/airflow/dags/stock_pipeline_dag.py
[2025-09-07T17:03:44.589+0000] {processor.py:840} INFO - DAG(s) 'fetch_api_data' retrieved from /opt/airflow/dags/stock_pipeline_dag.py
[2025-09-07T17:03:44.613+0000] {logging_mixin.py:188} INFO - [2025-09-07T17:03:44.613+0000] {dag.py:3096} INFO - Sync 1 DAGs
[2025-09-07T17:03:44.639+0000] {logging_mixin.py:188} INFO - [2025-09-07T17:03:44.639+0000] {dag.py:3954} INFO - Setting next_dagrun for fetch_api_data to 2025-09-07 00:00:00+00:00, run_after=2025-09-08 00:00:00+00:00
[2025-09-07T17:03:44.667+0000] {processor.py:183} INFO - Processing /opt/airflow/dags/stock_pipeline_dag.py took 0.602 seconds
[2025-09-07T17:04:15.046+0000] {processor.py:161} INFO - Started process (PID=185) to work on /opt/airflow/dags/stock_pipeline_dag.py
[2025-09-07T17:04:15.047+0000] {processor.py:830} INFO - Processing file /opt/airflow/dags/stock_pipeline_dag.py for tasks to queue
[2025-09-07T17:04:15.048+0000] {logging_mixin.py:188} INFO - [2025-09-07T17:04:15.048+0000] {dagbag.py:545} INFO - Filling up the DagBag from /opt/airflow/dags/stock_pipeline_dag.py
[2025-09-07T17:04:15.549+0000] {processor.py:840} INFO - DAG(s) 'fetch_api_data' retrieved from /opt/airflow/dags/stock_pipeline_dag.py
[2025-09-07T17:04:15.574+0000] {logging_mixin.py:188} INFO - [2025-09-07T17:04:15.573+0000] {dag.py:3096} INFO - Sync 1 DAGs
[2025-09-07T17:04:15.594+0000] {logging_mixin.py:188} INFO - [2025-09-07T17:04:15.593+0000] {dag.py:3954} INFO - Setting next_dagrun for fetch_api_data to 2025-09-07 00:00:00+00:00, run_after=2025-09-08 00:00:00+00:00
[2025-09-07T17:04:15.621+0000] {processor.py:183} INFO - Processing /opt/airflow/dags/stock_pipeline_dag.py took 0.581 seconds
[2025-09-07T17:04:45.910+0000] {processor.py:161} INFO - Started process (PID=191) to work on /opt/airflow/dags/stock_pipeline_dag.py
[2025-09-07T17:04:45.911+0000] {processor.py:830} INFO - Processing file /opt/airflow/dags/stock_pipeline_dag.py for tasks to queue
[2025-09-07T17:04:45.912+0000] {logging_mixin.py:188} INFO - [2025-09-07T17:04:45.912+0000] {dagbag.py:545} INFO - Filling up the DagBag from /opt/airflow/dags/stock_pipeline_dag.py
[2025-09-07T17:04:46.401+0000] {processor.py:840} INFO - DAG(s) 'fetch_api_data' retrieved from /opt/airflow/dags/stock_pipeline_dag.py
[2025-09-07T17:04:46.427+0000] {logging_mixin.py:188} INFO - [2025-09-07T17:04:46.427+0000] {dag.py:3096} INFO - Sync 1 DAGs
[2025-09-07T17:04:46.449+0000] {logging_mixin.py:188} INFO - [2025-09-07T17:04:46.448+0000] {dag.py:3954} INFO - Setting next_dagrun for fetch_api_data to 2025-09-07 00:00:00+00:00, run_after=2025-09-08 00:00:00+00:00
[2025-09-07T17:04:46.473+0000] {processor.py:183} INFO - Processing /opt/airflow/dags/stock_pipeline_dag.py took 0.569 seconds
[2025-09-07T17:05:16.822+0000] {processor.py:161} INFO - Started process (PID=197) to work on /opt/airflow/dags/stock_pipeline_dag.py
[2025-09-07T17:05:16.823+0000] {processor.py:830} INFO - Processing file /opt/airflow/dags/stock_pipeline_dag.py for tasks to queue
[2025-09-07T17:05:16.824+0000] {logging_mixin.py:188} INFO - [2025-09-07T17:05:16.824+0000] {dagbag.py:545} INFO - Filling up the DagBag from /opt/airflow/dags/stock_pipeline_dag.py
[2025-09-07T17:05:17.276+0000] {processor.py:840} INFO - DAG(s) 'fetch_api_data' retrieved from /opt/airflow/dags/stock_pipeline_dag.py
[2025-09-07T17:05:17.299+0000] {logging_mixin.py:188} INFO - [2025-09-07T17:05:17.298+0000] {dag.py:3096} INFO - Sync 1 DAGs
[2025-09-07T17:05:17.319+0000] {logging_mixin.py:188} INFO - [2025-09-07T17:05:17.319+0000] {dag.py:3954} INFO - Setting next_dagrun for fetch_api_data to 2025-09-07 00:00:00+00:00, run_after=2025-09-08 00:00:00+00:00
[2025-09-07T17:05:17.344+0000] {processor.py:183} INFO - Processing /opt/airflow/dags/stock_pipeline_dag.py took 0.528 seconds
[2025-09-07T17:05:47.589+0000] {processor.py:161} INFO - Started process (PID=203) to work on /opt/airflow/dags/stock_pipeline_dag.py
[2025-09-07T17:05:47.590+0000] {processor.py:830} INFO - Processing file /opt/airflow/dags/stock_pipeline_dag.py for tasks to queue
[2025-09-07T17:05:47.591+0000] {logging_mixin.py:188} INFO - [2025-09-07T17:05:47.591+0000] {dagbag.py:545} INFO - Filling up the DagBag from /opt/airflow/dags/stock_pipeline_dag.py
[2025-09-07T17:05:48.068+0000] {processor.py:840} INFO - DAG(s) 'fetch_api_data' retrieved from /opt/airflow/dags/stock_pipeline_dag.py
[2025-09-07T17:05:48.091+0000] {logging_mixin.py:188} INFO - [2025-09-07T17:05:48.091+0000] {dag.py:3096} INFO - Sync 1 DAGs
[2025-09-07T17:05:48.113+0000] {logging_mixin.py:188} INFO - [2025-09-07T17:05:48.113+0000] {dag.py:3954} INFO - Setting next_dagrun for fetch_api_data to 2025-09-07 00:00:00+00:00, run_after=2025-09-08 00:00:00+00:00
[2025-09-07T17:05:48.139+0000] {processor.py:183} INFO - Processing /opt/airflow/dags/stock_pipeline_dag.py took 0.557 seconds
[2025-09-07T17:06:18.430+0000] {processor.py:161} INFO - Started process (PID=209) to work on /opt/airflow/dags/stock_pipeline_dag.py
[2025-09-07T17:06:18.431+0000] {processor.py:830} INFO - Processing file /opt/airflow/dags/stock_pipeline_dag.py for tasks to queue
[2025-09-07T17:06:18.432+0000] {logging_mixin.py:188} INFO - [2025-09-07T17:06:18.432+0000] {dagbag.py:545} INFO - Filling up the DagBag from /opt/airflow/dags/stock_pipeline_dag.py
[2025-09-07T17:06:18.885+0000] {processor.py:840} INFO - DAG(s) 'fetch_api_data' retrieved from /opt/airflow/dags/stock_pipeline_dag.py
[2025-09-07T17:06:18.909+0000] {logging_mixin.py:188} INFO - [2025-09-07T17:06:18.908+0000] {dag.py:3096} INFO - Sync 1 DAGs
[2025-09-07T17:06:18.929+0000] {logging_mixin.py:188} INFO - [2025-09-07T17:06:18.929+0000] {dag.py:3954} INFO - Setting next_dagrun for fetch_api_data to 2025-09-07 00:00:00+00:00, run_after=2025-09-08 00:00:00+00:00
[2025-09-07T17:06:18.954+0000] {processor.py:183} INFO - Processing /opt/airflow/dags/stock_pipeline_dag.py took 0.529 seconds
[2025-09-07T17:06:36.994+0000] {processor.py:161} INFO - Started process (PID=215) to work on /opt/airflow/dags/stock_pipeline_dag.py
[2025-09-07T17:06:36.995+0000] {processor.py:830} INFO - Processing file /opt/airflow/dags/stock_pipeline_dag.py for tasks to queue
[2025-09-07T17:06:36.996+0000] {logging_mixin.py:188} INFO - [2025-09-07T17:06:36.995+0000] {dagbag.py:545} INFO - Filling up the DagBag from /opt/airflow/dags/stock_pipeline_dag.py
[2025-09-07T17:06:37.555+0000] {processor.py:840} INFO - DAG(s) 'fetch_and_store_stock_data' retrieved from /opt/airflow/dags/stock_pipeline_dag.py
[2025-09-07T17:06:37.671+0000] {logging_mixin.py:188} INFO - [2025-09-07T17:06:37.670+0000] {override.py:1829} INFO - Created Permission View: can read on DAG:fetch_and_store_stock_data
[2025-09-07T17:06:37.686+0000] {logging_mixin.py:188} INFO - [2025-09-07T17:06:37.686+0000] {override.py:1829} INFO - Created Permission View: can delete on DAG:fetch_and_store_stock_data
[2025-09-07T17:06:37.698+0000] {logging_mixin.py:188} INFO - [2025-09-07T17:06:37.698+0000] {override.py:1829} INFO - Created Permission View: can edit on DAG:fetch_and_store_stock_data
[2025-09-07T17:06:37.699+0000] {logging_mixin.py:188} INFO - [2025-09-07T17:06:37.699+0000] {dag.py:3096} INFO - Sync 1 DAGs
[2025-09-07T17:06:37.710+0000] {logging_mixin.py:188} INFO - [2025-09-07T17:06:37.709+0000] {dag.py:3118} INFO - Creating ORM DAG for fetch_and_store_stock_data
[2025-09-07T17:06:37.726+0000] {logging_mixin.py:188} INFO - [2025-09-07T17:06:37.726+0000] {dag.py:3954} INFO - Setting next_dagrun for fetch_and_store_stock_data to 2025-09-07 00:00:00+00:00, run_after=2025-09-08 00:00:00+00:00
[2025-09-07T17:06:37.748+0000] {processor.py:183} INFO - Processing /opt/airflow/dags/stock_pipeline_dag.py took 0.760 seconds
[2025-09-07T17:07:04.043+0000] {processor.py:161} INFO - Started process (PID=221) to work on /opt/airflow/dags/stock_pipeline_dag.py
[2025-09-07T17:07:04.044+0000] {processor.py:830} INFO - Processing file /opt/airflow/dags/stock_pipeline_dag.py for tasks to queue
[2025-09-07T17:07:04.045+0000] {logging_mixin.py:188} INFO - [2025-09-07T17:07:04.045+0000] {dagbag.py:545} INFO - Filling up the DagBag from /opt/airflow/dags/stock_pipeline_dag.py
[2025-09-07T17:07:04.519+0000] {processor.py:840} INFO - DAG(s) 'fetch_stock_data' retrieved from /opt/airflow/dags/stock_pipeline_dag.py
[2025-09-07T17:07:04.613+0000] {logging_mixin.py:188} INFO - [2025-09-07T17:07:04.612+0000] {dag.py:3096} INFO - Sync 1 DAGs
[2025-09-07T17:07:04.632+0000] {logging_mixin.py:188} INFO - [2025-09-07T17:07:04.632+0000] {dag.py:3954} INFO - Setting next_dagrun for fetch_stock_data to 2025-09-07 00:00:00+00:00, run_after=2025-09-08 00:00:00+00:00
[2025-09-07T17:07:04.663+0000] {processor.py:183} INFO - Processing /opt/airflow/dags/stock_pipeline_dag.py took 0.626 seconds
[2025-09-07T17:07:27.547+0000] {processor.py:161} INFO - Started process (PID=227) to work on /opt/airflow/dags/stock_pipeline_dag.py
[2025-09-07T17:07:27.548+0000] {processor.py:830} INFO - Processing file /opt/airflow/dags/stock_pipeline_dag.py for tasks to queue
[2025-09-07T17:07:27.549+0000] {logging_mixin.py:188} INFO - [2025-09-07T17:07:27.548+0000] {dagbag.py:545} INFO - Filling up the DagBag from /opt/airflow/dags/stock_pipeline_dag.py
[2025-09-07T17:07:28.045+0000] {processor.py:840} INFO - DAG(s) 'fetch_and_store_stock_data' retrieved from /opt/airflow/dags/stock_pipeline_dag.py
[2025-09-07T17:07:28.071+0000] {logging_mixin.py:188} INFO - [2025-09-07T17:07:28.070+0000] {dag.py:3096} INFO - Sync 1 DAGs
[2025-09-07T17:07:28.093+0000] {logging_mixin.py:188} INFO - [2025-09-07T17:07:28.093+0000] {dag.py:3954} INFO - Setting next_dagrun for fetch_and_store_stock_data to 2025-09-07 00:00:00+00:00, run_after=2025-09-08 00:00:00+00:00
[2025-09-07T17:07:28.125+0000] {processor.py:183} INFO - Processing /opt/airflow/dags/stock_pipeline_dag.py took 0.584 seconds
[2025-09-07T17:07:59.716+0000] {processor.py:161} INFO - Started process (PID=164) to work on /opt/airflow/dags/stock_pipeline_dag.py
[2025-09-07T17:07:59.717+0000] {processor.py:830} INFO - Processing file /opt/airflow/dags/stock_pipeline_dag.py for tasks to queue
[2025-09-07T17:07:59.719+0000] {logging_mixin.py:188} INFO - [2025-09-07T17:07:59.719+0000] {dagbag.py:545} INFO - Filling up the DagBag from /opt/airflow/dags/stock_pipeline_dag.py
[2025-09-07T17:08:00.227+0000] {processor.py:840} INFO - DAG(s) 'fetch_and_store_stock_data' retrieved from /opt/airflow/dags/stock_pipeline_dag.py
[2025-09-07T17:08:00.259+0000] {logging_mixin.py:188} INFO - [2025-09-07T17:08:00.259+0000] {dag.py:3096} INFO - Sync 1 DAGs
[2025-09-07T17:08:00.288+0000] {logging_mixin.py:188} INFO - [2025-09-07T17:08:00.288+0000] {dag.py:3954} INFO - Setting next_dagrun for fetch_and_store_stock_data to 2025-09-07 00:00:00+00:00, run_after=2025-09-08 00:00:00+00:00
[2025-09-07T17:08:00.321+0000] {processor.py:183} INFO - Processing /opt/airflow/dags/stock_pipeline_dag.py took 0.611 seconds
[2025-09-07T17:08:30.630+0000] {processor.py:161} INFO - Started process (PID=170) to work on /opt/airflow/dags/stock_pipeline_dag.py
[2025-09-07T17:08:30.631+0000] {processor.py:830} INFO - Processing file /opt/airflow/dags/stock_pipeline_dag.py for tasks to queue
[2025-09-07T17:08:30.634+0000] {logging_mixin.py:188} INFO - [2025-09-07T17:08:30.634+0000] {dagbag.py:545} INFO - Filling up the DagBag from /opt/airflow/dags/stock_pipeline_dag.py
[2025-09-07T17:08:31.169+0000] {processor.py:840} INFO - DAG(s) 'fetch_and_store_stock_data' retrieved from /opt/airflow/dags/stock_pipeline_dag.py
[2025-09-07T17:08:31.195+0000] {logging_mixin.py:188} INFO - [2025-09-07T17:08:31.194+0000] {dag.py:3096} INFO - Sync 1 DAGs
[2025-09-07T17:08:31.217+0000] {logging_mixin.py:188} INFO - [2025-09-07T17:08:31.217+0000] {dag.py:3954} INFO - Setting next_dagrun for fetch_and_store_stock_data to 2025-09-07 00:00:00+00:00, run_after=2025-09-08 00:00:00+00:00
[2025-09-07T17:08:31.243+0000] {processor.py:183} INFO - Processing /opt/airflow/dags/stock_pipeline_dag.py took 0.625 seconds
[2025-09-07T17:09:01.598+0000] {processor.py:161} INFO - Started process (PID=176) to work on /opt/airflow/dags/stock_pipeline_dag.py
[2025-09-07T17:09:01.601+0000] {processor.py:830} INFO - Processing file /opt/airflow/dags/stock_pipeline_dag.py for tasks to queue
[2025-09-07T17:09:01.603+0000] {logging_mixin.py:188} INFO - [2025-09-07T17:09:01.602+0000] {dagbag.py:545} INFO - Filling up the DagBag from /opt/airflow/dags/stock_pipeline_dag.py
[2025-09-07T17:09:02.111+0000] {processor.py:840} INFO - DAG(s) 'fetch_and_store_stock_data' retrieved from /opt/airflow/dags/stock_pipeline_dag.py
[2025-09-07T17:09:02.138+0000] {logging_mixin.py:188} INFO - [2025-09-07T17:09:02.138+0000] {dag.py:3096} INFO - Sync 1 DAGs
[2025-09-07T17:09:02.160+0000] {logging_mixin.py:188} INFO - [2025-09-07T17:09:02.160+0000] {dag.py:3954} INFO - Setting next_dagrun for fetch_and_store_stock_data to 2025-09-07 00:00:00+00:00, run_after=2025-09-08 00:00:00+00:00
[2025-09-07T17:09:02.185+0000] {processor.py:183} INFO - Processing /opt/airflow/dags/stock_pipeline_dag.py took 0.595 seconds
[2025-09-07T17:09:32.581+0000] {processor.py:161} INFO - Started process (PID=182) to work on /opt/airflow/dags/stock_pipeline_dag.py
[2025-09-07T17:09:32.582+0000] {processor.py:830} INFO - Processing file /opt/airflow/dags/stock_pipeline_dag.py for tasks to queue
[2025-09-07T17:09:32.583+0000] {logging_mixin.py:188} INFO - [2025-09-07T17:09:32.582+0000] {dagbag.py:545} INFO - Filling up the DagBag from /opt/airflow/dags/stock_pipeline_dag.py
[2025-09-07T17:09:33.067+0000] {processor.py:840} INFO - DAG(s) 'fetch_and_store_stock_data' retrieved from /opt/airflow/dags/stock_pipeline_dag.py
[2025-09-07T17:09:33.094+0000] {logging_mixin.py:188} INFO - [2025-09-07T17:09:33.094+0000] {dag.py:3096} INFO - Sync 1 DAGs
[2025-09-07T17:09:33.115+0000] {logging_mixin.py:188} INFO - [2025-09-07T17:09:33.115+0000] {dag.py:3954} INFO - Setting next_dagrun for fetch_and_store_stock_data to 2025-09-07 00:00:00+00:00, run_after=2025-09-08 00:00:00+00:00
[2025-09-07T17:09:33.140+0000] {processor.py:183} INFO - Processing /opt/airflow/dags/stock_pipeline_dag.py took 0.566 seconds
[2025-09-07T17:10:03.470+0000] {processor.py:161} INFO - Started process (PID=188) to work on /opt/airflow/dags/stock_pipeline_dag.py
[2025-09-07T17:10:03.472+0000] {processor.py:830} INFO - Processing file /opt/airflow/dags/stock_pipeline_dag.py for tasks to queue
[2025-09-07T17:10:03.473+0000] {logging_mixin.py:188} INFO - [2025-09-07T17:10:03.472+0000] {dagbag.py:545} INFO - Filling up the DagBag from /opt/airflow/dags/stock_pipeline_dag.py
[2025-09-07T17:10:04.044+0000] {processor.py:840} INFO - DAG(s) 'fetch_and_store_stock_data' retrieved from /opt/airflow/dags/stock_pipeline_dag.py
[2025-09-07T17:10:04.071+0000] {logging_mixin.py:188} INFO - [2025-09-07T17:10:04.071+0000] {dag.py:3096} INFO - Sync 1 DAGs
[2025-09-07T17:10:04.094+0000] {logging_mixin.py:188} INFO - [2025-09-07T17:10:04.094+0000] {dag.py:3954} INFO - Setting next_dagrun for fetch_and_store_stock_data to 2025-09-07 00:00:00+00:00, run_after=2025-09-08 00:00:00+00:00
[2025-09-07T17:10:04.118+0000] {processor.py:183} INFO - Processing /opt/airflow/dags/stock_pipeline_dag.py took 0.655 seconds
[2025-09-07T17:10:34.494+0000] {processor.py:161} INFO - Started process (PID=194) to work on /opt/airflow/dags/stock_pipeline_dag.py
[2025-09-07T17:10:34.495+0000] {processor.py:830} INFO - Processing file /opt/airflow/dags/stock_pipeline_dag.py for tasks to queue
[2025-09-07T17:10:34.496+0000] {logging_mixin.py:188} INFO - [2025-09-07T17:10:34.496+0000] {dagbag.py:545} INFO - Filling up the DagBag from /opt/airflow/dags/stock_pipeline_dag.py
[2025-09-07T17:10:34.987+0000] {processor.py:840} INFO - DAG(s) 'fetch_and_store_stock_data' retrieved from /opt/airflow/dags/stock_pipeline_dag.py
[2025-09-07T17:10:35.014+0000] {logging_mixin.py:188} INFO - [2025-09-07T17:10:35.013+0000] {dag.py:3096} INFO - Sync 1 DAGs
[2025-09-07T17:10:35.036+0000] {logging_mixin.py:188} INFO - [2025-09-07T17:10:35.036+0000] {dag.py:3954} INFO - Setting next_dagrun for fetch_and_store_stock_data to 2025-09-07 00:00:00+00:00, run_after=2025-09-08 00:00:00+00:00
[2025-09-07T17:10:35.061+0000] {processor.py:183} INFO - Processing /opt/airflow/dags/stock_pipeline_dag.py took 0.573 seconds
[2025-09-07T17:11:05.443+0000] {processor.py:161} INFO - Started process (PID=200) to work on /opt/airflow/dags/stock_pipeline_dag.py
[2025-09-07T17:11:05.444+0000] {processor.py:830} INFO - Processing file /opt/airflow/dags/stock_pipeline_dag.py for tasks to queue
[2025-09-07T17:11:05.445+0000] {logging_mixin.py:188} INFO - [2025-09-07T17:11:05.445+0000] {dagbag.py:545} INFO - Filling up the DagBag from /opt/airflow/dags/stock_pipeline_dag.py
[2025-09-07T17:11:05.901+0000] {processor.py:840} INFO - DAG(s) 'fetch_and_store_stock_data' retrieved from /opt/airflow/dags/stock_pipeline_dag.py
[2025-09-07T17:11:05.926+0000] {logging_mixin.py:188} INFO - [2025-09-07T17:11:05.925+0000] {dag.py:3096} INFO - Sync 1 DAGs
[2025-09-07T17:11:05.949+0000] {logging_mixin.py:188} INFO - [2025-09-07T17:11:05.949+0000] {dag.py:3954} INFO - Setting next_dagrun for fetch_and_store_stock_data to 2025-09-07 00:00:00+00:00, run_after=2025-09-08 00:00:00+00:00
[2025-09-07T17:11:05.978+0000] {processor.py:183} INFO - Processing /opt/airflow/dags/stock_pipeline_dag.py took 0.542 seconds
[2025-09-07T17:11:36.051+0000] {processor.py:161} INFO - Started process (PID=206) to work on /opt/airflow/dags/stock_pipeline_dag.py
[2025-09-07T17:11:36.052+0000] {processor.py:830} INFO - Processing file /opt/airflow/dags/stock_pipeline_dag.py for tasks to queue
[2025-09-07T17:11:36.053+0000] {logging_mixin.py:188} INFO - [2025-09-07T17:11:36.053+0000] {dagbag.py:545} INFO - Filling up the DagBag from /opt/airflow/dags/stock_pipeline_dag.py
[2025-09-07T17:11:36.538+0000] {processor.py:840} INFO - DAG(s) 'fetch_and_store_stock_data' retrieved from /opt/airflow/dags/stock_pipeline_dag.py
[2025-09-07T17:11:36.561+0000] {logging_mixin.py:188} INFO - [2025-09-07T17:11:36.560+0000] {dag.py:3096} INFO - Sync 1 DAGs
[2025-09-07T17:11:36.582+0000] {logging_mixin.py:188} INFO - [2025-09-07T17:11:36.582+0000] {dag.py:3954} INFO - Setting next_dagrun for fetch_and_store_stock_data to 2025-09-07 00:00:00+00:00, run_after=2025-09-08 00:00:00+00:00
[2025-09-07T17:11:36.610+0000] {processor.py:183} INFO - Processing /opt/airflow/dags/stock_pipeline_dag.py took 0.564 seconds
[2025-09-07T17:12:06.970+0000] {processor.py:161} INFO - Started process (PID=212) to work on /opt/airflow/dags/stock_pipeline_dag.py
[2025-09-07T17:12:06.971+0000] {processor.py:830} INFO - Processing file /opt/airflow/dags/stock_pipeline_dag.py for tasks to queue
[2025-09-07T17:12:06.973+0000] {logging_mixin.py:188} INFO - [2025-09-07T17:12:06.972+0000] {dagbag.py:545} INFO - Filling up the DagBag from /opt/airflow/dags/stock_pipeline_dag.py
[2025-09-07T17:12:07.454+0000] {processor.py:840} INFO - DAG(s) 'fetch_and_store_stock_data' retrieved from /opt/airflow/dags/stock_pipeline_dag.py
[2025-09-07T17:12:07.481+0000] {logging_mixin.py:188} INFO - [2025-09-07T17:12:07.480+0000] {dag.py:3096} INFO - Sync 1 DAGs
[2025-09-07T17:12:07.502+0000] {logging_mixin.py:188} INFO - [2025-09-07T17:12:07.501+0000] {dag.py:3954} INFO - Setting next_dagrun for fetch_and_store_stock_data to 2025-09-07 00:00:00+00:00, run_after=2025-09-08 00:00:00+00:00
[2025-09-07T17:12:07.528+0000] {processor.py:183} INFO - Processing /opt/airflow/dags/stock_pipeline_dag.py took 0.564 seconds
[2025-09-07T17:12:37.879+0000] {processor.py:161} INFO - Started process (PID=218) to work on /opt/airflow/dags/stock_pipeline_dag.py
[2025-09-07T17:12:37.880+0000] {processor.py:830} INFO - Processing file /opt/airflow/dags/stock_pipeline_dag.py for tasks to queue
[2025-09-07T17:12:37.882+0000] {logging_mixin.py:188} INFO - [2025-09-07T17:12:37.881+0000] {dagbag.py:545} INFO - Filling up the DagBag from /opt/airflow/dags/stock_pipeline_dag.py
[2025-09-07T17:12:38.348+0000] {processor.py:840} INFO - DAG(s) 'fetch_and_store_stock_data' retrieved from /opt/airflow/dags/stock_pipeline_dag.py
[2025-09-07T17:12:38.370+0000] {logging_mixin.py:188} INFO - [2025-09-07T17:12:38.370+0000] {dag.py:3096} INFO - Sync 1 DAGs
[2025-09-07T17:12:38.391+0000] {logging_mixin.py:188} INFO - [2025-09-07T17:12:38.391+0000] {dag.py:3954} INFO - Setting next_dagrun for fetch_and_store_stock_data to 2025-09-07 00:00:00+00:00, run_after=2025-09-08 00:00:00+00:00
[2025-09-07T17:12:38.419+0000] {processor.py:183} INFO - Processing /opt/airflow/dags/stock_pipeline_dag.py took 0.547 seconds
[2025-09-07T17:13:08.537+0000] {processor.py:161} INFO - Started process (PID=224) to work on /opt/airflow/dags/stock_pipeline_dag.py
[2025-09-07T17:13:08.538+0000] {processor.py:830} INFO - Processing file /opt/airflow/dags/stock_pipeline_dag.py for tasks to queue
[2025-09-07T17:13:08.539+0000] {logging_mixin.py:188} INFO - [2025-09-07T17:13:08.538+0000] {dagbag.py:545} INFO - Filling up the DagBag from /opt/airflow/dags/stock_pipeline_dag.py
[2025-09-07T17:13:09.047+0000] {processor.py:840} INFO - DAG(s) 'fetch_and_store_stock_data' retrieved from /opt/airflow/dags/stock_pipeline_dag.py
[2025-09-07T17:13:09.072+0000] {logging_mixin.py:188} INFO - [2025-09-07T17:13:09.071+0000] {dag.py:3096} INFO - Sync 1 DAGs
[2025-09-07T17:13:09.093+0000] {logging_mixin.py:188} INFO - [2025-09-07T17:13:09.093+0000] {dag.py:3954} INFO - Setting next_dagrun for fetch_and_store_stock_data to 2025-09-07 00:00:00+00:00, run_after=2025-09-08 00:00:00+00:00
[2025-09-07T17:13:09.122+0000] {processor.py:183} INFO - Processing /opt/airflow/dags/stock_pipeline_dag.py took 0.591 seconds
[2025-09-07T17:13:39.278+0000] {processor.py:161} INFO - Started process (PID=230) to work on /opt/airflow/dags/stock_pipeline_dag.py
[2025-09-07T17:13:39.280+0000] {processor.py:830} INFO - Processing file /opt/airflow/dags/stock_pipeline_dag.py for tasks to queue
[2025-09-07T17:13:39.281+0000] {logging_mixin.py:188} INFO - [2025-09-07T17:13:39.280+0000] {dagbag.py:545} INFO - Filling up the DagBag from /opt/airflow/dags/stock_pipeline_dag.py
[2025-09-07T17:13:39.614+0000] {processor.py:840} INFO - DAG(s) 'fetch_and_store_stock_data' retrieved from /opt/airflow/dags/stock_pipeline_dag.py
[2025-09-07T17:13:39.644+0000] {logging_mixin.py:188} INFO - [2025-09-07T17:13:39.643+0000] {dag.py:3096} INFO - Sync 1 DAGs
[2025-09-07T17:13:39.669+0000] {logging_mixin.py:188} INFO - [2025-09-07T17:13:39.669+0000] {dag.py:3954} INFO - Setting next_dagrun for fetch_and_store_stock_data to 2025-09-07 00:00:00+00:00, run_after=2025-09-08 00:00:00+00:00
[2025-09-07T17:13:39.698+0000] {processor.py:183} INFO - Processing /opt/airflow/dags/stock_pipeline_dag.py took 0.426 seconds
[2025-09-07T17:14:09.769+0000] {processor.py:161} INFO - Started process (PID=236) to work on /opt/airflow/dags/stock_pipeline_dag.py
[2025-09-07T17:14:09.770+0000] {processor.py:830} INFO - Processing file /opt/airflow/dags/stock_pipeline_dag.py for tasks to queue
[2025-09-07T17:14:09.771+0000] {logging_mixin.py:188} INFO - [2025-09-07T17:14:09.770+0000] {dagbag.py:545} INFO - Filling up the DagBag from /opt/airflow/dags/stock_pipeline_dag.py
[2025-09-07T17:14:10.109+0000] {processor.py:840} INFO - DAG(s) 'fetch_and_store_stock_data' retrieved from /opt/airflow/dags/stock_pipeline_dag.py
[2025-09-07T17:14:10.134+0000] {logging_mixin.py:188} INFO - [2025-09-07T17:14:10.134+0000] {dag.py:3096} INFO - Sync 1 DAGs
[2025-09-07T17:14:10.161+0000] {logging_mixin.py:188} INFO - [2025-09-07T17:14:10.161+0000] {dag.py:3954} INFO - Setting next_dagrun for fetch_and_store_stock_data to 2025-09-07 00:00:00+00:00, run_after=2025-09-08 00:00:00+00:00
[2025-09-07T17:14:10.190+0000] {processor.py:183} INFO - Processing /opt/airflow/dags/stock_pipeline_dag.py took 0.428 seconds
[2025-09-07T17:14:39.273+0000] {processor.py:161} INFO - Started process (PID=242) to work on /opt/airflow/dags/stock_pipeline_dag.py
[2025-09-07T17:14:39.274+0000] {processor.py:830} INFO - Processing file /opt/airflow/dags/stock_pipeline_dag.py for tasks to queue
[2025-09-07T17:14:39.275+0000] {logging_mixin.py:188} INFO - [2025-09-07T17:14:39.275+0000] {dagbag.py:545} INFO - Filling up the DagBag from /opt/airflow/dags/stock_pipeline_dag.py
[2025-09-07T17:14:39.608+0000] {processor.py:840} INFO - DAG(s) 'fetch_api_data' retrieved from /opt/airflow/dags/stock_pipeline_dag.py
[2025-09-07T17:14:39.715+0000] {logging_mixin.py:188} INFO - [2025-09-07T17:14:39.714+0000] {dag.py:3096} INFO - Sync 1 DAGs
[2025-09-07T17:14:39.737+0000] {logging_mixin.py:188} INFO - [2025-09-07T17:14:39.737+0000] {dag.py:3954} INFO - Setting next_dagrun for fetch_api_data to 2025-09-07 00:00:00+00:00, run_after=2025-09-08 00:00:00+00:00
[2025-09-07T17:14:39.768+0000] {processor.py:183} INFO - Processing /opt/airflow/dags/stock_pipeline_dag.py took 0.502 seconds
[2025-09-07T17:15:09.899+0000] {processor.py:161} INFO - Started process (PID=248) to work on /opt/airflow/dags/stock_pipeline_dag.py
[2025-09-07T17:15:09.901+0000] {processor.py:830} INFO - Processing file /opt/airflow/dags/stock_pipeline_dag.py for tasks to queue
[2025-09-07T17:15:09.902+0000] {logging_mixin.py:188} INFO - [2025-09-07T17:15:09.901+0000] {dagbag.py:545} INFO - Filling up the DagBag from /opt/airflow/dags/stock_pipeline_dag.py
[2025-09-07T17:15:10.218+0000] {processor.py:840} INFO - DAG(s) 'fetch_api_data' retrieved from /opt/airflow/dags/stock_pipeline_dag.py
[2025-09-07T17:15:10.248+0000] {logging_mixin.py:188} INFO - [2025-09-07T17:15:10.248+0000] {dag.py:3096} INFO - Sync 1 DAGs
[2025-09-07T17:15:10.274+0000] {logging_mixin.py:188} INFO - [2025-09-07T17:15:10.274+0000] {dag.py:3954} INFO - Setting next_dagrun for fetch_api_data to 2025-09-07 00:00:00+00:00, run_after=2025-09-08 00:00:00+00:00
[2025-09-07T17:15:10.308+0000] {processor.py:183} INFO - Processing /opt/airflow/dags/stock_pipeline_dag.py took 0.415 seconds
[2025-09-07T17:15:40.353+0000] {processor.py:161} INFO - Started process (PID=254) to work on /opt/airflow/dags/stock_pipeline_dag.py
[2025-09-07T17:15:40.354+0000] {processor.py:830} INFO - Processing file /opt/airflow/dags/stock_pipeline_dag.py for tasks to queue
[2025-09-07T17:15:40.356+0000] {logging_mixin.py:188} INFO - [2025-09-07T17:15:40.355+0000] {dagbag.py:545} INFO - Filling up the DagBag from /opt/airflow/dags/stock_pipeline_dag.py
[2025-09-07T17:15:40.695+0000] {processor.py:840} INFO - DAG(s) 'fetch_api_data' retrieved from /opt/airflow/dags/stock_pipeline_dag.py
[2025-09-07T17:15:40.723+0000] {logging_mixin.py:188} INFO - [2025-09-07T17:15:40.723+0000] {dag.py:3096} INFO - Sync 1 DAGs
[2025-09-07T17:15:40.747+0000] {logging_mixin.py:188} INFO - [2025-09-07T17:15:40.747+0000] {dag.py:3954} INFO - Setting next_dagrun for fetch_api_data to 2025-09-07 00:00:00+00:00, run_after=2025-09-08 00:00:00+00:00
[2025-09-07T17:15:40.781+0000] {processor.py:183} INFO - Processing /opt/airflow/dags/stock_pipeline_dag.py took 0.435 seconds
[2025-09-07T17:16:27.019+0000] {processor.py:161} INFO - Started process (PID=164) to work on /opt/airflow/dags/stock_pipeline_dag.py
[2025-09-07T17:16:27.021+0000] {processor.py:830} INFO - Processing file /opt/airflow/dags/stock_pipeline_dag.py for tasks to queue
[2025-09-07T17:16:27.025+0000] {logging_mixin.py:188} INFO - [2025-09-07T17:16:27.024+0000] {dagbag.py:545} INFO - Filling up the DagBag from /opt/airflow/dags/stock_pipeline_dag.py
[2025-09-07T17:16:29.041+0000] {processor.py:840} INFO - DAG(s) 'fetch_api_data' retrieved from /opt/airflow/dags/stock_pipeline_dag.py
[2025-09-07T17:16:29.339+0000] {logging_mixin.py:188} INFO - [2025-09-07T17:16:29.338+0000] {override.py:1829} INFO - Created Permission View: can edit on DAG:fetch_api_data
[2025-09-07T17:16:29.388+0000] {logging_mixin.py:188} INFO - [2025-09-07T17:16:29.388+0000] {override.py:1829} INFO - Created Permission View: can read on DAG:fetch_api_data
[2025-09-07T17:16:29.400+0000] {logging_mixin.py:188} INFO - [2025-09-07T17:16:29.400+0000] {override.py:1829} INFO - Created Permission View: can delete on DAG:fetch_api_data
[2025-09-07T17:16:29.401+0000] {logging_mixin.py:188} INFO - [2025-09-07T17:16:29.401+0000] {dag.py:3096} INFO - Sync 1 DAGs
[2025-09-07T17:16:29.413+0000] {logging_mixin.py:188} INFO - [2025-09-07T17:16:29.413+0000] {dag.py:3118} INFO - Creating ORM DAG for fetch_api_data
[2025-09-07T17:16:29.442+0000] {logging_mixin.py:188} INFO - [2025-09-07T17:16:29.442+0000] {dag.py:3954} INFO - Setting next_dagrun for fetch_api_data to 2025-09-07 00:00:00+00:00, run_after=2025-09-08 00:00:00+00:00
[2025-09-07T17:16:29.472+0000] {processor.py:183} INFO - Processing /opt/airflow/dags/stock_pipeline_dag.py took 2.464 seconds
[2025-09-07T17:16:59.798+0000] {processor.py:161} INFO - Started process (PID=170) to work on /opt/airflow/dags/stock_pipeline_dag.py
[2025-09-07T17:16:59.800+0000] {processor.py:830} INFO - Processing file /opt/airflow/dags/stock_pipeline_dag.py for tasks to queue
[2025-09-07T17:16:59.802+0000] {logging_mixin.py:188} INFO - [2025-09-07T17:16:59.802+0000] {dagbag.py:545} INFO - Filling up the DagBag from /opt/airflow/dags/stock_pipeline_dag.py
[2025-09-07T17:17:00.312+0000] {processor.py:840} INFO - DAG(s) 'fetch_api_data' retrieved from /opt/airflow/dags/stock_pipeline_dag.py
[2025-09-07T17:17:00.323+0000] {logging_mixin.py:188} INFO - [2025-09-07T17:17:00.323+0000] {dag.py:3096} INFO - Sync 1 DAGs
[2025-09-07T17:17:00.345+0000] {logging_mixin.py:188} INFO - [2025-09-07T17:17:00.345+0000] {dag.py:3954} INFO - Setting next_dagrun for fetch_api_data to 2025-09-07 00:00:00+00:00, run_after=2025-09-08 00:00:00+00:00
[2025-09-07T17:17:00.371+0000] {processor.py:183} INFO - Processing /opt/airflow/dags/stock_pipeline_dag.py took 0.581 seconds
[2025-09-07T17:17:30.596+0000] {processor.py:161} INFO - Started process (PID=176) to work on /opt/airflow/dags/stock_pipeline_dag.py
[2025-09-07T17:17:30.597+0000] {processor.py:830} INFO - Processing file /opt/airflow/dags/stock_pipeline_dag.py for tasks to queue
[2025-09-07T17:17:30.599+0000] {logging_mixin.py:188} INFO - [2025-09-07T17:17:30.598+0000] {dagbag.py:545} INFO - Filling up the DagBag from /opt/airflow/dags/stock_pipeline_dag.py
[2025-09-07T17:17:31.066+0000] {processor.py:840} INFO - DAG(s) 'fetch_api_data' retrieved from /opt/airflow/dags/stock_pipeline_dag.py
[2025-09-07T17:17:31.155+0000] {logging_mixin.py:188} INFO - [2025-09-07T17:17:31.155+0000] {dag.py:3096} INFO - Sync 1 DAGs
[2025-09-07T17:17:31.173+0000] {logging_mixin.py:188} INFO - [2025-09-07T17:17:31.172+0000] {dag.py:3954} INFO - Setting next_dagrun for fetch_api_data to 2025-09-07 00:00:00+00:00, run_after=2025-09-08 00:00:00+00:00
[2025-09-07T17:17:31.199+0000] {processor.py:183} INFO - Processing /opt/airflow/dags/stock_pipeline_dag.py took 0.611 seconds
[2025-09-07T17:18:01.579+0000] {processor.py:161} INFO - Started process (PID=182) to work on /opt/airflow/dags/stock_pipeline_dag.py
[2025-09-07T17:18:01.580+0000] {processor.py:830} INFO - Processing file /opt/airflow/dags/stock_pipeline_dag.py for tasks to queue
[2025-09-07T17:18:01.582+0000] {logging_mixin.py:188} INFO - [2025-09-07T17:18:01.582+0000] {dagbag.py:545} INFO - Filling up the DagBag from /opt/airflow/dags/stock_pipeline_dag.py
[2025-09-07T17:18:02.070+0000] {processor.py:840} INFO - DAG(s) 'fetch_api_data' retrieved from /opt/airflow/dags/stock_pipeline_dag.py
[2025-09-07T17:18:02.098+0000] {logging_mixin.py:188} INFO - [2025-09-07T17:18:02.097+0000] {dag.py:3096} INFO - Sync 1 DAGs
[2025-09-07T17:18:02.119+0000] {logging_mixin.py:188} INFO - [2025-09-07T17:18:02.119+0000] {dag.py:3954} INFO - Setting next_dagrun for fetch_api_data to 2025-09-07 00:00:00+00:00, run_after=2025-09-08 00:00:00+00:00
[2025-09-07T17:18:02.148+0000] {processor.py:183} INFO - Processing /opt/airflow/dags/stock_pipeline_dag.py took 0.575 seconds
[2025-09-07T17:18:32.239+0000] {processor.py:161} INFO - Started process (PID=188) to work on /opt/airflow/dags/stock_pipeline_dag.py
[2025-09-07T17:18:32.240+0000] {processor.py:830} INFO - Processing file /opt/airflow/dags/stock_pipeline_dag.py for tasks to queue
[2025-09-07T17:18:32.242+0000] {logging_mixin.py:188} INFO - [2025-09-07T17:18:32.241+0000] {dagbag.py:545} INFO - Filling up the DagBag from /opt/airflow/dags/stock_pipeline_dag.py
[2025-09-07T17:18:32.763+0000] {processor.py:840} INFO - DAG(s) 'fetch_api_data' retrieved from /opt/airflow/dags/stock_pipeline_dag.py
[2025-09-07T17:18:32.787+0000] {logging_mixin.py:188} INFO - [2025-09-07T17:18:32.787+0000] {dag.py:3096} INFO - Sync 1 DAGs
[2025-09-07T17:18:32.810+0000] {logging_mixin.py:188} INFO - [2025-09-07T17:18:32.810+0000] {dag.py:3954} INFO - Setting next_dagrun for fetch_api_data to 2025-09-07 00:00:00+00:00, run_after=2025-09-08 00:00:00+00:00
[2025-09-07T17:18:32.835+0000] {processor.py:183} INFO - Processing /opt/airflow/dags/stock_pipeline_dag.py took 0.603 seconds
[2025-09-07T17:19:03.154+0000] {processor.py:161} INFO - Started process (PID=194) to work on /opt/airflow/dags/stock_pipeline_dag.py
[2025-09-07T17:19:03.155+0000] {processor.py:830} INFO - Processing file /opt/airflow/dags/stock_pipeline_dag.py for tasks to queue
[2025-09-07T17:19:03.157+0000] {logging_mixin.py:188} INFO - [2025-09-07T17:19:03.157+0000] {dagbag.py:545} INFO - Filling up the DagBag from /opt/airflow/dags/stock_pipeline_dag.py
[2025-09-07T17:19:03.705+0000] {processor.py:840} INFO - DAG(s) 'fetch_api_data' retrieved from /opt/airflow/dags/stock_pipeline_dag.py
[2025-09-07T17:19:03.731+0000] {logging_mixin.py:188} INFO - [2025-09-07T17:19:03.730+0000] {dag.py:3096} INFO - Sync 1 DAGs
[2025-09-07T17:19:03.759+0000] {logging_mixin.py:188} INFO - [2025-09-07T17:19:03.758+0000] {dag.py:3954} INFO - Setting next_dagrun for fetch_api_data to 2025-09-07 00:00:00+00:00, run_after=2025-09-08 00:00:00+00:00
[2025-09-07T17:19:03.791+0000] {processor.py:183} INFO - Processing /opt/airflow/dags/stock_pipeline_dag.py took 0.645 seconds
[2025-09-07T17:19:34.056+0000] {processor.py:161} INFO - Started process (PID=200) to work on /opt/airflow/dags/stock_pipeline_dag.py
[2025-09-07T17:19:34.057+0000] {processor.py:830} INFO - Processing file /opt/airflow/dags/stock_pipeline_dag.py for tasks to queue
[2025-09-07T17:19:34.059+0000] {logging_mixin.py:188} INFO - [2025-09-07T17:19:34.059+0000] {dagbag.py:545} INFO - Filling up the DagBag from /opt/airflow/dags/stock_pipeline_dag.py
[2025-09-07T17:19:34.580+0000] {processor.py:840} INFO - DAG(s) 'fetch_api_data' retrieved from /opt/airflow/dags/stock_pipeline_dag.py
[2025-09-07T17:19:34.610+0000] {logging_mixin.py:188} INFO - [2025-09-07T17:19:34.609+0000] {dag.py:3096} INFO - Sync 1 DAGs
[2025-09-07T17:19:34.632+0000] {logging_mixin.py:188} INFO - [2025-09-07T17:19:34.632+0000] {dag.py:3954} INFO - Setting next_dagrun for fetch_api_data to 2025-09-07 00:00:00+00:00, run_after=2025-09-08 00:00:00+00:00
[2025-09-07T17:19:34.663+0000] {processor.py:183} INFO - Processing /opt/airflow/dags/stock_pipeline_dag.py took 0.615 seconds
[2025-09-07T17:20:05.051+0000] {processor.py:161} INFO - Started process (PID=206) to work on /opt/airflow/dags/stock_pipeline_dag.py
[2025-09-07T17:20:05.052+0000] {processor.py:830} INFO - Processing file /opt/airflow/dags/stock_pipeline_dag.py for tasks to queue
[2025-09-07T17:20:05.055+0000] {logging_mixin.py:188} INFO - [2025-09-07T17:20:05.054+0000] {dagbag.py:545} INFO - Filling up the DagBag from /opt/airflow/dags/stock_pipeline_dag.py
[2025-09-07T17:20:05.569+0000] {processor.py:840} INFO - DAG(s) 'fetch_api_data' retrieved from /opt/airflow/dags/stock_pipeline_dag.py
[2025-09-07T17:20:05.593+0000] {logging_mixin.py:188} INFO - [2025-09-07T17:20:05.593+0000] {dag.py:3096} INFO - Sync 1 DAGs
[2025-09-07T17:20:05.614+0000] {logging_mixin.py:188} INFO - [2025-09-07T17:20:05.613+0000] {dag.py:3954} INFO - Setting next_dagrun for fetch_api_data to 2025-09-07 00:00:00+00:00, run_after=2025-09-08 00:00:00+00:00
[2025-09-07T17:20:05.642+0000] {processor.py:183} INFO - Processing /opt/airflow/dags/stock_pipeline_dag.py took 0.598 seconds
[2025-09-07T17:20:35.805+0000] {processor.py:161} INFO - Started process (PID=212) to work on /opt/airflow/dags/stock_pipeline_dag.py
[2025-09-07T17:20:35.807+0000] {processor.py:830} INFO - Processing file /opt/airflow/dags/stock_pipeline_dag.py for tasks to queue
[2025-09-07T17:20:35.810+0000] {logging_mixin.py:188} INFO - [2025-09-07T17:20:35.809+0000] {dagbag.py:545} INFO - Filling up the DagBag from /opt/airflow/dags/stock_pipeline_dag.py
[2025-09-07T17:20:36.305+0000] {processor.py:840} INFO - DAG(s) 'fetch_api_data' retrieved from /opt/airflow/dags/stock_pipeline_dag.py
[2025-09-07T17:20:36.326+0000] {logging_mixin.py:188} INFO - [2025-09-07T17:20:36.326+0000] {dag.py:3096} INFO - Sync 1 DAGs
[2025-09-07T17:20:36.347+0000] {logging_mixin.py:188} INFO - [2025-09-07T17:20:36.347+0000] {dag.py:3954} INFO - Setting next_dagrun for fetch_api_data to 2025-09-07 00:00:00+00:00, run_after=2025-09-08 00:00:00+00:00
[2025-09-07T17:20:36.371+0000] {processor.py:183} INFO - Processing /opt/airflow/dags/stock_pipeline_dag.py took 0.572 seconds
[2025-09-07T17:21:07.451+0000] {processor.py:161} INFO - Started process (PID=164) to work on /opt/airflow/dags/stock_pipeline_dag.py
[2025-09-07T17:21:07.453+0000] {processor.py:830} INFO - Processing file /opt/airflow/dags/stock_pipeline_dag.py for tasks to queue
[2025-09-07T17:21:07.457+0000] {logging_mixin.py:188} INFO - [2025-09-07T17:21:07.456+0000] {dagbag.py:545} INFO - Filling up the DagBag from /opt/airflow/dags/stock_pipeline_dag.py
[2025-09-07T17:21:09.388+0000] {processor.py:840} INFO - DAG(s) 'fetch_api_data' retrieved from /opt/airflow/dags/stock_pipeline_dag.py
[2025-09-07T17:21:09.676+0000] {logging_mixin.py:188} INFO - [2025-09-07T17:21:09.675+0000] {override.py:1829} INFO - Created Permission View: can edit on DAG:fetch_api_data
[2025-09-07T17:21:09.696+0000] {logging_mixin.py:188} INFO - [2025-09-07T17:21:09.695+0000] {override.py:1829} INFO - Created Permission View: can read on DAG:fetch_api_data
[2025-09-07T17:21:09.712+0000] {logging_mixin.py:188} INFO - [2025-09-07T17:21:09.712+0000] {override.py:1829} INFO - Created Permission View: can delete on DAG:fetch_api_data
[2025-09-07T17:21:09.713+0000] {logging_mixin.py:188} INFO - [2025-09-07T17:21:09.713+0000] {dag.py:3096} INFO - Sync 1 DAGs
[2025-09-07T17:21:09.730+0000] {logging_mixin.py:188} INFO - [2025-09-07T17:21:09.729+0000] {dag.py:3118} INFO - Creating ORM DAG for fetch_api_data
[2025-09-07T17:21:09.749+0000] {logging_mixin.py:188} INFO - [2025-09-07T17:21:09.749+0000] {dag.py:3954} INFO - Setting next_dagrun for fetch_api_data to 2025-09-07 00:00:00+00:00, run_after=2025-09-08 00:00:00+00:00
[2025-09-07T17:21:09.778+0000] {processor.py:183} INFO - Processing /opt/airflow/dags/stock_pipeline_dag.py took 2.339 seconds
[2025-09-07T17:21:46.672+0000] {processor.py:161} INFO - Started process (PID=164) to work on /opt/airflow/dags/stock_pipeline_dag.py
[2025-09-07T17:21:46.674+0000] {processor.py:830} INFO - Processing file /opt/airflow/dags/stock_pipeline_dag.py for tasks to queue
[2025-09-07T17:21:46.677+0000] {logging_mixin.py:188} INFO - [2025-09-07T17:21:46.676+0000] {dagbag.py:545} INFO - Filling up the DagBag from /opt/airflow/dags/stock_pipeline_dag.py
[2025-09-07T17:21:47.235+0000] {processor.py:840} INFO - DAG(s) 'fetch_api_data' retrieved from /opt/airflow/dags/stock_pipeline_dag.py
[2025-09-07T17:21:47.275+0000] {logging_mixin.py:188} INFO - [2025-09-07T17:21:47.274+0000] {dag.py:3096} INFO - Sync 1 DAGs
[2025-09-07T17:21:47.298+0000] {logging_mixin.py:188} INFO - [2025-09-07T17:21:47.298+0000] {dag.py:3954} INFO - Setting next_dagrun for fetch_api_data to 2025-09-07 00:00:00+00:00, run_after=2025-09-08 00:00:00+00:00
[2025-09-07T17:21:47.332+0000] {processor.py:183} INFO - Processing /opt/airflow/dags/stock_pipeline_dag.py took 0.667 seconds
[2025-09-07T17:22:17.619+0000] {processor.py:161} INFO - Started process (PID=170) to work on /opt/airflow/dags/stock_pipeline_dag.py
[2025-09-07T17:22:17.620+0000] {processor.py:830} INFO - Processing file /opt/airflow/dags/stock_pipeline_dag.py for tasks to queue
[2025-09-07T17:22:17.622+0000] {logging_mixin.py:188} INFO - [2025-09-07T17:22:17.622+0000] {dagbag.py:545} INFO - Filling up the DagBag from /opt/airflow/dags/stock_pipeline_dag.py
[2025-09-07T17:22:18.129+0000] {processor.py:840} INFO - DAG(s) 'fetch_api_data' retrieved from /opt/airflow/dags/stock_pipeline_dag.py
[2025-09-07T17:22:18.162+0000] {logging_mixin.py:188} INFO - [2025-09-07T17:22:18.161+0000] {dag.py:3096} INFO - Sync 1 DAGs
[2025-09-07T17:22:18.188+0000] {logging_mixin.py:188} INFO - [2025-09-07T17:22:18.188+0000] {dag.py:3954} INFO - Setting next_dagrun for fetch_api_data to 2025-09-07 00:00:00+00:00, run_after=2025-09-08 00:00:00+00:00
[2025-09-07T17:22:18.217+0000] {processor.py:183} INFO - Processing /opt/airflow/dags/stock_pipeline_dag.py took 0.603 seconds
[2025-09-07T17:22:48.513+0000] {processor.py:161} INFO - Started process (PID=176) to work on /opt/airflow/dags/stock_pipeline_dag.py
[2025-09-07T17:22:48.514+0000] {processor.py:830} INFO - Processing file /opt/airflow/dags/stock_pipeline_dag.py for tasks to queue
[2025-09-07T17:22:48.517+0000] {logging_mixin.py:188} INFO - [2025-09-07T17:22:48.517+0000] {dagbag.py:545} INFO - Filling up the DagBag from /opt/airflow/dags/stock_pipeline_dag.py
[2025-09-07T17:22:49.043+0000] {processor.py:840} INFO - DAG(s) 'fetch_api_data' retrieved from /opt/airflow/dags/stock_pipeline_dag.py
[2025-09-07T17:22:49.070+0000] {logging_mixin.py:188} INFO - [2025-09-07T17:22:49.070+0000] {dag.py:3096} INFO - Sync 1 DAGs
[2025-09-07T17:22:49.092+0000] {logging_mixin.py:188} INFO - [2025-09-07T17:22:49.092+0000] {dag.py:3954} INFO - Setting next_dagrun for fetch_api_data to 2025-09-07 00:00:00+00:00, run_after=2025-09-08 00:00:00+00:00
[2025-09-07T17:22:49.120+0000] {processor.py:183} INFO - Processing /opt/airflow/dags/stock_pipeline_dag.py took 0.616 seconds
[2025-09-07T17:23:19.501+0000] {processor.py:161} INFO - Started process (PID=182) to work on /opt/airflow/dags/stock_pipeline_dag.py
[2025-09-07T17:23:19.502+0000] {processor.py:830} INFO - Processing file /opt/airflow/dags/stock_pipeline_dag.py for tasks to queue
[2025-09-07T17:23:19.505+0000] {logging_mixin.py:188} INFO - [2025-09-07T17:23:19.504+0000] {dagbag.py:545} INFO - Filling up the DagBag from /opt/airflow/dags/stock_pipeline_dag.py
[2025-09-07T17:23:19.903+0000] {processor.py:840} INFO - DAG(s) 'fetch_api_data' retrieved from /opt/airflow/dags/stock_pipeline_dag.py
[2025-09-07T17:23:19.923+0000] {logging_mixin.py:188} INFO - [2025-09-07T17:23:19.923+0000] {dag.py:3096} INFO - Sync 1 DAGs
[2025-09-07T17:23:19.943+0000] {logging_mixin.py:188} INFO - [2025-09-07T17:23:19.943+0000] {dag.py:3954} INFO - Setting next_dagrun for fetch_api_data to 2025-09-07 00:00:00+00:00, run_after=2025-09-08 00:00:00+00:00
[2025-09-07T17:23:19.976+0000] {processor.py:183} INFO - Processing /opt/airflow/dags/stock_pipeline_dag.py took 0.481 seconds
[2025-09-07T17:23:50.260+0000] {processor.py:161} INFO - Started process (PID=188) to work on /opt/airflow/dags/stock_pipeline_dag.py
[2025-09-07T17:23:50.261+0000] {processor.py:830} INFO - Processing file /opt/airflow/dags/stock_pipeline_dag.py for tasks to queue
[2025-09-07T17:23:50.263+0000] {logging_mixin.py:188} INFO - [2025-09-07T17:23:50.263+0000] {dagbag.py:545} INFO - Filling up the DagBag from /opt/airflow/dags/stock_pipeline_dag.py
[2025-09-07T17:23:50.766+0000] {processor.py:840} INFO - DAG(s) 'fetch_api_data' retrieved from /opt/airflow/dags/stock_pipeline_dag.py
[2025-09-07T17:23:50.791+0000] {logging_mixin.py:188} INFO - [2025-09-07T17:23:50.791+0000] {dag.py:3096} INFO - Sync 1 DAGs
[2025-09-07T17:23:50.821+0000] {logging_mixin.py:188} INFO - [2025-09-07T17:23:50.821+0000] {dag.py:3954} INFO - Setting next_dagrun for fetch_api_data to 2025-09-07 00:00:00+00:00, run_after=2025-09-08 00:00:00+00:00
[2025-09-07T17:23:50.847+0000] {processor.py:183} INFO - Processing /opt/airflow/dags/stock_pipeline_dag.py took 0.592 seconds
[2025-09-07T17:24:21.159+0000] {processor.py:161} INFO - Started process (PID=194) to work on /opt/airflow/dags/stock_pipeline_dag.py
[2025-09-07T17:24:21.160+0000] {processor.py:830} INFO - Processing file /opt/airflow/dags/stock_pipeline_dag.py for tasks to queue
[2025-09-07T17:24:21.162+0000] {logging_mixin.py:188} INFO - [2025-09-07T17:24:21.161+0000] {dagbag.py:545} INFO - Filling up the DagBag from /opt/airflow/dags/stock_pipeline_dag.py
[2025-09-07T17:24:21.660+0000] {processor.py:840} INFO - DAG(s) 'fetch_api_data' retrieved from /opt/airflow/dags/stock_pipeline_dag.py
[2025-09-07T17:24:21.687+0000] {logging_mixin.py:188} INFO - [2025-09-07T17:24:21.687+0000] {dag.py:3096} INFO - Sync 1 DAGs
[2025-09-07T17:24:21.708+0000] {logging_mixin.py:188} INFO - [2025-09-07T17:24:21.708+0000] {dag.py:3954} INFO - Setting next_dagrun for fetch_api_data to 2025-09-07 00:00:00+00:00, run_after=2025-09-08 00:00:00+00:00
[2025-09-07T17:24:21.733+0000] {processor.py:183} INFO - Processing /opt/airflow/dags/stock_pipeline_dag.py took 0.580 seconds
[2025-09-07T17:24:51.850+0000] {processor.py:161} INFO - Started process (PID=200) to work on /opt/airflow/dags/stock_pipeline_dag.py
[2025-09-07T17:24:51.852+0000] {processor.py:830} INFO - Processing file /opt/airflow/dags/stock_pipeline_dag.py for tasks to queue
[2025-09-07T17:24:51.854+0000] {logging_mixin.py:188} INFO - [2025-09-07T17:24:51.854+0000] {dagbag.py:545} INFO - Filling up the DagBag from /opt/airflow/dags/stock_pipeline_dag.py
[2025-09-07T17:24:52.329+0000] {processor.py:840} INFO - DAG(s) 'fetch_api_data' retrieved from /opt/airflow/dags/stock_pipeline_dag.py
[2025-09-07T17:24:52.353+0000] {logging_mixin.py:188} INFO - [2025-09-07T17:24:52.352+0000] {dag.py:3096} INFO - Sync 1 DAGs
[2025-09-07T17:24:52.372+0000] {logging_mixin.py:188} INFO - [2025-09-07T17:24:52.372+0000] {dag.py:3954} INFO - Setting next_dagrun for fetch_api_data to 2025-09-07 00:00:00+00:00, run_after=2025-09-08 00:00:00+00:00
[2025-09-07T17:24:52.397+0000] {processor.py:183} INFO - Processing /opt/airflow/dags/stock_pipeline_dag.py took 0.554 seconds
[2025-09-07T17:25:22.739+0000] {processor.py:161} INFO - Started process (PID=206) to work on /opt/airflow/dags/stock_pipeline_dag.py
[2025-09-07T17:25:22.740+0000] {processor.py:830} INFO - Processing file /opt/airflow/dags/stock_pipeline_dag.py for tasks to queue
[2025-09-07T17:25:22.743+0000] {logging_mixin.py:188} INFO - [2025-09-07T17:25:22.743+0000] {dagbag.py:545} INFO - Filling up the DagBag from /opt/airflow/dags/stock_pipeline_dag.py
[2025-09-07T17:25:23.220+0000] {processor.py:840} INFO - DAG(s) 'fetch_api_data' retrieved from /opt/airflow/dags/stock_pipeline_dag.py
[2025-09-07T17:25:23.245+0000] {logging_mixin.py:188} INFO - [2025-09-07T17:25:23.244+0000] {dag.py:3096} INFO - Sync 1 DAGs
[2025-09-07T17:25:23.267+0000] {logging_mixin.py:188} INFO - [2025-09-07T17:25:23.266+0000] {dag.py:3954} INFO - Setting next_dagrun for fetch_api_data to 2025-09-07 00:00:00+00:00, run_after=2025-09-08 00:00:00+00:00
[2025-09-07T17:25:23.295+0000] {processor.py:183} INFO - Processing /opt/airflow/dags/stock_pipeline_dag.py took 0.564 seconds
[2025-09-07T17:25:53.591+0000] {processor.py:161} INFO - Started process (PID=212) to work on /opt/airflow/dags/stock_pipeline_dag.py
[2025-09-07T17:25:53.593+0000] {processor.py:830} INFO - Processing file /opt/airflow/dags/stock_pipeline_dag.py for tasks to queue
[2025-09-07T17:25:53.595+0000] {logging_mixin.py:188} INFO - [2025-09-07T17:25:53.595+0000] {dagbag.py:545} INFO - Filling up the DagBag from /opt/airflow/dags/stock_pipeline_dag.py
[2025-09-07T17:25:54.064+0000] {processor.py:840} INFO - DAG(s) 'fetch_api_data' retrieved from /opt/airflow/dags/stock_pipeline_dag.py
[2025-09-07T17:25:54.088+0000] {logging_mixin.py:188} INFO - [2025-09-07T17:25:54.087+0000] {dag.py:3096} INFO - Sync 1 DAGs
[2025-09-07T17:25:54.109+0000] {logging_mixin.py:188} INFO - [2025-09-07T17:25:54.109+0000] {dag.py:3954} INFO - Setting next_dagrun for fetch_api_data to 2025-09-07 00:00:00+00:00, run_after=2025-09-08 00:00:00+00:00
[2025-09-07T17:25:54.133+0000] {processor.py:183} INFO - Processing /opt/airflow/dags/stock_pipeline_dag.py took 0.550 seconds
[2025-09-07T17:26:24.390+0000] {processor.py:161} INFO - Started process (PID=218) to work on /opt/airflow/dags/stock_pipeline_dag.py
[2025-09-07T17:26:24.391+0000] {processor.py:830} INFO - Processing file /opt/airflow/dags/stock_pipeline_dag.py for tasks to queue
[2025-09-07T17:26:24.393+0000] {logging_mixin.py:188} INFO - [2025-09-07T17:26:24.393+0000] {dagbag.py:545} INFO - Filling up the DagBag from /opt/airflow/dags/stock_pipeline_dag.py
[2025-09-07T17:26:24.878+0000] {processor.py:840} INFO - DAG(s) 'fetch_api_data' retrieved from /opt/airflow/dags/stock_pipeline_dag.py
[2025-09-07T17:26:24.903+0000] {logging_mixin.py:188} INFO - [2025-09-07T17:26:24.903+0000] {dag.py:3096} INFO - Sync 1 DAGs
[2025-09-07T17:26:24.925+0000] {logging_mixin.py:188} INFO - [2025-09-07T17:26:24.924+0000] {dag.py:3954} INFO - Setting next_dagrun for fetch_api_data to 2025-09-07 00:00:00+00:00, run_after=2025-09-08 00:00:00+00:00
[2025-09-07T17:26:24.951+0000] {processor.py:183} INFO - Processing /opt/airflow/dags/stock_pipeline_dag.py took 0.568 seconds
[2025-09-07T17:26:55.300+0000] {processor.py:161} INFO - Started process (PID=224) to work on /opt/airflow/dags/stock_pipeline_dag.py
[2025-09-07T17:26:55.301+0000] {processor.py:830} INFO - Processing file /opt/airflow/dags/stock_pipeline_dag.py for tasks to queue
[2025-09-07T17:26:55.303+0000] {logging_mixin.py:188} INFO - [2025-09-07T17:26:55.303+0000] {dagbag.py:545} INFO - Filling up the DagBag from /opt/airflow/dags/stock_pipeline_dag.py
[2025-09-07T17:26:55.769+0000] {processor.py:840} INFO - DAG(s) 'fetch_api_data' retrieved from /opt/airflow/dags/stock_pipeline_dag.py
[2025-09-07T17:26:55.792+0000] {logging_mixin.py:188} INFO - [2025-09-07T17:26:55.792+0000] {dag.py:3096} INFO - Sync 1 DAGs
[2025-09-07T17:26:55.814+0000] {logging_mixin.py:188} INFO - [2025-09-07T17:26:55.813+0000] {dag.py:3954} INFO - Setting next_dagrun for fetch_api_data to 2025-09-07 00:00:00+00:00, run_after=2025-09-08 00:00:00+00:00
[2025-09-07T17:26:55.846+0000] {processor.py:183} INFO - Processing /opt/airflow/dags/stock_pipeline_dag.py took 0.553 seconds
[2025-09-07T17:27:26.101+0000] {processor.py:161} INFO - Started process (PID=230) to work on /opt/airflow/dags/stock_pipeline_dag.py
[2025-09-07T17:27:26.102+0000] {processor.py:830} INFO - Processing file /opt/airflow/dags/stock_pipeline_dag.py for tasks to queue
[2025-09-07T17:27:26.104+0000] {logging_mixin.py:188} INFO - [2025-09-07T17:27:26.103+0000] {dagbag.py:545} INFO - Filling up the DagBag from /opt/airflow/dags/stock_pipeline_dag.py
[2025-09-07T17:27:26.594+0000] {processor.py:840} INFO - DAG(s) 'fetch_api_data' retrieved from /opt/airflow/dags/stock_pipeline_dag.py
[2025-09-07T17:27:26.618+0000] {logging_mixin.py:188} INFO - [2025-09-07T17:27:26.617+0000] {dag.py:3096} INFO - Sync 1 DAGs
[2025-09-07T17:27:26.638+0000] {logging_mixin.py:188} INFO - [2025-09-07T17:27:26.637+0000] {dag.py:3954} INFO - Setting next_dagrun for fetch_api_data to 2025-09-07 00:00:00+00:00, run_after=2025-09-08 00:00:00+00:00
[2025-09-07T17:27:26.665+0000] {processor.py:183} INFO - Processing /opt/airflow/dags/stock_pipeline_dag.py took 0.570 seconds
[2025-09-07T17:27:57.153+0000] {processor.py:161} INFO - Started process (PID=236) to work on /opt/airflow/dags/stock_pipeline_dag.py
[2025-09-07T17:27:57.155+0000] {processor.py:830} INFO - Processing file /opt/airflow/dags/stock_pipeline_dag.py for tasks to queue
[2025-09-07T17:27:57.158+0000] {logging_mixin.py:188} INFO - [2025-09-07T17:27:57.157+0000] {dagbag.py:545} INFO - Filling up the DagBag from /opt/airflow/dags/stock_pipeline_dag.py
[2025-09-07T17:27:57.537+0000] {processor.py:840} INFO - DAG(s) 'fetch_api_data' retrieved from /opt/airflow/dags/stock_pipeline_dag.py
[2025-09-07T17:27:57.567+0000] {logging_mixin.py:188} INFO - [2025-09-07T17:27:57.567+0000] {dag.py:3096} INFO - Sync 1 DAGs
[2025-09-07T17:27:57.596+0000] {logging_mixin.py:188} INFO - [2025-09-07T17:27:57.595+0000] {dag.py:3954} INFO - Setting next_dagrun for fetch_api_data to 2025-09-07 00:00:00+00:00, run_after=2025-09-08 00:00:00+00:00
[2025-09-07T17:27:57.625+0000] {processor.py:183} INFO - Processing /opt/airflow/dags/stock_pipeline_dag.py took 0.481 seconds
[2025-09-07T17:28:02.588+0000] {processor.py:161} INFO - Started process (PID=242) to work on /opt/airflow/dags/stock_pipeline_dag.py
[2025-09-07T17:28:02.589+0000] {processor.py:830} INFO - Processing file /opt/airflow/dags/stock_pipeline_dag.py for tasks to queue
[2025-09-07T17:28:02.591+0000] {logging_mixin.py:188} INFO - [2025-09-07T17:28:02.591+0000] {dagbag.py:545} INFO - Filling up the DagBag from /opt/airflow/dags/stock_pipeline_dag.py
[2025-09-07T17:28:02.929+0000] {processor.py:840} INFO - DAG(s) 'fetch_api_data' retrieved from /opt/airflow/dags/stock_pipeline_dag.py
[2025-09-07T17:28:02.955+0000] {logging_mixin.py:188} INFO - [2025-09-07T17:28:02.954+0000] {dag.py:3096} INFO - Sync 1 DAGs
[2025-09-07T17:28:02.979+0000] {logging_mixin.py:188} INFO - [2025-09-07T17:28:02.978+0000] {dag.py:3954} INFO - Setting next_dagrun for fetch_api_data to 2025-09-07 00:00:00+00:00, run_after=2025-09-08 00:00:00+00:00
[2025-09-07T17:28:03.009+0000] {processor.py:183} INFO - Processing /opt/airflow/dags/stock_pipeline_dag.py took 0.427 seconds
[2025-09-07T17:28:03.766+0000] {processor.py:161} INFO - Started process (PID=248) to work on /opt/airflow/dags/stock_pipeline_dag.py
[2025-09-07T17:28:03.768+0000] {processor.py:830} INFO - Processing file /opt/airflow/dags/stock_pipeline_dag.py for tasks to queue
[2025-09-07T17:28:03.770+0000] {logging_mixin.py:188} INFO - [2025-09-07T17:28:03.769+0000] {dagbag.py:545} INFO - Filling up the DagBag from /opt/airflow/dags/stock_pipeline_dag.py
[2025-09-07T17:28:04.104+0000] {processor.py:840} INFO - DAG(s) 'fetch_api_data' retrieved from /opt/airflow/dags/stock_pipeline_dag.py
[2025-09-07T17:28:04.131+0000] {logging_mixin.py:188} INFO - [2025-09-07T17:28:04.131+0000] {dag.py:3096} INFO - Sync 1 DAGs
[2025-09-07T17:28:04.155+0000] {logging_mixin.py:188} INFO - [2025-09-07T17:28:04.155+0000] {dag.py:3954} INFO - Setting next_dagrun for fetch_api_data to 2025-09-07 00:00:00+00:00, run_after=2025-09-08 00:00:00+00:00
[2025-09-07T17:28:04.186+0000] {processor.py:183} INFO - Processing /opt/airflow/dags/stock_pipeline_dag.py took 0.427 seconds
[2025-09-07T17:28:46.554+0000] {processor.py:161} INFO - Started process (PID=164) to work on /opt/airflow/dags/stock_pipeline_dag.py
[2025-09-07T17:28:46.556+0000] {processor.py:830} INFO - Processing file /opt/airflow/dags/stock_pipeline_dag.py for tasks to queue
[2025-09-07T17:28:46.561+0000] {logging_mixin.py:188} INFO - [2025-09-07T17:28:46.560+0000] {dagbag.py:545} INFO - Filling up the DagBag from /opt/airflow/dags/stock_pipeline_dag.py
[2025-09-07T17:28:48.367+0000] {processor.py:840} INFO - DAG(s) 'fetch_api_data' retrieved from /opt/airflow/dags/stock_pipeline_dag.py
[2025-09-07T17:28:48.633+0000] {logging_mixin.py:188} INFO - [2025-09-07T17:28:48.632+0000] {override.py:1829} INFO - Created Permission View: can delete on DAG:fetch_api_data
[2025-09-07T17:28:48.649+0000] {logging_mixin.py:188} INFO - [2025-09-07T17:28:48.649+0000] {override.py:1829} INFO - Created Permission View: can edit on DAG:fetch_api_data
[2025-09-07T17:28:48.662+0000] {logging_mixin.py:188} INFO - [2025-09-07T17:28:48.662+0000] {override.py:1829} INFO - Created Permission View: can read on DAG:fetch_api_data
[2025-09-07T17:28:48.663+0000] {logging_mixin.py:188} INFO - [2025-09-07T17:28:48.663+0000] {dag.py:3096} INFO - Sync 1 DAGs
[2025-09-07T17:28:48.676+0000] {logging_mixin.py:188} INFO - [2025-09-07T17:28:48.675+0000] {dag.py:3118} INFO - Creating ORM DAG for fetch_api_data
[2025-09-07T17:28:48.696+0000] {logging_mixin.py:188} INFO - [2025-09-07T17:28:48.696+0000] {dag.py:3954} INFO - Setting next_dagrun for fetch_api_data to 2025-09-07 00:00:00+00:00, run_after=2025-09-08 00:00:00+00:00
[2025-09-07T17:28:48.727+0000] {processor.py:183} INFO - Processing /opt/airflow/dags/stock_pipeline_dag.py took 2.185 seconds
[2025-09-07T17:29:18.823+0000] {processor.py:161} INFO - Started process (PID=170) to work on /opt/airflow/dags/stock_pipeline_dag.py
[2025-09-07T17:29:18.824+0000] {processor.py:830} INFO - Processing file /opt/airflow/dags/stock_pipeline_dag.py for tasks to queue
[2025-09-07T17:29:18.826+0000] {logging_mixin.py:188} INFO - [2025-09-07T17:29:18.826+0000] {dagbag.py:545} INFO - Filling up the DagBag from /opt/airflow/dags/stock_pipeline_dag.py
[2025-09-07T17:29:19.337+0000] {processor.py:840} INFO - DAG(s) 'fetch_api_data' retrieved from /opt/airflow/dags/stock_pipeline_dag.py
[2025-09-07T17:29:19.352+0000] {logging_mixin.py:188} INFO - [2025-09-07T17:29:19.352+0000] {dag.py:3096} INFO - Sync 1 DAGs
[2025-09-07T17:29:19.374+0000] {logging_mixin.py:188} INFO - [2025-09-07T17:29:19.374+0000] {dag.py:3954} INFO - Setting next_dagrun for fetch_api_data to 2025-09-07 00:00:00+00:00, run_after=2025-09-08 00:00:00+00:00
[2025-09-07T17:29:19.402+0000] {processor.py:183} INFO - Processing /opt/airflow/dags/stock_pipeline_dag.py took 0.588 seconds
[2025-09-07T17:29:49.812+0000] {processor.py:161} INFO - Started process (PID=176) to work on /opt/airflow/dags/stock_pipeline_dag.py
[2025-09-07T17:29:49.814+0000] {processor.py:830} INFO - Processing file /opt/airflow/dags/stock_pipeline_dag.py for tasks to queue
[2025-09-07T17:29:49.817+0000] {logging_mixin.py:188} INFO - [2025-09-07T17:29:49.816+0000] {dagbag.py:545} INFO - Filling up the DagBag from /opt/airflow/dags/stock_pipeline_dag.py
[2025-09-07T17:29:50.335+0000] {processor.py:840} INFO - DAG(s) 'fetch_api_data' retrieved from /opt/airflow/dags/stock_pipeline_dag.py
[2025-09-07T17:29:50.439+0000] {logging_mixin.py:188} INFO - [2025-09-07T17:29:50.439+0000] {dag.py:3096} INFO - Sync 1 DAGs
[2025-09-07T17:29:50.459+0000] {logging_mixin.py:188} INFO - [2025-09-07T17:29:50.459+0000] {dag.py:3954} INFO - Setting next_dagrun for fetch_api_data to 2025-09-07 00:00:00+00:00, run_after=2025-09-08 00:00:00+00:00
[2025-09-07T17:29:50.490+0000] {processor.py:183} INFO - Processing /opt/airflow/dags/stock_pipeline_dag.py took 0.685 seconds
[2025-09-07T17:30:20.674+0000] {processor.py:161} INFO - Started process (PID=182) to work on /opt/airflow/dags/stock_pipeline_dag.py
[2025-09-07T17:30:20.675+0000] {processor.py:830} INFO - Processing file /opt/airflow/dags/stock_pipeline_dag.py for tasks to queue
[2025-09-07T17:30:20.677+0000] {logging_mixin.py:188} INFO - [2025-09-07T17:30:20.676+0000] {dagbag.py:545} INFO - Filling up the DagBag from /opt/airflow/dags/stock_pipeline_dag.py
[2025-09-07T17:30:21.163+0000] {processor.py:840} INFO - DAG(s) 'fetch_api_data' retrieved from /opt/airflow/dags/stock_pipeline_dag.py
[2025-09-07T17:30:21.187+0000] {logging_mixin.py:188} INFO - [2025-09-07T17:30:21.187+0000] {dag.py:3096} INFO - Sync 1 DAGs
[2025-09-07T17:30:21.208+0000] {logging_mixin.py:188} INFO - [2025-09-07T17:30:21.208+0000] {dag.py:3954} INFO - Setting next_dagrun for fetch_api_data to 2025-09-07 00:00:00+00:00, run_after=2025-09-08 00:00:00+00:00
[2025-09-07T17:30:21.238+0000] {processor.py:183} INFO - Processing /opt/airflow/dags/stock_pipeline_dag.py took 0.570 seconds
[2025-09-07T17:30:51.656+0000] {processor.py:161} INFO - Started process (PID=188) to work on /opt/airflow/dags/stock_pipeline_dag.py
[2025-09-07T17:30:51.657+0000] {processor.py:830} INFO - Processing file /opt/airflow/dags/stock_pipeline_dag.py for tasks to queue
[2025-09-07T17:30:51.660+0000] {logging_mixin.py:188} INFO - [2025-09-07T17:30:51.659+0000] {dagbag.py:545} INFO - Filling up the DagBag from /opt/airflow/dags/stock_pipeline_dag.py
[2025-09-07T17:30:52.160+0000] {processor.py:840} INFO - DAG(s) 'fetch_api_data' retrieved from /opt/airflow/dags/stock_pipeline_dag.py
[2025-09-07T17:30:52.184+0000] {logging_mixin.py:188} INFO - [2025-09-07T17:30:52.184+0000] {dag.py:3096} INFO - Sync 1 DAGs
[2025-09-07T17:30:52.206+0000] {logging_mixin.py:188} INFO - [2025-09-07T17:30:52.206+0000] {dag.py:3954} INFO - Setting next_dagrun for fetch_api_data to 2025-09-07 00:00:00+00:00, run_after=2025-09-08 00:00:00+00:00
[2025-09-07T17:30:52.233+0000] {processor.py:183} INFO - Processing /opt/airflow/dags/stock_pipeline_dag.py took 0.583 seconds
[2025-09-07T17:31:22.503+0000] {processor.py:161} INFO - Started process (PID=194) to work on /opt/airflow/dags/stock_pipeline_dag.py
[2025-09-07T17:31:22.504+0000] {processor.py:830} INFO - Processing file /opt/airflow/dags/stock_pipeline_dag.py for tasks to queue
[2025-09-07T17:31:22.506+0000] {logging_mixin.py:188} INFO - [2025-09-07T17:31:22.506+0000] {dagbag.py:545} INFO - Filling up the DagBag from /opt/airflow/dags/stock_pipeline_dag.py
[2025-09-07T17:31:22.988+0000] {processor.py:840} INFO - DAG(s) 'fetch_api_data' retrieved from /opt/airflow/dags/stock_pipeline_dag.py
[2025-09-07T17:31:23.010+0000] {logging_mixin.py:188} INFO - [2025-09-07T17:31:23.010+0000] {dag.py:3096} INFO - Sync 1 DAGs
[2025-09-07T17:31:23.032+0000] {logging_mixin.py:188} INFO - [2025-09-07T17:31:23.032+0000] {dag.py:3954} INFO - Setting next_dagrun for fetch_api_data to 2025-09-07 00:00:00+00:00, run_after=2025-09-08 00:00:00+00:00
[2025-09-07T17:31:23.059+0000] {processor.py:183} INFO - Processing /opt/airflow/dags/stock_pipeline_dag.py took 0.563 seconds
[2025-09-07T17:31:53.356+0000] {processor.py:161} INFO - Started process (PID=200) to work on /opt/airflow/dags/stock_pipeline_dag.py
[2025-09-07T17:31:53.357+0000] {processor.py:830} INFO - Processing file /opt/airflow/dags/stock_pipeline_dag.py for tasks to queue
[2025-09-07T17:31:53.359+0000] {logging_mixin.py:188} INFO - [2025-09-07T17:31:53.359+0000] {dagbag.py:545} INFO - Filling up the DagBag from /opt/airflow/dags/stock_pipeline_dag.py
[2025-09-07T17:31:53.856+0000] {processor.py:840} INFO - DAG(s) 'fetch_api_data' retrieved from /opt/airflow/dags/stock_pipeline_dag.py
[2025-09-07T17:31:53.882+0000] {logging_mixin.py:188} INFO - [2025-09-07T17:31:53.882+0000] {dag.py:3096} INFO - Sync 1 DAGs
[2025-09-07T17:31:53.903+0000] {logging_mixin.py:188} INFO - [2025-09-07T17:31:53.902+0000] {dag.py:3954} INFO - Setting next_dagrun for fetch_api_data to 2025-09-07 00:00:00+00:00, run_after=2025-09-08 00:00:00+00:00
[2025-09-07T17:31:53.926+0000] {processor.py:183} INFO - Processing /opt/airflow/dags/stock_pipeline_dag.py took 0.577 seconds
[2025-09-07T17:32:18.091+0000] {processor.py:161} INFO - Started process (PID=206) to work on /opt/airflow/dags/stock_pipeline_dag.py
[2025-09-07T17:32:18.093+0000] {processor.py:830} INFO - Processing file /opt/airflow/dags/stock_pipeline_dag.py for tasks to queue
[2025-09-07T17:32:18.095+0000] {logging_mixin.py:188} INFO - [2025-09-07T17:32:18.094+0000] {dagbag.py:545} INFO - Filling up the DagBag from /opt/airflow/dags/stock_pipeline_dag.py
[2025-09-07T17:32:18.597+0000] {processor.py:840} INFO - DAG(s) 'fetch_api_data' retrieved from /opt/airflow/dags/stock_pipeline_dag.py
[2025-09-07T17:32:18.625+0000] {logging_mixin.py:188} INFO - [2025-09-07T17:32:18.624+0000] {dag.py:3096} INFO - Sync 1 DAGs
[2025-09-07T17:32:18.646+0000] {logging_mixin.py:188} INFO - [2025-09-07T17:32:18.646+0000] {dag.py:3954} INFO - Setting next_dagrun for fetch_api_data to 2025-09-07 00:00:00+00:00, run_after=2025-09-08 00:00:00+00:00
[2025-09-07T17:32:18.678+0000] {processor.py:183} INFO - Processing /opt/airflow/dags/stock_pipeline_dag.py took 0.593 seconds
[2025-09-07T17:32:39.562+0000] {processor.py:161} INFO - Started process (PID=164) to work on /opt/airflow/dags/stock_pipeline_dag.py
[2025-09-07T17:32:39.563+0000] {processor.py:830} INFO - Processing file /opt/airflow/dags/stock_pipeline_dag.py for tasks to queue
[2025-09-07T17:32:39.566+0000] {logging_mixin.py:188} INFO - [2025-09-07T17:32:39.566+0000] {dagbag.py:545} INFO - Filling up the DagBag from /opt/airflow/dags/stock_pipeline_dag.py
[2025-09-07T17:32:40.033+0000] {processor.py:840} INFO - DAG(s) 'fetch_api_data' retrieved from /opt/airflow/dags/stock_pipeline_dag.py
[2025-09-07T17:32:40.067+0000] {logging_mixin.py:188} INFO - [2025-09-07T17:32:40.066+0000] {dag.py:3096} INFO - Sync 1 DAGs
[2025-09-07T17:32:40.086+0000] {logging_mixin.py:188} INFO - [2025-09-07T17:32:40.085+0000] {dag.py:3954} INFO - Setting next_dagrun for fetch_api_data to 2025-09-07 00:00:00+00:00, run_after=2025-09-08 00:00:00+00:00
[2025-09-07T17:32:40.109+0000] {processor.py:183} INFO - Processing /opt/airflow/dags/stock_pipeline_dag.py took 0.552 seconds
[2025-09-07T17:33:10.511+0000] {processor.py:161} INFO - Started process (PID=170) to work on /opt/airflow/dags/stock_pipeline_dag.py
[2025-09-07T17:33:10.512+0000] {processor.py:830} INFO - Processing file /opt/airflow/dags/stock_pipeline_dag.py for tasks to queue
[2025-09-07T17:33:10.515+0000] {logging_mixin.py:188} INFO - [2025-09-07T17:33:10.514+0000] {dagbag.py:545} INFO - Filling up the DagBag from /opt/airflow/dags/stock_pipeline_dag.py
[2025-09-07T17:33:11.029+0000] {processor.py:840} INFO - DAG(s) 'fetch_api_data' retrieved from /opt/airflow/dags/stock_pipeline_dag.py
[2025-09-07T17:33:11.056+0000] {logging_mixin.py:188} INFO - [2025-09-07T17:33:11.056+0000] {dag.py:3096} INFO - Sync 1 DAGs
[2025-09-07T17:33:11.078+0000] {logging_mixin.py:188} INFO - [2025-09-07T17:33:11.078+0000] {dag.py:3954} INFO - Setting next_dagrun for fetch_api_data to 2025-09-07 00:00:00+00:00, run_after=2025-09-08 00:00:00+00:00
[2025-09-07T17:33:11.104+0000] {processor.py:183} INFO - Processing /opt/airflow/dags/stock_pipeline_dag.py took 0.600 seconds
[2025-09-07T17:33:41.159+0000] {processor.py:161} INFO - Started process (PID=176) to work on /opt/airflow/dags/stock_pipeline_dag.py
[2025-09-07T17:33:41.160+0000] {processor.py:830} INFO - Processing file /opt/airflow/dags/stock_pipeline_dag.py for tasks to queue
[2025-09-07T17:33:41.163+0000] {logging_mixin.py:188} INFO - [2025-09-07T17:33:41.162+0000] {dagbag.py:545} INFO - Filling up the DagBag from /opt/airflow/dags/stock_pipeline_dag.py
[2025-09-07T17:33:41.703+0000] {processor.py:840} INFO - DAG(s) 'fetch_api_data' retrieved from /opt/airflow/dags/stock_pipeline_dag.py
[2025-09-07T17:33:41.727+0000] {logging_mixin.py:188} INFO - [2025-09-07T17:33:41.726+0000] {dag.py:3096} INFO - Sync 1 DAGs
[2025-09-07T17:33:41.751+0000] {logging_mixin.py:188} INFO - [2025-09-07T17:33:41.750+0000] {dag.py:3954} INFO - Setting next_dagrun for fetch_api_data to 2025-09-07 00:00:00+00:00, run_after=2025-09-08 00:00:00+00:00
[2025-09-07T17:33:41.776+0000] {processor.py:183} INFO - Processing /opt/airflow/dags/stock_pipeline_dag.py took 0.625 seconds
[2025-09-07T17:34:12.078+0000] {processor.py:161} INFO - Started process (PID=182) to work on /opt/airflow/dags/stock_pipeline_dag.py
[2025-09-07T17:34:12.080+0000] {processor.py:830} INFO - Processing file /opt/airflow/dags/stock_pipeline_dag.py for tasks to queue
[2025-09-07T17:34:12.083+0000] {logging_mixin.py:188} INFO - [2025-09-07T17:34:12.082+0000] {dagbag.py:545} INFO - Filling up the DagBag from /opt/airflow/dags/stock_pipeline_dag.py
[2025-09-07T17:34:12.596+0000] {processor.py:840} INFO - DAG(s) 'fetch_api_data' retrieved from /opt/airflow/dags/stock_pipeline_dag.py
[2025-09-07T17:34:12.623+0000] {logging_mixin.py:188} INFO - [2025-09-07T17:34:12.622+0000] {dag.py:3096} INFO - Sync 1 DAGs
[2025-09-07T17:34:12.645+0000] {logging_mixin.py:188} INFO - [2025-09-07T17:34:12.644+0000] {dag.py:3954} INFO - Setting next_dagrun for fetch_api_data to 2025-09-07 00:00:00+00:00, run_after=2025-09-08 00:00:00+00:00
[2025-09-07T17:34:12.687+0000] {processor.py:183} INFO - Processing /opt/airflow/dags/stock_pipeline_dag.py took 0.617 seconds
[2025-09-07T17:34:43.036+0000] {processor.py:161} INFO - Started process (PID=188) to work on /opt/airflow/dags/stock_pipeline_dag.py
[2025-09-07T17:34:43.038+0000] {processor.py:830} INFO - Processing file /opt/airflow/dags/stock_pipeline_dag.py for tasks to queue
[2025-09-07T17:34:43.040+0000] {logging_mixin.py:188} INFO - [2025-09-07T17:34:43.039+0000] {dagbag.py:545} INFO - Filling up the DagBag from /opt/airflow/dags/stock_pipeline_dag.py
[2025-09-07T17:34:43.499+0000] {processor.py:840} INFO - DAG(s) 'fetch_api_data' retrieved from /opt/airflow/dags/stock_pipeline_dag.py
[2025-09-07T17:34:43.524+0000] {logging_mixin.py:188} INFO - [2025-09-07T17:34:43.523+0000] {dag.py:3096} INFO - Sync 1 DAGs
[2025-09-07T17:34:43.545+0000] {logging_mixin.py:188} INFO - [2025-09-07T17:34:43.545+0000] {dag.py:3954} INFO - Setting next_dagrun for fetch_api_data to 2025-09-07 00:00:00+00:00, run_after=2025-09-08 00:00:00+00:00
[2025-09-07T17:34:43.569+0000] {processor.py:183} INFO - Processing /opt/airflow/dags/stock_pipeline_dag.py took 0.539 seconds
[2025-09-07T17:35:13.907+0000] {processor.py:161} INFO - Started process (PID=194) to work on /opt/airflow/dags/stock_pipeline_dag.py
[2025-09-07T17:35:13.908+0000] {processor.py:830} INFO - Processing file /opt/airflow/dags/stock_pipeline_dag.py for tasks to queue
[2025-09-07T17:35:13.910+0000] {logging_mixin.py:188} INFO - [2025-09-07T17:35:13.910+0000] {dagbag.py:545} INFO - Filling up the DagBag from /opt/airflow/dags/stock_pipeline_dag.py
[2025-09-07T17:35:14.399+0000] {processor.py:840} INFO - DAG(s) 'fetch_api_data' retrieved from /opt/airflow/dags/stock_pipeline_dag.py
[2025-09-07T17:35:14.422+0000] {logging_mixin.py:188} INFO - [2025-09-07T17:35:14.421+0000] {dag.py:3096} INFO - Sync 1 DAGs
[2025-09-07T17:35:14.442+0000] {logging_mixin.py:188} INFO - [2025-09-07T17:35:14.442+0000] {dag.py:3954} INFO - Setting next_dagrun for fetch_api_data to 2025-09-07 00:00:00+00:00, run_after=2025-09-08 00:00:00+00:00
[2025-09-07T17:35:14.468+0000] {processor.py:183} INFO - Processing /opt/airflow/dags/stock_pipeline_dag.py took 0.568 seconds
[2025-09-07T17:35:44.660+0000] {processor.py:161} INFO - Started process (PID=200) to work on /opt/airflow/dags/stock_pipeline_dag.py
[2025-09-07T17:35:44.661+0000] {processor.py:830} INFO - Processing file /opt/airflow/dags/stock_pipeline_dag.py for tasks to queue
[2025-09-07T17:35:44.664+0000] {logging_mixin.py:188} INFO - [2025-09-07T17:35:44.664+0000] {dagbag.py:545} INFO - Filling up the DagBag from /opt/airflow/dags/stock_pipeline_dag.py
[2025-09-07T17:35:45.162+0000] {processor.py:840} INFO - DAG(s) 'fetch_api_data' retrieved from /opt/airflow/dags/stock_pipeline_dag.py
[2025-09-07T17:35:45.186+0000] {logging_mixin.py:188} INFO - [2025-09-07T17:35:45.186+0000] {dag.py:3096} INFO - Sync 1 DAGs
[2025-09-07T17:35:45.208+0000] {logging_mixin.py:188} INFO - [2025-09-07T17:35:45.208+0000] {dag.py:3954} INFO - Setting next_dagrun for fetch_api_data to 2025-09-07 00:00:00+00:00, run_after=2025-09-08 00:00:00+00:00
[2025-09-07T17:35:45.238+0000] {processor.py:183} INFO - Processing /opt/airflow/dags/stock_pipeline_dag.py took 0.588 seconds
[2025-09-07T17:36:15.740+0000] {processor.py:161} INFO - Started process (PID=206) to work on /opt/airflow/dags/stock_pipeline_dag.py
[2025-09-07T17:36:15.742+0000] {processor.py:830} INFO - Processing file /opt/airflow/dags/stock_pipeline_dag.py for tasks to queue
[2025-09-07T17:36:15.744+0000] {logging_mixin.py:188} INFO - [2025-09-07T17:36:15.744+0000] {dagbag.py:545} INFO - Filling up the DagBag from /opt/airflow/dags/stock_pipeline_dag.py
[2025-09-07T17:36:16.229+0000] {processor.py:840} INFO - DAG(s) 'fetch_api_data' retrieved from /opt/airflow/dags/stock_pipeline_dag.py
[2025-09-07T17:36:16.252+0000] {logging_mixin.py:188} INFO - [2025-09-07T17:36:16.251+0000] {dag.py:3096} INFO - Sync 1 DAGs
[2025-09-07T17:36:16.273+0000] {logging_mixin.py:188} INFO - [2025-09-07T17:36:16.272+0000] {dag.py:3954} INFO - Setting next_dagrun for fetch_api_data to 2025-09-07 00:00:00+00:00, run_after=2025-09-08 00:00:00+00:00
[2025-09-07T17:36:16.296+0000] {processor.py:183} INFO - Processing /opt/airflow/dags/stock_pipeline_dag.py took 0.565 seconds
[2025-09-07T17:36:46.447+0000] {processor.py:161} INFO - Started process (PID=212) to work on /opt/airflow/dags/stock_pipeline_dag.py
[2025-09-07T17:36:46.449+0000] {processor.py:830} INFO - Processing file /opt/airflow/dags/stock_pipeline_dag.py for tasks to queue
[2025-09-07T17:36:46.454+0000] {logging_mixin.py:188} INFO - [2025-09-07T17:36:46.453+0000] {dagbag.py:545} INFO - Filling up the DagBag from /opt/airflow/dags/stock_pipeline_dag.py
[2025-09-07T17:36:47.057+0000] {processor.py:840} INFO - DAG(s) 'fetch_api_data' retrieved from /opt/airflow/dags/stock_pipeline_dag.py
[2025-09-07T17:36:47.087+0000] {logging_mixin.py:188} INFO - [2025-09-07T17:36:47.087+0000] {dag.py:3096} INFO - Sync 1 DAGs
[2025-09-07T17:36:47.114+0000] {logging_mixin.py:188} INFO - [2025-09-07T17:36:47.113+0000] {dag.py:3954} INFO - Setting next_dagrun for fetch_api_data to 2025-09-07 00:00:00+00:00, run_after=2025-09-08 00:00:00+00:00
[2025-09-07T17:36:47.143+0000] {processor.py:183} INFO - Processing /opt/airflow/dags/stock_pipeline_dag.py took 0.710 seconds
[2025-09-07T17:37:17.357+0000] {processor.py:161} INFO - Started process (PID=221) to work on /opt/airflow/dags/stock_pipeline_dag.py
[2025-09-07T17:37:17.359+0000] {processor.py:830} INFO - Processing file /opt/airflow/dags/stock_pipeline_dag.py for tasks to queue
[2025-09-07T17:37:17.360+0000] {logging_mixin.py:188} INFO - [2025-09-07T17:37:17.360+0000] {dagbag.py:545} INFO - Filling up the DagBag from /opt/airflow/dags/stock_pipeline_dag.py
[2025-09-07T17:37:17.855+0000] {processor.py:840} INFO - DAG(s) 'fetch_api_data' retrieved from /opt/airflow/dags/stock_pipeline_dag.py
[2025-09-07T17:37:17.880+0000] {logging_mixin.py:188} INFO - [2025-09-07T17:37:17.880+0000] {dag.py:3096} INFO - Sync 1 DAGs
[2025-09-07T17:37:17.901+0000] {logging_mixin.py:188} INFO - [2025-09-07T17:37:17.901+0000] {dag.py:3954} INFO - Setting next_dagrun for fetch_api_data to 2025-09-07 00:00:00+00:00, run_after=2025-09-08 00:00:00+00:00
[2025-09-07T17:37:17.932+0000] {processor.py:183} INFO - Processing /opt/airflow/dags/stock_pipeline_dag.py took 0.580 seconds
[2025-09-07T17:37:48.176+0000] {processor.py:161} INFO - Started process (PID=227) to work on /opt/airflow/dags/stock_pipeline_dag.py
[2025-09-07T17:37:48.178+0000] {processor.py:830} INFO - Processing file /opt/airflow/dags/stock_pipeline_dag.py for tasks to queue
[2025-09-07T17:37:48.180+0000] {logging_mixin.py:188} INFO - [2025-09-07T17:37:48.180+0000] {dagbag.py:545} INFO - Filling up the DagBag from /opt/airflow/dags/stock_pipeline_dag.py
[2025-09-07T17:37:48.738+0000] {processor.py:840} INFO - DAG(s) 'fetch_api_data' retrieved from /opt/airflow/dags/stock_pipeline_dag.py
[2025-09-07T17:37:48.766+0000] {logging_mixin.py:188} INFO - [2025-09-07T17:37:48.765+0000] {dag.py:3096} INFO - Sync 1 DAGs
[2025-09-07T17:37:48.790+0000] {logging_mixin.py:188} INFO - [2025-09-07T17:37:48.790+0000] {dag.py:3954} INFO - Setting next_dagrun for fetch_api_data to 2025-09-07 00:00:00+00:00, run_after=2025-09-08 00:00:00+00:00
[2025-09-07T17:37:48.818+0000] {processor.py:183} INFO - Processing /opt/airflow/dags/stock_pipeline_dag.py took 0.649 seconds
[2025-09-07T17:38:19.213+0000] {processor.py:161} INFO - Started process (PID=236) to work on /opt/airflow/dags/stock_pipeline_dag.py
[2025-09-07T17:38:19.214+0000] {processor.py:830} INFO - Processing file /opt/airflow/dags/stock_pipeline_dag.py for tasks to queue
[2025-09-07T17:38:19.216+0000] {logging_mixin.py:188} INFO - [2025-09-07T17:38:19.216+0000] {dagbag.py:545} INFO - Filling up the DagBag from /opt/airflow/dags/stock_pipeline_dag.py
[2025-09-07T17:38:19.676+0000] {processor.py:840} INFO - DAG(s) 'fetch_api_data' retrieved from /opt/airflow/dags/stock_pipeline_dag.py
[2025-09-07T17:38:19.699+0000] {logging_mixin.py:188} INFO - [2025-09-07T17:38:19.698+0000] {dag.py:3096} INFO - Sync 1 DAGs
[2025-09-07T17:38:19.718+0000] {logging_mixin.py:188} INFO - [2025-09-07T17:38:19.718+0000] {dag.py:3954} INFO - Setting next_dagrun for fetch_api_data to 2025-09-07 00:00:00+00:00, run_after=2025-09-08 00:00:00+00:00
[2025-09-07T17:38:19.743+0000] {processor.py:183} INFO - Processing /opt/airflow/dags/stock_pipeline_dag.py took 0.536 seconds
[2025-09-07T17:38:49.940+0000] {processor.py:161} INFO - Started process (PID=242) to work on /opt/airflow/dags/stock_pipeline_dag.py
[2025-09-07T17:38:49.942+0000] {processor.py:830} INFO - Processing file /opt/airflow/dags/stock_pipeline_dag.py for tasks to queue
[2025-09-07T17:38:49.945+0000] {logging_mixin.py:188} INFO - [2025-09-07T17:38:49.944+0000] {dagbag.py:545} INFO - Filling up the DagBag from /opt/airflow/dags/stock_pipeline_dag.py
[2025-09-07T17:38:50.303+0000] {processor.py:840} INFO - DAG(s) 'fetch_api_data' retrieved from /opt/airflow/dags/stock_pipeline_dag.py
[2025-09-07T17:38:50.326+0000] {logging_mixin.py:188} INFO - [2025-09-07T17:38:50.326+0000] {dag.py:3096} INFO - Sync 1 DAGs
[2025-09-07T17:38:50.350+0000] {logging_mixin.py:188} INFO - [2025-09-07T17:38:50.350+0000] {dag.py:3954} INFO - Setting next_dagrun for fetch_api_data to 2025-09-07 00:00:00+00:00, run_after=2025-09-08 00:00:00+00:00
[2025-09-07T17:38:50.378+0000] {processor.py:183} INFO - Processing /opt/airflow/dags/stock_pipeline_dag.py took 0.447 seconds
[2025-09-07T17:39:20.431+0000] {processor.py:161} INFO - Started process (PID=248) to work on /opt/airflow/dags/stock_pipeline_dag.py
[2025-09-07T17:39:20.432+0000] {processor.py:830} INFO - Processing file /opt/airflow/dags/stock_pipeline_dag.py for tasks to queue
[2025-09-07T17:39:20.434+0000] {logging_mixin.py:188} INFO - [2025-09-07T17:39:20.434+0000] {dagbag.py:545} INFO - Filling up the DagBag from /opt/airflow/dags/stock_pipeline_dag.py
[2025-09-07T17:39:20.850+0000] {processor.py:840} INFO - DAG(s) 'fetch_api_data' retrieved from /opt/airflow/dags/stock_pipeline_dag.py
[2025-09-07T17:39:20.879+0000] {logging_mixin.py:188} INFO - [2025-09-07T17:39:20.879+0000] {dag.py:3096} INFO - Sync 1 DAGs
[2025-09-07T17:39:20.904+0000] {logging_mixin.py:188} INFO - [2025-09-07T17:39:20.903+0000] {dag.py:3954} INFO - Setting next_dagrun for fetch_api_data to 2025-09-07 00:00:00+00:00, run_after=2025-09-08 00:00:00+00:00
[2025-09-07T17:39:20.943+0000] {processor.py:183} INFO - Processing /opt/airflow/dags/stock_pipeline_dag.py took 0.520 seconds
[2025-09-07T17:39:31.777+0000] {processor.py:161} INFO - Started process (PID=254) to work on /opt/airflow/dags/stock_pipeline_dag.py
[2025-09-07T17:39:31.778+0000] {processor.py:830} INFO - Processing file /opt/airflow/dags/stock_pipeline_dag.py for tasks to queue
[2025-09-07T17:39:31.780+0000] {logging_mixin.py:188} INFO - [2025-09-07T17:39:31.780+0000] {dagbag.py:545} INFO - Filling up the DagBag from /opt/airflow/dags/stock_pipeline_dag.py
[2025-09-07T17:39:32.122+0000] {processor.py:840} INFO - DAG(s) 'fetch_api_data' retrieved from /opt/airflow/dags/stock_pipeline_dag.py
[2025-09-07T17:39:32.152+0000] {logging_mixin.py:188} INFO - [2025-09-07T17:39:32.151+0000] {dag.py:3096} INFO - Sync 1 DAGs
[2025-09-07T17:39:32.174+0000] {logging_mixin.py:188} INFO - [2025-09-07T17:39:32.174+0000] {dag.py:3954} INFO - Setting next_dagrun for fetch_api_data to 2025-09-07 00:00:00+00:00, run_after=2025-09-08 00:00:00+00:00
[2025-09-07T17:39:32.207+0000] {processor.py:183} INFO - Processing /opt/airflow/dags/stock_pipeline_dag.py took 0.438 seconds
[2025-09-07T17:40:02.392+0000] {processor.py:161} INFO - Started process (PID=260) to work on /opt/airflow/dags/stock_pipeline_dag.py
[2025-09-07T17:40:02.394+0000] {processor.py:830} INFO - Processing file /opt/airflow/dags/stock_pipeline_dag.py for tasks to queue
[2025-09-07T17:40:02.396+0000] {logging_mixin.py:188} INFO - [2025-09-07T17:40:02.396+0000] {dagbag.py:545} INFO - Filling up the DagBag from /opt/airflow/dags/stock_pipeline_dag.py
[2025-09-07T17:40:02.749+0000] {processor.py:840} INFO - DAG(s) 'fetch_api_data' retrieved from /opt/airflow/dags/stock_pipeline_dag.py
[2025-09-07T17:40:02.780+0000] {logging_mixin.py:188} INFO - [2025-09-07T17:40:02.779+0000] {dag.py:3096} INFO - Sync 1 DAGs
[2025-09-07T17:40:02.805+0000] {logging_mixin.py:188} INFO - [2025-09-07T17:40:02.804+0000] {dag.py:3954} INFO - Setting next_dagrun for fetch_api_data to 2025-09-07 00:00:00+00:00, run_after=2025-09-08 00:00:00+00:00
[2025-09-07T17:40:02.834+0000] {processor.py:183} INFO - Processing /opt/airflow/dags/stock_pipeline_dag.py took 0.449 seconds
[2025-09-07T17:40:33.119+0000] {processor.py:161} INFO - Started process (PID=266) to work on /opt/airflow/dags/stock_pipeline_dag.py
[2025-09-07T17:40:33.121+0000] {processor.py:830} INFO - Processing file /opt/airflow/dags/stock_pipeline_dag.py for tasks to queue
[2025-09-07T17:40:33.124+0000] {logging_mixin.py:188} INFO - [2025-09-07T17:40:33.123+0000] {dagbag.py:545} INFO - Filling up the DagBag from /opt/airflow/dags/stock_pipeline_dag.py
[2025-09-07T17:40:33.472+0000] {processor.py:840} INFO - DAG(s) 'fetch_api_data' retrieved from /opt/airflow/dags/stock_pipeline_dag.py
[2025-09-07T17:40:33.503+0000] {logging_mixin.py:188} INFO - [2025-09-07T17:40:33.503+0000] {dag.py:3096} INFO - Sync 1 DAGs
[2025-09-07T17:40:33.527+0000] {logging_mixin.py:188} INFO - [2025-09-07T17:40:33.527+0000] {dag.py:3954} INFO - Setting next_dagrun for fetch_api_data to 2025-09-07 00:00:00+00:00, run_after=2025-09-08 00:00:00+00:00
[2025-09-07T17:40:33.554+0000] {processor.py:183} INFO - Processing /opt/airflow/dags/stock_pipeline_dag.py took 0.443 seconds
[2025-09-07T17:41:03.969+0000] {processor.py:161} INFO - Started process (PID=272) to work on /opt/airflow/dags/stock_pipeline_dag.py
[2025-09-07T17:41:03.970+0000] {processor.py:830} INFO - Processing file /opt/airflow/dags/stock_pipeline_dag.py for tasks to queue
[2025-09-07T17:41:03.973+0000] {logging_mixin.py:188} INFO - [2025-09-07T17:41:03.973+0000] {dagbag.py:545} INFO - Filling up the DagBag from /opt/airflow/dags/stock_pipeline_dag.py
[2025-09-07T17:41:04.302+0000] {processor.py:840} INFO - DAG(s) 'fetch_api_data' retrieved from /opt/airflow/dags/stock_pipeline_dag.py
[2025-09-07T17:41:04.333+0000] {logging_mixin.py:188} INFO - [2025-09-07T17:41:04.332+0000] {dag.py:3096} INFO - Sync 1 DAGs
[2025-09-07T17:41:04.358+0000] {logging_mixin.py:188} INFO - [2025-09-07T17:41:04.358+0000] {dag.py:3954} INFO - Setting next_dagrun for fetch_api_data to 2025-09-07 00:00:00+00:00, run_after=2025-09-08 00:00:00+00:00
[2025-09-07T17:41:04.390+0000] {processor.py:183} INFO - Processing /opt/airflow/dags/stock_pipeline_dag.py took 0.429 seconds
[2025-09-07T17:41:34.666+0000] {processor.py:161} INFO - Started process (PID=278) to work on /opt/airflow/dags/stock_pipeline_dag.py
[2025-09-07T17:41:34.667+0000] {processor.py:830} INFO - Processing file /opt/airflow/dags/stock_pipeline_dag.py for tasks to queue
[2025-09-07T17:41:34.670+0000] {logging_mixin.py:188} INFO - [2025-09-07T17:41:34.670+0000] {dagbag.py:545} INFO - Filling up the DagBag from /opt/airflow/dags/stock_pipeline_dag.py
[2025-09-07T17:41:34.999+0000] {processor.py:840} INFO - DAG(s) 'fetch_api_data' retrieved from /opt/airflow/dags/stock_pipeline_dag.py
[2025-09-07T17:41:35.025+0000] {logging_mixin.py:188} INFO - [2025-09-07T17:41:35.025+0000] {dag.py:3096} INFO - Sync 1 DAGs
[2025-09-07T17:41:35.051+0000] {logging_mixin.py:188} INFO - [2025-09-07T17:41:35.051+0000] {dag.py:3954} INFO - Setting next_dagrun for fetch_api_data to 2025-09-07 00:00:00+00:00, run_after=2025-09-08 00:00:00+00:00
[2025-09-07T17:41:35.093+0000] {processor.py:183} INFO - Processing /opt/airflow/dags/stock_pipeline_dag.py took 0.435 seconds
[2025-09-07T17:41:58.928+0000] {processor.py:161} INFO - Started process (PID=284) to work on /opt/airflow/dags/stock_pipeline_dag.py
[2025-09-07T17:41:58.929+0000] {processor.py:830} INFO - Processing file /opt/airflow/dags/stock_pipeline_dag.py for tasks to queue
[2025-09-07T17:41:58.931+0000] {logging_mixin.py:188} INFO - [2025-09-07T17:41:58.931+0000] {dagbag.py:545} INFO - Filling up the DagBag from /opt/airflow/dags/stock_pipeline_dag.py
[2025-09-07T17:41:59.271+0000] {processor.py:840} INFO - DAG(s) 'fetch_api_data' retrieved from /opt/airflow/dags/stock_pipeline_dag.py
[2025-09-07T17:41:59.296+0000] {logging_mixin.py:188} INFO - [2025-09-07T17:41:59.295+0000] {dag.py:3096} INFO - Sync 1 DAGs
[2025-09-07T17:41:59.320+0000] {logging_mixin.py:188} INFO - [2025-09-07T17:41:59.320+0000] {dag.py:3954} INFO - Setting next_dagrun for fetch_api_data to 2025-09-07 00:00:00+00:00, run_after=2025-09-08 00:00:00+00:00
[2025-09-07T17:41:59.354+0000] {processor.py:183} INFO - Processing /opt/airflow/dags/stock_pipeline_dag.py took 0.434 seconds
[2025-09-07T17:42:29.657+0000] {processor.py:161} INFO - Started process (PID=290) to work on /opt/airflow/dags/stock_pipeline_dag.py
[2025-09-07T17:42:29.659+0000] {processor.py:830} INFO - Processing file /opt/airflow/dags/stock_pipeline_dag.py for tasks to queue
[2025-09-07T17:42:29.661+0000] {logging_mixin.py:188} INFO - [2025-09-07T17:42:29.660+0000] {dagbag.py:545} INFO - Filling up the DagBag from /opt/airflow/dags/stock_pipeline_dag.py
[2025-09-07T17:42:29.959+0000] {processor.py:840} INFO - DAG(s) 'fetch_api_data' retrieved from /opt/airflow/dags/stock_pipeline_dag.py
[2025-09-07T17:42:29.983+0000] {logging_mixin.py:188} INFO - [2025-09-07T17:42:29.983+0000] {dag.py:3096} INFO - Sync 1 DAGs
[2025-09-07T17:42:30.003+0000] {logging_mixin.py:188} INFO - [2025-09-07T17:42:30.003+0000] {dag.py:3954} INFO - Setting next_dagrun for fetch_api_data to 2025-09-07 00:00:00+00:00, run_after=2025-09-08 00:00:00+00:00
[2025-09-07T17:42:30.043+0000] {processor.py:183} INFO - Processing /opt/airflow/dags/stock_pipeline_dag.py took 0.392 seconds
[2025-09-07T17:43:07.648+0000] {processor.py:161} INFO - Started process (PID=164) to work on /opt/airflow/dags/stock_pipeline_dag.py
[2025-09-07T17:43:07.650+0000] {processor.py:830} INFO - Processing file /opt/airflow/dags/stock_pipeline_dag.py for tasks to queue
[2025-09-07T17:43:07.654+0000] {logging_mixin.py:188} INFO - [2025-09-07T17:43:07.653+0000] {dagbag.py:545} INFO - Filling up the DagBag from /opt/airflow/dags/stock_pipeline_dag.py
[2025-09-07T17:43:09.723+0000] {processor.py:840} INFO - DAG(s) 'fetch_api_data' retrieved from /opt/airflow/dags/stock_pipeline_dag.py
[2025-09-07T17:43:09.761+0000] {logging_mixin.py:188} INFO - [2025-09-07T17:43:09.760+0000] {dag.py:3096} INFO - Sync 1 DAGs
[2025-09-07T17:43:09.801+0000] {logging_mixin.py:188} INFO - [2025-09-07T17:43:09.801+0000] {dag.py:3954} INFO - Setting next_dagrun for fetch_api_data to 2025-09-07 00:00:00+00:00, run_after=2025-09-08 00:00:00+00:00
[2025-09-07T17:43:09.828+0000] {processor.py:183} INFO - Processing /opt/airflow/dags/stock_pipeline_dag.py took 2.188 seconds
[2025-09-07T17:43:39.945+0000] {processor.py:161} INFO - Started process (PID=170) to work on /opt/airflow/dags/stock_pipeline_dag.py
[2025-09-07T17:43:39.946+0000] {processor.py:830} INFO - Processing file /opt/airflow/dags/stock_pipeline_dag.py for tasks to queue
[2025-09-07T17:43:39.949+0000] {logging_mixin.py:188} INFO - [2025-09-07T17:43:39.948+0000] {dagbag.py:545} INFO - Filling up the DagBag from /opt/airflow/dags/stock_pipeline_dag.py
[2025-09-07T17:43:40.467+0000] {processor.py:840} INFO - DAG(s) 'fetch_api_data' retrieved from /opt/airflow/dags/stock_pipeline_dag.py
[2025-09-07T17:43:40.679+0000] {logging_mixin.py:188} INFO - [2025-09-07T17:43:40.678+0000] {dag.py:3096} INFO - Sync 1 DAGs
[2025-09-07T17:43:40.698+0000] {logging_mixin.py:188} INFO - [2025-09-07T17:43:40.698+0000] {dag.py:3954} INFO - Setting next_dagrun for fetch_api_data to 2025-09-07 00:00:00+00:00, run_after=2025-09-08 00:00:00+00:00
[2025-09-07T17:43:40.726+0000] {processor.py:183} INFO - Processing /opt/airflow/dags/stock_pipeline_dag.py took 0.791 seconds
[2025-09-07T17:44:11.022+0000] {processor.py:161} INFO - Started process (PID=176) to work on /opt/airflow/dags/stock_pipeline_dag.py
[2025-09-07T17:44:11.024+0000] {processor.py:830} INFO - Processing file /opt/airflow/dags/stock_pipeline_dag.py for tasks to queue
[2025-09-07T17:44:11.027+0000] {logging_mixin.py:188} INFO - [2025-09-07T17:44:11.027+0000] {dagbag.py:545} INFO - Filling up the DagBag from /opt/airflow/dags/stock_pipeline_dag.py
[2025-09-07T17:44:11.557+0000] {processor.py:840} INFO - DAG(s) 'fetch_api_data' retrieved from /opt/airflow/dags/stock_pipeline_dag.py
[2025-09-07T17:44:11.581+0000] {logging_mixin.py:188} INFO - [2025-09-07T17:44:11.581+0000] {dag.py:3096} INFO - Sync 1 DAGs
[2025-09-07T17:44:11.604+0000] {logging_mixin.py:188} INFO - [2025-09-07T17:44:11.604+0000] {dag.py:3954} INFO - Setting next_dagrun for fetch_api_data to 2025-09-07 00:00:00+00:00, run_after=2025-09-08 00:00:00+00:00
[2025-09-07T17:44:11.631+0000] {processor.py:183} INFO - Processing /opt/airflow/dags/stock_pipeline_dag.py took 0.618 seconds
[2025-09-07T17:44:42.024+0000] {processor.py:161} INFO - Started process (PID=182) to work on /opt/airflow/dags/stock_pipeline_dag.py
[2025-09-07T17:44:42.026+0000] {processor.py:830} INFO - Processing file /opt/airflow/dags/stock_pipeline_dag.py for tasks to queue
[2025-09-07T17:44:42.028+0000] {logging_mixin.py:188} INFO - [2025-09-07T17:44:42.028+0000] {dagbag.py:545} INFO - Filling up the DagBag from /opt/airflow/dags/stock_pipeline_dag.py
[2025-09-07T17:44:42.510+0000] {processor.py:840} INFO - DAG(s) 'fetch_api_data' retrieved from /opt/airflow/dags/stock_pipeline_dag.py
[2025-09-07T17:44:42.535+0000] {logging_mixin.py:188} INFO - [2025-09-07T17:44:42.535+0000] {dag.py:3096} INFO - Sync 1 DAGs
[2025-09-07T17:44:42.557+0000] {logging_mixin.py:188} INFO - [2025-09-07T17:44:42.557+0000] {dag.py:3954} INFO - Setting next_dagrun for fetch_api_data to 2025-09-07 00:00:00+00:00, run_after=2025-09-08 00:00:00+00:00
[2025-09-07T17:44:42.584+0000] {processor.py:183} INFO - Processing /opt/airflow/dags/stock_pipeline_dag.py took 0.566 seconds
[2025-09-07T17:45:13.028+0000] {processor.py:161} INFO - Started process (PID=188) to work on /opt/airflow/dags/stock_pipeline_dag.py
[2025-09-07T17:45:13.029+0000] {processor.py:830} INFO - Processing file /opt/airflow/dags/stock_pipeline_dag.py for tasks to queue
[2025-09-07T17:45:13.031+0000] {logging_mixin.py:188} INFO - [2025-09-07T17:45:13.031+0000] {dagbag.py:545} INFO - Filling up the DagBag from /opt/airflow/dags/stock_pipeline_dag.py
[2025-09-07T17:45:13.510+0000] {processor.py:840} INFO - DAG(s) 'fetch_api_data' retrieved from /opt/airflow/dags/stock_pipeline_dag.py
[2025-09-07T17:45:13.530+0000] {logging_mixin.py:188} INFO - [2025-09-07T17:45:13.530+0000] {dag.py:3096} INFO - Sync 1 DAGs
[2025-09-07T17:45:13.553+0000] {logging_mixin.py:188} INFO - [2025-09-07T17:45:13.552+0000] {dag.py:3954} INFO - Setting next_dagrun for fetch_api_data to 2025-09-07 00:00:00+00:00, run_after=2025-09-08 00:00:00+00:00
[2025-09-07T17:45:13.579+0000] {processor.py:183} INFO - Processing /opt/airflow/dags/stock_pipeline_dag.py took 0.558 seconds
[2025-09-07T17:45:43.672+0000] {processor.py:161} INFO - Started process (PID=194) to work on /opt/airflow/dags/stock_pipeline_dag.py
[2025-09-07T17:45:43.674+0000] {processor.py:830} INFO - Processing file /opt/airflow/dags/stock_pipeline_dag.py for tasks to queue
[2025-09-07T17:45:43.676+0000] {logging_mixin.py:188} INFO - [2025-09-07T17:45:43.676+0000] {dagbag.py:545} INFO - Filling up the DagBag from /opt/airflow/dags/stock_pipeline_dag.py
[2025-09-07T17:45:44.204+0000] {processor.py:840} INFO - DAG(s) 'fetch_api_data' retrieved from /opt/airflow/dags/stock_pipeline_dag.py
[2025-09-07T17:45:44.230+0000] {logging_mixin.py:188} INFO - [2025-09-07T17:45:44.230+0000] {dag.py:3096} INFO - Sync 1 DAGs
[2025-09-07T17:45:44.253+0000] {logging_mixin.py:188} INFO - [2025-09-07T17:45:44.252+0000] {dag.py:3954} INFO - Setting next_dagrun for fetch_api_data to 2025-09-07 00:00:00+00:00, run_after=2025-09-08 00:00:00+00:00
[2025-09-07T17:45:44.286+0000] {processor.py:183} INFO - Processing /opt/airflow/dags/stock_pipeline_dag.py took 0.621 seconds
[2025-09-07T17:45:44.871+0000] {processor.py:161} INFO - Started process (PID=200) to work on /opt/airflow/dags/stock_pipeline_dag.py
[2025-09-07T17:45:44.873+0000] {processor.py:830} INFO - Processing file /opt/airflow/dags/stock_pipeline_dag.py for tasks to queue
[2025-09-07T17:45:44.875+0000] {logging_mixin.py:188} INFO - [2025-09-07T17:45:44.875+0000] {dagbag.py:545} INFO - Filling up the DagBag from /opt/airflow/dags/stock_pipeline_dag.py
[2025-09-07T17:45:45.423+0000] {processor.py:840} INFO - DAG(s) 'fetch_api_print_data' retrieved from /opt/airflow/dags/stock_pipeline_dag.py
[2025-09-07T17:45:45.534+0000] {logging_mixin.py:188} INFO - [2025-09-07T17:45:45.533+0000] {override.py:1829} INFO - Created Permission View: can edit on DAG:fetch_api_print_data
[2025-09-07T17:45:45.565+0000] {logging_mixin.py:188} INFO - [2025-09-07T17:45:45.564+0000] {override.py:1829} INFO - Created Permission View: can delete on DAG:fetch_api_print_data
[2025-09-07T17:45:45.581+0000] {logging_mixin.py:188} INFO - [2025-09-07T17:45:45.581+0000] {override.py:1829} INFO - Created Permission View: can read on DAG:fetch_api_print_data
[2025-09-07T17:45:45.583+0000] {logging_mixin.py:188} INFO - [2025-09-07T17:45:45.582+0000] {dag.py:3096} INFO - Sync 1 DAGs
[2025-09-07T17:45:45.599+0000] {logging_mixin.py:188} INFO - [2025-09-07T17:45:45.598+0000] {dag.py:3118} INFO - Creating ORM DAG for fetch_api_print_data
[2025-09-07T17:45:45.612+0000] {logging_mixin.py:188} INFO - [2025-09-07T17:45:45.611+0000] {dag.py:3954} INFO - Setting next_dagrun for fetch_api_print_data to 2025-09-07 00:00:00+00:00, run_after=2025-09-08 00:00:00+00:00
[2025-09-07T17:45:45.637+0000] {processor.py:183} INFO - Processing /opt/airflow/dags/stock_pipeline_dag.py took 0.773 seconds
[2025-09-07T17:46:15.869+0000] {processor.py:161} INFO - Started process (PID=206) to work on /opt/airflow/dags/stock_pipeline_dag.py
[2025-09-07T17:46:15.870+0000] {processor.py:830} INFO - Processing file /opt/airflow/dags/stock_pipeline_dag.py for tasks to queue
[2025-09-07T17:46:15.872+0000] {logging_mixin.py:188} INFO - [2025-09-07T17:46:15.872+0000] {dagbag.py:545} INFO - Filling up the DagBag from /opt/airflow/dags/stock_pipeline_dag.py
[2025-09-07T17:46:16.324+0000] {processor.py:840} INFO - DAG(s) 'fetch_api_print_data' retrieved from /opt/airflow/dags/stock_pipeline_dag.py
[2025-09-07T17:46:16.408+0000] {logging_mixin.py:188} INFO - [2025-09-07T17:46:16.408+0000] {dag.py:3096} INFO - Sync 1 DAGs
[2025-09-07T17:46:16.424+0000] {logging_mixin.py:188} INFO - [2025-09-07T17:46:16.424+0000] {dag.py:3954} INFO - Setting next_dagrun for fetch_api_print_data to 2025-09-07 00:00:00+00:00, run_after=2025-09-08 00:00:00+00:00
[2025-09-07T17:46:16.449+0000] {processor.py:183} INFO - Processing /opt/airflow/dags/stock_pipeline_dag.py took 0.586 seconds
[2025-09-07T17:46:46.840+0000] {processor.py:161} INFO - Started process (PID=212) to work on /opt/airflow/dags/stock_pipeline_dag.py
[2025-09-07T17:46:46.841+0000] {processor.py:830} INFO - Processing file /opt/airflow/dags/stock_pipeline_dag.py for tasks to queue
[2025-09-07T17:46:46.843+0000] {logging_mixin.py:188} INFO - [2025-09-07T17:46:46.843+0000] {dagbag.py:545} INFO - Filling up the DagBag from /opt/airflow/dags/stock_pipeline_dag.py
[2025-09-07T17:46:47.335+0000] {processor.py:840} INFO - DAG(s) 'fetch_api_print_data' retrieved from /opt/airflow/dags/stock_pipeline_dag.py
[2025-09-07T17:46:47.359+0000] {logging_mixin.py:188} INFO - [2025-09-07T17:46:47.359+0000] {dag.py:3096} INFO - Sync 1 DAGs
[2025-09-07T17:46:47.381+0000] {logging_mixin.py:188} INFO - [2025-09-07T17:46:47.381+0000] {dag.py:3954} INFO - Setting next_dagrun for fetch_api_print_data to 2025-09-07 00:00:00+00:00, run_after=2025-09-08 00:00:00+00:00
[2025-09-07T17:46:47.409+0000] {processor.py:183} INFO - Processing /opt/airflow/dags/stock_pipeline_dag.py took 0.576 seconds
[2025-09-07T17:47:17.735+0000] {processor.py:161} INFO - Started process (PID=218) to work on /opt/airflow/dags/stock_pipeline_dag.py
[2025-09-07T17:47:17.736+0000] {processor.py:830} INFO - Processing file /opt/airflow/dags/stock_pipeline_dag.py for tasks to queue
[2025-09-07T17:47:17.737+0000] {logging_mixin.py:188} INFO - [2025-09-07T17:47:17.737+0000] {dagbag.py:545} INFO - Filling up the DagBag from /opt/airflow/dags/stock_pipeline_dag.py
[2025-09-07T17:47:18.253+0000] {processor.py:840} INFO - DAG(s) 'fetch_api_print_data' retrieved from /opt/airflow/dags/stock_pipeline_dag.py
[2025-09-07T17:47:18.280+0000] {logging_mixin.py:188} INFO - [2025-09-07T17:47:18.279+0000] {dag.py:3096} INFO - Sync 1 DAGs
[2025-09-07T17:47:18.303+0000] {logging_mixin.py:188} INFO - [2025-09-07T17:47:18.302+0000] {dag.py:3954} INFO - Setting next_dagrun for fetch_api_print_data to 2025-09-07 00:00:00+00:00, run_after=2025-09-08 00:00:00+00:00
[2025-09-07T17:47:18.332+0000] {processor.py:183} INFO - Processing /opt/airflow/dags/stock_pipeline_dag.py took 0.604 seconds
[2025-09-07T17:47:42.155+0000] {processor.py:161} INFO - Started process (PID=224) to work on /opt/airflow/dags/stock_pipeline_dag.py
[2025-09-07T17:47:42.156+0000] {processor.py:830} INFO - Processing file /opt/airflow/dags/stock_pipeline_dag.py for tasks to queue
[2025-09-07T17:47:42.160+0000] {logging_mixin.py:188} INFO - [2025-09-07T17:47:42.159+0000] {dagbag.py:545} INFO - Filling up the DagBag from /opt/airflow/dags/stock_pipeline_dag.py
[2025-09-07T17:47:42.532+0000] {processor.py:840} INFO - DAG(s) 'fetch_api_to_postgres' retrieved from /opt/airflow/dags/stock_pipeline_dag.py
[2025-09-07T17:47:42.649+0000] {logging_mixin.py:188} INFO - [2025-09-07T17:47:42.649+0000] {override.py:1829} INFO - Created Permission View: can edit on DAG:fetch_api_to_postgres
[2025-09-07T17:47:42.664+0000] {logging_mixin.py:188} INFO - [2025-09-07T17:47:42.664+0000] {override.py:1829} INFO - Created Permission View: can delete on DAG:fetch_api_to_postgres
[2025-09-07T17:47:42.675+0000] {logging_mixin.py:188} INFO - [2025-09-07T17:47:42.675+0000] {override.py:1829} INFO - Created Permission View: can read on DAG:fetch_api_to_postgres
[2025-09-07T17:47:42.676+0000] {logging_mixin.py:188} INFO - [2025-09-07T17:47:42.676+0000] {dag.py:3096} INFO - Sync 1 DAGs
[2025-09-07T17:47:42.691+0000] {logging_mixin.py:188} INFO - [2025-09-07T17:47:42.690+0000] {dag.py:3118} INFO - Creating ORM DAG for fetch_api_to_postgres
[2025-09-07T17:47:42.703+0000] {logging_mixin.py:188} INFO - [2025-09-07T17:47:42.703+0000] {dag.py:3954} INFO - Setting next_dagrun for fetch_api_to_postgres to 2025-09-07 00:00:00+00:00, run_after=2025-09-08 00:00:00+00:00
[2025-09-07T17:47:42.730+0000] {processor.py:183} INFO - Processing /opt/airflow/dags/stock_pipeline_dag.py took 0.585 seconds
[2025-09-07T17:48:13.114+0000] {processor.py:161} INFO - Started process (PID=230) to work on /opt/airflow/dags/stock_pipeline_dag.py
[2025-09-07T17:48:13.115+0000] {processor.py:830} INFO - Processing file /opt/airflow/dags/stock_pipeline_dag.py for tasks to queue
[2025-09-07T17:48:13.116+0000] {logging_mixin.py:188} INFO - [2025-09-07T17:48:13.115+0000] {dagbag.py:545} INFO - Filling up the DagBag from /opt/airflow/dags/stock_pipeline_dag.py
[2025-09-07T17:48:13.474+0000] {processor.py:840} INFO - DAG(s) 'fetch_api_to_postgres' retrieved from /opt/airflow/dags/stock_pipeline_dag.py
[2025-09-07T17:48:13.505+0000] {logging_mixin.py:188} INFO - [2025-09-07T17:48:13.504+0000] {dag.py:3096} INFO - Sync 1 DAGs
[2025-09-07T17:48:13.530+0000] {logging_mixin.py:188} INFO - [2025-09-07T17:48:13.530+0000] {dag.py:3954} INFO - Setting next_dagrun for fetch_api_to_postgres to 2025-09-07 00:00:00+00:00, run_after=2025-09-08 00:00:00+00:00
[2025-09-07T17:48:13.553+0000] {processor.py:183} INFO - Processing /opt/airflow/dags/stock_pipeline_dag.py took 0.446 seconds
[2025-09-07T17:48:43.901+0000] {processor.py:161} INFO - Started process (PID=236) to work on /opt/airflow/dags/stock_pipeline_dag.py
[2025-09-07T17:48:43.902+0000] {processor.py:830} INFO - Processing file /opt/airflow/dags/stock_pipeline_dag.py for tasks to queue
[2025-09-07T17:48:43.903+0000] {logging_mixin.py:188} INFO - [2025-09-07T17:48:43.903+0000] {dagbag.py:545} INFO - Filling up the DagBag from /opt/airflow/dags/stock_pipeline_dag.py
[2025-09-07T17:48:44.242+0000] {processor.py:840} INFO - DAG(s) 'fetch_api_to_postgres' retrieved from /opt/airflow/dags/stock_pipeline_dag.py
[2025-09-07T17:48:44.273+0000] {logging_mixin.py:188} INFO - [2025-09-07T17:48:44.272+0000] {dag.py:3096} INFO - Sync 1 DAGs
[2025-09-07T17:48:44.298+0000] {logging_mixin.py:188} INFO - [2025-09-07T17:48:44.297+0000] {dag.py:3954} INFO - Setting next_dagrun for fetch_api_to_postgres to 2025-09-07 00:00:00+00:00, run_after=2025-09-08 00:00:00+00:00
[2025-09-07T17:48:44.326+0000] {processor.py:183} INFO - Processing /opt/airflow/dags/stock_pipeline_dag.py took 0.432 seconds
[2025-09-07T17:49:14.655+0000] {processor.py:161} INFO - Started process (PID=242) to work on /opt/airflow/dags/stock_pipeline_dag.py
[2025-09-07T17:49:14.656+0000] {processor.py:830} INFO - Processing file /opt/airflow/dags/stock_pipeline_dag.py for tasks to queue
[2025-09-07T17:49:14.657+0000] {logging_mixin.py:188} INFO - [2025-09-07T17:49:14.657+0000] {dagbag.py:545} INFO - Filling up the DagBag from /opt/airflow/dags/stock_pipeline_dag.py
[2025-09-07T17:49:15.021+0000] {processor.py:840} INFO - DAG(s) 'fetch_api_to_postgres' retrieved from /opt/airflow/dags/stock_pipeline_dag.py
[2025-09-07T17:49:15.050+0000] {logging_mixin.py:188} INFO - [2025-09-07T17:49:15.050+0000] {dag.py:3096} INFO - Sync 1 DAGs
[2025-09-07T17:49:15.076+0000] {logging_mixin.py:188} INFO - [2025-09-07T17:49:15.075+0000] {dag.py:3954} INFO - Setting next_dagrun for fetch_api_to_postgres to 2025-09-07 00:00:00+00:00, run_after=2025-09-08 00:00:00+00:00
[2025-09-07T17:49:15.119+0000] {processor.py:183} INFO - Processing /opt/airflow/dags/stock_pipeline_dag.py took 0.472 seconds
[2025-09-07T17:49:45.514+0000] {processor.py:161} INFO - Started process (PID=248) to work on /opt/airflow/dags/stock_pipeline_dag.py
[2025-09-07T17:49:45.515+0000] {processor.py:830} INFO - Processing file /opt/airflow/dags/stock_pipeline_dag.py for tasks to queue
[2025-09-07T17:49:45.516+0000] {logging_mixin.py:188} INFO - [2025-09-07T17:49:45.516+0000] {dagbag.py:545} INFO - Filling up the DagBag from /opt/airflow/dags/stock_pipeline_dag.py
[2025-09-07T17:49:45.858+0000] {processor.py:840} INFO - DAG(s) 'fetch_api_to_postgres' retrieved from /opt/airflow/dags/stock_pipeline_dag.py
[2025-09-07T17:49:45.886+0000] {logging_mixin.py:188} INFO - [2025-09-07T17:49:45.886+0000] {dag.py:3096} INFO - Sync 1 DAGs
[2025-09-07T17:49:45.915+0000] {logging_mixin.py:188} INFO - [2025-09-07T17:49:45.915+0000] {dag.py:3954} INFO - Setting next_dagrun for fetch_api_to_postgres to 2025-09-07 00:00:00+00:00, run_after=2025-09-08 00:00:00+00:00
[2025-09-07T17:49:45.945+0000] {processor.py:183} INFO - Processing /opt/airflow/dags/stock_pipeline_dag.py took 0.438 seconds
[2025-09-07T17:50:16.322+0000] {processor.py:161} INFO - Started process (PID=254) to work on /opt/airflow/dags/stock_pipeline_dag.py
[2025-09-07T17:50:16.323+0000] {processor.py:830} INFO - Processing file /opt/airflow/dags/stock_pipeline_dag.py for tasks to queue
[2025-09-07T17:50:16.324+0000] {logging_mixin.py:188} INFO - [2025-09-07T17:50:16.324+0000] {dagbag.py:545} INFO - Filling up the DagBag from /opt/airflow/dags/stock_pipeline_dag.py
[2025-09-07T17:50:16.695+0000] {processor.py:840} INFO - DAG(s) 'fetch_api_to_postgres' retrieved from /opt/airflow/dags/stock_pipeline_dag.py
[2025-09-07T17:50:16.724+0000] {logging_mixin.py:188} INFO - [2025-09-07T17:50:16.723+0000] {dag.py:3096} INFO - Sync 1 DAGs
[2025-09-07T17:50:16.750+0000] {logging_mixin.py:188} INFO - [2025-09-07T17:50:16.750+0000] {dag.py:3954} INFO - Setting next_dagrun for fetch_api_to_postgres to 2025-09-07 00:00:00+00:00, run_after=2025-09-08 00:00:00+00:00
[2025-09-07T17:50:16.780+0000] {processor.py:183} INFO - Processing /opt/airflow/dags/stock_pipeline_dag.py took 0.468 seconds
[2025-09-07T17:50:19.812+0000] {processor.py:161} INFO - Started process (PID=260) to work on /opt/airflow/dags/stock_pipeline_dag.py
[2025-09-07T17:50:19.813+0000] {processor.py:830} INFO - Processing file /opt/airflow/dags/stock_pipeline_dag.py for tasks to queue
[2025-09-07T17:50:19.814+0000] {logging_mixin.py:188} INFO - [2025-09-07T17:50:19.814+0000] {dagbag.py:545} INFO - Filling up the DagBag from /opt/airflow/dags/stock_pipeline_dag.py
[2025-09-07T17:50:20.156+0000] {processor.py:840} INFO - DAG(s) 'fetch_api_to_postgres' retrieved from /opt/airflow/dags/stock_pipeline_dag.py
[2025-09-07T17:50:20.183+0000] {logging_mixin.py:188} INFO - [2025-09-07T17:50:20.183+0000] {dag.py:3096} INFO - Sync 1 DAGs
[2025-09-07T17:50:20.210+0000] {logging_mixin.py:188} INFO - [2025-09-07T17:50:20.210+0000] {dag.py:3954} INFO - Setting next_dagrun for fetch_api_to_postgres to 2025-09-07 00:00:00+00:00, run_after=2025-09-08 00:00:00+00:00
[2025-09-07T17:50:20.244+0000] {processor.py:183} INFO - Processing /opt/airflow/dags/stock_pipeline_dag.py took 0.438 seconds
[2025-09-07T17:50:50.617+0000] {processor.py:161} INFO - Started process (PID=266) to work on /opt/airflow/dags/stock_pipeline_dag.py
[2025-09-07T17:50:50.618+0000] {processor.py:830} INFO - Processing file /opt/airflow/dags/stock_pipeline_dag.py for tasks to queue
[2025-09-07T17:50:50.619+0000] {logging_mixin.py:188} INFO - [2025-09-07T17:50:50.619+0000] {dagbag.py:545} INFO - Filling up the DagBag from /opt/airflow/dags/stock_pipeline_dag.py
[2025-09-07T17:50:50.952+0000] {processor.py:840} INFO - DAG(s) 'fetch_api_to_postgres' retrieved from /opt/airflow/dags/stock_pipeline_dag.py
[2025-09-07T17:50:50.980+0000] {logging_mixin.py:188} INFO - [2025-09-07T17:50:50.980+0000] {dag.py:3096} INFO - Sync 1 DAGs
[2025-09-07T17:50:51.007+0000] {logging_mixin.py:188} INFO - [2025-09-07T17:50:51.006+0000] {dag.py:3954} INFO - Setting next_dagrun for fetch_api_to_postgres to 2025-09-07 00:00:00+00:00, run_after=2025-09-08 00:00:00+00:00
[2025-09-07T17:50:51.034+0000] {processor.py:183} INFO - Processing /opt/airflow/dags/stock_pipeline_dag.py took 0.425 seconds
[2025-09-07T17:51:21.489+0000] {processor.py:161} INFO - Started process (PID=272) to work on /opt/airflow/dags/stock_pipeline_dag.py
[2025-09-07T17:51:21.490+0000] {processor.py:830} INFO - Processing file /opt/airflow/dags/stock_pipeline_dag.py for tasks to queue
[2025-09-07T17:51:21.491+0000] {logging_mixin.py:188} INFO - [2025-09-07T17:51:21.491+0000] {dagbag.py:545} INFO - Filling up the DagBag from /opt/airflow/dags/stock_pipeline_dag.py
[2025-09-07T17:51:21.828+0000] {processor.py:840} INFO - DAG(s) 'fetch_api_to_postgres' retrieved from /opt/airflow/dags/stock_pipeline_dag.py
[2025-09-07T17:51:21.858+0000] {logging_mixin.py:188} INFO - [2025-09-07T17:51:21.857+0000] {dag.py:3096} INFO - Sync 1 DAGs
[2025-09-07T17:51:21.881+0000] {logging_mixin.py:188} INFO - [2025-09-07T17:51:21.881+0000] {dag.py:3954} INFO - Setting next_dagrun for fetch_api_to_postgres to 2025-09-07 00:00:00+00:00, run_after=2025-09-08 00:00:00+00:00
[2025-09-07T17:51:21.908+0000] {processor.py:183} INFO - Processing /opt/airflow/dags/stock_pipeline_dag.py took 0.426 seconds
[2025-09-07T17:51:52.191+0000] {processor.py:161} INFO - Started process (PID=278) to work on /opt/airflow/dags/stock_pipeline_dag.py
[2025-09-07T17:51:52.192+0000] {processor.py:830} INFO - Processing file /opt/airflow/dags/stock_pipeline_dag.py for tasks to queue
[2025-09-07T17:51:52.193+0000] {logging_mixin.py:188} INFO - [2025-09-07T17:51:52.193+0000] {dagbag.py:545} INFO - Filling up the DagBag from /opt/airflow/dags/stock_pipeline_dag.py
[2025-09-07T17:51:52.554+0000] {processor.py:840} INFO - DAG(s) 'fetch_api_to_postgres' retrieved from /opt/airflow/dags/stock_pipeline_dag.py
[2025-09-07T17:51:52.585+0000] {logging_mixin.py:188} INFO - [2025-09-07T17:51:52.585+0000] {dag.py:3096} INFO - Sync 1 DAGs
[2025-09-07T17:51:52.610+0000] {logging_mixin.py:188} INFO - [2025-09-07T17:51:52.609+0000] {dag.py:3954} INFO - Setting next_dagrun for fetch_api_to_postgres to 2025-09-07 00:00:00+00:00, run_after=2025-09-08 00:00:00+00:00
[2025-09-07T17:51:52.637+0000] {processor.py:183} INFO - Processing /opt/airflow/dags/stock_pipeline_dag.py took 0.453 seconds
[2025-09-07T17:52:22.894+0000] {processor.py:161} INFO - Started process (PID=284) to work on /opt/airflow/dags/stock_pipeline_dag.py
[2025-09-07T17:52:22.895+0000] {processor.py:830} INFO - Processing file /opt/airflow/dags/stock_pipeline_dag.py for tasks to queue
[2025-09-07T17:52:22.897+0000] {logging_mixin.py:188} INFO - [2025-09-07T17:52:22.896+0000] {dagbag.py:545} INFO - Filling up the DagBag from /opt/airflow/dags/stock_pipeline_dag.py
[2025-09-07T17:52:23.297+0000] {processor.py:840} INFO - DAG(s) 'fetch_api_to_postgres' retrieved from /opt/airflow/dags/stock_pipeline_dag.py
[2025-09-07T17:52:23.327+0000] {logging_mixin.py:188} INFO - [2025-09-07T17:52:23.326+0000] {dag.py:3096} INFO - Sync 1 DAGs
[2025-09-07T17:52:23.353+0000] {logging_mixin.py:188} INFO - [2025-09-07T17:52:23.353+0000] {dag.py:3954} INFO - Setting next_dagrun for fetch_api_to_postgres to 2025-09-07 00:00:00+00:00, run_after=2025-09-08 00:00:00+00:00
[2025-09-07T17:52:23.382+0000] {processor.py:183} INFO - Processing /opt/airflow/dags/stock_pipeline_dag.py took 0.496 seconds
[2025-09-07T17:52:53.600+0000] {processor.py:161} INFO - Started process (PID=290) to work on /opt/airflow/dags/stock_pipeline_dag.py
[2025-09-07T17:52:53.601+0000] {processor.py:830} INFO - Processing file /opt/airflow/dags/stock_pipeline_dag.py for tasks to queue
[2025-09-07T17:52:53.603+0000] {logging_mixin.py:188} INFO - [2025-09-07T17:52:53.603+0000] {dagbag.py:545} INFO - Filling up the DagBag from /opt/airflow/dags/stock_pipeline_dag.py
[2025-09-07T17:52:54.130+0000] {processor.py:840} INFO - DAG(s) 'fetch_api_to_postgres' retrieved from /opt/airflow/dags/stock_pipeline_dag.py
[2025-09-07T17:52:54.169+0000] {logging_mixin.py:188} INFO - [2025-09-07T17:52:54.168+0000] {dag.py:3096} INFO - Sync 1 DAGs
[2025-09-07T17:52:54.201+0000] {logging_mixin.py:188} INFO - [2025-09-07T17:52:54.201+0000] {dag.py:3954} INFO - Setting next_dagrun for fetch_api_to_postgres to 2025-09-07 00:00:00+00:00, run_after=2025-09-08 00:00:00+00:00
[2025-09-07T17:52:54.233+0000] {processor.py:183} INFO - Processing /opt/airflow/dags/stock_pipeline_dag.py took 0.645 seconds
[2025-09-07T17:53:59.769+0000] {processor.py:161} INFO - Started process (PID=164) to work on /opt/airflow/dags/stock_pipeline_dag.py
[2025-09-07T17:53:59.772+0000] {processor.py:830} INFO - Processing file /opt/airflow/dags/stock_pipeline_dag.py for tasks to queue
[2025-09-07T17:53:59.780+0000] {logging_mixin.py:188} INFO - [2025-09-07T17:53:59.779+0000] {dagbag.py:545} INFO - Filling up the DagBag from /opt/airflow/dags/stock_pipeline_dag.py
[2025-09-07T17:54:03.859+0000] {processor.py:840} INFO - DAG(s) 'fetch_api_to_postgres' retrieved from /opt/airflow/dags/stock_pipeline_dag.py
[2025-09-07T17:54:03.908+0000] {logging_mixin.py:188} INFO - [2025-09-07T17:54:03.907+0000] {dag.py:3096} INFO - Sync 1 DAGs
[2025-09-07T17:54:03.946+0000] {logging_mixin.py:188} INFO - [2025-09-07T17:54:03.946+0000] {dag.py:3954} INFO - Setting next_dagrun for fetch_api_to_postgres to 2025-09-07 00:00:00+00:00, run_after=2025-09-08 00:00:00+00:00
[2025-09-07T17:54:03.978+0000] {processor.py:183} INFO - Processing /opt/airflow/dags/stock_pipeline_dag.py took 4.252 seconds
[2025-09-07T17:54:34.078+0000] {processor.py:161} INFO - Started process (PID=170) to work on /opt/airflow/dags/stock_pipeline_dag.py
[2025-09-07T17:54:34.080+0000] {processor.py:830} INFO - Processing file /opt/airflow/dags/stock_pipeline_dag.py for tasks to queue
[2025-09-07T17:54:34.085+0000] {logging_mixin.py:188} INFO - [2025-09-07T17:54:34.084+0000] {dagbag.py:545} INFO - Filling up the DagBag from /opt/airflow/dags/stock_pipeline_dag.py
[2025-09-07T17:54:34.649+0000] {processor.py:840} INFO - DAG(s) 'fetch_api_to_postgres' retrieved from /opt/airflow/dags/stock_pipeline_dag.py
[2025-09-07T17:54:34.840+0000] {logging_mixin.py:188} INFO - [2025-09-07T17:54:34.840+0000] {dag.py:3096} INFO - Sync 1 DAGs
[2025-09-07T17:54:34.859+0000] {logging_mixin.py:188} INFO - [2025-09-07T17:54:34.859+0000] {dag.py:3954} INFO - Setting next_dagrun for fetch_api_to_postgres to 2025-09-07 00:00:00+00:00, run_after=2025-09-08 00:00:00+00:00
[2025-09-07T17:54:34.885+0000] {processor.py:183} INFO - Processing /opt/airflow/dags/stock_pipeline_dag.py took 0.818 seconds
[2025-09-07T17:55:05.217+0000] {processor.py:161} INFO - Started process (PID=176) to work on /opt/airflow/dags/stock_pipeline_dag.py
[2025-09-07T17:55:05.219+0000] {processor.py:830} INFO - Processing file /opt/airflow/dags/stock_pipeline_dag.py for tasks to queue
[2025-09-07T17:55:05.222+0000] {logging_mixin.py:188} INFO - [2025-09-07T17:55:05.221+0000] {dagbag.py:545} INFO - Filling up the DagBag from /opt/airflow/dags/stock_pipeline_dag.py
[2025-09-07T17:55:05.755+0000] {processor.py:840} INFO - DAG(s) 'fetch_api_to_postgres' retrieved from /opt/airflow/dags/stock_pipeline_dag.py
[2025-09-07T17:55:05.778+0000] {logging_mixin.py:188} INFO - [2025-09-07T17:55:05.778+0000] {dag.py:3096} INFO - Sync 1 DAGs
[2025-09-07T17:55:05.800+0000] {logging_mixin.py:188} INFO - [2025-09-07T17:55:05.800+0000] {dag.py:3954} INFO - Setting next_dagrun for fetch_api_to_postgres to 2025-09-07 00:00:00+00:00, run_after=2025-09-08 00:00:00+00:00
[2025-09-07T17:55:05.826+0000] {processor.py:183} INFO - Processing /opt/airflow/dags/stock_pipeline_dag.py took 0.619 seconds
[2025-09-07T17:55:35.882+0000] {processor.py:161} INFO - Started process (PID=182) to work on /opt/airflow/dags/stock_pipeline_dag.py
[2025-09-07T17:55:35.884+0000] {processor.py:830} INFO - Processing file /opt/airflow/dags/stock_pipeline_dag.py for tasks to queue
[2025-09-07T17:55:35.886+0000] {logging_mixin.py:188} INFO - [2025-09-07T17:55:35.886+0000] {dagbag.py:545} INFO - Filling up the DagBag from /opt/airflow/dags/stock_pipeline_dag.py
[2025-09-07T17:55:36.399+0000] {processor.py:840} INFO - DAG(s) 'fetch_api_to_postgres' retrieved from /opt/airflow/dags/stock_pipeline_dag.py
[2025-09-07T17:55:36.422+0000] {logging_mixin.py:188} INFO - [2025-09-07T17:55:36.422+0000] {dag.py:3096} INFO - Sync 1 DAGs
[2025-09-07T17:55:36.444+0000] {logging_mixin.py:188} INFO - [2025-09-07T17:55:36.443+0000] {dag.py:3954} INFO - Setting next_dagrun for fetch_api_to_postgres to 2025-09-07 00:00:00+00:00, run_after=2025-09-08 00:00:00+00:00
[2025-09-07T17:55:36.471+0000] {processor.py:183} INFO - Processing /opt/airflow/dags/stock_pipeline_dag.py took 0.597 seconds
[2025-09-07T17:56:00.410+0000] {processor.py:161} INFO - Started process (PID=188) to work on /opt/airflow/dags/stock_pipeline_dag.py
[2025-09-07T17:56:00.412+0000] {processor.py:830} INFO - Processing file /opt/airflow/dags/stock_pipeline_dag.py for tasks to queue
[2025-09-07T17:56:00.414+0000] {logging_mixin.py:188} INFO - [2025-09-07T17:56:00.413+0000] {dagbag.py:545} INFO - Filling up the DagBag from /opt/airflow/dags/stock_pipeline_dag.py
[2025-09-07T17:56:00.915+0000] {processor.py:840} INFO - DAG(s) 'print_sample_dataset' retrieved from /opt/airflow/dags/stock_pipeline_dag.py
[2025-09-07T17:56:01.015+0000] {logging_mixin.py:188} INFO - [2025-09-07T17:56:01.015+0000] {override.py:1829} INFO - Created Permission View: can read on DAG:print_sample_dataset
[2025-09-07T17:56:01.030+0000] {logging_mixin.py:188} INFO - [2025-09-07T17:56:01.029+0000] {override.py:1829} INFO - Created Permission View: can delete on DAG:print_sample_dataset
[2025-09-07T17:56:01.040+0000] {logging_mixin.py:188} INFO - [2025-09-07T17:56:01.040+0000] {override.py:1829} INFO - Created Permission View: can edit on DAG:print_sample_dataset
[2025-09-07T17:56:01.041+0000] {logging_mixin.py:188} INFO - [2025-09-07T17:56:01.041+0000] {dag.py:3096} INFO - Sync 1 DAGs
[2025-09-07T17:56:01.055+0000] {logging_mixin.py:188} INFO - [2025-09-07T17:56:01.055+0000] {dag.py:3118} INFO - Creating ORM DAG for print_sample_dataset
[2025-09-07T17:56:01.068+0000] {logging_mixin.py:188} INFO - [2025-09-07T17:56:01.067+0000] {dag.py:3954} INFO - Setting next_dagrun for print_sample_dataset to 2025-09-07 00:00:00+00:00, run_after=2025-09-08 00:00:00+00:00
[2025-09-07T17:56:01.092+0000] {processor.py:183} INFO - Processing /opt/airflow/dags/stock_pipeline_dag.py took 0.692 seconds
[2025-09-07T17:56:31.414+0000] {processor.py:161} INFO - Started process (PID=194) to work on /opt/airflow/dags/stock_pipeline_dag.py
[2025-09-07T17:56:31.415+0000] {processor.py:830} INFO - Processing file /opt/airflow/dags/stock_pipeline_dag.py for tasks to queue
[2025-09-07T17:56:31.417+0000] {logging_mixin.py:188} INFO - [2025-09-07T17:56:31.417+0000] {dagbag.py:545} INFO - Filling up the DagBag from /opt/airflow/dags/stock_pipeline_dag.py
[2025-09-07T17:56:31.967+0000] {processor.py:840} INFO - DAG(s) 'print_sample_dataset' retrieved from /opt/airflow/dags/stock_pipeline_dag.py
[2025-09-07T17:56:31.990+0000] {logging_mixin.py:188} INFO - [2025-09-07T17:56:31.989+0000] {dag.py:3096} INFO - Sync 1 DAGs
[2025-09-07T17:56:32.013+0000] {logging_mixin.py:188} INFO - [2025-09-07T17:56:32.013+0000] {dag.py:3954} INFO - Setting next_dagrun for print_sample_dataset to 2025-09-07 00:00:00+00:00, run_after=2025-09-08 00:00:00+00:00
[2025-09-07T17:56:32.039+0000] {processor.py:183} INFO - Processing /opt/airflow/dags/stock_pipeline_dag.py took 0.631 seconds
[2025-09-07T17:57:02.350+0000] {processor.py:161} INFO - Started process (PID=200) to work on /opt/airflow/dags/stock_pipeline_dag.py
[2025-09-07T17:57:02.351+0000] {processor.py:830} INFO - Processing file /opt/airflow/dags/stock_pipeline_dag.py for tasks to queue
[2025-09-07T17:57:02.352+0000] {logging_mixin.py:188} INFO - [2025-09-07T17:57:02.352+0000] {dagbag.py:545} INFO - Filling up the DagBag from /opt/airflow/dags/stock_pipeline_dag.py
[2025-09-07T17:57:02.826+0000] {processor.py:840} INFO - DAG(s) 'print_sample_dataset' retrieved from /opt/airflow/dags/stock_pipeline_dag.py
[2025-09-07T17:57:02.851+0000] {logging_mixin.py:188} INFO - [2025-09-07T17:57:02.850+0000] {dag.py:3096} INFO - Sync 1 DAGs
[2025-09-07T17:57:02.872+0000] {logging_mixin.py:188} INFO - [2025-09-07T17:57:02.872+0000] {dag.py:3954} INFO - Setting next_dagrun for print_sample_dataset to 2025-09-07 00:00:00+00:00, run_after=2025-09-08 00:00:00+00:00
[2025-09-07T17:57:02.900+0000] {processor.py:183} INFO - Processing /opt/airflow/dags/stock_pipeline_dag.py took 0.557 seconds
[2025-09-07T17:57:33.228+0000] {processor.py:161} INFO - Started process (PID=206) to work on /opt/airflow/dags/stock_pipeline_dag.py
[2025-09-07T17:57:33.229+0000] {processor.py:830} INFO - Processing file /opt/airflow/dags/stock_pipeline_dag.py for tasks to queue
[2025-09-07T17:57:33.230+0000] {logging_mixin.py:188} INFO - [2025-09-07T17:57:33.230+0000] {dagbag.py:545} INFO - Filling up the DagBag from /opt/airflow/dags/stock_pipeline_dag.py
[2025-09-07T17:57:33.759+0000] {processor.py:840} INFO - DAG(s) 'print_sample_dataset' retrieved from /opt/airflow/dags/stock_pipeline_dag.py
[2025-09-07T17:57:33.786+0000] {logging_mixin.py:188} INFO - [2025-09-07T17:57:33.785+0000] {dag.py:3096} INFO - Sync 1 DAGs
[2025-09-07T17:57:33.809+0000] {logging_mixin.py:188} INFO - [2025-09-07T17:57:33.808+0000] {dag.py:3954} INFO - Setting next_dagrun for print_sample_dataset to 2025-09-07 00:00:00+00:00, run_after=2025-09-08 00:00:00+00:00
[2025-09-07T17:57:33.836+0000] {processor.py:183} INFO - Processing /opt/airflow/dags/stock_pipeline_dag.py took 0.615 seconds
[2025-09-07T17:58:03.951+0000] {processor.py:161} INFO - Started process (PID=212) to work on /opt/airflow/dags/stock_pipeline_dag.py
[2025-09-07T17:58:03.952+0000] {processor.py:830} INFO - Processing file /opt/airflow/dags/stock_pipeline_dag.py for tasks to queue
[2025-09-07T17:58:03.953+0000] {logging_mixin.py:188} INFO - [2025-09-07T17:58:03.953+0000] {dagbag.py:545} INFO - Filling up the DagBag from /opt/airflow/dags/stock_pipeline_dag.py
[2025-09-07T17:58:04.420+0000] {processor.py:840} INFO - DAG(s) 'print_sample_dataset' retrieved from /opt/airflow/dags/stock_pipeline_dag.py
[2025-09-07T17:58:04.444+0000] {logging_mixin.py:188} INFO - [2025-09-07T17:58:04.444+0000] {dag.py:3096} INFO - Sync 1 DAGs
[2025-09-07T17:58:04.466+0000] {logging_mixin.py:188} INFO - [2025-09-07T17:58:04.465+0000] {dag.py:3954} INFO - Setting next_dagrun for print_sample_dataset to 2025-09-07 00:00:00+00:00, run_after=2025-09-08 00:00:00+00:00
[2025-09-07T17:58:04.491+0000] {processor.py:183} INFO - Processing /opt/airflow/dags/stock_pipeline_dag.py took 0.546 seconds
[2025-09-07T17:58:34.646+0000] {processor.py:161} INFO - Started process (PID=218) to work on /opt/airflow/dags/stock_pipeline_dag.py
[2025-09-07T17:58:34.648+0000] {processor.py:830} INFO - Processing file /opt/airflow/dags/stock_pipeline_dag.py for tasks to queue
[2025-09-07T17:58:34.649+0000] {logging_mixin.py:188} INFO - [2025-09-07T17:58:34.649+0000] {dagbag.py:545} INFO - Filling up the DagBag from /opt/airflow/dags/stock_pipeline_dag.py
[2025-09-07T17:58:34.995+0000] {processor.py:840} INFO - DAG(s) 'print_sample_dataset' retrieved from /opt/airflow/dags/stock_pipeline_dag.py
[2025-09-07T17:58:35.021+0000] {logging_mixin.py:188} INFO - [2025-09-07T17:58:35.021+0000] {dag.py:3096} INFO - Sync 1 DAGs
[2025-09-07T17:58:35.047+0000] {logging_mixin.py:188} INFO - [2025-09-07T17:58:35.047+0000] {dag.py:3954} INFO - Setting next_dagrun for print_sample_dataset to 2025-09-07 00:00:00+00:00, run_after=2025-09-08 00:00:00+00:00
[2025-09-07T17:58:35.077+0000] {processor.py:183} INFO - Processing /opt/airflow/dags/stock_pipeline_dag.py took 0.440 seconds
[2025-09-07T17:59:05.155+0000] {processor.py:161} INFO - Started process (PID=224) to work on /opt/airflow/dags/stock_pipeline_dag.py
[2025-09-07T17:59:05.156+0000] {processor.py:830} INFO - Processing file /opt/airflow/dags/stock_pipeline_dag.py for tasks to queue
[2025-09-07T17:59:05.157+0000] {logging_mixin.py:188} INFO - [2025-09-07T17:59:05.157+0000] {dagbag.py:545} INFO - Filling up the DagBag from /opt/airflow/dags/stock_pipeline_dag.py
[2025-09-07T17:59:05.513+0000] {processor.py:840} INFO - DAG(s) 'print_sample_dataset' retrieved from /opt/airflow/dags/stock_pipeline_dag.py
[2025-09-07T17:59:05.546+0000] {logging_mixin.py:188} INFO - [2025-09-07T17:59:05.545+0000] {dag.py:3096} INFO - Sync 1 DAGs
[2025-09-07T17:59:05.573+0000] {logging_mixin.py:188} INFO - [2025-09-07T17:59:05.573+0000] {dag.py:3954} INFO - Setting next_dagrun for print_sample_dataset to 2025-09-07 00:00:00+00:00, run_after=2025-09-08 00:00:00+00:00
[2025-09-07T17:59:05.603+0000] {processor.py:183} INFO - Processing /opt/airflow/dags/stock_pipeline_dag.py took 0.455 seconds
[2025-09-07T17:59:35.709+0000] {processor.py:161} INFO - Started process (PID=230) to work on /opt/airflow/dags/stock_pipeline_dag.py
[2025-09-07T17:59:35.710+0000] {processor.py:830} INFO - Processing file /opt/airflow/dags/stock_pipeline_dag.py for tasks to queue
[2025-09-07T17:59:35.711+0000] {logging_mixin.py:188} INFO - [2025-09-07T17:59:35.711+0000] {dagbag.py:545} INFO - Filling up the DagBag from /opt/airflow/dags/stock_pipeline_dag.py
[2025-09-07T17:59:36.051+0000] {processor.py:840} INFO - DAG(s) 'print_sample_dataset' retrieved from /opt/airflow/dags/stock_pipeline_dag.py
[2025-09-07T17:59:36.082+0000] {logging_mixin.py:188} INFO - [2025-09-07T17:59:36.081+0000] {dag.py:3096} INFO - Sync 1 DAGs
[2025-09-07T17:59:36.108+0000] {logging_mixin.py:188} INFO - [2025-09-07T17:59:36.107+0000] {dag.py:3954} INFO - Setting next_dagrun for print_sample_dataset to 2025-09-07 00:00:00+00:00, run_after=2025-09-08 00:00:00+00:00
[2025-09-07T17:59:36.136+0000] {processor.py:183} INFO - Processing /opt/airflow/dags/stock_pipeline_dag.py took 0.434 seconds
[2025-09-07T18:00:06.421+0000] {processor.py:161} INFO - Started process (PID=236) to work on /opt/airflow/dags/stock_pipeline_dag.py
[2025-09-07T18:00:06.422+0000] {processor.py:830} INFO - Processing file /opt/airflow/dags/stock_pipeline_dag.py for tasks to queue
[2025-09-07T18:00:06.423+0000] {logging_mixin.py:188} INFO - [2025-09-07T18:00:06.423+0000] {dagbag.py:545} INFO - Filling up the DagBag from /opt/airflow/dags/stock_pipeline_dag.py
[2025-09-07T18:00:06.777+0000] {processor.py:840} INFO - DAG(s) 'print_sample_dataset' retrieved from /opt/airflow/dags/stock_pipeline_dag.py
[2025-09-07T18:00:06.807+0000] {logging_mixin.py:188} INFO - [2025-09-07T18:00:06.807+0000] {dag.py:3096} INFO - Sync 1 DAGs
[2025-09-07T18:00:06.833+0000] {logging_mixin.py:188} INFO - [2025-09-07T18:00:06.833+0000] {dag.py:3954} INFO - Setting next_dagrun for print_sample_dataset to 2025-09-07 00:00:00+00:00, run_after=2025-09-08 00:00:00+00:00
[2025-09-07T18:00:06.858+0000] {processor.py:183} INFO - Processing /opt/airflow/dags/stock_pipeline_dag.py took 0.444 seconds
[2025-09-07T18:00:36.410+0000] {processor.py:161} INFO - Started process (PID=164) to work on /opt/airflow/dags/stock_pipeline_dag.py
[2025-09-07T18:00:36.412+0000] {processor.py:830} INFO - Processing file /opt/airflow/dags/stock_pipeline_dag.py for tasks to queue
[2025-09-07T18:00:36.416+0000] {logging_mixin.py:188} INFO - [2025-09-07T18:00:36.415+0000] {dagbag.py:545} INFO - Filling up the DagBag from /opt/airflow/dags/stock_pipeline_dag.py
[2025-09-07T18:00:38.445+0000] {processor.py:840} INFO - DAG(s) 'print_sample_dataset' retrieved from /opt/airflow/dags/stock_pipeline_dag.py
[2025-09-07T18:00:38.766+0000] {logging_mixin.py:188} INFO - [2025-09-07T18:00:38.765+0000] {override.py:1829} INFO - Created Permission View: can read on DAG:print_sample_dataset
[2025-09-07T18:00:38.782+0000] {logging_mixin.py:188} INFO - [2025-09-07T18:00:38.782+0000] {override.py:1829} INFO - Created Permission View: can edit on DAG:print_sample_dataset
[2025-09-07T18:00:38.794+0000] {logging_mixin.py:188} INFO - [2025-09-07T18:00:38.794+0000] {override.py:1829} INFO - Created Permission View: can delete on DAG:print_sample_dataset
[2025-09-07T18:00:38.796+0000] {logging_mixin.py:188} INFO - [2025-09-07T18:00:38.795+0000] {dag.py:3096} INFO - Sync 1 DAGs
[2025-09-07T18:00:38.808+0000] {logging_mixin.py:188} INFO - [2025-09-07T18:00:38.808+0000] {dag.py:3118} INFO - Creating ORM DAG for print_sample_dataset
[2025-09-07T18:00:38.824+0000] {logging_mixin.py:188} INFO - [2025-09-07T18:00:38.824+0000] {dag.py:3954} INFO - Setting next_dagrun for print_sample_dataset to 2025-09-07 00:00:00+00:00, run_after=2025-09-08 00:00:00+00:00
[2025-09-07T18:00:38.850+0000] {processor.py:183} INFO - Processing /opt/airflow/dags/stock_pipeline_dag.py took 2.448 seconds
[2025-09-07T18:01:09.083+0000] {processor.py:161} INFO - Started process (PID=170) to work on /opt/airflow/dags/stock_pipeline_dag.py
[2025-09-07T18:01:09.085+0000] {processor.py:830} INFO - Processing file /opt/airflow/dags/stock_pipeline_dag.py for tasks to queue
[2025-09-07T18:01:09.088+0000] {logging_mixin.py:188} INFO - [2025-09-07T18:01:09.087+0000] {dagbag.py:545} INFO - Filling up the DagBag from /opt/airflow/dags/stock_pipeline_dag.py
[2025-09-07T18:01:09.705+0000] {processor.py:840} INFO - DAG(s) 'print_sample_dataset' retrieved from /opt/airflow/dags/stock_pipeline_dag.py
[2025-09-07T18:01:09.740+0000] {logging_mixin.py:188} INFO - [2025-09-07T18:01:09.740+0000] {dag.py:3096} INFO - Sync 1 DAGs
[2025-09-07T18:01:09.765+0000] {logging_mixin.py:188} INFO - [2025-09-07T18:01:09.765+0000] {dag.py:3954} INFO - Setting next_dagrun for print_sample_dataset to 2025-09-07 00:00:00+00:00, run_after=2025-09-08 00:00:00+00:00
[2025-09-07T18:01:09.795+0000] {processor.py:183} INFO - Processing /opt/airflow/dags/stock_pipeline_dag.py took 0.721 seconds
[2025-09-07T18:01:40.088+0000] {processor.py:161} INFO - Started process (PID=176) to work on /opt/airflow/dags/stock_pipeline_dag.py
[2025-09-07T18:01:40.098+0000] {processor.py:830} INFO - Processing file /opt/airflow/dags/stock_pipeline_dag.py for tasks to queue
[2025-09-07T18:01:40.121+0000] {logging_mixin.py:188} INFO - [2025-09-07T18:01:40.120+0000] {dagbag.py:545} INFO - Filling up the DagBag from /opt/airflow/dags/stock_pipeline_dag.py
[2025-09-07T18:01:41.202+0000] {processor.py:840} INFO - DAG(s) 'print_sample_dataset' retrieved from /opt/airflow/dags/stock_pipeline_dag.py
[2025-09-07T18:01:41.217+0000] {logging_mixin.py:188} INFO - [2025-09-07T18:01:41.217+0000] {dag.py:3096} INFO - Sync 1 DAGs
[2025-09-07T18:01:41.250+0000] {logging_mixin.py:188} INFO - [2025-09-07T18:01:41.250+0000] {dag.py:3954} INFO - Setting next_dagrun for print_sample_dataset to 2025-09-07 00:00:00+00:00, run_after=2025-09-08 00:00:00+00:00
[2025-09-07T18:01:41.310+0000] {processor.py:183} INFO - Processing /opt/airflow/dags/stock_pipeline_dag.py took 1.258 seconds
